{"y": [16000.0, 16000.0, 16000.0, 16000.0, 8000.0, 16000.0, 24000.0, 32000.0, 0.9638777093352788, 1.0, -0.7348868635583504, -0.7012056804334277, 6.84230971290547, 8.455084673627148, -2.3504298721512185, -0.50195790948962], "x": [8000.0, 8000.0, 8000.0, 8000.0, 8000.0, 16000.0, 24000.0, 32000.0, 1.0, 0.9638777093352788, -0.541945313884213, -0.49229975090318656, 5.95996379805261, 6.84230971290547, -1.4552751364489254, -0.2958791228820001], "Covariance": [32000.0, 32000.0, 32000.0, 32000.0, 8000.0, 16000.0, 24000.0, 32000.0, -0.49229975090318656, -0.7012056804334277, 0.9913311792703249, 1.0, -0.2958791228820001, -0.50195790948962, 0.268441399715615, 0.060607419227198256], "Correlation-YY": [24000.0, 24000.0, 24000.0, 24000.0, 8000.0, 16000.0, 24000.0, 32000.0, -0.541945313884213, -0.7348868635583504, 1.0, 0.9913311792703249, -1.4552751364489254, -2.3504298721512185, 1.2098615264019457, 0.268441399715615]}