{"SD_max": [-1.0967933702523345, -9.75497147727699, 5.480559901983856, -5.293141768724883], "Min": [16000.0, -9.971403837152776, 2.706731075390185, -9.488560769123234], "Max": [-1.1962787961210601, -10.002131264900653, 5.424834724564661, -8.853767252737908], "SD_min": [24000.0, 1.0028520465787696, -8.621695248506294, 12.526827877179976], "x": [8000.0, -9.80130462267319, 3.2417059742813126, -7.488419019735597], "Mean": [32000.0, -0.011372573784290463, -9.745346017011943, 12.523547240470197]}