{"S_Q": [0.07054922744946698], "S_T_min_Q": [0.24381397753117262], "S_max_Q": [0.11155877397192317], "S_T_max_Ks": [1.0393590587731811], "S_T_min_Ks": [0.8136700260858369], "S_min_Ks": [0.5615250834795045], "S_min_Q": [0.028500388944761784], "S_T_Ks": [0.9255236045930999], "S_T_Q": [0.3373425735286247], "S_max_Ks": [0.7341141042832992], "S_T_max_Q": [0.411569987783004], "S_Ks": [0.6523997175882214]}