{"S_Q": [24000.0, 0.4278713101349336, 1.0050033860668512, 0.04155679498711308], "x": [8000.0, 0.1012862526967948, 0.9522195569881715, 0.06897595922125238], "S_T_Q": [0.5422895313353528, 0.05148222681705145, 0.9740426972392094, 0.09433441144361562], "S_Ks": [16000.0, 0.8793690272023518, 0.30902708542006446, 1.0185482816495668], "S_T_Ks": [32000.0, 0.6829013405737453, 0.0480351045656224, 0.9665125472799632]}