{"y": [16000.0, 16000.0, 16000.0, 16000.0, 8000.0, 16000.0, 24000.0, 32000.0, 0.9616524636351043, 1.0, -0.7295531052718316, -0.6952439138432118, 6.9061852779913195, 8.578464159643476, -2.4061730982603047, -0.5169654111963714], "x": [8000.0, 8000.0, 8000.0, 8000.0, 8000.0, 16000.0, 24000.0, 32000.0, 1.0, 0.9616524636351043, -0.5278848020162329, -0.47771173739150447, 6.012161143775378, 6.9061852779913195, -1.4575372104129214, -0.29737245518251776], "Covariance": [32000.0, 32000.0, 32000.0, 32000.0, 8000.0, 16000.0, 24000.0, 32000.0, -0.47771173739150447, -0.6952439138432118, 0.9911737406014379, 1.0, -0.29737245518251776, -0.5169654111963714, 0.28335735760341657, 0.06445239209887972], "Correlation-YY": [24000.0, 24000.0, 24000.0, 24000.0, 8000.0, 16000.0, 24000.0, 32000.0, -0.5278848020162329, -0.7295531052718316, 1.0, 0.9911737406014379, -1.4575372104129214, -2.4061730982603047, 1.2680324629381505, 0.28335735760341657]}