{"SD_max": [-2.6070678138990018, -9.71350527656669, 5.567128896116397, -4.856320656025529], "Min": [16000.0, -9.976538837434356, 2.723843628065775, -9.469262342480715], "Max": [-2.8510068653128973, -9.997042081445436, 5.510343368360102, -8.656671675789704], "SD_min": [24000.0, 1.0161403383038614, -8.563504073495938, 11.59070570931498], "x": [8000.0, -9.836744632219817, 3.2916346172101294, -7.413502870425187], "Mean": [32000.0, -0.06265611222855227, -9.733152211963075, 11.582263807970563]}