{"S_Q": [24000.0, 0.44800554421037486, 0.8486608488546343, 0.04439594530713786], "x": [8000.0, 0.1424384190255877, 0.8884195292930877, 0.08407909024702367], "S_T_Q": [0.5146563205970851, 0.07328194462351827, 0.9494525435207926, 0.11728559155762061], "S_Ks": [16000.0, 0.7989269355272555, 0.3214496637229626, 0.8035050560342744], "S_T_Ks": [32000.0, 0.6277896526316809, 0.04735059188663607, 0.9613195240818826]}