{"S_Q": [0.09715304294292455], "S_T_min_Q": [0.2829456833121841], "S_max_Q": [0.13512128303176013], "S_T_max_Ks": [0.9865616733894575], "S_T_min_Ks": [0.7112957321135047], "S_min_Ks": [0.5012408511099948], "S_min_Q": [0.044736918797195574], "S_T_Ks": [0.8598450333760609], "S_T_Q": [0.34950578743213084], "S_max_Ks": [0.6853272162786657], "S_T_max_Q": [0.423281278699497], "S_Ks": [0.6033676447153435]}