{"y": [16000.0, 16000.0, 16000.0, 16000.0, 8000.0, 16000.0, 24000.0, 32000.0, 0.9678529210134843, 1.0, -0.7301484598800245, -0.6960933844970989, 7.343487485018857, 8.955705486831862, -2.370304626114873, -0.5036772210412989], "x": [8000.0, 8000.0, 8000.0, 8000.0, 8000.0, 16000.0, 24000.0, 32000.0, 1.0, 0.9678529210134843, -0.5480277463738417, -0.4990146694934254, 6.428152699308223, 7.343487485018857, -1.5072619252445203, -0.3059083329949617], "Covariance": [32000.0, 32000.0, 32000.0, 32000.0, 8000.0, 16000.0, 24000.0, 32000.0, -0.4990146694934254, -0.6960933844970989, 0.9912429443792813, 1.0, -0.3059083329949617, -0.5036772210412989, 0.25999087187128167, 0.05846147984947665], "Correlation-YY": [24000.0, 24000.0, 24000.0, 24000.0, 8000.0, 16000.0, 24000.0, 32000.0, -0.5480277463738417, -0.7301484598800245, 1.0, 0.9912429443792813, -1.5072619252445203, -2.370304626114873, 1.1767553410690148, 0.25999087187128167]}