{"SD_max": [-0.4279970769652812, -9.775800263574343, 5.922647904654891, -4.913292782064197], "Min": [16000.0, -9.971043525842441, 2.9098202199003835, -9.46702440694287], "Max": [-1.0272770385928074, -10.008144390415774, 5.874591344083223, -8.685254533597226], "SD_min": [24000.0, 1.0368481424123543, -8.594479947939684, 17.502062470534415], "x": [8000.0, -9.796583349324898, 3.4797480235336224, -7.413159632305025], "Mean": [32000.0, -0.05495090428245586, -9.737584398679322, 17.499645333402363]}