{"S_Q": [24000.0, 0.41874498803523613, 0.9440363489007091, 0.06003196431983859], "x": [8000.0, 0.15627913343837233, 0.8742520140809107, 0.0523889588636988], "S_T_Q": [0.5307026567797395, 0.07313572231819193, 0.9261819197659846, 0.07380148738358856], "S_Ks": [16000.0, 0.8152196377627744, 0.2932680098690173, 0.9590775993603385], "S_T_Ks": [32000.0, 0.6498507863918839, 0.055541794944535115, 0.9357584659087053]}