{"S_Q": [0.10307198029153765], "S_T_min_Q": [0.22020915014372044], "S_max_Q": [0.15604059711325935], "S_T_max_Ks": [0.9949951402194792], "S_T_min_Ks": [0.725537093050897], "S_min_Ks": [0.5196784785223116], "S_min_Q": [0.04144383493568135], "S_T_Ks": [0.8562586553304906], "S_T_Q": [0.3210441041735478], "S_max_Ks": [0.7425081323842619], "S_T_max_Q": [0.4217537692116653], "S_Ks": [0.6289434476312026]}