{"Min": [[-16.73942437139848]], "SD_min": [[-1.3197792478843073]], "Mean": [[7.088749238376931]], "SD_max": [[15.497277724638169]], "Max": [[28.56332535041996]]}