{"Min": [[14.475278592462518]], "SD_min": [[16.13447260388945]], "Mean": [[17.305198530337776]], "SD_max": [[18.475924456786103]], "Max": [[20.140954238211943]]}