{"output": [[-16.73942437139848, -16.28182083885486, -15.82421730631124, -15.36661377376762, -14.909010241224, -14.451406708680379, -13.993803176136758, -13.536199643593136, -13.078596111049517, -12.620992578505895, -12.163389045962276, -11.705785513418654, -11.248181980875033, -10.790578448331413, -10.332974915787792, -9.875371383244172, -9.417767850700551, -8.96016431815693, -8.50256078561331, -8.04495725306969, -7.587353720526069, -7.129750187982449, -6.672146655438828, -6.214543122895208, -5.756939590351585, -5.299336057807965, -4.841732525264344, -4.384128992720724, -3.9265254601771034, -3.468921927633483, -3.0113183950898623, -2.553714862546242, -2.0961113300026213, -1.6385077974590008, -1.1809042649153803, -0.723300732371758, -0.2656971998281392, 0.19190633271548307, 0.6495098652591018, 1.107113397802724, 1.5647169303463428, 2.022320462889965, 2.479923995433584, 2.937527527977206, 3.395131060520825, 3.852734593064447, 4.310338125608066, 4.767941658151688, 5.2255451906953105, 5.683148723238929, 6.140752255782552, 6.59835578832617, 7.055959320869793, 7.513562853413411, 7.971166385957034, 8.428769918500652, 8.886373451044275, 9.343976983587893, 9.801580516131516, 10.259184048675134, 10.716787581218757, 11.174391113762375, 11.631994646305998, 12.089598178849617, 12.547201711393239, 13.004805243936861, 13.46240877648048, 13.920012309024102, 14.37761584156772, 14.835219374111343, 15.292822906654965, 15.75042643919858, 16.208029971742203, 16.665633504285825, 17.123237036829448, 17.580840569373063, 18.038444101916685, 18.496047634460307, 18.95365116700393, 19.411254699547545, 19.868858232091167, 20.32646176463479, 20.78406529717841, 21.241668829722034, 21.69927236226565, 22.15687589480927, 22.614479427352894, 23.072082959896516, 23.52968649244013, 23.987290024983754, 24.444893557527376, 24.902497090070998, 25.360100622614613, 25.817704155158236, 26.275307687701858, 26.73291122024548, 27.190514752789102, 27.648118285332718, 28.10572181787634, 28.56332535041996]], "PDF": [[0.00028502172910221485, 0.00046681972109342156, 0.0007457734883580513, 0.0011562582606981615, 0.0016751841929565515, 0.0022213397324195154, 0.0027335130389233723, 0.0032205096984604985, 0.0037128924204622915, 0.004234260997431865, 0.004861746996464728, 0.00573323775341167, 0.006929833338522478, 0.008363696755690797, 0.009796682380607102, 0.011003282661464626, 0.01193759741625904, 0.01271362444463609, 0.013446009489024604, 0.014147407028530108, 0.014727746844956296, 0.015075771959131708, 0.015209642923389699, 0.015334979449752, 0.01568589162707959, 0.016324203994578654, 0.01713022964181125, 0.01797474327313472, 0.01888099821035958, 0.019986328313555454, 0.021308677489550377, 0.02261779955127597, 0.02363375176054273, 0.024319149468215787, 0.02490217636619132, 0.02560814994275003, 0.026416123050455792, 0.02717320197863523, 0.02800338450453469, 0.029492981715018577, 0.032255775082362555, 0.03622581317323998, 0.040468928339008475, 0.04374849948122584, 0.045338164334169505, 0.04547034649238937, 0.04501320476395953, 0.044575926485391396, 0.0440385810612055, 0.043026101127289114, 0.041528320548873156, 0.0398912447287146, 0.03849277143868298, 0.03757756045786801, 0.03716601800329893, 0.037026362962547646, 0.03689058986408988, 0.03666823660168231, 0.0363598529468696, 0.035947881112243896, 0.03551623462327508, 0.03531986732575085, 0.03558858328263468, 0.036327216453718704, 0.037379584652469086, 0.038616552494549726, 0.04002940292467266, 0.041741163256061926, 0.04397904014240817, 0.046904120983682664, 0.050239800679256735, 0.05298931205632892, 0.053696401889760326, 0.05125739133396517, 0.0456760614252904, 0.038100679719163415, 0.03009945888330243, 0.02282766322861972, 0.016792845446450395, 0.012168516458916616, 0.009022371708461546, 0.007240023719775267, 0.006468126706077786, 0.006259116706918605, 0.006279146069763906, 0.0063844877114759115, 0.006520664419348671, 0.006594586962832709, 0.006472583274994265, 0.006052481094362624, 0.005281195949344412, 0.004165432714273981, 0.0028549347137145015, 0.0016459324399844876, 0.0007923688744003906, 0.0003366481584812516, 0.00015352160527884516, 9.726587841378188e-05, 8.015031771656989e-05, 6.679647510275725e-05]]}