{"output": [[14.475278592462518, 14.53250763938928, 14.58973668631604, 14.646965733242803, 14.704194780169566, 14.761423827096326, 14.818652874023089, 14.875881920949851, 14.933110967876612, 14.990340014803374, 15.047569061730137, 15.104798108656897, 15.16202715558366, 15.219256202510422, 15.276485249437183, 15.333714296363945, 15.390943343290708, 15.448172390217469, 15.505401437144231, 15.562630484070993, 15.619859530997754, 15.677088577924517, 15.734317624851279, 15.79154667177804, 15.848775718704802, 15.906004765631565, 15.963233812558327, 16.02046285948509, 16.07769190641185, 16.13492095333861, 16.192150000265375, 16.249379047192136, 16.306608094118896, 16.36383714104566, 16.42106618797242, 16.478295234899182, 16.535524281825946, 16.592753328752707, 16.649982375679468, 16.707211422606232, 16.764440469532992, 16.821669516459753, 16.878898563386517, 16.936127610313278, 16.99335665724004, 17.050585704166803, 17.107814751093564, 17.165043798020324, 17.22227284494709, 17.27950189187385, 17.33673093880061, 17.393959985727374, 17.451189032654135, 17.508418079580895, 17.56564712650766, 17.62287617343442, 17.68010522036118, 17.737334267287945, 17.794563314214706, 17.851792361141467, 17.90902140806823, 17.96625045499499, 18.023479501921756, 18.080708548848516, 18.137937595775277, 18.19516664270204, 18.252395689628802, 18.309624736555563, 18.366853783482327, 18.424082830409088, 18.48131187733585, 18.538540924262612, 18.595769971189373, 18.652999018116134, 18.710228065042898, 18.76745711196966, 18.82468615889642, 18.881915205823184, 18.939144252749944, 18.996373299676705, 19.05360234660347, 19.11083139353023, 19.16806044045699, 19.225289487383755, 19.282518534310515, 19.339747581237276, 19.39697662816404, 19.4542056750908, 19.51143472201756, 19.568663768944326, 19.625892815871087, 19.683121862797847, 19.74035090972461, 19.797579956651372, 19.854809003578133, 19.912038050504897, 19.969267097431658, 20.02649614435842, 20.083725191285183, 20.140954238211943]], "PDF": [[0.008055697986484518, 0.013268668783411878, 0.019314497679580465, 0.025431801856190973, 0.03102076100310296, 0.035933879106475185, 0.04067309562362592, 0.046257145334556896, 0.053545271001024596, 0.06256372390809417, 0.0726899288887332, 0.08341737186316825, 0.09444753667447048, 0.10489695212031551, 0.11304929162806465, 0.11759022901881473, 0.1191215935934159, 0.12008495615517632, 0.12303273169467019, 0.12899851515134528, 0.1373596953099852, 0.1468685495213502, 0.15661837159958003, 0.16628125809980698, 0.1758282293184881, 0.18520359647950407, 0.19426907375256597, 0.20292901086183554, 0.21106614451994124, 0.21836968076775298, 0.2244962571472655, 0.22939927174561744, 0.23338099484125308, 0.23703474089194923, 0.24121334846437964, 0.2465850741024817, 0.2529047985681946, 0.2590481345607014, 0.2640746521325679, 0.2681379137161766, 0.27235653257339903, 0.27808227788696277, 0.2861658123462279, 0.2962598731947823, 0.3065059460964408, 0.3144311130255556, 0.31882839784451944, 0.3207688180693986, 0.32250826015021944, 0.32549917557463504, 0.32940587167120666, 0.3324814478234705, 0.33272422884770086, 0.3292391829474544, 0.3228982079906587, 0.31555133097010546, 0.3084390732018623, 0.3015034005903784, 0.2942895264595096, 0.2869882873625024, 0.2799498172038629, 0.2724735945246763, 0.2631120437271954, 0.2515850755990941, 0.23986872519889438, 0.23079963282894317, 0.2255436406747557, 0.222751957293848, 0.22016810936956197, 0.21641885410341116, 0.21112031695381023, 0.2042612142654952, 0.19622552730257495, 0.18790176832472588, 0.18007307017790028, 0.17279935424164058, 0.16574161898597506, 0.15890625113143178, 0.15264367862318334, 0.14698938812442908, 0.14139488633773176, 0.135086591040625, 0.1275202001603932, 0.11875069585307499, 0.10952137163391443, 0.10063607065472388, 0.09216591552787257, 0.08366100376962644, 0.07509871881152852, 0.06714173749132153, 0.060385093470192275, 0.05469928792824572, 0.049445853735830124, 0.044097851393626805, 0.03847566225313692, 0.032557051383761866, 0.026345926504012684, 0.019989685602459308, 0.01390197284933822, 0.008661539568122245]]}