{"S_min_Ks": [[0.4505442424948586]], "S_min_Q": [[0.5070050618941961]], "S_Ks": [[0.4700193165622867]], "S_Q": [[0.5264172427942265]], "S_max_Ks": [[0.49653793550008174]], "S_max_Q": [[0.5505611677939913]], "S_T_min_Ks": [[0.45500280907666374]], "S_T_min_Q": [[0.4935400764443947]], "S_T_Ks": [[0.47446994432488304]], "S_T_Q": [[0.5143830523878107]], "S_T_max_Ks": [[0.5080575360973723]], "S_T_max_Q": [[0.5476784177389196]]}