{"S_Ks": [[0.4700193165622867]], "S_Q": [[0.5264172427942265]], "S_T_Ks": [[0.47446994432488304]], "S_T_Q": [[0.5143830523878107]]}