{"S_min_Ks": [[0.12327774669196961]], "S_min_Q": [[0.1003335998768034]], "S_Ks": [[0.15255423460062825]], "S_Q": [[0.12347938197663072]], "S_max_Ks": [[0.18559095474965703]], "S_max_Q": [[0.155978367677762]], "S_T_min_Ks": [[0.8432483655610701]], "S_T_min_Q": [[0.8143753319624015]], "S_T_Ks": [[0.8808329701263123]], "S_T_Q": [[0.8444915802376255]], "S_T_max_Ks": [[0.9062350777139712]], "S_T_max_Q": [[0.8769009869521316]]}