{"S_Ks": [[0.15255423460062825]], "S_Q": [[0.12347938197663072]], "S_T_Ks": [[0.8808329701263123]], "S_T_Q": [[0.8444915802376255]]}