{"y": [16000.0, 16000.0, 16000.0, 16000.0, 8000.0, 16000.0, 24000.0, 32000.0, 0.9637458155087623, 1.0, -0.7488711785105665, -0.7197685615698938, 6.477265307036515, 8.100533205005819, -2.3431590520655075, -0.49882342207474395], "x": [8000.0, 8000.0, 8000.0, 8000.0, 8000.0, 16000.0, 24000.0, 32000.0, 1.0, 0.9637458155087623, -0.5593965981072759, -0.5149445678358552, 5.576282335570235, 6.477265307036515, -1.4522120891515242, -0.29609428101623364], "Covariance": [32000.0, 32000.0, 32000.0, 32000.0, 8000.0, 16000.0, 24000.0, 32000.0, -0.5149445678358552, -0.7197685615698938, 0.9922656955084237, 1.0, -0.29609428101623364, -0.49882342207474395, 0.2656213548182268, 0.059291757199404785], "Correlation-YY": [24000.0, 24000.0, 24000.0, 24000.0, 8000.0, 16000.0, 24000.0, 32000.0, -0.5593965981072759, -0.7488711785105665, 1.0, 0.9922656955084237, -1.4522120891515242, -2.3431590520655075, 1.2085808235523268, 0.2656213548182268]}