{"SD_max": [-0.6768486555484463, -9.641864594589057, 5.537517729646458, -5.277665410019683], "Min": [16000.0, -9.969608352759407, 2.7666381781925287, -9.507336582454364], "Max": [-1.012789950099414, -9.975835297193584, 5.504927567140113, -8.850210954209343], "SD_min": [24000.0, 1.0572705132770017, -8.580708362057061, 11.649123944403918], "x": [8000.0, -9.78664401203044, 3.2973941214617297, -7.519552129525065], "Mean": [32000.0, 0.028348789244944772, -9.741585939823974, 11.644235358510759]}