{"S_Q": [24000.0, 0.4324815918234889, 1.0010495125945669, 0.03692188950964707], "x": [8000.0, 0.14679624431121874, 0.9110324383328721, 0.07511119970347849], "S_T_Q": [0.5665706784319156, 0.06252389209112791, 0.9259525523167896, 0.0995486836937494], "S_Ks": [16000.0, 0.8419726589139985, 0.31457244854050603, 1.0425330786240077], "S_T_Ks": [32000.0, 0.6909276909179825, 0.041148750054231006, 0.9249487943512985]}