{"S_Q": [0.09299270290748698], "S_T_min_Q": [0.24146331367698892], "S_max_Q": [0.14673262811726803], "S_T_max_Ks": [1.0102379577658558], "S_T_min_Ks": [0.7494502654356763], "S_min_Ks": [0.5285934385476107], "S_min_Q": [0.04485175745080405], "S_T_Ks": [0.8858428040879095], "S_T_Q": [0.3408145116339746], "S_max_Ks": [0.7972823236827424], "S_T_max_Q": [0.42955449495711656], "S_Ks": [0.6680318447294452]}