{"x": [[8000.0, 16000.0, 24000.0, 32000.0, 8000.0, 16000.0, 24000.0, 32000.0, 8000.0, 16000.0, 24000.0, 32000.0, 8000.0, 16000.0, 24000.0, 32000.0]], "y": [[8000.0, 8000.0, 8000.0, 8000.0, 16000.0, 16000.0, 16000.0, 16000.0, 24000.0, 24000.0, 24000.0, 24000.0, 32000.0, 32000.0, 32000.0, 32000.0]], "Correlation-YY": [[1.0, 0.9723200480812343, -0.5916249789468874, -0.5425445888516933, 0.9723200480812343, 1.0, -0.754029674460046, -0.7196529783785486, -0.5916249789468874, -0.754029674460046, 1.0, 0.9911284738492923, -0.5425445888516933, -0.7196529783785486, 0.9911284738492923, 1.0]], "Covariance": [[6.0191478001394945, 6.942466326222058, -1.543046408707632, -0.31530324831166345, 6.942466326222058, 8.469817942480416, -2.3328695669023363, -0.49611878292405326, -1.543046408707632, -2.3328695669023363, 1.1301340619082039, 0.24958612604668562, -0.31530324831166345, -0.49611878292405326, 0.24958612604668562, 0.05611138772933755]]}