{"x": [[8000.0, 16000.0, 24000.0, 32000.0]], "Min": [[-1.6738299306945534, -1.895776419558025, -9.797482616356271, -9.970432361257219]], "SD_min": [[0.9096295969378616, -0.1248291130188055, -9.685853453708102, -9.985218868156837]], "Mean": [[3.3229605020421094, 2.7865762918388937, -8.576529696403705, -9.737888421872508]], "SD_max": [[5.736291407146357, 5.697981696696592, -7.467205939099309, -9.49055797558818]], "Max": [[13.867486987540273, 13.893343717353183, -4.997316029457986, -8.756546408372424]]}