{"x": [[8000.0], [16000.0], [24000.0], [32000.0]], "S_Ks": [[0.5073454071119268], [0.6566680682749412], [1.1152933857224006], [1.1654809498889414]], "S_Q": [[0.12086611734324679], [0.051510146981601196], [0.05411594282776482], [0.04776300859106151]], "S_T_Ks": [[0.8480279979217654], [0.9103097449953027], [0.9827642018513809], [0.9768396940284818]], "S_T_Q": [[0.46891870120540724], [0.3457449517920084], [0.025498080892284142], [0.02681330140213135]]}