{"S_min_Ks": [[0.5238182165884471]], "S_min_Q": [[0.02992016201261588]], "S_Ks": [[0.6280377164164094]], "S_Q": [[0.07915678563013936]], "S_max_Ks": [[0.6999928225643249]], "S_max_Q": [[0.1275357855390717]], "S_T_min_Ks": [[0.7946198449892861]], "S_T_min_Q": [[0.28405886587767654]], "S_T_Ks": [[0.8904065945861511]], "S_T_Q": [[0.3733424489194959]], "S_T_max_Ks": [[0.9873490569717115]], "S_T_max_Q": [[0.4498687427636071]]}