{"Min": [[6.810807699726457]], "SD_min": [[8.97285832298284]], "Mean": [[10.188620639496902]], "SD_max": [[11.404382956010965]], "Max": [[14.09071663554828]]}