{"Min": [[3.129462771719364]], "SD_min": [[12.904023656732019]], "Mean": [[16.187009450925782]], "SD_max": [[19.469995245119545]], "Max": [[23.355589036494212]]}