{"Min": [[6.810807713845907]], "SD_min": [[8.972858323229506]], "Mean": [[10.188620639172314]], "SD_max": [[11.404382955115121]], "Max": [[14.090716621100956]]}