{"Min": [[6.810807846186027]], "SD_min": [[8.972858338516913]], "Mean": [[10.188620673909455]], "SD_max": [[11.404383009301997]], "Max": [[14.090716452618882]]}