{"output": [[6.810807846186027, 6.884342276554035, 6.957876706922044, 7.0314111372900525, 7.104945567658061, 7.17847999802607, 7.252014428394078, 7.325548858762087, 7.399083289130096, 7.472617719498104, 7.5461521498661135, 7.619686580234122, 7.69322101060213, 7.7667554409701385, 7.840289871338148, 7.913824301706156, 7.987358732074165, 8.060893162442174, 8.134427592810182, 8.20796202317819, 8.2814964535462, 8.355030883914209, 8.428565314282217, 8.502099744650225, 8.575634175018234, 8.649168605386242, 8.72270303575425, 8.79623746612226, 8.869771896490269, 8.943306326858277, 9.016840757226285, 9.090375187594294, 9.163909617962304, 9.237444048330312, 9.31097847869832, 9.384512909066329, 9.458047339434337, 9.531581769802346, 9.605116200170354, 9.678650630538364, 9.752185060906372, 9.82571949127438, 9.899253921642389, 9.972788352010397, 10.046322782378407, 10.119857212746416, 10.193391643114424, 10.266926073482432, 10.34046050385044, 10.41399493421845, 10.487529364586457, 10.561063794954467, 10.634598225322476, 10.708132655690484, 10.781667086058492, 10.8552015164265, 10.92873594679451, 11.00227037716252, 11.075804807530528, 11.149339237898536, 11.222873668266544, 11.296408098634554, 11.36994252900256, 11.443476959370571, 11.51701138973858, 11.590545820106588, 11.664080250474598, 11.737614680842604, 11.811149111210614, 11.884683541578623, 11.958217971946631, 12.03175240231464, 12.105286832682648, 12.178821263050658, 12.252355693418664, 12.325890123786674, 12.399424554154683, 12.472958984522691, 12.546493414890701, 12.620027845258708, 12.693562275626718, 12.767096705994726, 12.840631136362735, 12.914165566730745, 12.987699997098751, 13.061234427466761, 13.13476885783477, 13.208303288202778, 13.281837718570786, 13.355372148938795, 13.428906579306805, 13.502441009674811, 13.575975440042821, 13.64950987041083, 13.723044300778838, 13.796578731146848, 13.870113161514855, 13.943647591882865, 14.017182022250873, 14.090716452618882]], "PDF": [[0.0008693492195460334, 0.0011993208452164893, 0.001550619538501357, 0.0021294919189617833, 0.0033232976969018654, 0.005417716273294671, 0.008255069241874852, 0.011265206605698207, 0.013908274304003907, 0.016085400218467667, 0.01821233908451104, 0.021027634296826015, 0.02530223341180356, 0.031562207063229715, 0.03984642248734964, 0.049562140076271195, 0.05968831608754055, 0.06941962180419285, 0.07886062582853509, 0.08912298197632365, 0.10146837566952206, 0.11611810551098262, 0.1320894560339842, 0.1483923174977327, 0.16512025017164272, 0.18308697506983285, 0.20253110883126968, 0.2224167135312536, 0.24104667893444143, 0.25724720010766644, 0.27080810347121853, 0.2818679414094501, 0.2902576340956929, 0.2957160700465677, 0.29853411409791253, 0.29945887219345835, 0.2990331770064671, 0.29782746422445366, 0.29718910781264646, 0.29844019003402444, 0.3011070624602777, 0.3030684685639099, 0.3027152777191102, 0.30024955043085394, 0.2968735043206544, 0.2934109231757397, 0.28975057616876754, 0.2850230706484903, 0.27830895091462254, 0.26972489013272277, 0.26080811622748806, 0.2534389979484502, 0.24847127501427294, 0.24547292142715907, 0.24326620062364868, 0.2404819195794783, 0.23615253361507116, 0.2303444130585934, 0.2242275001294581, 0.21907788479888238, 0.21473735170562355, 0.20922805029663577, 0.2005600341937587, 0.1889967864881571, 0.17701995144016316, 0.16702056517455974, 0.159444759095058, 0.15314778975013804, 0.14688772561251515, 0.1400737964667773, 0.13249324130824933, 0.1239923689648479, 0.11464116841269659, 0.10495440729806695, 0.09558047160791357, 0.0867536320074315, 0.07841116909356059, 0.07077006276998853, 0.06416889854011251, 0.058338486409990925, 0.05247176169142288, 0.04611397912807948, 0.03961681617044563, 0.033719402559790015, 0.02887229709350123, 0.02492506972393871, 0.021395981392554695, 0.018038916605119238, 0.015038760587242734, 0.012617437065587591, 0.010704448788941561, 0.009128217377403934, 0.007833021979935503, 0.00672136609905637, 0.005551710496958281, 0.00418946413391578, 0.0028006759872326215, 0.0016769034758061573, 0.0009552120717844669, 0.0005589530041218794]]}