{"output": [[6.810807713845907, 6.884342147252524, 6.957876580659141, 7.031411014065757, 7.104945447472374, 7.1784798808789905, 7.252014314285607, 7.325548747692224, 7.399083181098841, 7.472617614505458, 7.546152047912074, 7.61968648131869, 7.693220914725307, 7.766755348131924, 7.840289781538541, 7.913824214945157, 7.987358648351774, 8.06089308175839, 8.134427515165008, 8.207961948571624, 8.28149638197824, 8.355030815384858, 8.428565248791474, 8.50209968219809, 8.575634115604707, 8.649168549011323, 8.72270298241794, 8.796237415824557, 8.869771849231174, 8.94330628263779, 9.016840716044406, 9.090375149451024, 9.16390958285764, 9.237444016264257, 9.310978449670873, 9.384512883077491, 9.458047316484107, 9.531581749890723, 9.60511618329734, 9.678650616703957, 9.752185050110572, 9.82571948351719, 9.899253916923808, 9.972788350330424, 10.04632278373704, 10.119857217143657, 10.193391650550273, 10.26692608395689, 10.340460517363507, 10.413994950770123, 10.48752938417674, 10.561063817583356, 10.634598250989974, 10.70813268439659, 10.781667117803206, 10.855201551209824, 10.92873598461644, 11.002270418023055, 11.075804851429673, 11.14933928483629, 11.222873718242907, 11.296408151649523, 11.36994258505614, 11.443477018462756, 11.517011451869372, 11.59054588527599, 11.664080318682608, 11.737614752089222, 11.81114918549584, 11.884683618902457, 11.958218052309073, 12.031752485715689, 12.105286919122307, 12.178821352528923, 12.252355785935539, 12.325890219342156, 12.399424652748774, 12.47295908615539, 12.546493519562006, 12.620027952968623, 12.69356238637524, 12.767096819781855, 12.840631253188473, 12.91416568659509, 12.987700120001707, 13.061234553408323, 13.13476898681494, 13.208303420221556, 13.281837853628172, 13.35537228703479, 13.428906720441407, 13.502441153848022, 13.57597558725464, 13.649510020661257, 13.723044454067873, 13.796578887474489, 13.870113320881106, 13.943647754287722, 14.017182187694338, 14.090716621100956]], "PDF": [[0.0008693490077247163, 0.0011993205602641014, 0.0015506199798668505, 0.0021294937752678812, 0.0033233003499745554, 0.005417717670852156, 0.008255067723461728, 0.011265202639469368, 0.013908269993593956, 0.016085397628708527, 0.01821233917483403, 0.021027636643500318, 0.02530223643020535, 0.03156220833947173, 0.03984641937111907, 0.04956213129625577, 0.05968830339872008, 0.06941960959490444, 0.07886061816931636, 0.08912297867800757, 0.10146837155627603, 0.11611809573769524, 0.13208944199182648, 0.14839230519863136, 0.16512024291588553, 0.1830869695836577, 0.20253109881625184, 0.22241669628209867, 0.24104665785474605, 0.2572471802858848, 0.2708080861631413, 0.2818679246017082, 0.29025761745594675, 0.29571605646729965, 0.2985341051947751, 0.2994588658821043, 0.2990331732386769, 0.2978274679117003, 0.2971891198659113, 0.29844020162297324, 0.30110706518318436, 0.30306846518296404, 0.3027152774472122, 0.30024955757664085, 0.2968735154726577, 0.2934109324307662, 0.2897505799100598, 0.2850230699648379, 0.2783089520829967, 0.26972490023517864, 0.26080813659107877, 0.2534390239658214, 0.2484713014920169, 0.245472944685218, 0.2432662172938059, 0.2404819280462973, 0.23615253672250403, 0.23034441637377415, 0.22422750579062486, 0.2190778874791358, 0.21473734305390108, 0.20922802893539147, 0.2005600086898638, 0.1889967663153605, 0.17701993755442388, 0.16702055134636806, 0.15944474030968703, 0.15314776652432205, 0.14688770054484357, 0.14007376985413378, 0.13249321176032192, 0.12399233696416821, 0.11464113769254466, 0.10495438164121315, 0.09558045079588316, 0.08675361334942433, 0.07841115186217325, 0.07077004715840947, 0.06416888219704323, 0.058338466780262846, 0.052471740301811745, 0.04611396040061018, 0.039616803087165794, 0.033719394551139925, 0.028872291126742382, 0.024925063297885842, 0.021395974905520237, 0.018038912166637895, 0.015038758661228188, 0.012617436013759894, 0.010704447535750842, 0.009128216184273348, 0.007833020755269983, 0.006721364276407127, 0.0055517084838295205, 0.004189463135389074, 0.0028006764580127117, 0.0016769046993220286, 0.0009552131124255962, 0.0005589535278811023]]}