{"output": [[6.810807699726457, 6.884342133421627, 6.957876567116797, 7.031411000811967, 7.104945434507137, 7.178479868202307, 7.252014301897477, 7.325548735592646, 7.399083169287816, 7.472617602982986, 7.546152036678156, 7.619686470373326, 7.693220904068496, 7.766755337763666, 7.840289771458836, 7.913824205154006, 7.987358638849176, 8.060893072544346, 8.134427506239515, 8.207961939934686, 8.281496373629855, 8.355030807325026, 8.428565241020195, 8.502099674715366, 8.575634108410535, 8.649168542105706, 8.722702975800875, 8.796237409496044, 8.869771843191215, 8.943306276886384, 9.016840710581555, 9.090375144276724, 9.163909577971895, 9.237444011667064, 9.310978445362235, 9.384512879057404, 9.458047312752573, 9.531581746447744, 9.605116180142915, 9.678650613838084, 9.752185047533253, 9.825719481228424, 9.899253914923593, 9.972788348618764, 10.046322782313933, 10.119857216009104, 10.193391649704273, 10.266926083399444, 10.340460517094613, 10.413994950789782, 10.487529384484953, 10.561063818180124, 10.634598251875293, 10.708132685570462, 10.781667119265633, 10.855201552960803, 10.928735986655973, 11.002270420351142, 11.07580485404631, 11.149339287741482, 11.222873721436653, 11.296408155131822, 11.36994258882699, 11.443477022522162, 11.517011456217332, 11.590545889912502, 11.66408032360767, 11.737614757302842, 11.811149190998012, 11.884683624693182, 11.95821805838835, 12.03175249208352, 12.10528692577869, 12.178821359473861, 12.25235579316903, 12.3258902268642, 12.39942466055937, 12.472959094254541, 12.54649352794971, 12.62002796164488, 12.69356239534005, 12.767096829035221, 12.84063126273039, 12.91416569642556, 12.987700130120729, 13.0612345638159, 13.13476899751107, 13.20830343120624, 13.281837864901409, 13.35537229859658, 13.42890673229175, 13.50244116598692, 13.575975599682089, 13.64951003337726, 13.72304446707243, 13.7965789007676, 13.870113334462769, 13.943647768157938, 14.017182201853108, 14.09071663554828]], "PDF": [[0.0008693489968950274, 0.0011993205415707765, 0.0015506200537662087, 0.0021294940319481516, 0.0033233007109866285, 0.0054177178640156705, 0.008255067521694543, 0.011265202099674305, 0.013908269398969436, 0.016085397263238422, 0.018212339174498365, 0.0210276369578208, 0.025302236853967174, 0.03156220855585856, 0.03984641902756062, 0.0495621302223879, 0.05968830183298142, 0.06941960813158415, 0.07886061735614677, 0.08912297848459265, 0.10146837127533903, 0.1161180946897652, 0.13208944030907724, 0.14839230361757416, 0.16512024183158866, 0.18308696858333426, 0.20253109715920625, 0.22241669370143857, 0.2410466548127736, 0.25724717742750214, 0.27080808367059184, 0.28186792224275786, 0.2902576151620135, 0.2957160545760166, 0.2985341039413825, 0.29945886503843877, 0.29903317274381697, 0.2978274682356503, 0.2971891209765801, 0.2984402023789497, 0.30110706461191367, 0.3030684636994865, 0.3027152761919006, 0.3002495570920078, 0.29687351546479906, 0.29341093233879356, 0.2897505792922489, 0.28502306876659966, 0.27830895091033236, 0.26972489996033877, 0.26080813742733666, 0.2534390252885758, 0.2484713025494333, 0.24547294505691472, 0.2432662168527996, 0.24048192699423546, 0.2361525356558376, 0.2303444159843069, 0.2242275062236441, 0.21907788791233412, 0.21473734229955443, 0.20922802683857838, 0.2005600065656362, 0.188996765593401, 0.17701993830313384, 0.1670205524450845, 0.1594447407746202, 0.15314776624781135, 0.14688769987117065, 0.1400737689616961, 0.13249321063914377, 0.12399233573109214, 0.11464113665862742, 0.10495438096904093, 0.0955804502699268, 0.08675361277019655, 0.07841115141987039, 0.07077004698910587, 0.06416888192956663, 0.05833846600733504, 0.052471739173145085, 0.04611395942112895, 0.03961680257348874, 0.033719394414113056, 0.02887229102403564, 0.024925062981129505, 0.021395974473075476, 0.0180389118928678, 0.015038758599664963, 0.01261743598204112, 0.010704447451888728, 0.009128216116659068, 0.007833020679113397, 0.00672136408889487, 0.005551708233238841, 0.004189462999849569, 0.002800676517471539, 0.001676904864860265, 0.0009552132562972345, 0.0005589536018303339]]}