{"output": [[3.129462771719364, 3.333767077424161, 3.538071383128957, 3.7423756888337536, 3.94667999453855, 4.150984300243346, 4.355288605948143, 4.559592911652939, 4.763897217357735, 4.9682015230625325, 5.172505828767329, 5.376810134472125, 5.581114440176922, 5.785418745881717, 5.989723051586514, 6.1940273572913105, 6.398331662996107, 6.602635968700904, 6.8069402744057, 7.011244580110496, 7.215548885815293, 7.419853191520089, 7.624157497224886, 7.828461802929682, 8.03276610863448, 8.237070414339275, 8.44137472004407, 8.64567902574887, 8.849983331453664, 9.05428763715846, 9.258591942863257, 9.462896248568054, 9.66720055427285, 9.871504859977646, 10.075809165682443, 10.280113471387239, 10.484417777092036, 10.688722082796833, 10.893026388501628, 11.097330694206425, 11.301634999911222, 11.505939305616018, 11.710243611320815, 11.914547917025612, 12.118852222730407, 12.323156528435204, 12.52746083414, 12.731765139844796, 12.936069445549593, 13.140373751254389, 13.344678056959186, 13.548982362663983, 13.753286668368778, 13.957590974073575, 14.161895279778372, 14.366199585483168, 14.570503891187965, 14.774808196892762, 14.979112502597557, 15.183416808302354, 15.38772111400715, 15.592025419711947, 15.796329725416744, 16.00063403112154, 16.204938336826338, 16.409242642531133, 16.61354694823593, 16.817851253940724, 17.022155559645523, 17.226459865350318, 17.430764171055117, 17.635068476759912, 17.839372782464707, 18.043677088169503, 18.247981393874298, 18.452285699579097, 18.656590005283896, 18.86089431098869, 19.065198616693486, 19.26950292239828, 19.47380722810308, 19.678111533807876, 19.88241583951267, 20.08672014521747, 20.291024450922265, 20.49532875662706, 20.69963306233186, 20.903937368036654, 21.10824167374145, 21.31254597944625, 21.516850285151044, 21.72115459085584, 21.925458896560635, 22.129763202265433, 22.33406750797023, 22.538371813675024, 22.742676119379823, 22.946980425084618, 23.151284730789413, 23.355589036494212]], "PDF": [[0.0002458582918219525, 0.00036847305079439004, 0.0005176813084627131, 0.0006953804826943517, 0.0008794803823343358, 0.0010236497543834866, 0.00111264070125362, 0.001203347157611345, 0.0013663845193105629, 0.0016004641987019785, 0.0018406403420917587, 0.0020533743002189566, 0.002316593179736296, 0.0027913526214210075, 0.0035789712371905535, 0.0045749570800062206, 0.005492594101959904, 0.006111691320155875, 0.006475064605543875, 0.006753809194720622, 0.007030825922693536, 0.007328970671918891, 0.007746461066908164, 0.00846554387162399, 0.009601695407187874, 0.01102234238165742, 0.01238322127933879, 0.013469785395735463, 0.014487422882856708, 0.01582712077000564, 0.017531032710360214, 0.01926736012769204, 0.020842438404880762, 0.022407673485705215, 0.024152317930765794, 0.026036111030464555, 0.02786463294804336, 0.02957371978349275, 0.03133506606390762, 0.0332981333200847, 0.035386927546957, 0.037448098750935715, 0.03949202767224959, 0.041836370676643676, 0.04500051041702847, 0.04912075959072521, 0.05344050024037983, 0.05683963061430333, 0.059057269267656254, 0.0611239010289941, 0.06434835512195534, 0.06888904497805344, 0.07357835180536484, 0.07735897697727848, 0.0804630034270292, 0.08370838126249552, 0.08732629783190615, 0.0911795444287952, 0.09537465188342126, 0.10000037735013982, 0.10476547046487351, 0.10921372000480233, 0.11313239325734718, 0.11670003753703606, 0.12016711865814642, 0.12341833546816697, 0.12596831569969397, 0.1272896191400678, 0.12718167634398408, 0.1260189598856777, 0.12453036820129607, 0.1231905151286022, 0.12189536093886967, 0.12027143226107277, 0.11834331141546409, 0.1166915639377029, 0.11553625203285578, 0.11396930361518659, 0.11075382588331012, 0.10567541428159385, 0.0996282568474774, 0.09356547368605544, 0.0876129378497356, 0.08117491214204138, 0.0738577034221704, 0.0659743604313804, 0.057979980699458006, 0.05001931774367732, 0.04231089605153357, 0.035337593127269286, 0.029416394172325486, 0.024468470091874975, 0.020214366370833722, 0.01637524303676963, 0.01281800955025326, 0.009628725952275883, 0.006950009066923403, 0.004779837416279577, 0.0030304867700161183, 0.0016881464242837583]]}