{"S_Ks": [[0.6220714485102674]], "S_Q": [[0.36783417194023715]], "S_T_Ks": [[0.6265907136421434]], "S_T_Q": [[0.3592642691799796]]}