{"S_Ks": [[0.6220714485742602]], "S_Q": [[0.36783417196938867]], "S_T_Ks": [[0.6265907136335149]], "S_T_Q": [[0.3592642691422183]]}