{"S_min_Ks": [[0.5984340848387465]], "S_min_Q": [[0.3442346001606024]], "S_Ks": [[0.6220715396727939]], "S_Q": [[0.36783408524443245]], "S_max_Ks": [[0.6480647660649663]], "S_max_Q": [[0.38599196665285285]], "S_T_min_Ks": [[0.5927710048717071]], "S_T_min_Q": [[0.33372892252500763]], "S_T_Ks": [[0.626590798721394]], "S_T_Q": [[0.35926418210341815]], "S_T_max_Ks": [[0.6546963165810877]], "S_T_max_Q": [[0.3838176860033809]]}