{"S_min_Ks": [[0.5984339901913635]], "S_min_Q": [[0.3442346822112224]], "S_Ks": [[0.6220714485742602]], "S_Q": [[0.36783417196938867]], "S_max_Ks": [[0.6480646746858651]], "S_max_Q": [[0.38599205749405147]], "S_T_min_Ks": [[0.592770917314403]], "S_T_min_Q": [[0.33372901016315065]], "S_T_Ks": [[0.6265907136335149]], "S_T_Q": [[0.3592642691422183]], "S_T_max_Ks": [[0.6546962313004393]], "S_T_max_Q": [[0.3838177712355794]]}