{"S_min_Ks": [[0.06090077146051784]], "S_min_Q": [[0.8889496889918448]], "S_Ks": [[0.06795358865218186]], "S_Q": [[0.9378240471901818]], "S_max_Ks": [[0.07604085046910924]], "S_max_Q": [[0.9763205040138654]], "S_T_min_Ks": [[0.04188796202454413]], "S_T_min_Q": [[0.8844825406369579]], "S_T_Ks": [[0.07741053461006855]], "S_T_Q": [[0.9247994951215506]], "S_T_max_Ks": [[0.10758581927164307]], "S_T_max_Q": [[0.9530263018192843]]}