{"S_Ks": [[0.06795358865218186]], "S_Q": [[0.9378240471901818]], "S_T_Ks": [[0.07741053461006855]], "S_T_Q": [[0.9247994951215506]]}