{"S_min_Ks": [[0.5984339901079871]], "S_min_Q": [[0.344234682230022]], "S_Ks": [[0.6220714485102674]], "S_Q": [[0.36783417194023715]], "S_max_Ks": [[0.6480646745859351]], "S_max_Q": [[0.3859920574550612]], "S_T_min_Ks": [[0.5927709173488903]], "S_T_min_Q": [[0.333729010224119]], "S_T_Ks": [[0.6265907136421434]], "S_T_Q": [[0.3592642691799796]], "S_T_max_Ks": [[0.6546962312543887]], "S_T_max_Q": [[0.3838177713084363]]}