{"S_Ks": [[0.6220715396727939]], "S_Q": [[0.36783408524443245]], "S_T_Ks": [[0.626590798721394]], "S_T_Q": [[0.35926418210341815]]}