{"Min": [[19.04630199307388]], "SD_min": [[20.844339348454607]], "Mean": [[21.364098167206517]], "SD_max": [[21.883856985958428]], "Max": [[22.808421339656967]]}