{"Min": [[19.02149176610171]], "SD_min": [[20.848944801271593]], "Mean": [[21.364643920906833]], "SD_max": [[21.880343040542073]], "Max": [[22.744192279032326]]}