{"Min": [[8.443107110108048]], "SD_min": [[18.980370809055174]], "Mean": [[20.334735262125783]], "SD_max": [[21.68909971519639]], "Max": [[23.12048258561625]]}