{"Min": [[19.327342022466393]], "SD_min": [[20.8384583863857]], "Mean": [[21.373991163274436]], "SD_max": [[21.909523940163172]], "Max": [[24.909452126437913]]}