{"output": [[19.327342022466393, 19.38372697301156, 19.440111923556728, 19.496496874101894, 19.55288182464706, 19.60926677519223, 19.665651725737394, 19.72203667628256, 19.77842162682773, 19.834806577372895, 19.89119152791806, 19.94757647846323, 20.003961429008395, 20.06034637955356, 20.11673133009873, 20.173116280643896, 20.22950123118906, 20.28588618173423, 20.342271132279397, 20.398656082824562, 20.45504103336973, 20.511425983914897, 20.567810934460063, 20.624195885005232, 20.680580835550398, 20.736965786095563, 20.793350736640733, 20.8497356871859, 20.906120637731064, 20.962505588276233, 21.0188905388214, 21.075275489366565, 21.131660439911734, 21.1880453904569, 21.244430341002065, 21.300815291547234, 21.3572002420924, 21.413585192637566, 21.469970143182735, 21.5263550937279, 21.582740044273066, 21.639124994818236, 21.6955099453634, 21.751894895908567, 21.808279846453736, 21.864664796998902, 21.921049747544068, 21.977434698089237, 22.033819648634402, 22.090204599179568, 22.146589549724737, 22.202974500269903, 22.25935945081507, 22.315744401360238, 22.372129351905404, 22.42851430245057, 22.48489925299574, 22.541284203540904, 22.59766915408607, 22.65405410463124, 22.710439055176405, 22.76682400572157, 22.82320895626674, 22.879593906811905, 22.93597885735707, 22.99236380790224, 23.048748758447406, 23.10513370899257, 23.16151865953774, 23.217903610082907, 23.274288560628072, 23.33067351117324, 23.387058461718407, 23.443443412263576, 23.499828362808742, 23.556213313353908, 23.612598263899073, 23.668983214444243, 23.72536816498941, 23.781753115534578, 23.838138066079743, 23.89452301662491, 23.950907967170075, 24.007292917715244, 24.06367786826041, 24.12006281880558, 24.176447769350744, 24.23283271989591, 24.289217670441076, 24.345602620986245, 24.40198757153141, 24.45837252207658, 24.514757472621746, 24.57114242316691, 24.627527373712077, 24.683912324257246, 24.740297274802412, 24.79668222534758, 24.853067175892747, 24.909452126437913]], "PDF": [[0.001029413022969761, 0.0013454025889258333, 0.0016771737295838817, 0.0021634185365857674, 0.0030702567303161677, 0.004680404412145582, 0.007109329730284508, 0.01019403947214284, 0.013579941627262391, 0.016972818346723158, 0.020387206392824778, 0.024242620780232236, 0.029274373067794384, 0.03630873865796556, 0.045981395202610034, 0.058509171768002126, 0.07366800908186787, 0.09108609703805515, 0.11073724932859039, 0.13326890688674353, 0.15987210599190665, 0.191842845293579, 0.2302744678260566, 0.2760010065635707, 0.32938361868844135, 0.38963485410418264, 0.45410492000974506, 0.518341386223005, 0.5772030390696617, 0.6264397801987438, 0.6638300248886478, 0.689356096269635, 0.7045006881974989, 0.7111225931315068, 0.7104804072225758, 0.702914599020046, 0.6883876032791159, 0.6674724866284787, 0.6418933210787998, 0.6140214337600491, 0.585774247527866, 0.558015203545692, 0.5309228385550502, 0.5046565401968964, 0.47948480962203366, 0.455429288171501, 0.4320689911077105, 0.40873020062890053, 0.3846683048834204, 0.35897906190782414, 0.3305671755070802, 0.2985763491666545, 0.2630666090381489, 0.22526104687656417, 0.1870403127635419, 0.15013133397818704, 0.1157131694840739, 0.08466099712926906, 0.05795108431606879, 0.036617048202735314, 0.021213105137074684, 0.01134312134371285, 0.005756388910194864, 0.0029200339572375434, 0.0015823176184714379, 0.0009882421935180285, 0.000776316290969831, 0.0007720301756793978, 0.0008468426493644835, 0.0008861655968948277, 0.0008212056362314099, 0.0006559484633852047, 0.00045116672955253614, 0.00027829570846235705, 0.00018111131998919272, 0.0001653630589653387, 0.00020724696739243264, 0.00026629877545599926, 0.00030090608143357986, 0.00028688519243204585, 0.00022867332109144796, 0.0001520913081373731, 8.437132223449578e-05, 3.903449817290001e-05, 1.5061126874723022e-05, 4.8464102532055195e-06, 1.300638948634712e-06, 2.9170793452704177e-07, 5.944480627572629e-08, 4.2883029482816926e-08, 1.9426757137672297e-07, 9.040590543005961e-07, 3.5277227363849405e-06, 1.1481521720987137e-05, 3.116438760594236e-05, 7.05457165542943e-05, 0.00013317894763539018, 0.00020967825121388664, 0.0002753113208175544, 0.0003014724506901143]]}