{"output": [[19.013321946223698, 19.064895299617337, 19.116468653010973, 19.16804200640461, 19.21961535979825, 19.271188713191886, 19.322762066585526, 19.374335419979165, 19.425908773372804, 19.47748212676644, 19.52905548016008, 19.580628833553718, 19.632202186947353, 19.683775540340992, 19.73534889373463, 19.786922247128267, 19.838495600521906, 19.890068953915545, 19.941642307309184, 19.99321566070282, 20.04478901409646, 20.096362367490098, 20.147935720883734, 20.199509074277373, 20.25108242767101, 20.302655781064647, 20.354229134458286, 20.405802487851926, 20.457375841245565, 20.5089491946392, 20.56052254803284, 20.61209590142648, 20.663669254820114, 20.715242608213753, 20.766815961607392, 20.818389315001028, 20.869962668394667, 20.921536021788306, 20.97310937518194, 21.02468272857558, 21.07625608196922, 21.12782943536286, 21.179402788756494, 21.230976142150134, 21.282549495543773, 21.334122848937408, 21.385696202331047, 21.437269555724686, 21.488842909118326, 21.54041626251196, 21.5919896159056, 21.64356296929924, 21.695136322692875, 21.746709676086514, 21.798283029480153, 21.84985638287379, 21.901429736267428, 21.953003089661067, 22.004576443054702, 22.05614979644834, 22.10772314984198, 22.159296503235616, 22.210869856629255, 22.262443210022894, 22.314016563416534, 22.36558991681017, 22.417163270203808, 22.468736623597447, 22.520309976991083, 22.571883330384722, 22.62345668377836, 22.675030037172, 22.726603390565636, 22.778176743959275, 22.829750097352914, 22.88132345074655, 22.93289680414019, 22.984470157533828, 23.036043510927463, 23.087616864321102, 23.13919021771474, 23.190763571108377, 23.242336924502016, 23.293910277895655, 23.34548363128929, 23.39705698468293, 23.44863033807657, 23.500203691470208, 23.551777044863844, 23.603350398257483, 23.654923751651122, 23.70649710504476, 23.758070458438397, 23.809643811832036, 23.861217165225675, 23.91279051861931, 23.96436387201295, 24.01593722540659, 24.067510578800224, 24.119083932193863]], "PDF": [[0.00047347235940417787, 0.0004970975055544019, 0.0005201869560165223, 0.0006326089984230242, 0.0008916958869008419, 0.0013350867716517428, 0.001920675076777041, 0.0024609890032997335, 0.002773550171344633, 0.0028831293368133297, 0.002965991420262378, 0.003143563078372914, 0.0034019783887568053, 0.003765291566705394, 0.004595336324943462, 0.006542369271261776, 0.010010834716922405, 0.014845634397167682, 0.020685499431058393, 0.02730284597876305, 0.0343817461233565, 0.04151507206001003, 0.049033949898095154, 0.058580224025418653, 0.07218896881865941, 0.09050170659917063, 0.11216459285908253, 0.13561717063055315, 0.16155798422869677, 0.1928437820628775, 0.2314652881683291, 0.2762028737789103, 0.3235899211468842, 0.37053496832532834, 0.41608331749930033, 0.46182131921359915, 0.510825178313711, 0.5650419632692606, 0.6225271626420119, 0.6768180635331602, 0.719579966297445, 0.7452275131563441, 0.7536468032633679, 0.7481690011582782, 0.7317823222614337, 0.707030399853366, 0.6783552949615738, 0.6507039808746092, 0.6250121486197592, 0.5979787514847191, 0.5673069037256266, 0.5351611133913886, 0.5063165762183502, 0.48465144494270007, 0.4710912320979331, 0.46326029740749974, 0.45639026622016454, 0.44499325469921075, 0.42533760770206097, 0.39771764292211187, 0.3655947935938647, 0.3316346708399123, 0.2958918835867497, 0.2584117307325107, 0.2210767839497894, 0.18582933577075664, 0.1528905080408986, 0.12111648841223814, 0.08959053418102343, 0.059514066804282915, 0.034348541100719256, 0.01711427608944826, 0.0077839966657056595, 0.003749323059841229, 0.002166007532016838, 0.0014314756716580041, 0.001082472659675141, 0.001052351317231226, 0.0011917054122271829, 0.001282240948570222, 0.0012454064972163518, 0.0011675982586766076, 0.0011086368111738515, 0.001005284289973087, 0.0008219349080861476, 0.0006666242758536296, 0.0006558932830491951, 0.000748632550799767, 0.0007911067795679886, 0.0006842902358506288, 0.00046529268270932144, 0.00024447986646501527, 9.822532513796985e-05, 3.1361107425445235e-05, 1.5950992355565375e-05, 3.789001953017546e-05, 0.00010779761534455169, 0.0002319619204333676, 0.00036762533684324796, 0.0004286226793342353]]}