{"output": [[19.04630199307388, 19.08430319859492, 19.12230440411596, 19.160305609637003, 19.198306815158045, 19.236308020679086, 19.274309226200128, 19.31231043172117, 19.35031163724221, 19.388312842763252, 19.42631404828429, 19.46431525380533, 19.502316459326373, 19.540317664847414, 19.578318870368456, 19.616320075889497, 19.65432128141054, 19.69232248693158, 19.73032369245262, 19.768324897973663, 19.806326103494705, 19.844327309015746, 19.882328514536788, 19.92032972005783, 19.95833092557887, 19.996332131099912, 20.034333336620954, 20.072334542141995, 20.110335747663036, 20.148336953184078, 20.18633815870512, 20.224339364226157, 20.2623405697472, 20.30034177526824, 20.33834298078928, 20.376344186310323, 20.414345391831365, 20.452346597352406, 20.490347802873448, 20.52834900839449, 20.56635021391553, 20.604351419436572, 20.642352624957613, 20.680353830478655, 20.718355035999696, 20.756356241520738, 20.79435744704178, 20.83235865256282, 20.870359858083862, 20.9083610636049, 20.94636226912594, 20.984363474646983, 21.022364680168025, 21.060365885689066, 21.098367091210108, 21.13636829673115, 21.17436950225219, 21.212370707773232, 21.250371913294273, 21.288373118815315, 21.326374324336356, 21.364375529857398, 21.40237673537844, 21.44037794089948, 21.478379146420522, 21.516380351941564, 21.554381557462605, 21.592382762983647, 21.630383968504688, 21.66838517402573, 21.70638637954677, 21.74438758506781, 21.78238879058885, 21.820389996109892, 21.858391201630933, 21.896392407151975, 21.934393612673016, 21.972394818194058, 22.0103960237151, 22.04839722923614, 22.086398434757182, 22.124399640278224, 22.162400845799265, 22.200402051320307, 22.238403256841348, 22.27640446236239, 22.31440566788343, 22.352406873404473, 22.39040807892551, 22.428409284446552, 22.466410489967593, 22.504411695488635, 22.542412901009676, 22.580414106530718, 22.61841531205176, 22.6564165175728, 22.694417723093842, 22.732418928614884, 22.770420134135925, 22.808421339656967]], "PDF": [[0.0007221597521865472, 0.0008283120106679354, 0.0008826548287092617, 0.0009325461123122979, 0.0010209401353731586, 0.0011452972347528155, 0.0012155512898339275, 0.0011212324863751103, 0.0008840916050260074, 0.0006835052802487388, 0.0007103006690625603, 0.001047171003415528, 0.0016747020708969948, 0.002496343440020242, 0.0033439931000825446, 0.004090463703143864, 0.004832842173708048, 0.005870114812420444, 0.007439200007154217, 0.009533337681111014, 0.011954828705133909, 0.014436850815466135, 0.016775106014220578, 0.01900181941857705, 0.02140282074045178, 0.024287139404083842, 0.027881563319264228, 0.032555972689675056, 0.03889654963697203, 0.047226345040310355, 0.057092890717776325, 0.06751347006923324, 0.07789842520103936, 0.08880352570411552, 0.10167018415207695, 0.11741519518140633, 0.1353388947449213, 0.15423206969615397, 0.17450048113122554, 0.19806889171563902, 0.2262089590693394, 0.25840798401523857, 0.2929970189367034, 0.32826279270855563, 0.3638466105770129, 0.4016731725878179, 0.4448678393606567, 0.4951859975964032, 0.5505779515262047, 0.6043687560478451, 0.648129693488132, 0.6771806136083006, 0.6928680520189076, 0.6993723244400699, 0.7004438097040399, 0.6995320628978305, 0.699530888608683, 0.7001638095154487, 0.6980769356264368, 0.6917293524121975, 0.6838820983009105, 0.6773393816634793, 0.6711181447414034, 0.6629853714624959, 0.6531437594934127, 0.643279831935429, 0.6333416067280179, 0.6206202711503855, 0.6022233985825798, 0.5786169649194489, 0.5542479335012486, 0.5340978747763698, 0.5199735263491372, 0.5099730541224115, 0.500362368377724, 0.48776275707271316, 0.47066192660168304, 0.4497652276282515, 0.42703151648279314, 0.4041299383697173, 0.3815221042690154, 0.3584761215669608, 0.33347059304434656, 0.30499238647219257, 0.272560034123828, 0.23683845360631017, 0.19896485491694155, 0.16059882114222496, 0.12441300363796053, 0.09329101082919525, 0.06855637646449556, 0.04945587393452692, 0.03453509451891026, 0.023028802977834884, 0.014745564322904206, 0.009249138438024626, 0.005725449007177363, 0.0034537578805004907, 0.002028252185544092, 0.0011877388003397897]]}