{"output": [[19.02149176610171, 19.059094801585857, 19.096697837070007, 19.134300872554153, 19.171903908038303, 19.20950694352245, 19.2471099790066, 19.284713014490745, 19.32231604997489, 19.35991908545904, 19.397522120943187, 19.435125156427336, 19.472728191911482, 19.510331227395632, 19.547934262879778, 19.585537298363924, 19.623140333848074, 19.66074336933222, 19.69834640481637, 19.735949440300516, 19.773552475784662, 19.81115551126881, 19.848758546752958, 19.886361582237107, 19.923964617721253, 19.961567653205403, 19.99917068868955, 20.036773724173695, 20.074376759657845, 20.11197979514199, 20.14958283062614, 20.187185866110287, 20.224788901594437, 20.262391937078583, 20.29999497256273, 20.33759800804688, 20.375201043531025, 20.412804079015174, 20.45040711449932, 20.488010149983467, 20.525613185467616, 20.563216220951762, 20.600819256435912, 20.638422291920058, 20.676025327404208, 20.713628362888354, 20.751231398372504, 20.78883443385665, 20.826437469340796, 20.864040504824946, 20.90164354030909, 20.93924657579324, 20.976849611277387, 21.014452646761534, 21.052055682245683, 21.08965871772983, 21.12726175321398, 21.164864788698125, 21.202467824182275, 21.24007085966642, 21.277673895150567, 21.315276930634717, 21.352879966118863, 21.390483001603013, 21.42808603708716, 21.46568907257131, 21.503292108055454, 21.5408951435396, 21.57849817902375, 21.616101214507896, 21.653704249992046, 21.691307285476192, 21.72891032096034, 21.766513356444488, 21.804116391928634, 21.841719427412784, 21.87932246289693, 21.91692549838108, 21.954528533865226, 21.992131569349375, 22.02973460483352, 22.067337640317668, 22.104940675801817, 22.142543711285963, 22.180146746770113, 22.21774978225426, 22.255352817738405, 22.292955853222555, 22.3305588887067, 22.36816192419085, 22.405764959674997, 22.443367995159146, 22.480971030643293, 22.51857406612744, 22.55617710161159, 22.593780137095735, 22.631383172579884, 22.66898620806403, 22.70658924354818, 22.744192279032326]], "PDF": [[0.0005482253530804988, 0.0005213136518247008, 0.0004570656764654005, 0.0004497839713194007, 0.0005287412278597059, 0.0006542216840055473, 0.0008172664880742376, 0.001102620582142704, 0.0015910693584896684, 0.002198771545010764, 0.002691732827805999, 0.00290530038295598, 0.002891343129459954, 0.0028109782024615306, 0.0027705286720985066, 0.0028172074760758298, 0.0029751921455724063, 0.003187780146129658, 0.0033313315655217122, 0.003422923873339061, 0.0037889698744272182, 0.004929300551532352, 0.0071696880003784, 0.010433964224514663, 0.014345951605881648, 0.01858761280906332, 0.02317879761567715, 0.028325622868485733, 0.033955274267320416, 0.039577260119591715, 0.0448266066519522, 0.050154972715213374, 0.05689225014193753, 0.06661342240163953, 0.08026462449597861, 0.09746339512334742, 0.11654456318363556, 0.13580003475187963, 0.15519019817769464, 0.17687908483770012, 0.20377652806156418, 0.23720728777128924, 0.27577770439670685, 0.31625021252344315, 0.355249295320698, 0.39040803906622196, 0.42088937416108885, 0.4477551599588095, 0.47391242008000006, 0.5029413589434604, 0.5370885265848059, 0.5760878042072569, 0.6177882220534562, 0.659246033300935, 0.6968800870862006, 0.7266188865101408, 0.7454613555851869, 0.7534782995565585, 0.7535646774544705, 0.7485111764959561, 0.738825327218785, 0.7239821527353035, 0.7051297947259482, 0.6857252389481538, 0.669182101272506, 0.6556185534579593, 0.6412428413277125, 0.6217517776763932, 0.5963466315124251, 0.5682296307083615, 0.5420515811997466, 0.5215287234838893, 0.5084801937724693, 0.5025476092634845, 0.5013905105922619, 0.5016857871752413, 0.5002670727046935, 0.4944985011339377, 0.4824187867843665, 0.46349785834116597, 0.4391069917699711, 0.4113493774868058, 0.3812684476425738, 0.3486856511444667, 0.3135333274120842, 0.27669182689371735, 0.23966336791793194, 0.2038428836792269, 0.17010758906708143, 0.13899137627898997, 0.11102770914898162, 0.08665519244187259, 0.06591101994588043, 0.048511717696083215, 0.03421231241065814, 0.02292399348188262, 0.01452383498949742, 0.008689429927936318, 0.004920101498538784, 0.0026470936499945956]]}