{"output": [[8.443107110108048, 8.591363428042474, 8.739619745976901, 8.887876063911328, 9.036132381845754, 9.184388699780179, 9.332645017714606, 9.480901335649033, 9.629157653583459, 9.777413971517884, 9.925670289452311, 10.073926607386738, 10.222182925321164, 10.37043924325559, 10.518695561190016, 10.666951879124444, 10.815208197058869, 10.963464514993294, 11.111720832927722, 11.259977150862149, 11.408233468796574, 11.556489786731, 11.704746104665427, 11.853002422599854, 12.00125874053428, 12.149515058468705, 12.297771376403132, 12.446027694337559, 12.594284012271984, 12.74254033020641, 12.890796648140837, 13.039052966075264, 13.18730928400969, 13.335565601944115, 13.483821919878542, 13.63207823781297, 13.780334555747395, 13.92859087368182, 14.076847191616247, 14.225103509550674, 14.3733598274851, 14.521616145419525, 14.669872463353952, 14.81812878128838, 14.966385099222805, 15.11464141715723, 15.262897735091657, 15.411154053026085, 15.55941037096051, 15.707666688894935, 15.855923006829363, 16.00417932476379, 16.152435642698215, 16.30069196063264, 16.448948278567066, 16.597204596501495, 16.74546091443592, 16.893717232370346, 17.041973550304775, 17.1902298682392, 17.338486186173625, 17.48674250410805, 17.634998822042476, 17.783255139976905, 17.93151145791133, 18.079767775845756, 18.228024093780185, 18.37628041171461, 18.524536729649036, 18.67279304758346, 18.821049365517887, 18.969305683452315, 19.11756200138674, 19.265818319321166, 19.414074637255595, 19.56233095519002, 19.710587273124446, 19.85884359105887, 20.007099908993297, 20.155356226927726, 20.30361254486215, 20.451868862796577, 20.600125180731006, 20.74838149866543, 20.896637816599856, 21.04489413453428, 21.193150452468707, 21.341406770403136, 21.48966308833756, 21.637919406271987, 21.786175724206416, 21.93443204214084, 22.082688360075267, 22.230944678009692, 22.379200995944117, 22.527457313878546, 22.67571363181297, 22.823969949747397, 22.972226267681826, 23.12048258561625]], "PDF": [[0.00017394995747618908, 0.00014115228742816983, 7.544873160554241e-05, 2.6930380722780543e-05, 9.234436769914119e-06, 1.6648497463391932e-05, 5.271037311046069e-05, 0.00011604691760376777, 0.00016872307144673548, 0.00016331719511065868, 0.00011379825407012247, 8.655861247920507e-05, 0.00011654647716485803, 0.0001654064927590722, 0.00016867181381601716, 0.00012166363699930193, 8.593462091508074e-05, 0.00010715796907143198, 0.0001611761843831163, 0.00018891458984669196, 0.000181218764528414, 0.00018461451985685208, 0.00021362888171582833, 0.0002462196161245527, 0.00029056911327542947, 0.0003499880482612592, 0.0003818455426869584, 0.00038368931173804417, 0.0004314107892187422, 0.0005803939287552443, 0.0007962570790502808, 0.0009745293913734607, 0.0010203927721850992, 0.0009741706725925634, 0.0010229089223191083, 0.0013202140854911262, 0.0018319467519393648, 0.002379407535593448, 0.002814081020067682, 0.003141125727569506, 0.003468612776605495, 0.0038544016991933104, 0.004193347341870888, 0.0043419999804321, 0.00450560743521124, 0.005189033090849222, 0.006422644828506536, 0.007454908371172549, 0.007669452123836753, 0.0074272189184145234, 0.007607035938060602, 0.008634810646770654, 0.010147008939463858, 0.011501207966797107, 0.012615990018195989, 0.014204576258622181, 0.01702474488014819, 0.020957419990836362, 0.02505781392963879, 0.028397303401625714, 0.030741075412817044, 0.032710926042303246, 0.03520824988099754, 0.038680342534811965, 0.04337788116675378, 0.04978295229827274, 0.05789280410432055, 0.06710806946324677, 0.07755562879731175, 0.08980046904776973, 0.10323761559968886, 0.1163735429289469, 0.12880073308810985, 0.1425600099044471, 0.16023596678354554, 0.1816602336432477, 0.20511939291788506, 0.23054128374502866, 0.2578877688480189, 0.2851190011375536, 0.31047785394225724, 0.3337399281490886, 0.3542309247078225, 0.3697907336408148, 0.3777644527515599, 0.37603442800292886, 0.3640948164540982, 0.3430187580422495, 0.3135608587455584, 0.27591463193384896, 0.23126482948014146, 0.18264372273373003, 0.13447400663789602, 0.0912845999063785, 0.05663891920977932, 0.03205991719073928, 0.01661277978718565, 0.007992184578648904, 0.0036964645736289087, 0.0016721264861391046]]}