{"S_Ks": [[0.7121657003957235]], "S_Q": [[0.2610098360072013]], "S_T_Ks": [[0.7210982246524712]], "S_T_Q": [[0.2646680788033604]]}