{"S_min_Ks": [[0.6947281498519505]], "S_min_Q": [[0.24062615883807653]], "S_Ks": [[0.7246865309690086]], "S_Q": [[0.2585536074411936]], "S_max_Ks": [[0.7582595721861777]], "S_max_Q": [[0.2767374672189686]], "S_T_min_Ks": [[0.6968653270044142]], "S_T_min_Q": [[0.24034128643022062]], "S_T_Ks": [[0.7345406699490709]], "S_T_Q": [[0.2637927078815171]], "S_T_max_Ks": [[0.7748061892606898]], "S_T_max_Q": [[0.28924614085272105]]}