{"S_Ks": [[0.7311874207577105]], "S_Q": [[0.251819587684379]], "S_T_Ks": [[0.7291688476980352]], "S_T_Q": [[0.27279031297184025]]}