{"S_Ks": [[0.7246865309690086]], "S_Q": [[0.2585536074411936]], "S_T_Ks": [[0.7345406699490709]], "S_T_Q": [[0.2637927078815171]]}