{"S_min_Ks": [[0.681714218795127]], "S_min_Q": [[0.2459753613494824]], "S_Ks": [[0.7121657003957235]], "S_Q": [[0.2610098360072013]], "S_max_Ks": [[0.7515393338318577]], "S_max_Q": [[0.2799981310114899]], "S_T_min_Ks": [[0.6875337237447156]], "S_T_min_Q": [[0.24173307620876444]], "S_T_Ks": [[0.7210982246524712]], "S_T_Q": [[0.2646680788033604]], "S_T_max_Ks": [[0.7605863160048637]], "S_T_max_Q": [[0.2890978104268956]]}