{"S_min_Ks": [[0.7001847467123151]], "S_min_Q": [[0.2351343937620568]], "S_Ks": [[0.7311874207577105]], "S_Q": [[0.251819587684379]], "S_max_Ks": [[0.7580702899039546]], "S_max_Q": [[0.27048741341155863]], "S_T_min_Ks": [[0.698946969052155]], "S_T_min_Q": [[0.24363915383075535]], "S_T_Ks": [[0.7291688476980352]], "S_T_Q": [[0.27279031297184025]], "S_T_max_Ks": [[0.7643057280956665]], "S_T_max_Q": [[0.30087022005318476]]}