{"S_min_Ks": [[0.684269175426759]], "S_min_Q": [[0.2346541199831622]], "S_Ks": [[0.7150590222286646]], "S_Q": [[0.25656459594193765]], "S_max_Ks": [[0.7543448999645578]], "S_max_Q": [[0.28025635465080667]], "S_T_min_Ks": [[0.6995583210450509]], "S_T_min_Q": [[0.237629403896911]], "S_T_Ks": [[0.737567316905022]], "S_T_Q": [[0.26028606438306184]], "S_T_max_Ks": [[0.7764319500454994]], "S_T_max_Q": [[0.2869431012069178]]}