{"S_Ks": [[0.1944088536270955]], "S_Q": [[0.7551563014518876]], "S_T_Ks": [[0.19020892468386133]], "S_T_Q": [[0.8119720446991252]]}