{"S_min_Ks": [[0.1821636883278576]], "S_min_Q": [[0.6885622503156458]], "S_Ks": [[0.1944088536270955]], "S_Q": [[0.7551563014518876]], "S_max_Ks": [[0.20843271685596296]], "S_max_Q": [[0.7975949345378754]], "S_T_min_Ks": [[0.14942237045011383]], "S_T_min_Q": [[0.7664727637459252]], "S_T_Ks": [[0.19020892468386133]], "S_T_Q": [[0.8119720446991252]], "S_T_max_Ks": [[0.23451176179005634]], "S_T_max_Q": [[0.8653355367520851]]}