{"Min": [[7.811312196694008]], "SD_min": [[12.440248739457871]], "Mean": [[16.063076681901528]], "SD_max": [[19.685904624345184]], "Max": [[21.531322396065253]]}