{"Min": [[7.480135556685173]], "SD_min": [[8.893236833520755]], "Mean": [[10.188293752929095]], "SD_max": [[11.483350672337435]], "Max": [[13.542788684885682]]}