{"Min": [[7.480135535675391]], "SD_min": [[8.893236822164983]], "Mean": [[10.188293737060032]], "SD_max": [[11.483350651955082]], "Max": [[13.542788695699574]]}