{"Min": [[7.483999692013686]], "SD_min": [[12.253965949988652]], "Mean": [[16.027288216164887]], "SD_max": [[19.80061048234112]], "Max": [[22.39646810626805]]}