{"output": [[7.480135535675391, 7.541374456483716, 7.602613377292041, 7.663852298100366, 7.725091218908691, 7.786330139717016, 7.847569060525341, 7.908807981333666, 7.970046902141991, 8.031285822950316, 8.092524743758641, 8.153763664566966, 8.215002585375291, 8.276241506183617, 8.337480426991942, 8.398719347800267, 8.459958268608592, 8.521197189416917, 8.582436110225242, 8.643675031033567, 8.704913951841892, 8.766152872650217, 8.827391793458542, 8.888630714266867, 8.949869635075192, 9.011108555883517, 9.072347476691842, 9.133586397500167, 9.194825318308492, 9.256064239116819, 9.317303159925144, 9.37854208073347, 9.439781001541794, 9.50101992235012, 9.562258843158444, 9.62349776396677, 9.684736684775094, 9.74597560558342, 9.807214526391745, 9.86845344720007, 9.929692368008395, 9.99093128881672, 10.052170209625045, 10.11340913043337, 10.174648051241695, 10.23588697205002, 10.297125892858345, 10.35836481366667, 10.419603734474995, 10.48084265528332, 10.542081576091645, 10.60332049689997, 10.664559417708295, 10.72579833851662, 10.787037259324945, 10.84827618013327, 10.909515100941595, 10.97075402174992, 11.031992942558245, 11.09323186336657, 11.154470784174896, 11.21570970498322, 11.276948625791546, 11.33818754659987, 11.399426467408196, 11.46066538821652, 11.521904309024848, 11.583143229833173, 11.644382150641498, 11.705621071449823, 11.766859992258148, 11.828098913066473, 11.889337833874798, 11.950576754683123, 12.011815675491448, 12.073054596299773, 12.134293517108098, 12.195532437916423, 12.256771358724748, 12.318010279533073, 12.379249200341398, 12.440488121149723, 12.501727041958048, 12.562965962766373, 12.624204883574698, 12.685443804383024, 12.746682725191349, 12.807921645999674, 12.869160566807999, 12.930399487616324, 12.991638408424649, 13.052877329232974, 13.114116250041299, 13.175355170849624, 13.236594091657949, 13.297833012466274, 13.359071933274599, 13.420310854082924, 13.48154977489125, 13.542788695699574]], "PDF": [[0.013493689021460368, 0.02269262400909346, 0.03444235142291527, 0.04754852241677737, 0.06021464326501923, 0.07081937684220194, 0.0788216940843198, 0.08514503623957037, 0.09165482515011542, 0.10004326601946359, 0.110921378889409, 0.12365780148703846, 0.1368748530344976, 0.14917188080756683, 0.15963781430830548, 0.16791350754482048, 0.17396961707558248, 0.17803809479810384, 0.180852640225083, 0.18376343146825158, 0.18821743372861627, 0.19485108402129817, 0.20310236291113995, 0.2117727503689184, 0.21989034076985098, 0.2270373759554832, 0.23315784524722394, 0.2383579823649524, 0.2428385733679709, 0.2468405718274331, 0.25065118106239304, 0.2546354209270159, 0.25908051644007674, 0.26395232195387786, 0.2689629189624009, 0.2739476745136474, 0.27902203895619226, 0.28425210105973897, 0.2893434193873928, 0.29391969582977095, 0.29800637371810523, 0.30181138093501203, 0.30492197278861877, 0.3061525967879972, 0.30450256557620214, 0.30003085583699224, 0.2935726729985297, 0.28591273038623316, 0.27755768410158926, 0.26902289773713994, 0.2608089334741737, 0.2530316590114439, 0.24543133453795318, 0.23793466481723116, 0.23101817142993192, 0.2253387676815734, 0.22109376980988277, 0.21778885190998687, 0.21447332159772645, 0.21021081370917624, 0.2045715733547657, 0.19775127668952952, 0.19013975229543215, 0.18186497560510273, 0.1728967932104455, 0.1635579074021149, 0.1547934129284848, 0.14779791508195803, 0.14322628549158684, 0.1406019531376003, 0.1384460118956306, 0.1352343896596047, 0.13057640737874499, 0.12550512973980257, 0.1214709628860932, 0.11902284889412551, 0.1174284891678886, 0.11534488276621184, 0.11171082083111426, 0.1062513841929886, 0.09954143688674753, 0.09265919806029403, 0.08655174134461899, 0.08157588423567542, 0.07753528601744443, 0.0739515647852627, 0.07023930278163365, 0.06587780917094739, 0.06069996971703545, 0.05503411128413502, 0.04943785562119587, 0.04425760630561373, 0.03946576942029925, 0.03484234636677398, 0.030183929196197206, 0.025356712133948134, 0.02032539854573707, 0.015253582509143639, 0.010527630919320628, 0.006585540791856818]]}