{"output": [[7.480135556685173, 7.541374477172047, 7.602613397658921, 7.6638523181457945, 7.725091238632668, 7.786330159119542, 7.847569079606417, 7.90880800009329, 7.970046920580164, 8.031285841067037, 8.09252476155391, 8.153763682040786, 8.21500260252766, 8.276241523014534, 8.337480443501407, 8.398719363988281, 8.459958284475155, 8.521197204962029, 8.582436125448902, 8.643675045935776, 8.70491396642265, 8.766152886909524, 8.827391807396397, 8.888630727883271, 8.949869648370145, 9.011108568857018, 9.072347489343892, 9.133586409830766, 9.19482533031764, 9.256064250804513, 9.317303171291389, 9.378542091778263, 9.439781012265136, 9.50101993275201, 9.562258853238884, 9.623497773725758, 9.684736694212631, 9.745975614699505, 9.807214535186379, 9.868453455673253, 9.929692376160126, 9.990931296647, 10.052170217133874, 10.113409137620748, 10.174648058107621, 10.235886978594495, 10.297125899081369, 10.358364819568244, 10.419603740055116, 10.480842660541992, 10.542081581028864, 10.60332050151574, 10.664559422002613, 10.725798342489487, 10.78703726297636, 10.848276183463234, 10.909515103950108, 10.970754024436982, 11.031992944923855, 11.09323186541073, 11.154470785897603, 11.215709706384477, 11.27694862687135, 11.338187547358224, 11.399426467845098, 11.460665388331972, 11.521904308818847, 11.583143229305719, 11.644382149792595, 11.705621070279467, 11.766859990766342, 11.828098911253214, 11.88933783174009, 11.950576752226961, 12.011815672713837, 12.07305459320071, 12.134293513687584, 12.195532434174458, 12.256771354661332, 12.318010275148206, 12.37924919563508, 12.440488116121953, 12.501727036608827, 12.5629659570957, 12.624204877582574, 12.68544379806945, 12.746682718556322, 12.807921639043197, 12.86916055953007, 12.930399480016945, 12.991638400503817, 13.052877320990692, 13.114116241477564, 13.17535516196444, 13.236594082451314, 13.297833002938187, 13.359071923425061, 13.420310843911935, 13.481549764398808, 13.542788684885682]], "PDF": [[0.013493689629079547, 0.022692624964800668, 0.034442352766470265, 0.04754852411247923, 0.060214645224653134, 0.07081937900358626, 0.07882169649219012, 0.08514503905088082, 0.09165482854413944, 0.10004327007735074, 0.11092138351925897, 0.12365780642752608, 0.1368748579338128, 0.1491718853319993, 0.1596378182088136, 0.16791351066084212, 0.1739696193345838, 0.17803809626193384, 0.18085264112469668, 0.18376343210720847, 0.18821743428027646, 0.19485108442977178, 0.2031023629836857, 0.21177274985284103, 0.21989033929901827, 0.22703737315045364, 0.2331578411257724, 0.2383579775657031, 0.24283856872812928, 0.24684056778482222, 0.2506511776159918, 0.2546354179601129, 0.25908051375560015, 0.2639523191743793, 0.26896291583424603, 0.27394767131047737, 0.27902203634408285, 0.28425209966760945, 0.28934341966321403, 0.29391969794527034, 0.29800637690720516, 0.3018113826142946, 0.3049219689736034, 0.30615258466468104, 0.3045025464574849, 0.3000308353451684, 0.2935726576504775, 0.2859127234275094, 0.277557684172108, 0.2690229009434129, 0.2608089363436745, 0.2530316600349415, 0.2454313340999078, 0.23793466428088425, 0.23101817215992643, 0.22533877064380117, 0.22109377561129587, 0.21778886047395646, 0.21447333147487713, 0.21021082226909402, 0.20457157845798113, 0.19775127837882756, 0.19013975268339495, 0.18186497712506633, 0.17289679692841792, 0.16355791263729796, 0.1547934181912807, 0.1477979193742656, 0.1432262888160945, 0.14060195603753115, 0.1384460149066685, 0.1352343931746489, 0.1305764115445851, 0.12550513428305463, 0.12147096727233686, 0.11902285271566784, 0.11742849231492382, 0.1153448854737336, 0.11171082373814264, 0.10625138801435272, 0.09954144169951949, 0.09265920306863179, 0.08655174553451828, 0.08157588715869303, 0.07753528792430855, 0.07395156624755923, 0.07023930430326814, 0.06587781097233193, 0.06069997168916769, 0.055034113134149944, 0.04943785711721644, 0.04425760741613721, 0.039465770264080845, 0.034842347076728064, 0.030183929833878145, 0.02535671269475587, 0.020325399007813126, 0.01525358286825549, 0.010527631189982371, 0.0065855409915105]]}