{"output": [[7.811312196694008, 7.949898158303818, 8.088484119913629, 8.22707008152344, 8.36565604313325, 8.50424200474306, 8.642827966352872, 8.781413927962681, 8.919999889572493, 9.058585851182302, 9.197171812792114, 9.335757774401923, 9.474343736011734, 9.612929697621546, 9.751515659231355, 9.890101620841167, 10.028687582450976, 10.167273544060787, 10.305859505670597, 10.444445467280408, 10.58303142889022, 10.721617390500029, 10.86020335210984, 10.99878931371965, 11.137375275329461, 11.27596123693927, 11.414547198549082, 11.553133160158893, 11.691719121768703, 11.830305083378514, 11.968891044988325, 12.107477006598135, 12.246062968207944, 12.384648929817756, 12.523234891427567, 12.661820853037376, 12.800406814647188, 12.938992776256999, 13.077578737866808, 13.216164699476618, 13.35475066108643, 13.49333662269624, 13.63192258430605, 13.770508545915861, 13.909094507525673, 14.047680469135482, 14.186266430745292, 14.324852392355103, 14.463438353964914, 14.602024315574724, 14.740610277184535, 14.879196238794346, 15.017782200404156, 15.156368162013965, 15.294954123623777, 15.433540085233588, 15.572126046843398, 15.710712008453209, 15.84929797006302, 15.98788393167283, 16.12646989328264, 16.265055854892452, 16.40364181650226, 16.54222777811207, 16.680813739721884, 16.819399701331694, 16.957985662941503, 17.096571624551316, 17.235157586161122, 17.373743547770935, 17.512329509380745, 17.650915470990554, 17.789501432600368, 17.928087394210177, 18.066673355819987, 18.2052593174298, 18.34384527903961, 18.48243124064942, 18.62101720225923, 18.75960316386904, 18.89818912547885, 19.036775087088664, 19.17536104869847, 19.313947010308283, 19.452532971918096, 19.591118933527902, 19.729704895137715, 19.868290856747524, 20.006876818357334, 20.145462779967147, 20.284048741576957, 20.422634703186766, 20.56122066479658, 20.69980662640639, 20.838392588016198, 20.97697854962601, 21.11556451123582, 21.25415047284563, 21.392736434455443, 21.531322396065253]], "PDF": [[0.015320575603398787, 0.0166275356069799, 0.017986076131494708, 0.019394080828438718, 0.020848642428853512, 0.022345851820922285, 0.02388061607916115, 0.025446531487947788, 0.027035836080403587, 0.028639461941110767, 0.030247200627217988, 0.03184798597878836, 0.03343028803288576, 0.03498260067748426, 0.03649399518021875, 0.0379547029410105, 0.039356684797553554, 0.04069414179632055, 0.04196392404208634, 0.04316580016157779, 0.044302559719274125, 0.04537993382426614, 0.04640633400783417, 0.04739242480616074, 0.04835055980602282, 0.0492941227083415, 0.05023682296207511, 0.051191998821059806, 0.05217197887024708, 0.053187546296218496, 0.054247539127429516, 0.055358605509155896, 0.056525117327356225, 0.05774922986057453, 0.05903106131836613, 0.060368955617240073, 0.061759785679159504, 0.06319925354379653, 0.06468214772687048, 0.06620252702317857, 0.06775381232139319, 0.06932878254801694, 0.07091948593015965, 0.072517091642545, 0.07411171799038131, 0.07569228027624841, 0.07724640353246372, 0.07876044201171797, 0.0802196389090552, 0.0816084469586579, 0.08291101449011236, 0.08411182376747332, 0.08519645069751336, 0.08615239904466583, 0.08696994976245144, 0.08764295829137583, 0.0881695306111435, 0.08855251288980831, 0.08879973960538465, 0.08892400033334388, 0.08894270480438513, 0.08887724775345958, 0.08875209766259694, 0.08859365482091054, 0.08842894235271835, 0.08828420743021104, 0.08818351763145604, 0.08814743868490234, 0.08819187458735646, 0.08832713979569294, 0.08855731689286545, 0.08887993324901763, 0.08928596844338167, 0.08976018239491207, 0.09028173402102117, 0.09082504333829153, 0.09136083742282268, 0.09185731330803099, 0.09228134897655785, 0.09259969687963977, 0.0927801022343133, 0.09279229969590325, 0.09260885562887676, 0.09220583773787398, 0.09156330792356425, 0.09066564668438028, 0.08950172722625879, 0.08806496401738229, 0.08635326354479005, 0.08436890457711309, 0.08211837174079918, 0.0796121603926119, 0.07686456354036275, 0.07389344395110663, 0.07071998760813161, 0.06736842923555075, 0.06386573739109572, 0.0602412460390459, 0.05652622163660926, 0.05275335934980506]]}