{"output": [[7.483999692013686, 7.634630686097063, 7.785261680180441, 7.935892674263818, 8.086523668347196, 8.237154662430573, 8.38778565651395, 8.538416650597329, 8.689047644680706, 8.839678638764083, 8.99030963284746, 9.140940626930838, 9.291571621014215, 9.442202615097592, 9.59283360918097, 9.743464603264346, 9.894095597347725, 10.044726591431102, 10.19535758551448, 10.345988579597858, 10.496619573681235, 10.647250567764612, 10.797881561847989, 10.948512555931366, 11.099143550014745, 11.249774544098122, 11.400405538181499, 11.551036532264877, 11.701667526348253, 11.852298520431631, 12.002929514515008, 12.153560508598385, 12.304191502681764, 12.45482249676514, 12.605453490848518, 12.756084484931895, 12.906715479015272, 13.05734647309865, 13.207977467182028, 13.358608461265405, 13.509239455348784, 13.659870449432159, 13.810501443515538, 13.961132437598915, 14.111763431682292, 14.26239442576567, 14.413025419849047, 14.563656413932424, 14.714287408015801, 14.864918402099178, 15.015549396182557, 15.166180390265934, 15.316811384349311, 15.46744237843269, 15.618073372516067, 15.768704366599444, 15.91933536068282, 16.069966354766198, 16.220597348849576, 16.37122834293295, 16.52185933701633, 16.67249033109971, 16.823121325183088, 16.973752319266463, 17.12438331334984, 17.275014307433217, 17.425645301516596, 17.576276295599975, 17.72690728968335, 17.877538283766725, 18.028169277850104, 18.178800271933483, 18.32943126601686, 18.480062260100237, 18.630693254183612, 18.78132424826699, 18.93195524235037, 19.082586236433748, 19.233217230517123, 19.383848224600502, 19.534479218683877, 19.685110212767256, 19.835741206850635, 19.98637220093401, 20.13700319501739, 20.287634189100764, 20.438265183184143, 20.58889617726752, 20.7395271713509, 20.890158165434276, 21.04078915951765, 21.19142015360103, 21.34205114768441, 21.492682141767787, 21.643313135851162, 21.793944129934538, 21.944575124017916, 22.095206118101295, 22.245837112184674, 22.39646810626805]], "PDF": [[0.005316583153045057, 0.00834845176957457, 0.01197293611447321, 0.015840023490504625, 0.019577335685317773, 0.022957920668686172, 0.0259874982620659, 0.028845102584195075, 0.03172224445775551, 0.03468664527674373, 0.03766483876378257, 0.04052445117342148, 0.043160444875119566, 0.04552119084343204, 0.047592152770327474, 0.04938102059029835, 0.05090649020944093, 0.05217143678546131, 0.05314069794001577, 0.05376885272943979, 0.05407272243105595, 0.05418015312181759, 0.05429980467712376, 0.054626085691332996, 0.05523911234806967, 0.05605723229357496, 0.05687262189008371, 0.0574593753958413, 0.057696731071068194, 0.05763028317647937, 0.057430247458427154, 0.05728330386333484, 0.05731025243166427, 0.057570336091461984, 0.05811059222875529, 0.058961763503028106, 0.0600591043423351, 0.06119605357459381, 0.062122552271294866, 0.06273532808586595, 0.06316195060091732, 0.06361997555805475, 0.0641791581432653, 0.06467897469800411, 0.06489397260360061, 0.06478014449929306, 0.06456937541953663, 0.06464672877194082, 0.06533498638627862, 0.06674666373109195, 0.06876737116595769, 0.07113248951744987, 0.07353187578288446, 0.07570265388143295, 0.07748365879850139, 0.078805276817559, 0.07963151691443324, 0.0799354637196577, 0.07976165526145403, 0.07930661863182463, 0.07890155235208045, 0.07889019202627852, 0.07950411719768605, 0.0808070943732356, 0.08269587864943262, 0.08493362994558688, 0.08722004031818661, 0.08929214527955077, 0.091019960831295, 0.09245274316601233, 0.09378353292748758, 0.09523736275878691, 0.09695014610686307, 0.09892529301325811, 0.10108760772056304, 0.10337014645932727, 0.10575843907765153, 0.1082610107232016, 0.11082144939584615, 0.11323027554168216, 0.11511864419182505, 0.11606966749091639, 0.1157837199679807, 0.11418271767259806, 0.1113885108779086, 0.1076062453361497, 0.1030048955703606, 0.09767899560457478, 0.09170308900439673, 0.08520457888144045, 0.07836425879187339, 0.07133298117294533, 0.0641468920108689, 0.05673090738132192, 0.04899658639078837, 0.04096058337978438, 0.032810839143556564, 0.024901634648912863, 0.017688667476182224, 0.011613090218053783]]}