{"S_min_Ks": [[-0.057594102258962776]], "S_min_Q": [[0.317669810632462]], "S_Ks": [[0.03494951639955968]], "S_Q": [[0.7933028654108603]], "S_max_Ks": [[0.11459795843385466]], "S_max_Q": [[1.0432993737119531]], "S_T_min_Ks": [[-0.2874689861529096]], "S_T_min_Q": [[0.17476440049151187]], "S_T_Ks": [[0.10735849174560201]], "S_T_Q": [[0.9025620341191407]], "S_T_max_Ks": [[0.2785105099812222]], "S_T_max_Q": [[1.2005532683700548]]}