{"S_Ks": [[0.03494951639955968]], "S_Q": [[0.7933028654108603]], "S_T_Ks": [[0.10735849174560201]], "S_T_Q": [[0.9025620341191407]]}