{"S_min_Ks": [[0.06121263945146975]], "S_min_Q": [[0.9426007911232919]], "S_Ks": [[0.0678042803543905]], "S_Q": [[0.9777881631217177]], "S_max_Ks": [[0.07687577041053553]], "S_max_Q": [[1.0166169425677714]], "S_T_min_Ks": [[0.03479279701871722]], "S_T_min_Q": [[0.9294750995445358]], "S_T_Ks": [[0.0572135320282573]], "S_T_Q": [[0.960994558226357]], "S_T_max_Ks": [[0.08036116093140216]], "S_T_max_Q": [[0.9934028791146818]]}