{"S_Ks": [[0.6031272333463018]], "S_Q": [[0.45709293693450376]], "S_T_Ks": [[0.5758331125279604]], "S_T_Q": [[0.43867609869553065]]}