{"S_Ks": [[0.6031272831274455]], "S_Q": [[0.4570928878490014]], "S_T_Ks": [[0.5758331609871788]], "S_T_Q": [[0.4386760484988426]]}