{"S_min_Ks": [[0.5795253947068296]], "S_min_Q": [[0.43563515108330286]], "S_Ks": [[0.6031272333463018]], "S_Q": [[0.45709293693450376]], "S_max_Ks": [[0.6283125454518053]], "S_max_Q": [[0.47908915206355307]], "S_T_min_Ks": [[0.5485352848052661]], "S_T_min_Q": [[0.41063050349637925]], "S_T_Ks": [[0.5758331125279604]], "S_T_Q": [[0.43867609869553065]], "S_T_max_Ks": [[0.6115064371064438]], "S_T_max_Q": [[0.46192402729182774]]}