{"S_min_Ks": [[0.5795254440821274]], "S_min_Q": [[0.4356351039588457]], "S_Ks": [[0.6031272831274455]], "S_Q": [[0.4570928878490014]], "S_max_Ks": [[0.6283125975696069]], "S_max_Q": [[0.4790891024032262]], "S_T_min_Ks": [[0.5485353315509736]], "S_T_min_Q": [[0.4106304542428211]], "S_T_Ks": [[0.5758331609871788]], "S_T_Q": [[0.4386760484988426]], "S_T_max_Ks": [[0.6115064855623485]], "S_T_max_Q": [[0.46192397721569933]]}