{"S_Ks": [[0.0678042803543905]], "S_Q": [[0.9777881631217177]], "S_T_Ks": [[0.0572135320282573]], "S_T_Q": [[0.960994558226357]]}