{"y": [16000.0, 16000.0, 16000.0, 16000.0, 8000.0, 16000.0, 24000.0, 32000.0, 0.9659969550450187, 1.0, -0.749586496753246, -0.716564801979679, 6.857481719575434, 8.481431042145896, -2.3903403009512356, -0.5068586753013474], "x": [8000.0, 8000.0, 8000.0, 8000.0, 8000.0, 16000.0, 24000.0, 32000.0, 1.0, 0.9659969550450187, -0.5665613855059498, -0.5179955815159477, 5.941671905879344, 6.857481719575434, -1.5121842708457003, -0.30667419469174956], "Covariance": [32000.0, 32000.0, 32000.0, 32000.0, 8000.0, 16000.0, 24000.0, 32000.0, -0.5179955815159477, -0.716564801979679, 0.9917567763628704, 1.0, -0.30667419469174956, -0.5068586753013474, 0.26375787365955894, 0.05899207736124291], "Correlation-YY": [24000.0, 24000.0, 24000.0, 24000.0, 8000.0, 16000.0, 24000.0, 32000.0, -0.5665613855059498, -0.749586496753246, 1.0, 0.9917567763628704, -1.5121842708457003, -2.3903403009512356, 1.1989658769661893, 0.26375787365955894]}