{"SD_max": [-1.4463995845381463, -9.838820513047827, 6.3677151648101376, -5.3253067851845035], "Min": [16000.0, -9.970201417827402, 3.277516391735714, -9.541384050898523], "Max": [-1.5939936505625938, -10.013325769621636, 6.346228749516511, -8.874320068100124], "SD_min": [24000.0, 1.0730074028662622, -8.77204987305211, 14.097772136241414], "x": [8000.0, -9.794999657090367, 3.7203612838382, -7.705279233056393], "Mean": [32000.0, 0.20880403395491642, -9.77735491026008, 14.094263835491178]}