{"S_Q": [0.1664214099456449], "S_T_min_Q": [0.2736930189164023], "S_max_Q": [0.22269479636362938], "S_T_max_Ks": [1.0404776417906145], "S_T_min_Ks": [0.7898139035397627], "S_min_Ks": [0.5096320409246847], "S_min_Q": [0.1021053641865915], "S_T_Ks": [0.9265224971040598], "S_T_Q": [0.3612907040654408], "S_max_Ks": [0.7091361390971465], "S_T_max_Q": [0.44019985285033636], "S_Ks": [0.6125712164742468]}