{"S_Q": [24000.0, 0.4579159691537429, 0.9440129024464675, 0.03878437561827997], "x": [8000.0, 0.23150371675572146, 0.9584988177749134, 0.07244864181955864], "S_T_Q": [0.49749756283566743, 0.1391522818869537, 0.9715239838873857, 0.09677505169553582], "S_Ks": [16000.0, 0.8717729294116091, 0.3357502666478397, 0.9211898968699159], "S_T_Ks": [32000.0, 0.6448047939182767, 0.04063411660154927, 0.9704805860276705]}