{"Min": [[10.750052689671419]], "SD_min": [[12.954311621623422]], "Mean": [[13.433728958356543]], "SD_max": [[13.913146295089664]], "Max": [[14.368564292997702]]}