{"Min": [[9.032413704841282]], "SD_min": [[12.112486845174667]], "Mean": [[12.919562986367236]], "SD_max": [[13.726639127559805]], "Max": [[14.206145598680301]]}