{"Min": [[13.101953635703877]], "SD_min": [[13.652243710391808]], "Mean": [[13.966982741847094]], "SD_max": [[14.28172177330238]], "Max": [[14.977725324562995]]}