{"Min": [[9.032413671532886]], "SD_min": [[12.112486844519006]], "Mean": [[12.91956298577319]], "SD_max": [[13.726639127027374]], "Max": [[14.20614562016842]]}