{"output": [[10.750052689671419, 10.786603311927239, 10.823153934183061, 10.859704556438881, 10.896255178694704, 10.932805800950524, 10.969356423206346, 11.005907045462166, 11.042457667717986, 11.079008289973808, 11.115558912229629, 11.15210953448545, 11.188660156741271, 11.225210778997093, 11.261761401252913, 11.298312023508734, 11.334862645764556, 11.371413268020376, 11.407963890276198, 11.444514512532018, 11.48106513478784, 11.51761575704366, 11.554166379299481, 11.590717001555303, 11.627267623811123, 11.663818246066946, 11.700368868322766, 11.736919490578586, 11.773470112834408, 11.810020735090228, 11.84657135734605, 11.88312197960187, 11.919672601857693, 11.956223224113513, 11.992773846369335, 12.029324468625155, 12.065875090880976, 12.102425713136798, 12.138976335392618, 12.17552695764844, 12.21207757990426, 12.24862820216008, 12.285178824415903, 12.321729446671723, 12.358280068927545, 12.394830691183365, 12.431381313439188, 12.467931935695008, 12.50448255795083, 12.54103318020665, 12.57758380246247, 12.614134424718292, 12.650685046974113, 12.687235669229935, 12.723786291485755, 12.760336913741575, 12.796887535997397, 12.833438158253218, 12.86998878050904, 12.90653940276486, 12.94309002502068, 12.979640647276502, 13.016191269532325, 13.052741891788145, 13.089292514043965, 13.125843136299787, 13.162393758555607, 13.19894438081143, 13.23549500306725, 13.27204562532307, 13.308596247578892, 13.345146869834712, 13.381697492090534, 13.418248114346355, 13.454798736602175, 13.491349358857997, 13.527899981113817, 13.56445060336964, 13.60100122562546, 13.637551847881282, 13.674102470137102, 13.710653092392924, 13.747203714648744, 13.783754336904565, 13.820304959160387, 13.856855581416207, 13.89340620367203, 13.92995682592785, 13.96650744818367, 14.003058070439492, 14.039608692695312, 14.076159314951134, 14.112709937206954, 14.149260559462775, 14.185811181718597, 14.222361803974419, 14.25891242623024, 14.29546304848606, 14.332013670741881, 14.368564292997702]], "PDF": [[0.0009162774930848325, 0.0009541324662419843, 0.001031406718413467, 0.001210114201136819, 0.001265035003680067, 0.001131875268984843, 0.0010399224075026891, 0.0013425273477786772, 0.001673139128663112, 0.001351710507993269, 0.0007494767647045265, 0.0009009498509732407, 0.002621038719045157, 0.005870874193294182, 0.00915529846495268, 0.011068441537153927, 0.011859192165941224, 0.012378959734847381, 0.013029730345270555, 0.013793279120931907, 0.014697170479845065, 0.015776092871837535, 0.016165729801322345, 0.014697047004919764, 0.012644387672321889, 0.013015847278287805, 0.016302129111684084, 0.019274598098446796, 0.019579633930192887, 0.018983390691658143, 0.020039577635299503, 0.022507170230588295, 0.025376020819086128, 0.029397382001436385, 0.035094076770087794, 0.04141820870203081, 0.047450932780293616, 0.05277249012711723, 0.056036076548417184, 0.0572223018867605, 0.05999488654360219, 0.06515648055330163, 0.06828270571323387, 0.06868864371699827, 0.06996861586110308, 0.07450639824741498, 0.08259245570461844, 0.09086586684836481, 0.09744834483440364, 0.10614742095009858, 0.12097420511986157, 0.1422991642665228, 0.1646665763255181, 0.17955293056811356, 0.1866531917320079, 0.19783926671666, 0.2209680278461491, 0.251111861735251, 0.28206658913729865, 0.3125188147338383, 0.34455053287605975, 0.3800747711062892, 0.4178274895121444, 0.4585489723677795, 0.5051020502703115, 0.5573793925568906, 0.6099759512891222, 0.6529581321372777, 0.6874186185117729, 0.722563555839938, 0.7581778545023915, 0.7962592249328677, 0.8419756764543329, 0.8823713572335881, 0.9056595879526317, 0.9223300602783601, 0.9363648791816694, 0.9306862035951015, 0.9048414696405276, 0.8836758958426274, 0.8749773251836754, 0.8643614878570338, 0.8447755880338047, 0.8229392737403497, 0.8025639575255178, 0.7824326277279936, 0.7636176866431925, 0.7399683143730669, 0.6937507998797215, 0.6161417201372523, 0.5239777222401774, 0.4359242190388619, 0.3477995407068361, 0.2557518627637439, 0.17161962847782133, 0.10668826480741986, 0.0634513616448701, 0.03628247759473029, 0.01830639426139337, 0.007331789319100144]]}