{"output": [[9.032413892811896, 9.08467380864579, 9.136933724479688, 9.189193640313583, 9.241453556147478, 9.293713471981375, 9.34597338781527, 9.398233303649166, 9.450493219483063, 9.502753135316958, 9.555013051150853, 9.60727296698475, 9.659532882818645, 9.71179279865254, 9.764052714486438, 9.816312630320333, 9.868572546154228, 9.920832461988125, 9.97309237782202, 10.025352293655915, 10.077612209489812, 10.129872125323708, 10.182132041157603, 10.2343919569915, 10.286651872825395, 10.33891178865929, 10.391171704493187, 10.443431620327082, 10.495691536160978, 10.547951451994875, 10.60021136782877, 10.652471283662665, 10.704731199496562, 10.756991115330457, 10.809251031164353, 10.86151094699825, 10.913770862832145, 10.96603077866604, 11.018290694499937, 11.070550610333832, 11.122810526167727, 11.175070442001623, 11.22733035783552, 11.279590273669415, 11.33185018950331, 11.384110105337207, 11.436370021171102, 11.488629937004998, 11.540889852838895, 11.59314976867279, 11.645409684506685, 11.697669600340582, 11.749929516174477, 11.802189432008372, 11.85444934784227, 11.906709263676165, 11.95896917951006, 12.011229095343957, 12.063489011177852, 12.115748927011747, 12.168008842845644, 12.22026875867954, 12.272528674513435, 12.324788590347332, 12.377048506181227, 12.429308422015122, 12.48156833784902, 12.533828253682914, 12.58608816951681, 12.638348085350707, 12.690608001184602, 12.742867917018497, 12.795127832852394, 12.84738774868629, 12.899647664520185, 12.951907580354082, 13.004167496187977, 13.056427412021872, 13.108687327855769, 13.160947243689664, 13.21320715952356, 13.265467075357456, 13.317726991191352, 13.369986907025247, 13.422246822859144, 13.474506738693039, 13.526766654526934, 13.579026570360831, 13.631286486194726, 13.683546402028622, 13.735806317862519, 13.788066233696414, 13.84032614953031, 13.892586065364206, 13.944845981198101, 13.997105897031997, 14.049365812865894, 14.101625728699789, 14.153885644533684, 14.206145560367581]], "PDF": [[0.0005550902527037165, 0.0006335356816055527, 0.0008384208527920848, 0.0012991825278993031, 0.0018623922764798599, 0.002263348843157376, 0.002407883831384588, 0.0024490665701965915, 0.0025422239338989587, 0.002684109937861329, 0.0029965113238857445, 0.0038664551830306444, 0.005565467749523546, 0.007709756560348558, 0.00924248342376747, 0.009566975784895619, 0.00947226545985836, 0.009931062485676148, 0.010811240058648378, 0.011692768727635437, 0.012538433773338645, 0.01324567706196035, 0.01398336084997107, 0.015402482121873649, 0.017302434364392882, 0.01850157789718582, 0.018773404829251838, 0.019339482092540727, 0.02138527365992467, 0.024871555722627607, 0.028556766774343652, 0.03129658605697255, 0.03356318175298952, 0.03689065524141971, 0.04170747960271423, 0.04669524054718554, 0.05025281172446242, 0.0519958825700126, 0.052785446799164255, 0.05387650651828166, 0.05649815946957671, 0.06142891785316881, 0.06841826528810083, 0.07591945578803579, 0.08175707979481261, 0.08586160709923042, 0.09168548851663462, 0.10166660045332418, 0.11299724406499313, 0.12129164168656179, 0.12543889885257978, 0.1268273079738826, 0.1273279516562943, 0.1299846641290834, 0.13819779535184293, 0.15142298102803342, 0.16463321336566922, 0.17407622093006178, 0.1818454559223796, 0.19321664938396774, 0.20947062204489794, 0.22528952112012965, 0.23470654002321256, 0.23831727380000892, 0.24312985130994316, 0.25569691767793723, 0.2769083758597824, 0.30339182709811385, 0.33081790529506827, 0.3557530435946819, 0.37715648722777184, 0.39515486931404037, 0.4096527946585261, 0.42362743205784364, 0.4418701662221486, 0.46440137064253634, 0.4891950443910544, 0.518014524691391, 0.552334932816904, 0.5865708615863199, 0.6092548431545579, 0.613474049423937, 0.6071683954312342, 0.6083054010436157, 0.6257508230931292, 0.6488203648831506, 0.6595690813587887, 0.6490755843111525, 0.6190735632400841, 0.5764922086401026, 0.5275162704805174, 0.4731474091763832, 0.41219216517902935, 0.3449918197794862, 0.27268504080909295, 0.19901838151806578, 0.13207806965153884, 0.07935831898670682, 0.04272326097247314, 0.01990353468694298]]}