{"output": [[9.032413671532886, 9.084673590205972, 9.136933508879059, 9.189193427552144, 9.241453346225232, 9.293713264898317, 9.345973183571404, 9.39823310224449, 9.450493020917575, 9.502752939590662, 9.555012858263748, 9.607272776936835, 9.65953269560992, 9.711792614283008, 9.764052532956093, 9.81631245162918, 9.868572370302266, 9.920832288975351, 9.973092207648438, 10.025352126321524, 10.077612044994611, 10.129871963667696, 10.182131882340784, 10.234391801013869, 10.286651719686954, 10.338911638360042, 10.391171557033127, 10.443431475706214, 10.4956913943793, 10.547951313052387, 10.600211231725472, 10.652471150398558, 10.704731069071645, 10.75699098774473, 10.809250906417818, 10.861510825090903, 10.91377074376399, 10.966030662437076, 11.018290581110161, 11.070550499783248, 11.122810418456334, 11.175070337129421, 11.227330255802507, 11.279590174475594, 11.33185009314868, 11.384110011821765, 11.436369930494852, 11.488629849167939, 11.540889767841024, 11.59314968651411, 11.645409605187197, 11.697669523860283, 11.749929442533368, 11.802189361206455, 11.854449279879542, 11.906709198552628, 11.958969117225713, 12.0112290358988, 12.063488954571886, 12.115748873244971, 12.168008791918059, 12.220268710591146, 12.272528629264231, 12.324788547937317, 12.377048466610404, 12.42930838528349, 12.481568303956575, 12.533828222629662, 12.58608814130275, 12.638348059975835, 12.69060797864892, 12.742867897322007, 12.795127815995093, 12.84738773466818, 12.899647653341265, 12.951907572014353, 13.004167490687438, 13.056427409360523, 13.10868732803361, 13.160947246706698, 13.213207165379782, 13.265467084052869, 13.317727002725956, 13.369986921399041, 13.422246840072127, 13.474506758745214, 13.526766677418301, 13.579026596091385, 13.631286514764472, 13.68354643343756, 13.735806352110645, 13.78806627078373, 13.840326189456817, 13.892586108129905, 13.94484602680299, 13.997105945476076, 14.049365864149163, 14.101625782822248, 14.153885701495334, 14.20614562016842]], "PDF": [[0.0005550901328106254, 0.0006335353314068034, 0.0008384201730368191, 0.0012991816172462612, 0.0018623914010980395, 0.0022633482371592997, 0.0024078834718908823, 0.0024490662951410277, 0.0025422237166354035, 0.0026841094742538593, 0.002996509715379074, 0.0038664516713291285, 0.005565462732919281, 0.0077097520379446, 0.009242481421823554, 0.009566975419054255, 0.009472263935515163, 0.009931059264787434, 0.010811236440670616, 0.01169276493811039, 0.012538429971413448, 0.013245673909934726, 0.013983357232594978, 0.01540247679787261, 0.0173024293845788, 0.01850157543413143, 0.01877340311628483, 0.019339477593701748, 0.021385265002508296, 0.024871545037602225, 0.028556757824866358, 0.03129657990239123, 0.03356317506178185, 0.036890644830380195, 0.04170746688250665, 0.04669522990645972, 0.050252805839494305, 0.051995880376457006, 0.05278544545101011, 0.05387650317919573, 0.05649815191091034, 0.06142890557269593, 0.06841825009371226, 0.07591944188202981, 0.0817570705204845, 0.08586159897240171, 0.09168547445779873, 0.10166658115887797, 0.1129972276073393, 0.12129163258760478, 0.12543889544341924, 0.12682730729461006, 0.12732795049354054, 0.12998465755163885, 0.13819778096051055, 0.15142296346027992, 0.16463319956762554, 0.17407621212319538, 0.18184544679438194, 0.19321663538311354, 0.20947060567218986, 0.22528950899383754, 0.23470653481106912, 0.23831727124569668, 0.24312984504000132, 0.2556969052960416, 0.2769083594816961, 0.3033918100717916, 0.3308178902767983, 0.3557530316687471, 0.3771564780387237, 0.39515486259599714, 0.40965278979239633, 0.42362742737043413, 0.44187016123174216, 0.4644013662806815, 0.489195040997596, 0.5180145223805022, 0.5523349322550756, 0.5865708628109001, 0.6092548445191147, 0.6134740492957618, 0.6071683952824269, 0.6083054047370374, 0.6257508313767759, 0.6488203725843442, 0.6595690818358272, 0.6490755741615559, 0.6190735426826286, 0.5764921800412376, 0.5275162349142827, 0.4731473650423957, 0.41219211154857366, 0.3449917574861244, 0.2726849721070246, 0.19901831278465137, 0.13207801075847453, 0.07935827679578017, 0.04272323553494145, 0.019903521745076678]]}