{"output": [[13.101953635703877, 13.120900824480232, 13.139848013256586, 13.158795202032941, 13.177742390809296, 13.19668957958565, 13.215636768362005, 13.23458395713836, 13.253531145914716, 13.272478334691069, 13.291425523467424, 13.31037271224378, 13.329319901020133, 13.348267089796488, 13.367214278572844, 13.386161467349197, 13.405108656125552, 13.424055844901908, 13.443003033678263, 13.461950222454616, 13.480897411230972, 13.499844600007327, 13.51879178878368, 13.537738977560036, 13.556686166336391, 13.575633355112744, 13.5945805438891, 13.613527732665455, 13.632474921441808, 13.651422110218164, 13.670369298994519, 13.689316487770874, 13.708263676547228, 13.727210865323583, 13.746158054099938, 13.765105242876292, 13.784052431652647, 13.802999620429002, 13.821946809205357, 13.840893997981711, 13.859841186758066, 13.878788375534421, 13.897735564310775, 13.91668275308713, 13.935629941863485, 13.954577130639839, 13.973524319416194, 13.99247150819255, 14.011418696968903, 14.030365885745258, 14.049313074521613, 14.068260263297969, 14.087207452074322, 14.106154640850677, 14.125101829627033, 14.144049018403386, 14.162996207179742, 14.181943395956097, 14.200890584732452, 14.219837773508806, 14.23878496228516, 14.257732151061514, 14.27667933983787, 14.295626528614225, 14.31457371739058, 14.333520906166934, 14.352468094943289, 14.371415283719644, 14.390362472495998, 14.409309661272353, 14.428256850048708, 14.447204038825063, 14.466151227601417, 14.485098416377772, 14.504045605154127, 14.52299279393048, 14.541939982706836, 14.560887171483191, 14.579834360259545, 14.5987815490359, 14.617728737812255, 14.636675926588609, 14.655623115364964, 14.67457030414132, 14.693517492917675, 14.712464681694028, 14.731411870470383, 14.750359059246739, 14.769306248023092, 14.788253436799447, 14.807200625575803, 14.826147814352158, 14.845095003128511, 14.864042191904867, 14.88298938068122, 14.901936569457575, 14.92088375823393, 14.939830947010286, 14.95877813578664, 14.977725324562995]], "PDF": [[0.002967604216356747, 0.004732098243604638, 0.007058738990166456, 0.009907966344148048, 0.013406950318519814, 0.018071174723209866, 0.024550430708379617, 0.032983964554694954, 0.04276602886870885, 0.05318587380304677, 0.06430268620408071, 0.07717996781759515, 0.09342818011031503, 0.11454357854578633, 0.1414172369097627, 0.17417263645358527, 0.21230570327186757, 0.2550034462165146, 0.30157030575570976, 0.35194759538334847, 0.4072271839524122, 0.4694124896212799, 0.5393897334387358, 0.6144939007806641, 0.6894330571521456, 0.7606660533299514, 0.8287450884311822, 0.8956367236830104, 0.9613607086847332, 1.024226423525514, 1.082322358986544, 1.1329323552891946, 1.1722505316747296, 1.198522591980016, 1.2151686657260168, 1.2281512256748133, 1.2394889713575852, 1.2454234649638596, 1.241986014199037, 1.2303444191452835, 1.2154110706917551, 1.2013685280401383, 1.1903561265370766, 1.1830920198413075, 1.1770844088601597, 1.1647977479163214, 1.1377188500063053, 1.0942723242047527, 1.042258055256935, 0.9925644081763776, 0.9515588018598131, 0.9196247543162348, 0.8947097348334834, 0.8750608169830439, 0.8588196030693739, 0.8431950765724106, 0.8257440293638804, 0.8063271024047677, 0.7869948385309653, 0.7697936697059031, 0.7548423355623168, 0.74035841737527, 0.723994696779588, 0.7036824603706074, 0.6777223072054332, 0.6456084239572125, 0.6095870046114489, 0.5745358540345502, 0.5449682704893989, 0.5216218046091047, 0.5011545979872901, 0.47914305356885467, 0.4529455610734295, 0.42209118707271437, 0.38773511533563176, 0.3528971134288932, 0.3218589128209245, 0.2971629228665398, 0.27695171036327276, 0.25637677823682836, 0.2319029967008391, 0.20375782317934646, 0.17454151648315966, 0.14657868840970434, 0.12099849432910421, 0.09852439898451623, 0.08003391749690114, 0.06602072857392231, 0.05597568438722375, 0.048639451251845954, 0.04266280539173462, 0.03695410181263754, 0.030860294468977208, 0.024425694633203678, 0.01836599668591311, 0.01349674178600318, 0.01008016331837135, 0.007720876099234657, 0.00582388587445803, 0.004075725269826733]]}