{"output": [[9.032413704841282, 9.084673622960869, 9.136933541080454, 9.189193459200041, 9.241453377319626, 9.293713295439213, 9.345973213558798, 9.398233131678385, 9.45049304979797, 9.502752967917557, 9.555012886037144, 9.607272804156729, 9.659532722276316, 9.7117926403959, 9.764052558515488, 9.816312476635073, 9.86857239475466, 9.920832312874245, 9.973092230993831, 10.025352149113417, 10.077612067233003, 10.12987198535259, 10.182131903472175, 10.234391821591762, 10.286651739711347, 10.338911657830934, 10.39117157595052, 10.443431494070106, 10.495691412189691, 10.547951330309278, 10.600211248428863, 10.65247116654845, 10.704731084668037, 10.756991002787622, 10.809250920907209, 10.861510839026794, 10.91377075714638, 10.966030675265966, 11.018290593385553, 11.070550511505138, 11.122810429624725, 11.17507034774431, 11.227330265863896, 11.279590183983483, 11.331850102103068, 11.384110020222654, 11.43636993834224, 11.488629856461827, 11.540889774581412, 11.593149692701, 11.645409610820584, 11.697669528940171, 11.749929447059756, 11.802189365179343, 11.85444928329893, 11.906709201418515, 11.9589691195381, 12.011229037657687, 12.063488955777274, 12.115748873896859, 12.168008792016446, 12.22026871013603, 12.272528628255618, 12.324788546375203, 12.37704846449479, 12.429308382614376, 12.481568300733962, 12.533828218853548, 12.586088136973133, 12.63834805509272, 12.690607973212305, 12.742867891331892, 12.795127809451479, 12.847387727571064, 12.89964764569065, 12.951907563810236, 13.004167481929823, 13.056427400049408, 13.108687318168993, 13.16094723628858, 13.213207154408167, 13.265467072527752, 13.317726990647339, 13.369986908766926, 13.42224682688651, 13.474506745006096, 13.526766663125683, 13.57902658124527, 13.631286499364855, 13.68354641748444, 13.735806335604027, 13.788066253723613, 13.840326171843198, 13.892586089962785, 13.944846008082372, 13.997105926201957, 14.049365844321542, 14.10162576244113, 14.153885680560716, 14.206145598680301]], "PDF": [[0.0005550901468753239, 0.0006335353733794304, 0.0008384202567921303, 0.0012991817374453658, 0.0018623915342589198, 0.002263348358314358, 0.0024078835931080843, 0.0024490664546866978, 0.002542223905939517, 0.0026841096736158867, 0.0029965100112456515, 0.0038664522382606415, 0.005565463629822684, 0.007709752982745068, 0.009242481968329145, 0.009566975559440187, 0.009472264107455042, 0.009931059647527532, 0.01081123688770462, 0.0116927653964468, 0.01253843039600669, 0.013245674248216188, 0.013983357726738295, 0.01540247762780383, 0.01730243014375677, 0.01850157572213984, 0.018773403207473623, 0.019339478047153625, 0.02138526604244351, 0.024871546372844576, 0.02855675892240494, 0.03129658060143042, 0.03356317577985009, 0.03689064593540102, 0.04170746820044362, 0.04669523099465825, 0.050252806472481364, 0.05199588068363968, 0.05278544570246004, 0.053876503627020185, 0.056498152735969295, 0.06142890679110573, 0.06841825149722192, 0.07591944304396117, 0.08175707122873424, 0.08586159971978899, 0.0916854758195727, 0.10166658277828011, 0.1129972286654518, 0.12129163297060175, 0.12543889563147298, 0.1268273075104998, 0.12732795070841016, 0.12998465798415865, 0.13819778181736622, 0.1514229644421952, 0.16463320016464256, 0.1740762122651053, 0.18184544685873041, 0.19321663558571198, 0.20947060585884403, 0.22528950899482003, 0.23470653459199925, 0.2383172707517743, 0.24312984415335362, 0.25569690392422273, 0.2769083575682228, 0.3033918076143679, 0.33081788742685203, 0.35575302858522534, 0.3771564747445572, 0.39515485928631394, 0.4096527865153593, 0.42362742333182224, 0.4418701558481368, 0.4644013599789067, 0.48919503385563023, 0.5180145139167441, 0.5523349231328457, 0.5865708555103903, 0.60925484184822, 0.6134740516155036, 0.6071683991197564, 0.6083054056788655, 0.6257508290758368, 0.6488203711978104, 0.6595690852994175, 0.6490755833848394, 0.6190735563679953, 0.5764921960852628, 0.5275162523251014, 0.4731473844861455, 0.4121921336330203, 0.344991782225299, 0.2726849989971876, 0.19901833962481125, 0.1320780338895791, 0.07935829359900069, 0.04272324585083278, 0.019903527049934252]]}