{"S_min_Ks": [[0.46563962344273235]], "S_min_Q": [[0.4191778302262982]], "S_Ks": [[0.49620929381757056]], "S_Q": [[0.448762188534505]], "S_max_Ks": [[0.51863196378237]], "S_max_Q": [[0.4741022624525873]], "S_T_min_Ks": [[0.5319584214973274]], "S_T_min_Q": [[0.4757194458151017]], "S_T_Ks": [[0.5675312775909198]], "S_T_Q": [[0.5113335568379499]], "S_T_max_Ks": [[0.6043854492758842]], "S_T_max_Q": [[0.5417557452131906]]}