{"S_Ks": [[0.5377933701646483]], "S_Q": [[0.41816428008805073]], "S_T_Ks": [[0.5794063940116392]], "S_T_Q": [[0.446282214877093]]}