{"S_Ks": [[0.49620929381757056]], "S_Q": [[0.448762188534505]], "S_T_Ks": [[0.5675312775909198]], "S_T_Q": [[0.5113335568379499]]}