{"S_Ks": [[0.4962092943727943]], "S_Q": [[0.44876218762117254]], "S_T_Ks": [[0.5675312785434565]], "S_T_Q": [[0.5113335561551993]]}