{"S_min_Ks": [[0.7771978042452342]], "S_min_Q": [[0.1990999442407074]], "S_Ks": [[0.8107347439734245]], "S_Q": [[0.2152369940586354]], "S_max_Ks": [[0.839491008850812]], "S_max_Q": [[0.22876689792990368]], "S_T_min_Ks": [[0.7764712975285193]], "S_T_min_Q": [[0.1796257123154095]], "S_T_Ks": [[0.806253138110282]], "S_T_Q": [[0.2084829452769633]], "S_T_max_Ks": [[0.8418398841168085]], "S_T_max_Q": [[0.23553528930892254]]}