{"S_Ks": [[0.4962092960467028]], "S_Q": [[0.4487621863344836]], "S_T_Ks": [[0.5675312798703372]], "S_T_Q": [[0.5113335545756823]]}