{"S_Ks": [[0.8107347439734245]], "S_Q": [[0.2152369940586354]], "S_T_Ks": [[0.806253138110282]], "S_T_Q": [[0.2084829452769633]]}