{"S_min_Ks": [[0.4656396260565765]], "S_min_Q": [[0.4191778286149268]], "S_Ks": [[0.4962092960467028]], "S_Q": [[0.4487621863344836]], "S_max_Ks": [[0.5186319656980629]], "S_max_Q": [[0.4741022601355386]], "S_T_min_Ks": [[0.5319584252255384]], "S_T_min_Q": [[0.47571944394291465]], "S_T_Ks": [[0.5675312798703372]], "S_T_Q": [[0.5113335545756823]], "S_T_max_Ks": [[0.6043854515983167]], "S_T_max_Q": [[0.5417557425301786]]}