{"S_min_Ks": [[0.4656396239676941]], "S_min_Q": [[0.41917782945391424]], "S_Ks": [[0.4962092943727943]], "S_Q": [[0.44876218762117254]], "S_max_Ks": [[0.5186319644070465]], "S_max_Q": [[0.4741022614881685]], "S_T_min_Ks": [[0.5319584224056343]], "S_T_min_Q": [[0.47571944513690967]], "S_T_Ks": [[0.5675312785434565]], "S_T_Q": [[0.5113335561551993]], "S_T_max_Ks": [[0.6043854501458344]], "S_T_max_Q": [[0.5417557444848178]]}