{"S_min_Ks": [[0.5122829908320957]], "S_min_Q": [[0.38279392941299817]], "S_Ks": [[0.5377933701646483]], "S_Q": [[0.41816428008805073]], "S_max_Ks": [[0.5643529821265806]], "S_max_Q": [[0.4518893274681372]], "S_T_min_Ks": [[0.5214686486724378]], "S_T_min_Q": [[0.41085252485861146]], "S_T_Ks": [[0.5794063940116392]], "S_T_Q": [[0.446282214877093]], "S_T_max_Ks": [[0.6209284489737629]], "S_T_max_Q": [[0.47496248144382464]]}