{"Min": [[6.996133981374934]], "SD_min": [[8.871654254249552]], "Mean": [[10.203443992341388]], "SD_max": [[11.535233730433223]], "Max": [[13.416286805393277]]}