{"Min": [[-9.527884867024428]], "SD_min": [[-0.8698161367784447]], "Mean": [[4.043262930182355]], "SD_max": [[8.956341997143154]], "Max": [[17.805320295364133]]}