{"output": [[6.996133981374934, 7.060984009900372, 7.125834038425809, 7.190684066951247, 7.255534095476685, 7.320384124002123, 7.385234152527561, 7.450084181052999, 7.514934209578437, 7.5797842381038745, 7.6446342666293114, 7.709484295154749, 7.774334323680187, 7.839184352205625, 7.904034380731063, 7.968884409256501, 8.033734437781938, 8.098584466307376, 8.163434494832813, 8.228284523358251, 8.29313455188369, 8.357984580409127, 8.422834608934565, 8.487684637460003, 8.55253466598544, 8.617384694510879, 8.682234723036316, 8.747084751561754, 8.811934780087192, 8.87678480861263, 8.941634837138068, 9.006484865663506, 9.071334894188944, 9.136184922714381, 9.20103495123982, 9.265884979765257, 9.330735008290695, 9.395585036816133, 9.46043506534157, 9.525285093867009, 9.590135122392446, 9.654985150917884, 9.719835179443322, 9.78468520796876, 9.849535236494198, 9.914385265019636, 9.979235293545074, 10.044085322070512, 10.10893535059595, 10.173785379121387, 10.238635407646825, 10.303485436172263, 10.3683354646977, 10.433185493223137, 10.498035521748575, 10.562885550274013, 10.62773557879945, 10.692585607324888, 10.757435635850326, 10.822285664375764, 10.887135692901202, 10.95198572142664, 11.016835749952078, 11.081685778477516, 11.146535807002953, 11.211385835528391, 11.27623586405383, 11.341085892579267, 11.405935921104705, 11.470785949630143, 11.53563597815558, 11.600486006681018, 11.665336035206456, 11.730186063731892, 11.79503609225733, 11.859886120782768, 11.924736149308206, 11.989586177833644, 12.054436206359082, 12.11928623488452, 12.184136263409957, 12.248986291935395, 12.313836320460833, 12.378686348986271, 12.443536377511709, 12.508386406037147, 12.573236434562585, 12.638086463088023, 12.70293649161346, 12.767786520138898, 12.832636548664336, 12.897486577189774, 12.962336605715212, 13.02718663424065, 13.092036662766088, 13.156886691291525, 13.221736719816963, 13.286586748342401, 13.351436776867839, 13.416286805393277]], "PDF": [[0.0069562297253316025, 0.011354731783342734, 0.01713626746476223, 0.024242436666105146, 0.032283825363160504, 0.040470666055585566, 0.04777709794817544, 0.05332692566055848, 0.05690181981260073, 0.05928441687976829, 0.061992427551077305, 0.0663281972927756, 0.07250219797220356, 0.07975701050203385, 0.08730837440544965, 0.09496290664675323, 0.10288393966064081, 0.11111055859989619, 0.1194267072160555, 0.12745370481905002, 0.13469914655939122, 0.14065876159223784, 0.14510124997330903, 0.14830850671982604, 0.15098209264911971, 0.15398110154546518, 0.1581493398977924, 0.16398629997342165, 0.1711359481808614, 0.1785088429389834, 0.1852977249401665, 0.19165428650617447, 0.19812699746399248, 0.2047747596006727, 0.21113838237724747, 0.216813570331742, 0.22179946562459302, 0.22654440408324097, 0.23185764025019456, 0.23841950024694084, 0.24600313795025328, 0.25337970933316867, 0.259346517575245, 0.26386059033561765, 0.2681106571700827, 0.27357420837443813, 0.2809537048780104, 0.2896579366528878, 0.29788951105736344, 0.3033049070919071, 0.30421764852468947, 0.3006299066418612, 0.29410336792134767, 0.2866029946931372, 0.27946112197051387, 0.27318816778053306, 0.2678322510637625, 0.263189155467327, 0.25868993782103195, 0.2535036114924392, 0.247160968726056, 0.24007854357964586, 0.23322286242167067, 0.227147734482496, 0.22143910948444656, 0.21516269704914992, 0.2078147692771142, 0.19982011121020313, 0.19211500493027014, 0.1852165114375514, 0.17876536381228716, 0.17212552560603733, 0.16529088330395092, 0.15882059815126573, 0.1529369921309813, 0.14724948995778142, 0.1415301167832791, 0.136224034947659, 0.13179920747929363, 0.12783302280087355, 0.12314776174652729, 0.11691690549354844, 0.10947950452929142, 0.10202934703043261, 0.09557960925040755, 0.09019293769435459, 0.08509012516960704, 0.07942416173805462, 0.07294345024254875, 0.06600743145345968, 0.059142602605827065, 0.052654741390206386, 0.046546465123154905, 0.04065146956181143, 0.0347953402342156, 0.028873701460459197, 0.022884416253386053, 0.016992616088661892, 0.01157171727559576, 0.007083185979376152]]}