{"output": [[-9.527884867024428, -9.25179188558616, -8.97569890414789, -8.699605922709623, -8.423512941271355, -8.147419959833087, -7.871326978394817, -7.59523399695655, -7.319141015518282, -7.043048034080013, -6.766955052641745, -6.490862071203477, -6.214769089765208, -5.9386761083269395, -5.662583126888672, -5.386490145450404, -5.110397164012135, -4.834304182573867, -4.558211201135599, -4.28211821969733, -4.006025238259062, -3.7299322568207938, -3.453839275382526, -3.1777462939442573, -2.9016533125059887, -2.625560331067721, -2.3494673496294523, -2.0733743681911845, -1.7972813867529158, -1.521188405314648, -1.2450954238763803, -0.9690024424381107, -0.692909460999843, -0.4168164795615752, -0.14072349812330565, 0.13536948331496212, 0.4114624647532299, 0.6875554461914977, 0.9636484276297672, 1.239741409068035, 1.5158343905063028, 1.7919273719445723, 2.06802035338284, 2.344113334821108, 2.6202063162593756, 2.896299297697645, 3.172392279135913, 3.4484852605741807, 3.7245782420124502, 4.000671223450718, 4.276764204888986, 4.552857186327254, 4.828950167765523, 5.105043149203791, 5.381136130642059, 5.657229112080326, 5.933322093518596, 6.209415074956864, 6.4855080563951315, 6.761601037833399, 7.037694019271667, 7.313787000709938, 7.589879982148206, 7.865972963586474, 8.142065945024742, 8.41815892646301, 8.694251907901277, 8.970344889339545, 9.246437870777816, 9.522530852216084, 9.798623833654352, 10.07471681509262, 10.350809796530887, 10.626902777969155, 10.902995759407423, 11.179088740845694, 11.455181722283962, 11.73127470372223, 12.007367685160498, 12.283460666598765, 12.559553648037033, 12.8356466294753, 13.111739610913572, 13.38783259235184, 13.663925573790108, 13.940018555228376, 14.216111536666643, 14.492204518104911, 14.768297499543179, 15.04439048098145, 15.320483462419718, 15.596576443857986, 15.872669425296253, 16.14876240673452, 16.424855388172787, 16.700948369611055, 16.97704135104933, 17.253134332487598, 17.529227313925865, 17.805320295364133]], "PDF": [[0.0004991550367592481, 0.0008789677576851515, 0.001377825248733686, 0.00199309780028638, 0.002737368058567013, 0.0036284193117807114, 0.004698007444330426, 0.0060284246223379495, 0.007753366311909615, 0.009981388758622053, 0.012692644057717153, 0.0156621940359328, 0.01844625432480313, 0.020563041966547593, 0.02186456226423111, 0.022657753162541202, 0.023313624973359176, 0.02390747686172079, 0.024368282150298525, 0.02476525555043511, 0.02528692555500349, 0.026033023941707215, 0.02692755139451193, 0.02783996572267539, 0.028739550459156972, 0.02973824115804258, 0.031055606818482028, 0.03292656375153371, 0.035410116584594656, 0.038170514647920366, 0.040550179388250535, 0.042120163591790535, 0.04315518293564615, 0.044265658102099294, 0.045567658111558634, 0.04669091347942404, 0.04783509650201814, 0.0503953154541108, 0.05585814666360544, 0.06381337518535711, 0.07160409843764566, 0.07648679576878388, 0.07790007273532872, 0.07747823677351562, 0.07725911919735841, 0.07796693535959302, 0.07867344902410164, 0.07792893449365694, 0.07527933817175449, 0.07166817356057414, 0.0683879531745865, 0.06599113763930492, 0.0643479969583157, 0.06324044986449634, 0.062514269491936, 0.06198792430496912, 0.06164378646496991, 0.06177747054746465, 0.06264176171257015, 0.06412375113085235, 0.06607354642156384, 0.06865050429409152, 0.07206444231177127, 0.07635978652814736, 0.08157211930732948, 0.08749401234209717, 0.09279606631053586, 0.09460164238641265, 0.09002020050881909, 0.07893854044755173, 0.06461174189743012, 0.05078870946815274, 0.03900674766564628, 0.029127836997767158, 0.021198446392331448, 0.0156851932854617, 0.012579951830442268, 0.011202381736379712, 0.010733798729875746, 0.010596561644030184, 0.010486597325276152, 0.010300567737529612, 0.010065481206173505, 0.009858569933721016, 0.009713434367881467, 0.009588044741332315, 0.009413577455984732, 0.009117272859184537, 0.008641299449545914, 0.008006061480061624, 0.007225617427253797, 0.006136597473747947, 0.0045879379268964045, 0.0028249192989214826, 0.0013687246291992207, 0.0005127684146570618, 0.00016089154566369882, 7.263368367889813e-05, 7.390082063881017e-05, 8.171951426305485e-05]]}