{"S_min_Ks": [[0.0971688432911447]], "S_min_Q": [[0.07183465658346153]], "S_Ks": [[0.12650435251984288]], "S_Q": [[0.09699577775100383]], "S_max_Ks": [[0.15153422520059692]], "S_max_Q": [[0.11601691916625392]], "S_T_min_Ks": [[0.858199534686411]], "S_T_min_Q": [[0.8479241574978946]], "S_T_Ks": [[0.8904213551866589]], "S_T_Q": [[0.8835063409903724]], "S_T_max_Ks": [[0.9162645403050296]], "S_T_max_Q": [[0.9182260736479214]]}