{"S_Ks": [[0.5326183028196942]], "S_Q": [[0.5289819320019661]], "S_T_Ks": [[0.50636892464889]], "S_T_Q": [[0.5073116333044562]]}