{"S_Ks": [[0.12650435251984288]], "S_Q": [[0.09699577775100383]], "S_T_Ks": [[0.8904213551866589]], "S_T_Q": [[0.8835063409903724]]}