{"S_min_Ks": [[0.5104553099354399]], "S_min_Q": [[0.502490926248055]], "S_Ks": [[0.5326183028196942]], "S_Q": [[0.5289819320019661]], "S_max_Ks": [[0.5574979710628337]], "S_max_Q": [[0.5531111917517599]], "S_T_min_Ks": [[0.4788253565810989]], "S_T_min_Q": [[0.4772900237881992]], "S_T_Ks": [[0.50636892464889]], "S_T_Q": [[0.5073116333044562]], "S_T_max_Ks": [[0.5412861326693406]], "S_T_max_Q": [[0.5310614121573582]]}