{"x": [[8000.0, 16000.0, 24000.0, 32000.0, 8000.0, 16000.0, 24000.0, 32000.0, 8000.0, 16000.0, 24000.0, 32000.0, 8000.0, 16000.0, 24000.0, 32000.0]], "y": [[8000.0, 8000.0, 8000.0, 8000.0, 16000.0, 16000.0, 16000.0, 16000.0, 24000.0, 24000.0, 24000.0, 24000.0, 32000.0, 32000.0, 32000.0, 32000.0]], "Correlation-YY": [[1.0, 0.9653677385783769, -0.5824725904021703, -0.5321536443007489, 0.9653677385783769, 1.0, -0.7637982075070145, -0.7294568008314783, -0.5824725904021703, -0.7637982075070145, 1.0, 0.9915163454721255, -0.5321536443007489, -0.7294568008314783, 0.9915163454721255, 1.0]], "Covariance": [[5.601275352485416, 6.5138377871868425, -1.4952272797341508, -0.3034471524716137, 6.5138377871868425, 8.128331243355843, -2.361933080440086, -0.5010751197155708, -1.4952272797341508, -2.361933080440086, 1.17645823584438, 0.25911389326677936, -0.3034471524716137, -0.5010751197155708, 0.25911389326677936, 0.05805038828895152]]}