{"x": [[8000.0, 16000.0, 24000.0, 32000.0]], "Min": [[-0.07846919261857987, -1.0226879929635375, -9.805721440515146, -9.972697637011658]], "SD_min": [[1.1941804837295442, 0.10445536854297943, -9.831005380576876, -10.018113856065632]], "Mean": [[3.402519367001835, 2.8468401149653357, -8.63662318949804, -9.74504715877937]], "SD_max": [[5.610858250274125, 5.589224861387692, -7.442240998419206, -9.471980461493107]], "Max": [[10.224955075764388, 10.215300185964853, -5.016013822826455, -8.74215221004584]]}