{"x": [[8000.0], [16000.0], [24000.0], [32000.0]], "S_Ks": [[0.5038760463777651], [0.6277698680445564], [0.9920013949203849], [1.0483256485558194]], "S_Q": [[0.11215252405244937], [0.05710605608456639], [0.03791670176411259], [0.035994866475159794]], "S_T_Ks": [[0.8107845434993515], [0.8783715591757066], [0.9467648410473513], [0.9451108853091624]], "S_T_Q": [[0.4464204395956965], [0.34009340410889094], [0.04025036426365862], [0.04487935735956804]]}