{"S_min_Ks": [[0.5070227281386119]], "S_min_Q": [[0.037846077133790595]], "S_Ks": [[0.602833330724803]], "S_Q": [[0.07758744312409255]], "S_max_Ks": [[0.6978710378656654]], "S_max_Q": [[0.11498869869945379]], "S_T_min_Ks": [[0.6924563013657499]], "S_T_min_Q": [[0.2660037362091903]], "S_T_Ks": [[0.8561456021844476]], "S_T_Q": [[0.3624860885892829]], "S_T_max_Ks": [[0.9914655785737461]], "S_T_max_Q": [[0.4485194333561671]]}