{"Min": [[7.57459298343297]], "SD_min": [[11.425883728529932]], "Mean": [[12.978022865932362]], "SD_max": [[14.530162003334791]], "Max": [[14.965047661982274]]}