{"output": [[7.57459298343297, 7.649244040792054, 7.723895098151138, 7.798546155510222, 7.8731972128693055, 7.9478482702283895, 8.022499327587473, 8.097150384946557, 8.171801442305641, 8.246452499664725, 8.32110355702381, 8.395754614382893, 8.470405671741975, 8.54505672910106, 8.619707786460143, 8.694358843819227, 8.769009901178311, 8.843660958537395, 8.918312015896479, 8.992963073255563, 9.067614130614647, 9.142265187973731, 9.216916245332815, 9.291567302691899, 9.366218360050983, 9.440869417410067, 9.51552047476915, 9.590171532128235, 9.664822589487319, 9.739473646846402, 9.814124704205486, 9.88877576156457, 9.963426818923654, 10.038077876282738, 10.112728933641822, 10.187379991000906, 10.26203104835999, 10.336682105719074, 10.411333163078158, 10.485984220437242, 10.560635277796326, 10.63528633515541, 10.709937392514492, 10.784588449873576, 10.85923950723266, 10.933890564591744, 11.008541621950828, 11.083192679309912, 11.157843736668996, 11.23249479402808, 11.307145851387164, 11.381796908746248, 11.456447966105332, 11.531099023464416, 11.6057500808235, 11.680401138182583, 11.755052195541667, 11.829703252900751, 11.904354310259833, 11.979005367618917, 12.053656424978001, 12.128307482337085, 12.20295853969617, 12.277609597055253, 12.352260654414337, 12.426911711773421, 12.501562769132505, 12.576213826491589, 12.650864883850673, 12.725515941209757, 12.80016699856884, 12.874818055927925, 12.949469113287009, 13.024120170646093, 13.098771228005177, 13.17342228536426, 13.248073342723345, 13.322724400082429, 13.397375457441512, 13.472026514800596, 13.54667757215968, 13.621328629518764, 13.695979686877848, 13.770630744236932, 13.845281801596016, 13.9199328589551, 13.994583916314184, 14.069234973673268, 14.143886031032352, 14.218537088391436, 14.29318814575052, 14.367839203109604, 14.442490260468688, 14.517141317827772, 14.591792375186856, 14.66644343254594, 14.741094489905022, 14.815745547264106, 14.89039660462319, 14.965047661982274]], "PDF": [[0.002544361385282032, 0.0038375396179514323, 0.005632158530106175, 0.008073212997094894, 0.011065670626192544, 0.014219468134953553, 0.017035460744236734, 0.019171737358902513, 0.020627936735347407, 0.021782193534099586, 0.023205507417556226, 0.025259329639769686, 0.02774868101517653, 0.030002982972829544, 0.031433859963138654, 0.03211364132616854, 0.03277260615672565, 0.03415047547238525, 0.036364343396741855, 0.0389304529897995, 0.04127695381766059, 0.04308614259253697, 0.044225092967483906, 0.04463055318305388, 0.04442165690863208, 0.04401907187430423, 0.04396840320600891, 0.044555893812782923, 0.04561357345752512, 0.04675645541565396, 0.04781474071212148, 0.04899080477204828, 0.050607037724737174, 0.05277658641859869, 0.055329705196120314, 0.057956494525474654, 0.0603406154316135, 0.06222686321858426, 0.06350645050069957, 0.06426562514691331, 0.06464231448508514, 0.064613193450822, 0.06408670460660994, 0.06329462371215179, 0.06289911952180445, 0.06348965065460234, 0.06502366843686237, 0.06691463565826476, 0.0685981137404308, 0.06985416537678207, 0.07069959248272008, 0.07126778086278719, 0.07184494900642516, 0.07279083697039562, 0.07426729207739996, 0.07609909939006149, 0.07793666234631919, 0.07947582868572613, 0.080591004571123, 0.08152289773718417, 0.0829696820828679, 0.08568621037961213, 0.0897944126549703, 0.09457456567944864, 0.09906626682341824, 0.1029418129520547, 0.10688052744022397, 0.1121903654665362, 0.11999876087741444, 0.1305426956471167, 0.14307992616567095, 0.15664774505261858, 0.17114316201824673, 0.18772757497498077, 0.2082352278512393, 0.2343143210731324, 0.2669827277819587, 0.30642941796588824, 0.351750392350093, 0.40094324965152484, 0.45150351741942363, 0.5010681787611186, 0.547078644833707, 0.585379233006138, 0.609373047600943, 0.6117497742238498, 0.5885448579458177, 0.5424186341085424, 0.48205211874333487, 0.41779338993178416, 0.35694270666045114, 0.30211540135050347, 0.2530068579600111, 0.20899447681777003, 0.17016852926181686, 0.1366427274577484, 0.10765586367962106, 0.08180264631291939, 0.05826277212759352, 0.03764465384049685]]}