{"S_Ks": [[0.11450744502903422]], "S_Q": [[0.829183128913768]], "S_T_Ks": [[0.16209792912489512]], "S_T_Q": [[0.8863983178980714]]}