{"S_min_Ks": [[0.10424860917706712]], "S_min_Q": [[0.7837967695500706]], "S_Ks": [[0.11450744502903422]], "S_Q": [[0.829183128913768]], "S_max_Ks": [[0.1249983819966896]], "S_max_Q": [[0.8680285966537227]], "S_T_min_Ks": [[0.13522501543078802]], "S_T_min_Q": [[0.8471033177729187]], "S_T_Ks": [[0.16209792912489512]], "S_T_Q": [[0.8863983178980714]], "S_T_max_Ks": [[0.19502538283205642]], "S_T_max_Q": [[0.9223398168036193]]}