{"Min": [[10.134283264445834]], "SD_min": [[11.833847903637029]], "Mean": [[12.500488747592843]], "SD_max": [[13.167129591548658]], "Max": [[14.649629106564056]]}