{"Min": [[9.800729294466077]], "SD_min": [[12.349302279986095]], "Mean": [[13.392104750875806]], "SD_max": [[14.434907221765517]], "Max": [[16.917145356138473]]}