{"Min": [[8.924864692108962]], "SD_min": [[13.285194471244953]], "Mean": [[14.887422990474613]], "SD_max": [[16.489651509704274]], "Max": [[18.68767527714629]]}