{"Min": [[10.13428326206887]], "SD_min": [[11.833847904254393]], "Mean": [[12.500488747998176]], "SD_max": [[13.16712959174196]], "Max": [[14.649629120317435]]}