{"Min": [[10.1342832505483]], "SD_min": [[11.833847907218145]], "Mean": [[12.500488749946363]], "SD_max": [[13.167129592674582]], "Max": [[14.649629186377219]]}