{"output": [[8.924864692108962, 9.023478940442672, 9.122093188776383, 9.220707437110093, 9.319321685443803, 9.417935933777514, 9.516550182111224, 9.615164430444935, 9.713778678778645, 9.812392927112356, 9.911007175446066, 10.009621423779777, 10.108235672113487, 10.206849920447198, 10.305464168780908, 10.404078417114617, 10.502692665448327, 10.601306913782038, 10.699921162115748, 10.798535410449459, 10.897149658783169, 10.99576390711688, 11.09437815545059, 11.1929924037843, 11.291606652118011, 11.390220900451721, 11.488835148785432, 11.587449397119142, 11.686063645452853, 11.784677893786563, 11.883292142120274, 11.981906390453984, 12.080520638787695, 12.179134887121405, 12.277749135455116, 12.376363383788826, 12.474977632122535, 12.573591880456245, 12.672206128789956, 12.770820377123666, 12.869434625457377, 12.968048873791087, 13.066663122124798, 13.165277370458508, 13.263891618792218, 13.362505867125929, 13.46112011545964, 13.55973436379335, 13.65834861212706, 13.75696286046077, 13.855577108794481, 13.954191357128192, 14.052805605461902, 14.151419853795613, 14.250034102129323, 14.348648350463034, 14.447262598796744, 14.545876847130454, 14.644491095464165, 14.743105343797875, 14.841719592131586, 14.940333840465296, 15.038948088799007, 15.137562337132717, 15.236176585466428, 15.334790833800138, 15.433405082133849, 15.53201933046756, 15.63063357880127, 15.72924782713498, 15.82786207546869, 15.9264763238024, 16.025090572136108, 16.12370482046982, 16.22231906880353, 16.32093331713724, 16.41954756547095, 16.51816181380466, 16.61677606213837, 16.71539031047208, 16.81400455880579, 16.912618807139502, 17.011233055473213, 17.109847303806923, 17.208461552140633, 17.307075800474344, 17.405690048808054, 17.504304297141765, 17.602918545475475, 17.701532793809186, 17.800147042142896, 17.898761290476607, 17.997375538810317, 18.095989787144028, 18.194604035477738, 18.29321828381145, 18.39183253214516, 18.49044678047887, 18.58906102881258, 18.68767527714629]], "PDF": [[0.0005025333208493211, 0.0006988179759995746, 0.000951501217640088, 0.0012948750708573333, 0.0017441423918735533, 0.0022779664606518515, 0.0028466624333553614, 0.0034078852095846186, 0.003975503890203906, 0.004636204129481636, 0.0054984617928873014, 0.00661442211358857, 0.007949089529054454, 0.009409181715624711, 0.010899761661911644, 0.012391797031350555, 0.0139585917743311, 0.015714051402737052, 0.017696001723261762, 0.0198451989527879, 0.022101908419511776, 0.024460291444128843, 0.02691774296405794, 0.029453283017546735, 0.032086644928609485, 0.034877718697741346, 0.03782241193568874, 0.040817363486538735, 0.04377447267551913, 0.04671345528451931, 0.04970480503294607, 0.05278181941267808, 0.05595156735749675, 0.05924848602230223, 0.06273421942659527, 0.06645759620271634, 0.07043882024177506, 0.07469709351260481, 0.07928689320662083, 0.08429799702702545, 0.08981276821260122, 0.09587684037844157, 0.10256599551209436, 0.11012600477880788, 0.11898681441159559, 0.12950173733310225, 0.1415770694981235, 0.15452244843481938, 0.16725392813413378, 0.1787127944868659, 0.18825996491080924, 0.19582993291955597, 0.20176194674163916, 0.20644496855596228, 0.21004853592219588, 0.21251417465111702, 0.21373792018541915, 0.21376145642398597, 0.2128921143217487, 0.2117468464394678, 0.21114276392081824, 0.2117685127131112, 0.21382500003011612, 0.21700942371124804, 0.220918140328532, 0.22544596537710246, 0.23078348399756426, 0.2370920350315503, 0.24414854730641156, 0.25111910267347975, 0.25658157039495577, 0.25893385220135023, 0.2570813891979402, 0.25095682836851896, 0.24145488190958253, 0.22984260350298458, 0.21714847863255823, 0.2039537186912729, 0.19050927492638012, 0.17681378247010984, 0.16258123595584814, 0.1474200244413904, 0.1313151497803955, 0.11491478588472889, 0.0991904190225508, 0.08481223791937224, 0.07191155909632972, 0.060349673642244736, 0.050053826001198225, 0.0410749121619476, 0.03342715490762002, 0.02696417922883527, 0.02143742312598696, 0.016653794785159475, 0.012548407899034789, 0.009124703819569315, 0.006375030740128689, 0.004258320855059232, 0.0027048750684371204, 0.001620744569174921]]}