{"output": [[10.13428326206887, 10.179892816192593, 10.225502370316315, 10.271111924440039, 10.31672147856376, 10.362331032687484, 10.407940586811208, 10.45355014093493, 10.499159695058653, 10.544769249182375, 10.590378803306098, 10.635988357429822, 10.681597911553544, 10.727207465677267, 10.77281701980099, 10.818426573924713, 10.864036128048436, 10.909645682172158, 10.955255236295882, 11.000864790419605, 11.046474344543327, 11.09208389866705, 11.137693452790772, 11.183303006914496, 11.228912561038218, 11.274522115161941, 11.320131669285665, 11.365741223409387, 11.41135077753311, 11.456960331656834, 11.502569885780556, 11.54817943990428, 11.593788994028001, 11.639398548151725, 11.685008102275448, 11.73061765639917, 11.776227210522894, 11.821836764646616, 11.86744631877034, 11.913055872894063, 11.958665427017785, 12.004274981141508, 12.04988453526523, 12.095494089388954, 12.141103643512677, 12.186713197636399, 12.232322751760123, 12.277932305883844, 12.323541860007568, 12.369151414131291, 12.414760968255013, 12.460370522378737, 12.50598007650246, 12.551589630626182, 12.597199184749906, 12.642808738873628, 12.688418292997351, 12.734027847121073, 12.779637401244797, 12.82524695536852, 12.870856509492242, 12.916466063615966, 12.96207561773969, 13.007685171863411, 13.053294725987135, 13.098904280110856, 13.14451383423458, 13.190123388358302, 13.235732942482025, 13.281342496605749, 13.32695205072947, 13.372561604853194, 13.418171158976918, 13.46378071310064, 13.509390267224363, 13.554999821348087, 13.600609375471809, 13.64621892959553, 13.691828483719254, 13.737438037842978, 13.7830475919667, 13.828657146090423, 13.874266700214147, 13.919876254337868, 13.965485808461592, 14.011095362585316, 14.056704916709037, 14.102314470832761, 14.147924024956485, 14.193533579080206, 14.239143133203928, 14.284752687327652, 14.330362241451375, 14.375971795575097, 14.42158134969882, 14.467190903822544, 14.512800457946266, 14.558410012069988, 14.604019566193713, 14.649629120317435]], "PDF": [[0.0008833652012467264, 0.001183765911571173, 0.0015665466958695098, 0.002071885074433834, 0.002732750620879648, 0.00355841148932348, 0.004532028182594987, 0.0056285736775347015, 0.006848517264789571, 0.00824950665046187, 0.009950749914964446, 0.012096922401531613, 0.014799520338913822, 0.018097190262410096, 0.021966341541402135, 0.026375110879252484, 0.03134002153506805, 0.03694342129168929, 0.04330263930010991, 0.0505216773930962, 0.05866691924207606, 0.06778111655588649, 0.07791603076100836, 0.08915739965306027, 0.10163345546712059, 0.11551089942235554, 0.13097531063826348, 0.1481848800717318, 0.16720256934695393, 0.18794223978542424, 0.21016788154751295, 0.23354882354315074, 0.2577373049500532, 0.2824324802203211, 0.30740803506037084, 0.3324808473010306, 0.35740992746895395, 0.3817772549665493, 0.40496779291323054, 0.42631825010474905, 0.4453390613002627, 0.46182399205529306, 0.47579634047773445, 0.48743773500936305, 0.4971147821689784, 0.5053951146533577, 0.5128835143129865, 0.519943339969105, 0.5265664681625991, 0.5325110728891668, 0.5375278912652937, 0.5414363874800803, 0.5440358001834869, 0.5450329586432275, 0.5441237086870715, 0.5411736941016052, 0.5363248189201693, 0.5299081659725483, 0.5222104001199477, 0.5132721205312428, 0.5028766244010818, 0.4907290000741777, 0.4766700166649747, 0.4607560548595165, 0.4431685856540192, 0.42406781421550416, 0.40354179833264625, 0.38169784301164256, 0.3587940700078699, 0.33525547878572065, 0.3115230233369749, 0.28785996378293743, 0.2643077677915332, 0.2408495391325441, 0.21762651806467226, 0.1949957808522982, 0.173382547728713, 0.15308121614942005, 0.13418306547988987, 0.11666177570593037, 0.10050855761935205, 0.08579935887749526, 0.07266079516632326, 0.06117880749536833, 0.0513184874329353, 0.042907956739328505, 0.0356995304214826, 0.02946837366175408, 0.02407748683237694, 0.019466404785032823, 0.015590119362328052, 0.012373339420130549, 0.009715656292102234, 0.00752634950174602, 0.0057460467853203715, 0.0043374141951716995, 0.0032604228582136384, 0.0024566620887217267, 0.0018535224834653162, 0.0013822771410579666]]}