{"output": [[9.800729294466077, 9.872612284988021, 9.944495275509963, 10.016378266031907, 10.088261256553851, 10.160144247075793, 10.232027237597737, 10.303910228119681, 10.375793218641624, 10.447676209163568, 10.51955919968551, 10.591442190207454, 10.663325180729398, 10.73520817125134, 10.807091161773284, 10.878974152295228, 10.95085714281717, 11.022740133339115, 11.094623123861059, 11.166506114383001, 11.238389104904945, 11.310272095426889, 11.382155085948831, 11.454038076470775, 11.52592106699272, 11.597804057514661, 11.669687048036606, 11.74157003855855, 11.813453029080492, 11.885336019602436, 11.95721901012438, 12.029102000646322, 12.100984991168266, 12.17286798169021, 12.244750972212152, 12.316633962734096, 12.388516953256039, 12.460399943777983, 12.532282934299927, 12.604165924821869, 12.676048915343813, 12.747931905865755, 12.8198148963877, 12.891697886909643, 12.963580877431585, 13.03546386795353, 13.107346858475474, 13.179229848997416, 13.25111283951936, 13.322995830041304, 13.394878820563246, 13.46676181108519, 13.538644801607134, 13.610527792129076, 13.68241078265102, 13.754293773172964, 13.826176763694907, 13.89805975421685, 13.969942744738795, 14.041825735260737, 14.113708725782681, 14.185591716304625, 14.257474706826567, 14.329357697348511, 14.401240687870455, 14.473123678392398, 14.545006668914342, 14.616889659436286, 14.688772649958228, 14.76065564048017, 14.832538631002116, 14.904421621524058, 14.976304612046, 15.048187602567946, 15.120070593089888, 15.19195358361183, 15.263836574133776, 15.335719564655719, 15.407602555177661, 15.479485545699605, 15.551368536221549, 15.623251526743491, 15.695134517265435, 15.76701750778738, 15.838900498309322, 15.910783488831266, 15.98266647935321, 16.054549469875152, 16.126432460397098, 16.19831545091904, 16.270198441440982, 16.342081431962924, 16.41396442248487, 16.485847413006812, 16.55773040352876, 16.6296133940507, 16.701496384572643, 16.773379375094585, 16.84526236561653, 16.917145356138473]], "PDF": [[0.0008449721060770116, 0.001161040968636657, 0.001566050609337902, 0.002082816699745475, 0.002725677522189975, 0.00350686814373541, 0.004450647395244005, 0.005605049474325855, 0.007045646924431076, 0.008866616433993071, 0.011154393208486359, 0.013951690038320235, 0.017237619156074684, 0.02094724291094896, 0.02502535877792354, 0.029481054142192507, 0.034404506440035586, 0.0399253043376669, 0.04612730542086121, 0.052976870961375114, 0.060329134243768755, 0.06801964336615529, 0.07596833389246913, 0.08420564220050963, 0.09280283990045962, 0.10177984143563075, 0.11108264459167633, 0.120649431715206, 0.13048849313710453, 0.14067106392714757, 0.15123203781855257, 0.16208345740919283, 0.17304315978484677, 0.1839539950856563, 0.1947717232684943, 0.20554631443914168, 0.2163344762096673, 0.22712671283442915, 0.2378391371372608, 0.24837173619527858, 0.25869158346473176, 0.26887015745827697, 0.2790315868476433, 0.28925624640004066, 0.2995429838695743, 0.309881067769569, 0.32036191386595464, 0.3312033943996464, 0.34263408045686733, 0.35471006155562523, 0.36718107686986196, 0.37946109305136944, 0.3906833747542486, 0.3998029555072471, 0.40573013558750676, 0.4074949126388995, 0.40443807161487694, 0.39638817832732604, 0.38373554932428666, 0.36733224770030354, 0.34825266864484594, 0.3275310143858368, 0.30596550101554726, 0.2840237542756025, 0.2618841381731937, 0.23962872733301943, 0.21748846840979977, 0.19594823311027024, 0.17561163250381956, 0.15693896654095416, 0.14007483592642864, 0.12487663628630563, 0.11107994497593289, 0.09846525290998859, 0.08693953421364138, 0.07652184457118538, 0.06726540639302117, 0.05916599439721852, 0.05210926793569428, 0.045891006107993106, 0.040301128330588215, 0.03521514700250463, 0.03062431895115648, 0.026579404139214117, 0.02309191134058687, 0.02007182414325886, 0.017351057720196458, 0.0147715624693583, 0.012266401709327988, 0.009875776023059012, 0.007700409623911349, 0.005839664935599738, 0.00435418810371261, 0.003256219485439686, 0.0025101386616823147, 0.0020356843723016026, 0.0017231773683199338, 0.0014667177071971485, 0.0012004541678742407, 0.0009131202791795612]]}