{"output": [[10.134283264445834, 10.179892818406625, 10.225502372367414, 10.271111926328205, 10.316721480288994, 10.362331034249785, 10.407940588210575, 10.453550142171364, 10.499159696132155, 10.544769250092946, 10.590378804053735, 10.635988358014526, 10.681597911975315, 10.727207465936106, 10.772817019896896, 10.818426573857685, 10.864036127818476, 10.909645681779267, 10.955255235740056, 11.000864789700847, 11.046474343661636, 11.092083897622427, 11.137693451583218, 11.183303005544007, 11.228912559504797, 11.274522113465586, 11.320131667426377, 11.365741221387168, 11.411350775347957, 11.456960329308748, 11.502569883269537, 11.548179437230328, 11.593788991191118, 11.639398545151908, 11.685008099112698, 11.73061765307349, 11.776227207034278, 11.821836760995069, 11.86744631495586, 11.913055868916649, 11.95866542287744, 12.004274976838229, 12.04988453079902, 12.09549408475981, 12.1411036387206, 12.18671319268139, 12.23232274664218, 12.27793230060297, 12.32354185456376, 12.36915140852455, 12.41476096248534, 12.46037051644613, 12.50598007040692, 12.551589624367711, 12.5971991783285, 12.642808732289291, 12.68841828625008, 12.73402784021087, 12.779637394171662, 12.825246948132452, 12.870856502093242, 12.916466056054032, 12.962075610014821, 13.007685163975612, 13.053294717936403, 13.098904271897192, 13.144513825857983, 13.190123379818772, 13.235732933779563, 13.281342487740353, 13.326952041701142, 13.372561595661933, 13.418171149622722, 13.463780703583513, 13.509390257544304, 13.554999811505093, 13.600609365465884, 13.646218919426673, 13.691828473387464, 13.737438027348254, 13.783047581309045, 13.828657135269834, 13.874266689230623, 13.919876243191414, 13.965485797152205, 14.011095351112996, 14.056704905073785, 14.102314459034575, 14.147924012995365, 14.193533566956155, 14.239143120916946, 14.284752674877735, 14.330362228838526, 14.375971782799315, 14.421581336760106, 14.467190890720897, 14.512800444681686, 14.558409998642476, 14.604019552603265, 14.649629106564056]], "PDF": [[0.0008833655546293517, 0.0011837664727593802, 0.0015665475432356957, 0.002071886158848786, 0.002732751774748915, 0.0035584125254794516, 0.004532029037305755, 0.005628574524624636, 0.0068485185078063626, 0.00824950873238764, 0.009950753025603692, 0.012096926308385323, 0.014799524518614864, 0.018097194261788074, 0.021966345291391746, 0.026375114717100714, 0.03134002592279196, 0.03694342646563415, 0.0433026451429941, 0.0505216836092833, 0.058666925635580076, 0.06778112316179243, 0.07791603778605775, 0.08915740736078172, 0.10163346410172186, 0.11551090911368027, 0.13097532121726824, 0.14818489091073805, 0.16720257945367722, 0.18794224818006916, 0.21016788765141714, 0.2335488273150158, 0.2577373067741264, 0.28243248065901033, 0.3074080344575005, 0.33248084528485466, 0.357409922797996, 0.3817772462307377, 0.4049677797709202, 0.4263182338216309, 0.44533904389115514, 0.4618239750485379, 0.4757963248223764, 0.4874377218888094, 0.4971147729754343, 0.5053951096319537, 0.5128835116806699, 0.5199433370272738, 0.5265664632896079, 0.532511066149606, 0.5375278832413294, 0.5414363780463938, 0.5440357886663124, 0.5450329449700076, 0.5441236941043018, 0.5411736806187321, 0.5363248079067948, 0.5299081571185338, 0.5222103916953357, 0.5132721107765499, 0.5028766128825961, 0.490728987887495, 0.476670005426796, 0.46075604547266885, 0.44316857793228837, 0.4240678076028669, 0.4035417929383561, 0.3816978398849522, 0.3587940702847414, 0.3352554824803299, 0.31152302905800017, 0.2878599698529643, 0.2643077737597593, 0.24084954611862064, 0.21762652755330078, 0.1949957932035409, 0.1733825618699829, 0.15308123055471515, 0.13418307930895434, 0.11666178910815972, 0.10050857119984143, 0.08579937297133083, 0.07266080945980169, 0.061178821130465626, 0.05131849946840586, 0.04290796669403765, 0.0356995385275327, 0.02946838060270854, 0.024077493181397302, 0.01946641065452157, 0.015590124538000611, 0.012373343742859729, 0.009715659864855852, 0.007526352578685531, 0.005746049541749882, 0.004337416621927629, 0.0032604248338861416, 0.00245666352330226, 0.001853523414856181, 0.001382277732624598]]}