{"output": [[10.1342832505483, 10.179892805455664, 10.225502360363025, 10.271111915270389, 10.316721470177752, 10.362331025085114, 10.407940579992477, 10.45355013489984, 10.499159689807202, 10.544769244714566, 10.590378799621929, 10.63598835452929, 10.681597909436654, 10.727207464344017, 10.772817019251379, 10.818426574158742, 10.864036129066106, 10.909645683973467, 10.95525523888083, 11.000864793788194, 11.046474348695556, 11.09208390360292, 11.137693458510283, 11.183303013417644, 11.228912568325008, 11.274522123232371, 11.320131678139733, 11.365741233047096, 11.41135078795446, 11.456960342861821, 11.502569897769185, 11.548179452676548, 11.59378900758391, 11.639398562491273, 11.685008117398636, 11.730617672305998, 11.776227227213361, 11.821836782120725, 11.867446337028086, 11.91305589193545, 11.958665446842813, 12.004275001750175, 12.049884556657538, 12.095494111564902, 12.141103666472265, 12.186713221379627, 12.23232277628699, 12.277932331194354, 12.323541886101715, 12.369151441009079, 12.414760995916442, 12.460370550823804, 12.505980105731167, 12.55158966063853, 12.597199215545892, 12.642808770453255, 12.688418325360619, 12.73402788026798, 12.779637435175344, 12.825246990082707, 12.870856544990069, 12.916466099897432, 12.962075654804796, 13.007685209712157, 13.05329476461952, 13.098904319526884, 13.144513874434246, 13.19012342934161, 13.235732984248973, 13.281342539156334, 13.326952094063698, 13.372561648971061, 13.418171203878423, 13.463780758785786, 13.50939031369315, 13.554999868600511, 13.600609423507874, 13.646218978415238, 13.6918285333226, 13.737438088229963, 13.783047643137326, 13.828657198044688, 13.874266752952051, 13.919876307859415, 13.965485862766776, 14.01109541767414, 14.056704972581503, 14.102314527488865, 14.147924082396228, 14.193533637303592, 14.239143192210953, 14.284752747118317, 14.33036230202568, 14.375971856933042, 14.421581411840405, 14.467190966747768, 14.51280052165513, 14.558410076562494, 14.604019631469857, 14.649629186377219]], "PDF": [[0.0008833652356707249, 0.0011837659688320244, 0.0015665467933950363, 0.0020718852006122125, 0.0027327507362203476, 0.0035584115480021047, 0.004532028163808673, 0.005628573610763926, 0.006848517227845263, 0.008249506726375056, 0.009950750128172297, 0.01209692268801328, 0.014799520588651157, 0.01809719040914418, 0.021966341628706944, 0.026375111049304265, 0.031340021949774484, 0.036943422053320595, 0.043302640440356394, 0.05052167893549225, 0.05866692127335141, 0.06778111924277141, 0.07791603431231242, 0.08915740427213889, 0.1016334613213992, 0.11551090660904091, 0.1309753191185879, 0.14818488960197293, 0.16720257948215275, 0.1879422499870867, 0.21016789133071967, 0.2335488325746303, 0.25773731307273845, 0.2824324874213813, 0.307408041372292, 0.3324808526361247, 0.3574099315035953, 0.38177725725403505, 0.4049677932080611, 0.4263182485856792, 0.4453390584360405, 0.4618239883068308, 0.47579633625406054, 0.4874377308807361, 0.49711477887441363, 0.5053951126964259, 0.5128835136012259, 0.5199433399959487, 0.5265664685365058, 0.5325110735826779, 0.5375278923635131, 0.5414363888271111, 0.544035801366812, 0.5450329593065665, 0.5441237088218174, 0.5411736940205882, 0.536324818915503, 0.5299081659308371, 0.5222103994171244, 0.5132721183068938, 0.5028766199900429, 0.49072899324389807, 0.4766700074950487, 0.46075604342086013, 0.4431685718073707, 0.4240677977235062, 0.4035417791841176, 0.3816978216400832, 0.35879404715310265, 0.33525545507225357, 0.31152299895242747, 0.28785993859503317, 0.2643077418130521, 0.24084951286055453, 0.21762649234169698, 0.19499575640652983, 0.1733825248583414, 0.15308119480487317, 0.13418304557831556, 0.11666175735409037, 0.10050854109583471, 0.0857993444565893, 0.07266078294032727, 0.061178797300807074, 0.051318478915978925, 0.042907949525183224, 0.035699524275604355, 0.02946836851992767, 0.024077482689346258, 0.01946640156632576, 0.015590116902791403, 0.01237333754195197, 0.009715654878128801, 0.0075263484942127475, 0.005746046134399958, 0.004337413821548174, 0.003260422659990526, 0.002456661975644263, 0.0018535224059120952, 0.00138227709345213]]}