{"S_min_Ks": [[-0.0002253304500616669]], "S_min_Q": [[0.9444936068145691]], "S_Ks": [[0.0010227166833569209]], "S_Q": [[0.9862452359218451]], "S_max_Ks": [[0.0019621162769674094]], "S_max_Q": [[1.0222809539409403]], "S_T_min_Ks": [[-0.025303187010601604]], "S_T_min_Q": [[0.9634635389041435]], "S_T_Ks": [[0.001714662852173632]], "S_T_Q": [[0.9992641466829741]], "S_T_max_Ks": [[0.027353766863736133]], "S_T_max_Q": [[1.0342637835395783]]}