{"S_Ks": [[0.0010227165874316841]], "S_Q": [[0.9862452360758277]], "S_T_Ks": [[0.0017146627211187754]], "S_T_Q": [[0.9992641467952624]]}