{"S_Ks": [[0.0007592617951897828]], "S_Q": [[0.9982021072551515]], "S_T_Ks": [[0.0019227163569594783]], "S_T_Q": [[0.9883047870793563]]}