{"S_min_Ks": [[-0.0002253305019591493]], "S_min_Q": [[0.9444936070018257]], "S_Ks": [[0.0010227165874316841]], "S_Q": [[0.9862452360758277]], "S_max_Ks": [[0.0019621161310362056]], "S_max_Q": [[1.022280954053063]], "S_T_min_Ks": [[-0.025303187105705283]], "S_T_min_Q": [[0.9634635389735322]], "S_T_Ks": [[0.0017146627211187754]], "S_T_Q": [[0.9992641467952624]], "S_T_max_Ks": [[0.02735376670056483]], "S_T_max_Q": [[1.0342637834934432]]}