{"S_Ks": [[0.0010227171440589525]], "S_Q": [[0.986245235182389]], "S_T_Ks": [[0.0017146634815175938]], "S_T_Q": [[0.9992641461435802]]}