{"S_Ks": [[0.0010227166833569209]], "S_Q": [[0.9862452359218451]], "S_T_Ks": [[0.001714662852173632]], "S_T_Q": [[0.9992641466829741]]}