{"S_min_Ks": [[-0.0007214588457844884]], "S_min_Q": [[0.9468553862574571]], "S_Ks": [[0.00021940147950204585]], "S_Q": [[0.9843476515006948]], "S_max_Ks": [[0.0010355256353372648]], "S_max_Q": [[1.0173804267593425]], "S_T_min_Ks": [[-0.028176281523109185]], "S_T_min_Q": [[0.9580532912448014]], "S_T_Ks": [[0.0011033825524305002]], "S_T_Q": [[0.9982577672256998]], "S_T_max_Ks": [[0.030823242269850382]], "S_T_max_Q": [[1.035012402005953]]}