{"S_min_Ks": [[-0.0004664966479483231]], "S_min_Q": [[0.952935082151456]], "S_Ks": [[0.0007592617951897828]], "S_Q": [[0.9982021072551515]], "S_max_Ks": [[0.0020115453002640437]], "S_max_Q": [[1.0476879198203624]], "S_T_min_Ks": [[-0.023087886161877638]], "S_T_min_Q": [[0.9480224582691792]], "S_T_Ks": [[0.0019227163569594783]], "S_T_Q": [[0.9883047870793563]], "S_T_max_Ks": [[0.033641499306823634]], "S_T_max_Q": [[1.024791254271651]]}