{"S_min_Ks": [[-0.00022533020112699628]], "S_min_Q": [[0.9444936059169151]], "S_Ks": [[0.0010227171440589525]], "S_Q": [[0.986245235182389]], "S_max_Ks": [[0.00196211697780433]], "S_max_Q": [[1.0222809534002884]], "S_T_min_Ks": [[-0.025303186554725726]], "S_T_min_Q": [[0.963463538570313]], "S_T_Ks": [[0.0017146634815175938]], "S_T_Q": [[0.9992641461435802]], "S_T_max_Ks": [[0.027353767647710536]], "S_T_max_Q": [[1.034263783761439]]}