{"S_Ks": [[0.00021940147950204585]], "S_Q": [[0.9843476515006948]], "S_T_Ks": [[0.0011033825524305002]], "S_T_Q": [[0.9982577672256998]]}