{"Min": [[12.261872809754633]], "SD_min": [[13.704069389351837]], "Mean": [[14.044498385764124]], "SD_max": [[14.38492738217641]], "Max": [[15.26848880188295]]}