{"Min": [[13.173307461771847]], "SD_min": [[13.717443806249976]], "Mean": [[14.045608863041789]], "SD_max": [[14.373773919833601]], "Max": [[15.08593015092948]]}