{"Min": [[-53.498988356344796]], "SD_min": [[10.228868984751005]], "Mean": [[13.249841527766202]], "SD_max": [[16.2708140707814]], "Max": [[29.43453051389278]]}