{"Min": [[-38.44068227183039]], "SD_min": [[3.492382505320564]], "Mean": [[9.750270946381264]], "SD_max": [[16.008159387441964]], "Max": [[83.54168844174062]]}