{"Min": [[12.485290021949085]], "SD_min": [[13.707582647086724]], "Mean": [[14.046542269395006]], "SD_max": [[14.385501891703289]], "Max": [[15.146912893552729]]}