{"output": [[13.173307461771847, 13.19262688287445, 13.21194630397705, 13.231265725079654, 13.250585146182257, 13.26990456728486, 13.28922398838746, 13.308543409490063, 13.327862830592666, 13.347182251695267, 13.36650167279787, 13.385821093900473, 13.405140515003074, 13.424459936105677, 13.44377935720828, 13.463098778310883, 13.482418199413484, 13.501737620516087, 13.52105704161869, 13.54037646272129, 13.559695883823894, 13.579015304926497, 13.5983347260291, 13.6176541471317, 13.636973568234303, 13.656292989336906, 13.675612410439507, 13.69493183154211, 13.714251252644713, 13.733570673747316, 13.752890094849917, 13.77220951595252, 13.791528937055123, 13.810848358157724, 13.830167779260327, 13.84948720036293, 13.86880662146553, 13.888126042568134, 13.907445463670737, 13.92676488477334, 13.94608430587594, 13.965403726978543, 13.984723148081146, 14.004042569183747, 14.02336199028635, 14.042681411388953, 14.062000832491556, 14.081320253594157, 14.10063967469676, 14.119959095799363, 14.139278516901964, 14.158597938004567, 14.17791735910717, 14.19723678020977, 14.216556201312374, 14.235875622414977, 14.25519504351758, 14.27451446462018, 14.293833885722783, 14.313153306825386, 14.332472727927987, 14.35179214903059, 14.371111570133193, 14.390430991235796, 14.409750412338397, 14.429069833441, 14.448389254543603, 14.467708675646204, 14.487028096748807, 14.50634751785141, 14.52566693895401, 14.544986360056614, 14.564305781159216, 14.58362520226182, 14.60294462336442, 14.622264044467023, 14.641583465569626, 14.660902886672229, 14.68022230777483, 14.699541728877433, 14.718861149980036, 14.738180571082637, 14.75749999218524, 14.776819413287843, 14.796138834390444, 14.815458255493047, 14.83477767659565, 14.85409709769825, 14.873416518800854, 14.892735939903456, 14.91205536100606, 14.93137478210866, 14.950694203211263, 14.970013624313866, 14.989333045416469, 15.00865246651907, 15.027971887621673, 15.047291308724276, 15.066610729826877, 15.08593015092948]], "PDF": [[0.004612950885620744, 0.005945032583022027, 0.007624909546510288, 0.010844042408636359, 0.016832895194477056, 0.025821956817468943, 0.03666974644845703, 0.04755116727093577, 0.057144979923724276, 0.06554364720034667, 0.07453043452718047, 0.08728694317285053, 0.1074621897862676, 0.13722333764126732, 0.17508631351678836, 0.21611599007137872, 0.25553984942747177, 0.29270691481240313, 0.3315420229707315, 0.3773415891714633, 0.4329615511979965, 0.4971828143379056, 0.5661182171164671, 0.6366347918950261, 0.7087176076937293, 0.7838700797969752, 0.8612484666934731, 0.936762855658595, 1.0062745083820501, 1.067634202046897, 1.1186443265200618, 1.155917493773721, 1.1783735753879456, 1.1898559167557603, 1.195549950999503, 1.1973411312075848, 1.1950243196165296, 1.1900342750835344, 1.184791803477549, 1.1793934316054842, 1.171461322403326, 1.159144272635883, 1.1435707113841032, 1.1279445600595528, 1.1125981679335888, 1.091349416310405, 1.0566921545655827, 1.0098457192069643, 0.9622410478663698, 0.9254388031295467, 0.9016997029323557, 0.8850289329026342, 0.8686929444420411, 0.8498018467839301, 0.8283246009723886, 0.8048185676359008, 0.7800407082975899, 0.7552997525387224, 0.7320935498855046, 0.7115726747207036, 0.6941240609225884, 0.6788829958595134, 0.6640449253324604, 0.6481462878898131, 0.6309201554630995, 0.6130958678199714, 0.5953111459112703, 0.5765599422075368, 0.5540394996350099, 0.5254592754972182, 0.49122867074196036, 0.45394125333458646, 0.4166159675642468, 0.3820663294210314, 0.35281078267020277, 0.3301157411051735, 0.31277712799375246, 0.2971076209106472, 0.27877578074091236, 0.25561181869353944, 0.2289256696165878, 0.20190523230410837, 0.1769117387279304, 0.1543738224600001, 0.1336132452831283, 0.1140817139855197, 0.09590177774551563, 0.0796352517278738, 0.06571720939537871, 0.05413682956038431, 0.04460029731901854, 0.0368159704863988, 0.030514929500116486, 0.02529945483282781, 0.02062995357925007, 0.016087783166885677, 0.011699217484319837, 0.0078815525745588, 0.004992789812795522, 0.003026755730401127]]}