{"output": [[12.485290021949085, 12.512175101460233, 12.539060180971381, 12.565945260482529, 12.592830339993677, 12.619715419504825, 12.646600499015973, 12.67348557852712, 12.700370658038269, 12.727255737549417, 12.754140817060565, 12.781025896571713, 12.80791097608286, 12.834796055594008, 12.861681135105156, 12.888566214616304, 12.915451294127452, 12.9423363736386, 12.969221453149748, 12.996106532660896, 13.022991612172044, 13.049876691683192, 13.07676177119434, 13.103646850705488, 13.130531930216636, 13.157417009727784, 13.184302089238932, 13.21118716875008, 13.238072248261227, 13.264957327772375, 13.291842407283523, 13.318727486794671, 13.34561256630582, 13.372497645816967, 13.399382725328115, 13.426267804839263, 13.453152884350411, 13.480037963861559, 13.506923043372707, 13.533808122883855, 13.560693202395003, 13.58757828190615, 13.614463361417299, 13.641348440928446, 13.668233520439594, 13.695118599950742, 13.722003679461888, 13.748888758973038, 13.775773838484184, 13.802658917995334, 13.82954399750648, 13.85642907701763, 13.883314156528776, 13.910199236039926, 13.937084315551072, 13.963969395062222, 13.990854474573368, 14.017739554084518, 14.044624633595664, 14.071509713106812, 14.09839479261796, 14.125279872129108, 14.152164951640255, 14.179050031151403, 14.205935110662551, 14.2328201901737, 14.259705269684847, 14.286590349195995, 14.313475428707143, 14.340360508218291, 14.367245587729439, 14.394130667240587, 14.421015746751735, 14.447900826262883, 14.47478590577403, 14.501670985285179, 14.528556064796327, 14.555441144307474, 14.582326223818622, 14.60921130332977, 14.636096382840918, 14.662981462352066, 14.689866541863214, 14.716751621374362, 14.74363670088551, 14.770521780396658, 14.797406859907806, 14.824291939418954, 14.851177018930102, 14.87806209844125, 14.904947177952398, 14.931832257463546, 14.958717336974694, 14.985602416485841, 15.01248749599699, 15.039372575508137, 15.066257655019285, 15.093142734530433, 15.120027814041581, 15.146912893552729]], "PDF": [[0.0006339097011608466, 0.0005804509288940309, 0.00044834034804404864, 0.00030580858065507244, 0.00021913392835340635, 0.00022485105731029757, 0.0003220835554951587, 0.0004751755752230522, 0.000629166903535952, 0.0007485781246395785, 0.0008626018270932765, 0.001069399575254848, 0.0014742244959921184, 0.00210275427108422, 0.0028671161645906235, 0.003617707941258313, 0.0042356973526102015, 0.004700272771002507, 0.005111508248584766, 0.005679383591203727, 0.006666645614055991, 0.008271905038508585, 0.010503666519168847, 0.013153213342889424, 0.015940033722273744, 0.018782009272701548, 0.02201458152357812, 0.026366710658703135, 0.03267710987890132, 0.04159673492319593, 0.053572030094697756, 0.06909210024548214, 0.0888506695318005, 0.11357966229274831, 0.14373786773031313, 0.17941314461070906, 0.22051409455767884, 0.26698966162244075, 0.31886191522182283, 0.37619698501482857, 0.4392058180495707, 0.5082538149647532, 0.5833874066270448, 0.6636183156211067, 0.7467954527311915, 0.8303573713569057, 0.9121737065918495, 0.9905145156357266, 1.063160328957098, 1.126668527240468, 1.1768415392986027, 1.2104380589234438, 1.2269135901958186, 1.2285972521445134, 1.2188626643702056, 1.1998102881592614, 1.171687396963117, 1.1344740213248512, 1.089612221593105, 1.0399392340988987, 0.9884204724984921, 0.9376601804523482, 0.8905489556388629, 0.8503729998107025, 0.8192446347140653, 0.7960569346537335, 0.7762807558619439, 0.7544152671443586, 0.7273136686964875, 0.695575951263455, 0.6618764214705141, 0.6279875164185972, 0.5934455998595441, 0.5568675479739471, 0.5180379768710242, 0.4784765146466298, 0.4403477211769647, 0.40519197400378837, 0.3734760959629352, 0.34483110153736307, 0.318465143321502, 0.2934387845971115, 0.2687604276465538, 0.2434671876089881, 0.21689482035197194, 0.1891148769575637, 0.1611887795475769, 0.13483959848672736, 0.11158559852575875, 0.0919465568899313, 0.07536098843708643, 0.06083293999005812, 0.04770915495572199, 0.03598681930486399, 0.02606687120057945, 0.018304158095381797, 0.012709714839594604, 0.008917702496350323, 0.006354815209863316, 0.004488858068598619]]}