{"output": [[-53.498988356344796, -52.661276044524215, -51.82356373270363, -50.98585142088305, -50.14813910906247, -49.31042679724189, -48.47271448542131, -47.635002173600725, -46.79728986178014, -45.95957754995956, -45.12186523813898, -44.2841529263184, -43.44644061449782, -42.608728302677235, -41.771015990856654, -40.93330367903607, -40.09559136721549, -39.25787905539491, -38.42016674357433, -37.582454431753746, -36.744742119933164, -35.90702980811258, -35.069317496292, -34.23160518447142, -33.39389287265084, -32.556180560830256, -31.718468249009675, -30.880755937189093, -30.04304362536851, -29.20533131354793, -28.36761900172735, -27.529906689906767, -26.692194378086185, -25.854482066265604, -25.016769754445022, -24.17905744262444, -23.34134513080386, -22.503632818983277, -21.665920507162696, -20.828208195342114, -19.990495883521533, -19.15278357170095, -18.31507125988037, -17.477358948059788, -16.639646636239206, -15.801934324418625, -14.964222012598043, -14.126509700777461, -13.28879738895688, -12.451085077136298, -11.613372765315717, -10.775660453495135, -9.937948141674553, -9.100235829853972, -8.26252351803339, -7.424811206212809, -6.587098894392227, -5.7493865825716455, -4.911674270751064, -4.073961958930482, -3.2362496471099007, -2.398537335289319, -1.5608250234687375, -0.7231127116481559, 0.11459960017242565, 0.9523119119930072, 1.7900242238135888, 2.6277365356341704, 3.465448847454752, 4.303161159275334, 5.140873471095915, 5.978585782916497, 6.816298094737078, 7.65401040655766, 8.491722718378242, 9.329435030198823, 10.167147342019405, 11.004859653839986, 11.842571965660568, 12.68028427748115, 13.517996589301731, 14.355708901122313, 15.193421212942894, 16.031133524763476, 16.868845836584057, 17.70655814840464, 18.54427046022522, 19.381982772045802, 20.219695083866384, 21.057407395686965, 21.895119707507547, 22.73283201932813, 23.57054433114871, 24.40825664296929, 25.245968954789873, 26.083681266610455, 26.921393578431037, 27.759105890251618, 28.5968182020722, 29.43453051389278]], "PDF": [[0.00012292381850182815, 4.394176172684374e-06, 2.0072512225428194e-10, 1.1716795273354452e-17, 8.739745702353623e-28, 8.330510098344696e-41, 8.721924276537868e-46, 8.42056864206853e-32, 1.0388512657878994e-20, 1.6377521201185848e-12, 3.2993304220344965e-07, 8.493492291425382e-05, 2.7940207466248625e-05, 1.1763463560257394e-08, 1.266054969198952e-06, 0.00011140409219623817, 4.3011087603622895e-05, 8.115273167433119e-05, 2.760220812567541e-07, 1.1997119395927232e-12, 6.663355443971719e-21, 4.7292451180037206e-32, 4.2891724925134e-46, 4.970934540433022e-63, 3.8948078998435434e-80, 1.1106043666580637e-60, 4.0544992063357744e-44, 1.8914632472130246e-30, 1.1275646150122306e-19, 8.58949906707906e-12, 8.361584482649947e-07, 0.00010541085430802963, 0.0001302694604913743, 0.00011274959006062231, 1.8147536048148396e-05, 4.161816204605477e-09, 9.537397761301805e-08, 8.076167225697244e-05, 0.0001426366719243364, 0.00012374610394575979, 9.934364984808463e-05, 0.0001289083192083686, 0.00019145273484190268, 0.00029407321651104293, 4.048342413203571e-06, 2.4639227480141795e-05, 0.00022073574027424884, 0.00024253420705572533, 0.00040757686615644506, 0.0006015953007098584, 0.0002728527321505707, 0.00015539498848300644, 0.00041941888058437025, 0.00043531175393747665, 0.0008333926901123928, 0.00030150500348115436, 0.00039157238954488205, 0.00038290908915709736, 0.00028862182813596044, 0.0006732174354982728, 0.0009645613423637062, 0.00135308104972646, 0.001209237648297953, 0.001092391840397194, 0.0014121307739324645, 0.0012412793879293684, 0.00198980994856866, 0.0017405514587980233, 0.001721765350085135, 0.002646351994070092, 0.00340371179956092, 0.004166501936729799, 0.004789325958916826, 0.005616000315346328, 0.007122107294888236, 0.01046243441235107, 0.014274337765495323, 0.02079071990135801, 0.03385835974534936, 0.07197005177872336, 0.49542736311572394, 0.4323371953286816, 0.03560745303469823, 0.0149486058313762, 0.006967644148464757, 0.0025871404241286796, 6.896595647719667e-05, 6.176981936383702e-08, 1.0269692634755186e-13, 1.5071762663765638e-08, 3.744094548425356e-05, 0.00020201068386126766, 2.930052550969934e-06, 7.567325794735586e-11, 2.6778015933749568e-18, 9.964579948345753e-28, 1.1716795273354452e-17, 2.0072512225428194e-10, 4.394176172684374e-06, 0.00012292381850182815]]}