{"output": [[12.261872809754633, 12.29224266826098, 12.322612526767326, 12.352982385273673, 12.38335224378002, 12.413722102286366, 12.444091960792713, 12.47446181929906, 12.504831677805406, 12.535201536311753, 12.5655713948181, 12.595941253324446, 12.626311111830793, 12.65668097033714, 12.687050828843486, 12.717420687349833, 12.74779054585618, 12.778160404362527, 12.808530262868873, 12.83890012137522, 12.869269979881567, 12.899639838387913, 12.93000969689426, 12.960379555400607, 12.990749413906952, 13.0211192724133, 13.051489130919647, 13.081858989425992, 13.11222884793234, 13.142598706438687, 13.172968564945032, 13.20333842345138, 13.233708281957727, 13.264078140464072, 13.29444799897042, 13.324817857476766, 13.355187715983112, 13.385557574489459, 13.415927432995806, 13.446297291502152, 13.476667150008499, 13.507037008514846, 13.537406867021193, 13.567776725527539, 13.598146584033886, 13.628516442540231, 13.658886301046579, 13.689256159552926, 13.719626018059273, 13.749995876565619, 13.780365735071966, 13.810735593578313, 13.841105452084658, 13.871475310591006, 13.901845169097353, 13.932215027603698, 13.962584886110045, 13.992954744616393, 14.023324603122738, 14.053694461629085, 14.084064320135433, 14.114434178641778, 14.144804037148125, 14.175173895654472, 14.205543754160818, 14.235913612667165, 14.266283471173512, 14.29665332967986, 14.327023188186205, 14.357393046692552, 14.387762905198898, 14.418132763705245, 14.448502622211592, 14.47887248071794, 14.509242339224285, 14.539612197730632, 14.569982056236977, 14.600351914743324, 14.630721773249672, 14.661091631756019, 14.691461490262364, 14.721831348768712, 14.752201207275057, 14.782571065781404, 14.812940924287751, 14.843310782794099, 14.873680641300444, 14.904050499806791, 14.934420358313139, 14.964790216819484, 14.995160075325831, 15.025529933832178, 15.055899792338524, 15.086269650844871, 15.116639509351218, 15.147009367857564, 15.177379226363911, 15.207749084870258, 15.238118943376605, 15.26848880188295]], "PDF": [[0.0006909330070012302, 0.0006643299986271758, 0.0005968311259887788, 0.0006053803457201264, 0.0007144198844047679, 0.0008478396311456427, 0.0009311005544371705, 0.000949970956691974, 0.0009144026354679731, 0.0008442874272106877, 0.0008127540997256985, 0.0009164125726560835, 0.0011444540928304812, 0.0013331177609975727, 0.0013319399206479048, 0.0012309737701153242, 0.001399660724251438, 0.002276321625887915, 0.004048453639414936, 0.006459791767519813, 0.00897426552446592, 0.011213217738448026, 0.013186039730292979, 0.015069600539353098, 0.01691272949284255, 0.018629899525503625, 0.020151239534058125, 0.02152443905613195, 0.022994792990254684, 0.025057252784522, 0.028353143885919054, 0.033428867858814625, 0.04062065986684507, 0.050257952543694195, 0.06293377424575763, 0.07933073557681707, 0.09961602242321767, 0.12319300494962687, 0.14939526386136368, 0.17878185131750837, 0.21401648411578805, 0.25910464065623096, 0.317073786733078, 0.38861168578256067, 0.47339529006414455, 0.5715827048224171, 0.6822919328902307, 0.800675307330688, 0.9176376079637867, 1.022795854134712, 1.1079636735446496, 1.1692538149315177, 1.2076284125036858, 1.2278314461093922, 1.23557018280469, 1.2342242649810062, 1.2237887670989183, 1.2024719385051554, 1.1683494564476475, 1.1209804563145411, 1.0641864095586187, 1.0060459133312794, 0.9532511141139249, 0.9061855733604336, 0.8609784899247567, 0.8149444371036445, 0.7688301629293337, 0.7250172049265187, 0.6849952655884287, 0.6485908463675221, 0.614711493642335, 0.5819063189966645, 0.5481201736622267, 0.5109147927373288, 0.46912186864748573, 0.4243765696164173, 0.380299082902264, 0.3400878561985493, 0.30508847722458093, 0.27476330562010365, 0.24714293119182923, 0.21990579291362883, 0.19185046959620822, 0.16337805466592129, 0.13579201617237974, 0.1105149014499517, 0.08854903917117338, 0.07006770761541449, 0.054595569047217324, 0.04176081248873996, 0.031634184164263536, 0.02423593968919474, 0.019039836742419013, 0.015153006231202738, 0.011827696350183037, 0.008761420641195974, 0.006057421099278583, 0.003943751892810338, 0.0024892012376791246, 0.00155297436010042]]}