{"output": [[-38.44068227183039, -37.208537113107454, -35.97639195438451, -34.744246795661574, -33.51210163693863, -32.279956478215695, -31.04781131949275, -29.815666160769815, -28.583521002046872, -27.351375843323936, -26.119230684600993, -24.887085525878057, -23.654940367155117, -22.422795208432177, -21.190650049709237, -19.958504890986298, -18.726359732263358, -17.494214573540418, -16.26206941481748, -15.029924256094539, -13.797779097371599, -12.56563393864866, -11.33348877992572, -10.10134362120278, -8.869198462479844, -7.637053303756904, -6.404908145033964, -5.172762986311021, -3.9406178275880848, -2.7084726688651415, -1.4763275101422053, -0.24418235141926203, 0.9879628073036741, 2.2201079660266103, 3.4522531247495536, 4.68439828347249, 5.916543442195433, 7.148688600918369, 8.380833759641312, 9.612978918364249, 10.845124077087192, 12.077269235810128, 13.309414394533071, 14.541559553256008, 15.77370471197895, 17.005849870701887, 18.23799502942483, 19.470140188147766, 20.702285346870703, 21.934430505593646, 23.166575664316582, 24.398720823039525, 25.63086598176246, 26.863011140485405, 28.095156299208348, 29.327301457931277, 30.55944661665422, 31.791591775377164, 33.02373693410011, 34.255882092823036, 35.48802725154598, 36.72017241026892, 37.952317568991866, 39.184462727714795, 40.41660788643774, 41.64875304516068, 42.88089820388361, 44.113043362606554, 45.3451885213295, 46.57733368005244, 47.80947883877537, 49.04162399749831, 50.273769156221256, 51.5059143149442, 52.73805947366713, 53.97020463239007, 55.202349791113015, 56.43449494983596, 57.66664010855889, 58.89878526728183, 60.130930426004774, 61.3630755847277, 62.595220743450646, 63.82736590217359, 65.05951106089654, 66.29165621961945, 67.5238013783424, 68.75594653706534, 69.98809169578828, 71.22023685451123, 72.45238201323417, 73.68452717195711, 74.91667233068006, 76.14881748940297, 77.38096264812592, 78.61310780684886, 79.8452529655718, 81.07739812429475, 82.30954328301769, 83.54168844174062]], "PDF": [[2.5311227696466617e-05, 1.8647005817061957e-05, 7.455843665213001e-06, 1.6179916318463922e-06, 1.9056693240645448e-07, 1.2181976950988442e-08, 4.4108625599533515e-10, 9.389563708491325e-10, 2.596990186486136e-08, 4.031415528223594e-07, 3.5183677183311637e-06, 1.761508349798718e-05, 5.3332638398737144e-05, 0.00011291312246580995, 0.00021653391692783976, 0.0004154952085613852, 0.0006885015950446015, 0.0009357317037162295, 0.0011622616197616649, 0.0014668166479010517, 0.0018388055065206624, 0.0021915336407662606, 0.0025036619822939514, 0.0027482676830975416, 0.002928828528463267, 0.0031596462548740874, 0.0035014778760058705, 0.003998670377075769, 0.005133220921831786, 0.007848628712164598, 0.012400944394741467, 0.01726217941599993, 0.02074386899698295, 0.022897082779086232, 0.024512387391600388, 0.026068963304330325, 0.02869252023851893, 0.03494699619680436, 0.04580774996565664, 0.05896740854322155, 0.0734484581463674, 0.08983667197140867, 0.10112556739968878, 0.09302928998509695, 0.06455424590967493, 0.0334894993590867, 0.013796505344200884, 0.005059315771561966, 0.0017868488001099214, 0.0005877673355979477, 0.00018428629961158893, 8.674879876889975e-05, 8.716637102894297e-05, 0.00010284945831112449, 0.00010670149711791382, 9.271079522764877e-05, 7.462650425999559e-05, 8.558186288198333e-05, 0.0001313283956789104, 0.00014925619825276418, 0.00010233081616489743, 5.1012207608030667e-05, 4.3011681757545626e-05, 5.0952501136396394e-05, 3.941148367108312e-05, 1.8684126347585778e-05, 1.2190184488240386e-05, 2.0080347397593013e-05, 2.529534072914375e-05, 1.76978250700447e-05, 6.728967886392986e-06, 1.3886720762837326e-06, 1.55540849500759e-07, 9.455426404775178e-09, 3.1196765435494285e-10, 5.586371429138128e-12, 5.4292749958050685e-14, 2.863819634201834e-16, 8.198629790342919e-19, 1.2738804759215673e-21, 1.0742562223008643e-24, 4.916758366950387e-28, 1.2213542397517946e-31, 1.6469005361898698e-35, 3.506748692204987e-35, 2.4734819705043275e-31, 9.469336891879618e-28, 1.9675336908070382e-24, 2.218791935907403e-21, 1.3580093843859064e-18, 4.511082343684654e-16, 8.132995450440053e-14, 7.958149533944666e-12, 4.226349928705573e-10, 1.2181775759408107e-08, 1.9056693120382083e-07, 1.6179916318424632e-06, 7.4558436652130535e-06, 1.8647005817062025e-05, 2.5311227696466617e-05]]}