{"S_Ks": [[0.6966796585386947]], "S_Q": [[0.3077540996222644]], "S_T_Ks": [[0.694007017270102]], "S_T_Q": [[0.29248183631399727]]}