{"S_Ks": [[0.21161964727414684]], "S_Q": [[0.24813541515890572]], "S_T_Ks": [[0.6942178717305528]], "S_T_Q": [[0.8304471324798812]]}