{"S_min_Ks": [[0.6899560452472598]], "S_min_Q": [[0.2587824608297085]], "S_Ks": [[0.7188061217299792]], "S_Q": [[0.2792970791710162]], "S_max_Ks": [[0.7446437422967022]], "S_max_Q": [[0.29427644622821014]], "S_T_min_Ks": [[0.683969734895681]], "S_T_min_Q": [[0.24236521581721365]], "S_T_Ks": [[0.7150709158573259]], "S_T_Q": [[0.2692545510933361]], "S_T_max_Ks": [[0.7430529946641992]], "S_T_max_Q": [[0.2917529460439874]]}