{"S_min_Ks": [[0.6690894201934494]], "S_min_Q": [[0.28297397393293744]], "S_Ks": [[0.6966796585386947]], "S_Q": [[0.3077540996222644]], "S_max_Ks": [[0.7281251645029917]], "S_max_Q": [[0.3269704323014911]], "S_T_min_Ks": [[0.6574854599458207]], "S_T_min_Q": [[0.26066251621680214]], "S_T_Ks": [[0.694007017270102]], "S_T_Q": [[0.29248183631399727]], "S_T_max_Ks": [[0.730253398042545]], "S_T_max_Q": [[0.3182296906174031]]}