{"S_Ks": [[0.7188061217299792]], "S_Q": [[0.2792970791710162]], "S_T_Ks": [[0.7150709158573259]], "S_T_Q": [[0.2692545510933361]]}