{"S_min_Ks": [[0.6932327328545347]], "S_min_Q": [[0.26264348143783234]], "S_Ks": [[0.7244711988934635]], "S_Q": [[0.2819442810623369]], "S_max_Ks": [[0.7570793108526207]], "S_max_Q": [[0.2991765928751691]], "S_T_min_Ks": [[0.6686900765428946]], "S_T_min_Q": [[0.2529065571439762]], "S_T_Ks": [[0.7092170260763406]], "S_T_Q": [[0.2792970302951972]], "S_T_max_Ks": [[0.745331442340133]], "S_T_max_Q": [[0.305719552999537]]}