{"S_min_Ks": [[0.12757568395632402]], "S_min_Q": [[0.06998089066943752]], "S_Ks": [[0.21161964727414684]], "S_Q": [[0.24813541515890572]], "S_max_Ks": [[0.26766728402993245]], "S_max_Q": [[0.3810590463862293]], "S_T_min_Ks": [[0.4471087416411934]], "S_T_min_Q": [[0.6169469347027567]], "S_T_Ks": [[0.6942178717305528]], "S_T_Q": [[0.8304471324798812]], "S_T_max_Ks": [[0.9317613940597869]], "S_T_max_Q": [[0.9950569402707237]]}