{"S_min_Ks": [[0.21410724086907673]], "S_min_Q": [[0.007330353993639627]], "S_Ks": [[0.2402524788961262]], "S_Q": [[0.10414850418522083]], "S_max_Ks": [[0.276605344141581]], "S_max_Q": [[0.23187993877310525]], "S_T_min_Ks": [[0.6887878591874612]], "S_T_min_Q": [[0.7124672613877623]], "S_T_Ks": [[0.7739940490220116]], "S_T_Q": [[0.7752000432600451]], "S_T_max_Ks": [[0.8701445393367424]], "S_T_max_Q": [[0.8605192350311629]]}