{"S_Ks": [[0.7244711988934635]], "S_Q": [[0.2819442810623369]], "S_T_Ks": [[0.7092170260763406]], "S_T_Q": [[0.2792970302951972]]}