{"S_Ks": [[0.2402524788961262]], "S_Q": [[0.10414850418522083]], "S_T_Ks": [[0.7739940490220116]], "S_T_Q": [[0.7752000432600451]]}