{"Min": [[14.64806618676616]], "SD_min": [[18.445086710240016]], "Mean": [[20.11152311503769]], "SD_max": [[21.777959519835367]], "Max": [[22.598661723838]]}