{"output": [[14.64806618676616, 14.728375232595168, 14.808684278424177, 14.888993324253185, 14.969302370082193, 15.049611415911203, 15.12992046174021, 15.210229507569219, 15.290538553398228, 15.370847599227236, 15.451156645056244, 15.531465690885254, 15.611774736714262, 15.69208378254327, 15.77239282837228, 15.852701874201287, 15.933010920030295, 16.013319965859303, 16.093629011688314, 16.173938057517322, 16.25424710334633, 16.334556149175338, 16.414865195004346, 16.495174240833354, 16.57548328666236, 16.655792332491373, 16.73610137832038, 16.81641042414939, 16.896719469978397, 16.977028515807405, 17.057337561636416, 17.137646607465424, 17.217955653294432, 17.29826469912344, 17.378573744952448, 17.458882790781455, 17.539191836610463, 17.619500882439475, 17.699809928268483, 17.78011897409749, 17.8604280199265, 17.940737065755506, 18.021046111584518, 18.101355157413526, 18.181664203242534, 18.26197324907154, 18.34228229490055, 18.422591340729557, 18.502900386558565, 18.583209432387576, 18.663518478216584, 18.743827524045592, 18.8241365698746, 18.904445615703608, 18.98475466153262, 19.065063707361627, 19.145372753190635, 19.225681799019643, 19.30599084484865, 19.386299890677662, 19.466608936506667, 19.54691798233568, 19.627227028164686, 19.707536073993694, 19.787845119822702, 19.86815416565171, 19.94846321148072, 20.02877225730973, 20.109081303138737, 20.189390348967745, 20.269699394796753, 20.350008440625764, 20.43031748645477, 20.51062653228378, 20.590935578112788, 20.671244623941796, 20.751553669770804, 20.83186271559981, 20.912171761428823, 20.99248080725783, 21.07278985308684, 21.153098898915847, 21.233407944744854, 21.313716990573866, 21.39402603640287, 21.47433508223188, 21.55464412806089, 21.634953173889897, 21.715262219718905, 21.795571265547913, 21.875880311376925, 21.956189357205933, 22.03649840303494, 22.11680744886395, 22.197116494692956, 22.277425540521968, 22.357734586350972, 22.438043632179983, 22.51835267800899, 22.598661723838]], "PDF": [[0.001727236019157662, 0.002904742019933266, 0.004446048639599175, 0.006251261897268923, 0.008193952168510843, 0.01018378494947286, 0.01218020096882608, 0.01417333336265521, 0.016161722348933805, 0.018139305354115266, 0.020112600102098845, 0.022144037263184684, 0.024364088847016577, 0.026906204834349814, 0.029795054483257036, 0.03288110326865224, 0.035902601547789556, 0.038637341255273384, 0.0409831233421779, 0.04290429546819295, 0.04438970245015869, 0.04547258983152353, 0.04616130607047291, 0.04635069989508503, 0.04600803573761791, 0.04550783871561202, 0.04557621618295397, 0.046746085765511855, 0.04891072555778302, 0.051469128736042855, 0.05387344430687401, 0.05601975637642102, 0.05818304529738817, 0.06065878840146708, 0.06347168698466206, 0.06636034393438392, 0.06896067747400562, 0.0709993660334026, 0.07242838040933508, 0.07347141828263752, 0.07446374148011879, 0.07554627064091493, 0.07658634493770036, 0.07747900008244558, 0.07844592503040557, 0.07997438858232701, 0.08251189137991667, 0.08617425379975192, 0.09061184538559665, 0.0951772002479475, 0.09934816056795288, 0.10302889130440185, 0.10650055895468848, 0.11020931420832944, 0.11455167828637007, 0.11962792139367405, 0.12508880009803883, 0.13028463339947796, 0.13467406456745024, 0.13825882759730432, 0.14172689671434346, 0.14602642735063093, 0.15161220586864468, 0.15810693743215692, 0.16470773547255496, 0.17087022743913727, 0.17670359662447604, 0.18288598946693913, 0.1901238335422462, 0.19847367382014558, 0.20722157507781314, 0.21566086060686784, 0.22406694466244587, 0.2338049977103917, 0.24648114871152021, 0.2630420559435737, 0.2833925851385563, 0.30630248297836027, 0.32944377094899996, 0.34976857958777474, 0.3642811908154122, 0.37098876714033857, 0.36962623094551533, 0.36155433989866265, 0.34870011920789035, 0.33246899208982583, 0.31362351408647837, 0.29291391980098425, 0.2714961306645403, 0.2506486171941375, 0.2310772660814629, 0.21236524229620435, 0.1929512951428839, 0.17087148420882114, 0.145157447862601, 0.11689282059402938, 0.08875585625780967, 0.06340189651023571, 0.04232401846865133, 0.025964765936131378]]}