{"S_Ks": [[0.13540417015743597]], "S_Q": [[0.855860174930691]], "S_T_Ks": [[0.13830931311891262]], "S_T_Q": [[0.8854284132452749]]}