{"S_min_Ks": [[0.125551985192433]], "S_min_Q": [[0.8231840624995269]], "S_Ks": [[0.13540417015743597]], "S_Q": [[0.855860174930691]], "S_max_Ks": [[0.1486103465119346]], "S_max_Q": [[0.9004351674054286]], "S_T_min_Ks": [[0.11295403930403591]], "S_T_min_Q": [[0.8501080991945185]], "S_T_Ks": [[0.13830931311891262]], "S_T_Q": [[0.8854284132452749]], "S_T_max_Ks": [[0.165936504918059]], "S_T_max_Q": [[0.9270973744113928]]}