{"Min": [[17.280799737876762]], "SD_min": [[18.88848585542809]], "Mean": [[19.811561872585266]], "SD_max": [[20.73463788974244]], "Max": [[21.873623022602445]]}