{"output": [[17.280799737876762, 17.32719189226793, 17.3735840466591, 17.419976201050268, 17.466368355441436, 17.512760509832606, 17.559152664223774, 17.60554481861494, 17.65193697300611, 17.69832912739728, 17.744721281788447, 17.791113436179614, 17.837505590570785, 17.883897744961953, 17.93028989935312, 17.97668205374429, 18.02307420813546, 18.069466362526626, 18.115858516917797, 18.162250671308964, 18.20864282570013, 18.255034980091303, 18.30142713448247, 18.347819288873637, 18.39421144326481, 18.440603597655976, 18.486995752047143, 18.53338790643831, 18.57978006082948, 18.62617221522065, 18.672564369611816, 18.718956524002987, 18.765348678394155, 18.811740832785322, 18.858132987176493, 18.90452514156766, 18.950917295958828, 18.99730945035, 19.043701604741166, 19.090093759132333, 19.1364859135235, 19.18287806791467, 19.22927022230584, 19.275662376697007, 19.322054531088177, 19.368446685479345, 19.414838839870512, 19.461230994261683, 19.50762314865285, 19.554015303044018, 19.60040745743519, 19.646799611826356, 19.693191766217524, 19.739583920608695, 19.785976074999862, 19.83236822939103, 19.8787603837822, 19.925152538173368, 19.971544692564535, 20.017936846955706, 20.064329001346874, 20.11072115573804, 20.15711331012921, 20.20350546452038, 20.249897618911547, 20.296289773302714, 20.342681927693885, 20.389074082085052, 20.43546623647622, 20.481858390867387, 20.528250545258558, 20.574642699649726, 20.621034854040893, 20.667427008432064, 20.71381916282323, 20.7602113172144, 20.80660347160557, 20.852995625996737, 20.899387780387904, 20.945779934779075, 20.992172089170243, 21.03856424356141, 21.08495639795258, 21.13134855234375, 21.177740706734916, 21.224132861126087, 21.270525015517254, 21.31691716990842, 21.363309324299593, 21.40970147869076, 21.456093633081927, 21.5024857874731, 21.548877941864266, 21.595270096255433, 21.641662250646604, 21.68805440503777, 21.73444655942894, 21.780838713820106, 21.827230868211274, 21.873623022602445]], "PDF": [[0.007935573132436305, 0.012449121598719309, 0.017580067981053805, 0.022881524339801326, 0.027951564114577963, 0.032528928425078325, 0.03663984927589106, 0.04067788494351645, 0.04522280568275441, 0.050602926529689805, 0.05658333713559732, 0.06256708330007688, 0.06811669901569738, 0.0731923352038369, 0.07793784608754498, 0.08253527367352365, 0.08740712397746872, 0.0932096028952794, 0.10028467302679267, 0.1083221779769659, 0.11678878176754948, 0.1253144576897239, 0.1333258226642564, 0.13989360043607854, 0.14475958491326035, 0.1492611402454873, 0.15542438311714854, 0.1641050998807735, 0.1743534237665491, 0.18437050329281646, 0.19292309914672842, 0.20021636914726193, 0.20752590019542094, 0.21587031069404558, 0.22540611445169384, 0.23620919539458296, 0.24864706798027975, 0.26218931093285675, 0.2746179015227098, 0.2836449596026389, 0.2893488988850043, 0.29432112269125177, 0.3013177247746029, 0.3112179025558488, 0.3233009724160165, 0.3367682333814553, 0.3513571057760312, 0.3667466827228437, 0.3818316342280724, 0.39445612823344983, 0.40193462193396445, 0.40275453079934526, 0.3986174878054803, 0.3946449407525824, 0.39669521223592896, 0.4074792911033605, 0.42440436387293473, 0.4408675041952403, 0.45029662353686795, 0.4499719357278688, 0.4416429938462493, 0.42907812246019456, 0.41539176948716827, 0.40203502434656185, 0.38906352489318347, 0.37591941801423456, 0.3625230019958219, 0.3499700903639631, 0.3397694636701202, 0.3322068875943387, 0.32591174985893395, 0.31916745409265324, 0.31117549928328253, 0.3019280946674486, 0.291455091022519, 0.27980486143734556, 0.26771148137177103, 0.2565225149405749, 0.24688279767836682, 0.23796480880139664, 0.2285853163614324, 0.21853003808811153, 0.2081933541443282, 0.19759156745723472, 0.18649182536727332, 0.1751072274610524, 0.16399881150876408, 0.15331373445047924, 0.14239391231185466, 0.13028392959684934, 0.11675707121071176, 0.1027723380869102, 0.08960443859476738, 0.07749152126577723, 0.06549861590466718, 0.052797221341786285, 0.03974536967645644, 0.02762110729636909, 0.01761542635978054, 0.01022453341299265]]}