{"S_Ks": [[0.5204276509873801]], "S_Q": [[0.4761741247990933]], "S_T_Ks": [[0.5261654567660935]], "S_T_Q": [[0.4743736157797877]]}