{"S_min_Ks": [[0.493771144082378]], "S_min_Q": [[0.4571834541272495]], "S_Ks": [[0.5204276509873801]], "S_Q": [[0.4761741247990933]], "S_max_Ks": [[0.5410306299015402]], "S_max_Q": [[0.49818520671017763]], "S_T_min_Ks": [[0.49720915176818903]], "S_T_min_Q": [[0.44836862054185256]], "S_T_Ks": [[0.5261654567660935]], "S_T_Q": [[0.4743736157797877]], "S_T_max_Ks": [[0.5547704677176719]], "S_T_max_Q": [[0.5122181897771725]]}