{"Min": [[6.810807703646834]], "SD_min": [[8.972858321943836]], "Mean": [[10.18862063618032]], "SD_max": [[11.404382950416803]], "Max": [[14.090716634352294]]}