{"Min": [[5.439646032366618]], "SD_min": [[10.70237515972322]], "Mean": [[12.156301915595671]], "SD_max": [[13.610228671468123]], "Max": [[14.228349934199791]]}