{"Min": [[6.01905700451216]], "SD_min": [[9.65618881554671]], "Mean": [[11.05025192393844]], "SD_max": [[12.44431503233017]], "Max": [[14.038797733044301]]}