{"Min": [[6.81080772473938]], "SD_min": [[8.972858323247287]], "Mean": [[10.188620638411216]], "SD_max": [[11.404382953575144]], "Max": [[14.090716610391201]]}