{"Min": [[6.810807818599233]], "SD_min": [[8.972858334428523]], "Mean": [[10.188620664041224]], "SD_max": [[11.404382993653925]], "Max": [[14.090716490025489]]}