{"output": [[6.810807703646834, 6.884342137290323, 6.957876570933813, 7.031411004577302, 7.104945438220792, 7.1784798718642815, 7.252014305507771, 7.325548739151261, 7.39908317279475, 7.47261760643824, 7.546152040081728, 7.619686473725218, 7.6932209073687075, 7.766755341012197, 7.8402897746556865, 7.913824208299176, 7.987358641942666, 8.060893075586154, 8.134427509229646, 8.207961942873133, 8.281496376516623, 8.355030810160113, 8.428565243803602, 8.502099677447092, 8.575634111090581, 8.64916854473407, 8.72270297837756, 8.79623741202105, 8.86977184566454, 8.943306279308029, 9.016840712951518, 9.090375146595008, 9.163909580238498, 9.237444013881987, 9.310978447525477, 9.384512881168966, 9.458047314812456, 9.531581748455945, 9.605116182099435, 9.678650615742924, 9.752185049386414, 9.825719483029904, 9.899253916673393, 9.972788350316883, 10.04632278396037, 10.119857217603862, 10.19339165124735, 10.26692608489084, 10.340460518534329, 10.41399495217782, 10.487529385821308, 10.561063819464799, 10.634598253108287, 10.708132686751776, 10.781667120395266, 10.855201554038757, 10.928735987682245, 11.002270421325735, 11.075804854969224, 11.149339288612714, 11.222873722256203, 11.296408155899693, 11.369942589543182, 11.443477023186672, 11.517011456830161, 11.590545890473651, 11.66408032411714, 11.73761475776063, 11.81114919140412, 11.88468362504761, 11.958218058691099, 12.031752492334588, 12.105286925978078, 12.178821359621566, 12.252355793265057, 12.325890226908545, 12.399424660552036, 12.472959094195524, 12.546493527839015, 12.620027961482503, 12.693562395125994, 12.767096828769482, 12.840631262412973, 12.914165696056461, 12.987700129699952, 13.06123456334344, 13.134768996986931, 13.20830343063042, 13.281837864273909, 13.355372297917398, 13.428906731560888, 13.502441165204377, 13.575975598847867, 13.649510032491357, 13.723044466134846, 13.796578899778336, 13.870113333421825, 13.943647767065315, 14.017182200708804, 14.090716634352294]], "PDF": [[0.0008693490119703713, 0.001199320561622963, 0.0015506213642819673, 0.002129497945448665, 0.003323306657508914, 0.005417722850483051, 0.008255068707515483, 0.011265199695677913, 0.013908266355107578, 0.016085396930041587, 0.01821234362871899, 0.021027646411886338, 0.02530224978807537, 0.03156222191849549, 0.03984642867964203, 0.049562133180551984, 0.05968829934132696, 0.0694196061592775, 0.07886062278257654, 0.08912299256099074, 0.10146838693812928, 0.1161181035438641, 0.1320894423520162, 0.14839230655643215, 0.16512025077471928, 0.18308697957008835, 0.2025311013575556, 0.2224166865204695, 0.24104663992916267, 0.2572471615188396, 0.27080806891864645, 0.28186790613866647, 0.2902575968445394, 0.2957160380291578, 0.2985340924672003, 0.2994588567151739, 0.2990331673228256, 0.29782747177945096, 0.2971891342118395, 0.29844021281279026, 0.30110706051891334, 0.3030684488354679, 0.30271526325872933, 0.30024955261521696, 0.2968735164194741, 0.29341093238961913, 0.2897505734354981, 0.2850230565142164, 0.27830893925002903, 0.26972489875454186, 0.260808148961973, 0.2534390424049346, 0.24847131682182227, 0.24547295188238513, 0.24326621480615293, 0.24048191823860576, 0.2361525268030645, 0.23034441457151975, 0.22422751337212085, 0.21907789410228753, 0.21473733485780494, 0.20922800537680072, 0.2005599865119091, 0.1889967620681476, 0.17701995037900306, 0.16702056673794016, 0.15944474692835556, 0.1531477643585812, 0.14688769466887971, 0.14007376269951854, 0.13249320324628253, 0.12399232852541366, 0.11464113287374277, 0.10495438182003645, 0.09558045281951072, 0.08675361471302975, 0.07841115484190297, 0.0707700529897426, 0.06416888618804671, 0.058338464690733234, 0.05247173486775137, 0.046113957750346, 0.03961680608427478, 0.03371940105763415, 0.02887229666515165, 0.02492506532439949, 0.021395975210330244, 0.01803891411012236, 0.015038762465994655, 0.012617439275389872, 0.010704449512979608, 0.009128217939039921, 0.00783302196235188, 0.006721363694982976, 0.005551706884835457, 0.004189462813605818, 0.0028006783162463048, 0.0016769075286659958, 0.000955215337419266, 0.0005589546514704794]]}