{"output": [[6.810807818599233, 6.8843422496237405, 6.957876680648249, 7.031411111672757, 7.104945542697264, 7.178479973721771, 7.252014404746279, 7.325548835770787, 7.399083266795294, 7.472617697819802, 7.54615212884431, 7.619686559868818, 7.693220990893325, 7.766755421917832, 7.84028985294234, 7.913824283966848, 7.987358714991355, 8.060893146015863, 8.13442757704037, 8.207962008064879, 8.281496439089386, 8.355030870113893, 8.428565301138402, 8.50209973216291, 8.575634163187416, 8.649168594211924, 8.72270302523643, 8.79623745626094, 8.869771887285447, 8.943306318309954, 9.016840749334463, 9.09037518035897, 9.163909611383477, 9.237444042407985, 9.310978473432492, 9.384512904457, 9.458047335481508, 9.531581766506015, 9.605116197530524, 9.678650628555031, 9.752185059579539, 9.825719490604046, 9.899253921628553, 9.972788352653062, 10.046322783677569, 10.119857214702076, 10.193391645726585, 10.266926076751092, 10.3404605077756, 10.413994938800107, 10.487529369824614, 10.561063800849123, 10.63459823187363, 10.708132662898137, 10.781667093922646, 10.855201524947153, 10.92873595597166, 11.002270386996168, 11.075804818020675, 11.149339249045184, 11.222873680069691, 11.296408111094198, 11.369942542118707, 11.443476973143214, 11.517011404167722, 11.590545835192229, 11.664080266216736, 11.737614697241245, 11.811149128265752, 11.88468355929026, 11.958217990314768, 12.031752421339275, 12.105286852363783, 12.17882128338829, 12.252355714412797, 12.325890145437306, 12.399424576461813, 12.47295900748632, 12.54649343851083, 12.620027869535337, 12.693562300559844, 12.76709673158435, 12.840631162608858, 12.914165593633367, 12.987700024657874, 13.061234455682381, 13.13476888670689, 13.208303317731398, 13.281837748755905, 13.355372179780412, 13.428906610804919, 13.502441041829428, 13.575975472853935, 13.649509903878442, 13.723044334902951, 13.796578765927459, 13.870113196951966, 13.943647627976473, 14.01718205900098, 14.090716490025489]], "PDF": [[0.0008693491699312948, 0.0011993207806828099, 0.001550619752426351, 0.0021294926832269856, 0.003323298828777482, 0.0054177170590176, 0.008255069064485778, 0.011265205582174646, 0.01390827315152488, 0.016085399684631446, 0.01821233956809573, 0.021027635732939445, 0.025302235328192434, 0.031562208666907336, 0.039846422828931895, 0.049562138598159, 0.05968831326140862, 0.06941961910515858, 0.07886062476516717, 0.08912298264306778, 0.1014683763275189, 0.11611810435817324, 0.13208945337321665, 0.1483923153435109, 0.16512024972525102, 0.1830869752649965, 0.20253110746272285, 0.22241670954193646, 0.24104667336953067, 0.2572471946765082, 0.270808098638239, 0.2818679364997423, 0.2902576289681974, 0.2957160657080386, 0.2985341111963166, 0.2994588700929559, 0.2990331757013055, 0.2978274654073409, 0.2971891118209215, 0.2984401938201835, 0.30110706308020474, 0.3030684669240647, 0.30271527699209017, 0.3002495521556364, 0.29687350742590435, 0.29341092572265565, 0.2897505769069666, 0.2850230698504188, 0.27830895066254024, 0.2697248928777718, 0.26080812244698365, 0.2534390060019599, 0.2484712830419238, 0.24547292819127411, 0.24326620513938083, 0.24048192152593323, 0.23615253411681345, 0.23034441401691053, 0.22422750215674334, 0.21907788592454955, 0.21473734901791983, 0.20922804346887697, 0.200560026411254, 0.18899678108620338, 0.17701994854310463, 0.16702056233180973, 0.1594447544214487, 0.15314778345316968, 0.1468877186931758, 0.1400737891407505, 0.13249323319934916, 0.12399236027558132, 0.11464116031307925, 0.1049544008436765, 0.09558046655371846, 0.08675362749934544, 0.07841116504787748, 0.0707700592783825, 0.06416889472500537, 0.058338481408832604, 0.052471756100904786, 0.0461139744451171, 0.0396168132889868, 0.03371940116347115, 0.028872296124844495, 0.02492506840741961, 0.021395979956624362, 0.018038915787339044, 0.015038760500931487, 0.012617437139319938, 0.010704448709607833, 0.009128217280820463, 0.00783302182388174, 0.006721365669350734, 0.005551709951685801, 0.004189463919317301, 0.0028006762672844092, 0.0016769039902547354, 0.0009552124886396486, 0.0005589532133189683]]}