{"output": [[6.01905700451216, 6.100064486618545, 6.18107196872493, 6.262079450831315, 6.343086932937701, 6.424094415044086, 6.505101897150471, 6.586109379256857, 6.667116861363242, 6.748124343469627, 6.829131825576012, 6.910139307682398, 6.9911467897887825, 7.072154271895168, 7.1531617540015535, 7.234169236107938, 7.315176718214324, 7.396184200320709, 7.477191682427095, 7.558199164533479, 7.639206646639865, 7.7202141287462505, 7.801221610852636, 7.882229092959021, 7.963236575065406, 8.044244057171792, 8.125251539278176, 8.206259021384561, 8.287266503490947, 8.368273985597332, 8.449281467703717, 8.530288949810103, 8.611296431916488, 8.692303914022872, 8.773311396129259, 8.854318878235643, 8.93532636034203, 9.016333842448415, 9.0973413245548, 9.178348806661186, 9.25935628876757, 9.340363770873957, 9.421371252980341, 9.502378735086726, 9.583386217193112, 9.664393699299497, 9.745401181405882, 9.826408663512268, 9.907416145618653, 9.988423627725037, 10.069431109831424, 10.150438591937808, 10.231446074044193, 10.31245355615058, 10.393461038256964, 10.474468520363349, 10.555476002469735, 10.63648348457612, 10.717490966682504, 10.79849844878889, 10.879505930895276, 10.96051341300166, 11.041520895108047, 11.122528377214431, 11.203535859320816, 11.284543341427202, 11.365550823533587, 11.446558305639972, 11.527565787746358, 11.608573269852744, 11.689580751959127, 11.770588234065514, 11.8515957161719, 11.932603198278283, 12.01361068038467, 12.094618162491056, 12.175625644597439, 12.256633126703825, 12.337640608810212, 12.418648090916596, 12.49965557302298, 12.580663055129367, 12.661670537235752, 12.742678019342137, 12.823685501448523, 12.904692983554908, 12.985700465661292, 13.066707947767679, 13.147715429874063, 13.228722911980448, 13.309730394086834, 13.390737876193219, 13.471745358299604, 13.55275284040599, 13.633760322512375, 13.71476780461876, 13.795775286725146, 13.87678276883153, 13.957790250937915, 14.038797733044301]], "PDF": [[0.0002875750085220781, 0.00027273039431679905, 0.00024263378361970295, 0.00025247946108988313, 0.0002864770383714691, 0.00028495576959790573, 0.0002388462627773155, 0.00021317902046147044, 0.0002796177405712856, 0.0004746204848530182, 0.0008277104886224083, 0.0013451899402506136, 0.0019196743223581128, 0.002396607974890452, 0.0028447648001593993, 0.003627983701354454, 0.005121813023663997, 0.0074484596798658955, 0.01044773111956123, 0.013746590573374086, 0.016897008591195962, 0.01964828423368965, 0.022179333945268002, 0.025085530377244793, 0.028981097656773116, 0.03379042313349095, 0.03859800943357377, 0.04260242101184545, 0.0460343519564421, 0.049852700378283724, 0.05471604211253799, 0.06058387538174985, 0.06737594438937594, 0.07549286496557106, 0.08525362097245634, 0.09628542157656599, 0.10788721569700324, 0.11944426960809773, 0.1301229602208176, 0.13894541803688448, 0.1458052481359113, 0.15203695510234488, 0.15963272211156398, 0.16957730856228234, 0.18051755535024347, 0.18970102801337763, 0.19592441118428336, 0.2007728633346838, 0.20640484351056781, 0.21310199173446115, 0.21961259363461275, 0.22491593781478988, 0.2288499187627747, 0.23161850569570744, 0.23353957412810247, 0.23533615130485136, 0.23785279613911597, 0.24083837089621776, 0.24281656620798547, 0.2427863885306178, 0.24115993148522324, 0.23903435844943904, 0.23756392344397625, 0.2375890493894851, 0.23905131867910126, 0.2411124333990249, 0.2428599792202043, 0.24328273419965224, 0.24121364517355495, 0.23646952256263332, 0.23035947101422558, 0.22440785373511518, 0.21942833093160644, 0.21546197934801867, 0.21163840000612855, 0.20692674923574883, 0.20160902583319643, 0.19730736227367657, 0.1954251815885647, 0.1960179353788819, 0.19815296741288743, 0.20073125879955314, 0.20248898346217148, 0.2019273058072332, 0.19827057197390643, 0.19220600311608924, 0.18492369974672818, 0.17652049553768098, 0.16574270694021856, 0.151208985643147, 0.13265093057036967, 0.11107162666434499, 0.08808457468801004, 0.0654802598221577, 0.04524451806506513, 0.029119251751398737, 0.017695148148726872, 0.01026021761245444, 0.005619650242461162, 0.0028229576251496743]]}