{"output": [[5.439646032366618, 5.528420819253822, 5.617195606141025, 5.705970393028229, 5.794745179915433, 5.883519966802637, 5.97229475368984, 6.061069540577044, 6.149844327464248, 6.238619114351452, 6.327393901238655, 6.416168688125859, 6.504943475013063, 6.593718261900267, 6.682493048787471, 6.771267835674674, 6.860042622561878, 6.948817409449082, 7.037592196336286, 7.126366983223489, 7.215141770110693, 7.303916556997897, 7.392691343885101, 7.481466130772304, 7.5702409176595085, 7.659015704546713, 7.747790491433916, 7.836565278321119, 7.9253400652083235, 8.014114852095528, 8.102889638982731, 8.191664425869934, 8.280439212757138, 8.369213999644343, 8.457988786531546, 8.54676357341875, 8.635538360305954, 8.724313147193158, 8.813087934080361, 8.901862720967564, 8.990637507854768, 9.079412294741973, 9.168187081629176, 9.256961868516381, 9.345736655403584, 9.434511442290788, 9.523286229177991, 9.612061016065194, 9.7008358029524, 9.789610589839603, 9.878385376726808, 9.967160163614011, 10.055934950501214, 10.144709737388418, 10.233484524275621, 10.322259311162824, 10.41103409805003, 10.499808884937233, 10.588583671824438, 10.677358458711641, 10.766133245598844, 10.854908032486048, 10.943682819373251, 11.032457606260454, 11.12123239314766, 11.210007180034864, 11.298781966922068, 11.387556753809271, 11.476331540696474, 11.565106327583678, 11.653881114470881, 11.742655901358086, 11.83143068824529, 11.920205475132494, 12.008980262019698, 12.097755048906901, 12.186529835794104, 12.275304622681308, 12.364079409568511, 12.452854196455716, 12.54162898334292, 12.630403770230124, 12.719178557117328, 12.807953344004531, 12.896728130891734, 12.985502917778938, 13.074277704666143, 13.163052491553346, 13.251827278440551, 13.340602065327754, 13.429376852214958, 13.518151639102161, 13.606926425989364, 13.69570121287657, 13.784475999763773, 13.873250786650976, 13.962025573538181, 14.050800360425384, 14.139575147312588, 14.228349934199791]], "PDF": [[0.0003690234188051879, 0.0004522494565617813, 0.0005537141621345138, 0.0007454016794158173, 0.0010375187547264726, 0.0013067984666254417, 0.0013842626835839378, 0.0012899403387178169, 0.0012793226207657203, 0.0015951109946366342, 0.00222173981166796, 0.0028864364531214453, 0.0033218645198386603, 0.0035531764248966755, 0.00385702553879564, 0.004468270393227129, 0.005402885420188009, 0.006444667018150897, 0.007339967069458862, 0.008161731612764902, 0.009184952289411956, 0.010251681068134583, 0.010809790111144758, 0.01071043212012766, 0.010383965760330021, 0.010274322803505901, 0.010619823868723397, 0.011548670072215172, 0.012993573067454287, 0.014764541931913393, 0.01688018847740385, 0.019446451136047125, 0.022069546819350645, 0.024136053343442328, 0.02581300515487666, 0.027797655603747827, 0.030199122877476593, 0.032475607194540144, 0.03417970589350446, 0.03541362358879227, 0.03666103299927505, 0.03820379360422044, 0.040135508521260056, 0.04298448331493369, 0.04739766510368582, 0.053139654727289556, 0.058903934921737566, 0.06309509694750959, 0.06522108657524364, 0.0665908880948772, 0.06908901596968839, 0.0735616374619984, 0.07957301182010527, 0.0860096893276854, 0.09175856120388975, 0.0962225200189026, 0.09961412124634515, 0.10305122040699687, 0.10779442566609748, 0.11377327787098399, 0.11930650257949793, 0.12306267019623261, 0.12615539832081418, 0.1309705773890788, 0.1378572170986977, 0.1447398403319257, 0.15044528563075918, 0.15640116808581575, 0.16365496731201262, 0.17036542544165748, 0.1744779565245376, 0.17717614097825438, 0.18208003746705623, 0.1920934185683996, 0.2069119217984877, 0.22283345081277162, 0.23571708720656648, 0.24430602578414243, 0.250772812559002, 0.25890715424847927, 0.271265552387171, 0.28753094145878566, 0.3060189719794645, 0.32584994944328294, 0.3469888686366805, 0.36900376225203296, 0.3902560945202689, 0.4085169381695915, 0.4217223098352267, 0.4267257112756741, 0.4190216394667207, 0.3962553987270596, 0.3600395228714594, 0.3132708641696799, 0.2586820075973143, 0.20005620252631254, 0.14252054726167648, 0.09155408415327945, 0.051636274270788304, 0.024768233704659814]]}