{"output": [[6.81080772473938, 6.884342157927782, 6.957876591116184, 7.031411024304587, 7.104945457492989, 7.178479890681391, 7.252014323869793, 7.325548757058196, 7.399083190246598, 7.472617623435, 7.546152056623402, 7.619686489811805, 7.693220923000207, 7.766755356188609, 7.840289789377011, 7.913824222565413, 7.987358655753816, 8.060893088942219, 8.13442752213062, 8.207961955319023, 8.281496388507424, 8.355030821695827, 8.42856525488423, 8.502099688072631, 8.575634121261034, 8.649168554449435, 8.722702987637838, 8.796237420826241, 8.869771854014642, 8.943306287203045, 9.016840720391446, 9.09037515357985, 9.163909586768252, 9.237444019956653, 9.310978453145056, 9.384512886333457, 9.45804731952186, 9.531581752710263, 9.605116185898666, 9.678650619087067, 9.75218505227547, 9.825719485463871, 9.899253918652274, 9.972788351840677, 10.046322785029078, 10.119857218217481, 10.193391651405882, 10.266926084594285, 10.340460517782688, 10.41399495097109, 10.487529384159492, 10.561063817347893, 10.634598250536296, 10.708132683724699, 10.7816671169131, 10.855201550101503, 10.928735983289904, 11.002270416478307, 11.07580484966671, 11.149339282855113, 11.222873716043514, 11.296408149231915, 11.369942582420318, 11.443477015608721, 11.517011448797124, 11.590545881985525, 11.664080315173926, 11.73761474836233, 11.811149181550732, 11.884683614739135, 11.958218047927536, 12.031752481115939, 12.10528691430434, 12.178821347492743, 12.252355780681146, 12.325890213869549, 12.39942464705795, 12.472959080246351, 12.546493513434754, 12.620027946623157, 12.69356237981156, 12.767096812999961, 12.840631246188362, 12.914165679376765, 12.987700112565168, 13.061234545753571, 13.134768978941972, 13.208303412130373, 13.281837845318776, 13.35537227850718, 13.428906711695582, 13.502441144883983, 13.575975578072386, 13.649510011260787, 13.72304444444919, 13.796578877637593, 13.870113310825994, 13.943647744014397, 14.017182177202798, 14.090716610391201]], "PDF": [[0.0008693490429891618, 0.0011993206052291977, 0.0015506217069600505, 0.0021294988982467652, 0.003323308135649505, 0.005417724224006869, 0.008255069335238074, 0.011265199571968101, 0.013908266085736384, 0.016085397253103522, 0.018212345052490874, 0.021027649070679527, 0.0253022534476237, 0.031562225987085066, 0.03984643225617367, 0.04956213551240693, 0.05968830054143404, 0.06941960743025671, 0.0788606256734012, 0.08912299750725111, 0.10146839251690408, 0.11611810785800913, 0.1320894452000327, 0.1483923094713741, 0.16512025488477053, 0.1830869841219835, 0.20253110448685008, 0.22241668714560958, 0.2410466386757145, 0.2572471597238513, 0.27080806707290567, 0.28186790374518367, 0.2902575936917727, 0.29571603495136844, 0.29853409025456323, 0.29945885506463016, 0.29903316618800274, 0.2978274723998649, 0.29718913674591596, 0.2984402146598902, 0.30110705920277026, 0.30306844509329073, 0.3027152597208515, 0.30024955069562986, 0.2968735156232345, 0.29341093153095593, 0.2897505714733868, 0.2850230532093985, 0.27830893593967776, 0.26972489749432066, 0.26080815025438236, 0.25343904470085454, 0.24847131828297322, 0.24547295159273597, 0.24326621270180473, 0.2404819150802319, 0.23615252415248636, 0.2303444139725796, 0.22422751490438972, 0.21907789562220256, 0.21473733368100323, 0.2092280015885179, 0.20055998360084365, 0.18899676327970039, 0.17701995528760875, 0.16702057218815408, 0.15944475055314197, 0.1531477661884685, 0.1468876958040626, 0.1400737637507836, 0.13249320433376807, 0.12399232996977277, 0.11464113519690772, 0.10495438496010408, 0.09558045595550162, 0.08675361746521051, 0.07841115786338476, 0.07077005655049869, 0.06416888930763492, 0.058338466582960984, 0.05247173614190116, 0.04611395953680537, 0.039616808756149736, 0.033719404054753856, 0.028872299120830572, 0.024925066866368653, 0.021395976296599253, 0.018038915393812686, 0.015038763930051179, 0.012617440454190453, 0.010704450340132298, 0.009128218675754743, 0.007833022532831, 0.0067213638381524955, 0.005551706769804175, 0.004189462917126256, 0.0028006788199490436, 0.001676908185585588, 0.0009552158353303735, 0.0005589549020511617]]}