{"S_min_Ks": [[0.5984339820066557]], "S_min_Q": [[0.3442346892444539]], "S_Ks": [[0.6220714407153329]], "S_Q": [[0.36783417934623097]], "S_max_Ks": [[0.6480646667611862]], "S_max_Q": [[0.38599206521113755]], "S_T_min_Ks": [[0.5927709098726953]], "S_T_min_Q": [[0.3337290177229287]], "S_T_Ks": [[0.6265907063727212]], "S_T_Q": [[0.3592642766237451]], "S_T_max_Ks": [[0.6546962239595311]], "S_T_max_Q": [[0.383817778603614]]}