{"S_Ks": [[0.6220714407153329]], "S_Q": [[0.36783417934623097]], "S_T_Ks": [[0.6265907063727212]], "S_T_Q": [[0.3592642766237451]]}