{"S_Ks": [[0.47785987833846305]], "S_Q": [[0.5020499119251173]], "S_T_Ks": [[0.4974762126575983]], "S_T_Q": [[0.5191335693084628]]}