{"S_min_Ks": [[0.45442348251454723]], "S_min_Q": [[0.479346611474464]], "S_Ks": [[0.47785987833846305]], "S_Q": [[0.5020499119251173]], "S_max_Ks": [[0.49785508630675124]], "S_max_Q": [[0.525633400828236]], "S_T_min_Ks": [[0.46476054962404134]], "S_T_min_Q": [[0.4968894769297644]], "S_T_Ks": [[0.4974762126575983]], "S_T_Q": [[0.5191335693084628]], "S_T_max_Ks": [[0.5207812800003284]], "S_T_max_Q": [[0.5421117102973854]]}