{"S_min_Ks": [[0.598433988741263]], "S_min_Q": [[0.3442346833662025]], "S_Ks": [[0.6220714472095463]], "S_Q": [[0.36783417309638033]], "S_max_Ks": [[0.6480646732485904]], "S_max_Q": [[0.38599205865825637]], "S_T_min_Ks": [[0.5927709161863]], "S_T_min_Q": [[0.33372901147483836]], "S_T_Ks": [[0.6265907124896336]], "S_T_Q": [[0.3592642704014237]], "S_T_max_Ks": [[0.6546962300493452]], "S_T_max_Q": [[0.3838177725373388]]}