{"S_min_Ks": [[0.22058344816956815]], "S_min_Q": [[0.6857086030633863]], "S_Ks": [[0.23828435607251947]], "S_Q": [[0.7316402842247055]], "S_max_Ks": [[0.2552859612943514]], "S_max_Q": [[0.7708698559151337]], "S_T_min_Ks": [[0.2363592897492695]], "S_T_min_Q": [[0.7083109701920732]], "S_T_Ks": [[0.27805432704109456]], "S_T_Q": [[0.7470856140190344]], "S_T_max_Ks": [[0.31792067652407074]], "S_T_max_Q": [[0.7797078649446619]]}