{"S_Ks": [[0.23828435607251947]], "S_Q": [[0.7316402842247055]], "S_T_Ks": [[0.27805432704109456]], "S_T_Q": [[0.7470856140190344]]}