{"S_min_Ks": [[0.5984340584469764]], "S_min_Q": [[0.34423462299014435]], "S_Ks": [[0.6220715142857487]], "S_Q": [[0.3678341093288887]], "S_max_Ks": [[0.6480647405664671]], "S_max_Q": [[0.38599199187251604]], "S_T_min_Ks": [[0.5927709805608417]], "S_T_min_Q": [[0.3337289469471193]], "S_T_Ks": [[0.6265907750730286]], "S_T_Q": [[0.3592642063373512]], "S_T_max_Ks": [[0.6546962928282066]], "S_T_max_Q": [[0.38381770976770613]]}