{"S_Ks": [[0.6220715142857487]], "S_Q": [[0.3678341093288887]], "S_T_Ks": [[0.6265907750730286]], "S_T_Q": [[0.3592642063373512]]}