{"S_Ks": [[0.6220714472095463]], "S_Q": [[0.36783417309638033]], "S_T_Ks": [[0.6265907124896336]], "S_T_Q": [[0.3592642704014237]]}