{"Min": [[9.651143058950758]], "SD_min": [[12.349380853214464]], "Mean": [[13.390873062614933]], "SD_max": [[14.432365272015401]], "Max": [[16.58793733816895]]}