{"Min": [[10.235724571858661]], "SD_min": [[11.844612204140066]], "Mean": [[12.508036267254512]], "SD_max": [[13.171460330368959]], "Max": [[14.714063918025936]]}