{"output": [[9.651143058950758, 9.72121168803377, 9.791280317116783, 9.861348946199794, 9.931417575282806, 10.001486204365818, 10.07155483344883, 10.141623462531843, 10.211692091614854, 10.281760720697866, 10.351829349780878, 10.42189797886389, 10.491966607946903, 10.562035237029914, 10.632103866112926, 10.702172495195938, 10.77224112427895, 10.842309753361963, 10.912378382444974, 10.982447011527986, 11.052515640610999, 11.122584269694011, 11.192652898777023, 11.262721527860034, 11.332790156943046, 11.402858786026059, 11.472927415109071, 11.542996044192083, 11.613064673275094, 11.683133302358106, 11.753201931441119, 11.823270560524131, 11.893339189607143, 11.963407818690154, 12.033476447773166, 12.103545076856179, 12.173613705939191, 12.243682335022203, 12.313750964105214, 12.383819593188228, 12.453888222271239, 12.523956851354251, 12.594025480437264, 12.664094109520274, 12.734162738603288, 12.804231367686299, 12.874299996769311, 12.944368625852324, 13.014437254935334, 13.084505884018348, 13.154574513101359, 13.224643142184371, 13.294711771267384, 13.364780400350396, 13.434849029433408, 13.504917658516419, 13.574986287599431, 13.645054916682444, 13.715123545765454, 13.785192174848468, 13.855260803931479, 13.925329433014491, 13.995398062097504, 14.065466691180514, 14.135535320263529, 14.20560394934654, 14.275672578429552, 14.345741207512564, 14.415809836595574, 14.485878465678589, 14.5559470947616, 14.626015723844612, 14.696084352927624, 14.766152982010635, 14.836221611093649, 14.90629024017666, 14.976358869259672, 15.046427498342684, 15.116496127425696, 15.186564756508709, 15.25663338559172, 15.326702014674732, 15.396770643757744, 15.466839272840756, 15.536907901923769, 15.60697653100678, 15.677045160089792, 15.747113789172804, 15.817182418255817, 15.887251047338829, 15.95731967642184, 16.02738830550485, 16.097456934587864, 16.16752556367088, 16.23759419275389, 16.3076628218369, 16.37773145091991, 16.447800080002924, 16.51786870908594, 16.58793733816895]], "PDF": [[0.0006548620129997176, 0.0008448247729573008, 0.0010870710393322918, 0.0014081059815485876, 0.0018209281410364452, 0.002325541404951899, 0.0029224626469826287, 0.0036251844133348473, 0.004464162458404968, 0.005487403124570342, 0.006761963946233895, 0.008369362206985023, 0.01038548153476978, 0.012850720781809558, 0.015753084079138217, 0.019043186726218412, 0.022676173710472376, 0.026655643460034805, 0.031054104657197868, 0.03599449833201883, 0.04159171565187953, 0.047879327491318666, 0.05477290493075037, 0.06210907223047553, 0.06974015761782439, 0.0776109946776855, 0.08575621441249122, 0.09422740133575147, 0.10302318923052103, 0.11209108725121242, 0.12139823770917933, 0.13099269670841623, 0.14097470616101399, 0.151387010720858, 0.16213062605686673, 0.17300082274677656, 0.18381596005802261, 0.19451822402221555, 0.20516494074056316, 0.21583895548569138, 0.2265620568218475, 0.23727168418554254, 0.24787103721188053, 0.25831466491738964, 0.268657724277314, 0.27901570337269765, 0.2894634890183763, 0.2999749245185121, 0.31047665898123816, 0.32097383443585265, 0.33161791133258156, 0.3426281497487921, 0.3541108950073223, 0.3659062206301672, 0.3775488857779752, 0.3883264482194171, 0.39736940065714316, 0.4037415717645013, 0.40654665663255934, 0.40507223654849184, 0.39895432723052504, 0.38829499076606855, 0.3736547776657746, 0.3559053394341455, 0.3360174205030173, 0.31488064259282844, 0.29319583815676264, 0.2714391498927592, 0.24990648118310899, 0.22883357541517246, 0.20851631183321992, 0.18932244314429433, 0.1715719438820592, 0.1553916218413261, 0.14067544586318742, 0.12718054258170397, 0.1146758589036761, 0.10304182887269023, 0.0922812116549555, 0.08246082071515183, 0.07362345122283263, 0.065714047854708, 0.0585663342706526, 0.05196959786086269, 0.04577605875222971, 0.03996668152713305, 0.03461816037713809, 0.029796148036953254, 0.02546777760564362, 0.02151063530743252, 0.017805455387346347, 0.014325766604292129, 0.011151466947303809, 0.00840834979918188, 0.006189535985807163, 0.004508877490633284, 0.0032998203944378055, 0.0024463496130362437, 0.001825231176085929, 0.0013412282699843572]]}