{"output": [[10.235724571858661, 10.280960322830047, 10.326196073801434, 10.37143182477282, 10.416667575744208, 10.461903326715595, 10.50713907768698, 10.552374828658367, 10.597610579629754, 10.64284633060114, 10.688082081572528, 10.733317832543914, 10.7785535835153, 10.823789334486687, 10.869025085458073, 10.91426083642946, 10.959496587400848, 11.004732338372234, 11.04996808934362, 11.095203840315007, 11.140439591286393, 11.18567534225778, 11.230911093229167, 11.276146844200554, 11.32138259517194, 11.366618346143326, 11.411854097114713, 11.457089848086099, 11.502325599057485, 11.547561350028873, 11.59279710100026, 11.638032851971646, 11.683268602943032, 11.728504353914419, 11.773740104885807, 11.818975855857193, 11.86421160682858, 11.909447357799966, 11.954683108771352, 11.999918859742738, 12.045154610714125, 12.090390361685513, 12.1356261126569, 12.180861863628285, 12.226097614599672, 12.271333365571058, 12.316569116542444, 12.361804867513833, 12.407040618485219, 12.452276369456605, 12.497512120427992, 12.542747871399378, 12.587983622370764, 12.63321937334215, 12.678455124313539, 12.723690875284925, 12.768926626256311, 12.814162377227698, 12.859398128199084, 12.904633879170472, 12.949869630141858, 12.995105381113245, 13.040341132084631, 13.085576883056017, 13.130812634027404, 13.17604838499879, 13.221284135970176, 13.266519886941564, 13.31175563791295, 13.356991388884337, 13.402227139855723, 13.44746289082711, 13.492698641798498, 13.537934392769884, 13.58317014374127, 13.628405894712657, 13.673641645684043, 13.71887739665543, 13.764113147626816, 13.809348898598204, 13.85458464956959, 13.899820400540976, 13.945056151512363, 13.990291902483749, 14.035527653455137, 14.080763404426524, 14.12599915539791, 14.171234906369296, 14.216470657340682, 14.261706408312069, 14.306942159283455, 14.352177910254841, 14.397413661226228, 14.442649412197616, 14.487885163169002, 14.533120914140389, 14.578356665111777, 14.623592416083163, 14.66882816705455, 14.714063918025936]], "PDF": [[0.0010435681991910137, 0.0013388131637255352, 0.0017120545230762635, 0.0022008047449677613, 0.0028253850457437817, 0.0035902580366455506, 0.0045017399461407875, 0.005585558078780091, 0.006897302985116778, 0.008532849741480542, 0.010639023110732494, 0.013404069495587544, 0.017007089676568252, 0.021542390076048537, 0.026977687761780035, 0.033200808164147166, 0.040143789913387774, 0.04789803130712385, 0.05672127592322208, 0.06690954844162002, 0.07861444911160292, 0.09174105137389271, 0.1060083229656894, 0.1211264640393337, 0.136952213981627, 0.1535107141885971, 0.17089963639259334, 0.1892002125360419, 0.2084977495081095, 0.2289685711487264, 0.2508727681398022, 0.2743598405359375, 0.2992091006835031, 0.32474943402923007, 0.35006432634729007, 0.3743221450196292, 0.39697590983712466, 0.41774984723503206, 0.43655581567763946, 0.4534975675995095, 0.4689232584472728, 0.4833379117269965, 0.49710780928602205, 0.5101717539033522, 0.5220671981775306, 0.5323025301707491, 0.5407297624407332, 0.5475441618129124, 0.5529349736742072, 0.556791867441008, 0.5587853637827521, 0.5586912709024898, 0.5565589461370121, 0.5525377825600991, 0.5465901796760578, 0.5384395659693462, 0.5278258323349964, 0.5148199870047746, 0.499918844316694, 0.4838565142307273, 0.4672730091766056, 0.4504379893935615, 0.43317975426887156, 0.41506301779572796, 0.3957149177893067, 0.3750966950246879, 0.3535569761616036, 0.3316651583360182, 0.30996929058737976, 0.2888321993747482, 0.26839497307525945, 0.24862063429339645, 0.2293584698986369, 0.21040785279950355, 0.1915870150272476, 0.17280952603675215, 0.15415003794531154, 0.13585991711907175, 0.11830405210322113, 0.10184112434968116, 0.08671538965060799, 0.07302116731161105, 0.060750557744563276, 0.04988048117928302, 0.04042913742473192, 0.03243634900504901, 0.02588874212759309, 0.020661317398021, 0.016528562711307284, 0.013232824781372412, 0.010555383619777576, 0.008349148968146581, 0.006531257129074746, 0.005057132130612994, 0.0038950550357734763, 0.003008521762888174, 0.002347543353230347, 0.001850053779995547, 0.0014535826667284731, 0.0011118360662138956]]}