{"S_min_Ks": [[-0.0005056598536388199]], "S_min_Q": [[0.9534679483720601]], "S_Ks": [[0.0005418194878374823]], "S_Q": [[0.9984406452108285]], "S_max_Ks": [[0.0016024964279757435]], "S_max_Q": [[1.0470457900159316]], "S_T_min_Ks": [[-0.023275805992884382]], "S_T_min_Q": [[0.9479610429491447]], "S_T_Ks": [[0.001151941394819652]], "S_T_Q": [[0.9879828188287454]], "S_T_max_Ks": [[0.03210695753986854]], "S_T_max_Q": [[1.0248058592456002]]}