{"S_Ks": [[0.0005418194878374823]], "S_Q": [[0.9984406452108285]], "S_T_Ks": [[0.001151941394819652]], "S_T_Q": [[0.9879828188287454]]}