{"S_Ks": [[0.0022013008830082145]], "S_Q": [[0.9971909991668653]], "S_T_Ks": [[0.0020476701179174515]], "S_T_Q": [[0.9856473818386751]]}