{"S_min_Ks": [[0.0008038597903794091]], "S_min_Q": [[0.95571759110468]], "S_Ks": [[0.0022013008830082145]], "S_Q": [[0.9971909991668653]], "S_max_Ks": [[0.003823905687177416]], "S_max_Q": [[1.0424451542080178]], "S_T_min_Ks": [[-0.02138030158852236]], "S_T_min_Q": [[0.9503748534839396]], "S_T_Ks": [[0.0020476701179174515]], "S_T_Q": [[0.9856473818386751]], "S_T_max_Ks": [[0.03127808447692252]], "S_T_max_Q": [[1.021607079855554]]}