{"x": [[8000.0, 16000.0, 24000.0, 32000.0, 8000.0, 16000.0, 24000.0, 32000.0, 8000.0, 16000.0, 24000.0, 32000.0, 8000.0, 16000.0, 24000.0, 32000.0]], "y": [[8000.0, 8000.0, 8000.0, 8000.0, 16000.0, 16000.0, 16000.0, 16000.0, 24000.0, 24000.0, 24000.0, 24000.0, 32000.0, 32000.0, 32000.0, 32000.0]], "Correlation-YY": [[1.0, 0.9659547723912288, -0.5364159973821107, -0.4866105208070131, 0.9659547723912288, 1.0, -0.7256625601788314, -0.6910371655351184, -0.5364159973821107, -0.7256625601788314, 1.0, 0.9911194908724795, -0.4866105208070131, -0.6910371655351184, 0.9911194908724795, 1.0]], "Covariance": [[6.4146282312788845, 7.321264833854784, -1.491128500643811, -0.30334475219855644, 7.321264833854784, 8.955444724587005, -2.383449199127188, -0.5089958369195705, -1.491128500643811, -2.383449199127188, 1.2046342549585667, 0.26774592345477205, -0.30334475219855644, -0.5089958369195705, 0.26774592345477205, 0.060581286561517844]]}