{"x": [[8000.0, 16000.0, 24000.0, 32000.0]], "Min": [[0.20090882912203023, -1.012727635010457, -9.757580409353501, -9.965217349756466]], "SD_min": [[0.7488198341246388, -0.22269318617928757, -9.705089884943213, -9.984352449882307]], "Mean": [[3.530858583188658, 3.012202845645692, -8.633283296548464, -9.751387530057523]], "SD_max": [[6.312897332252677, 6.2470988774706715, -7.561476708153716, -9.518422610232738]], "Max": [[16.471143801156845, 16.46797653398236, -5.355898447861797, -8.885669431471223]]}