{"S_min_Ks": [[0.47745558610918915]], "S_min_Q": [[0.05303849601906557]], "S_Ks": [[0.5515648623187374]], "S_Q": [[0.09625688160467111]], "S_max_Ks": [[0.6484997988344214]], "S_max_Q": [[0.1447912023132881]], "S_T_min_Ks": [[0.5660083328389856]], "S_T_min_Q": [[0.2969558546462542]], "S_T_Ks": [[0.794371254997369]], "S_T_Q": [[0.40407651234764175]], "S_T_max_Ks": [[0.953154706507718]], "S_T_max_Q": [[0.48404101578758163]]}