{"x": [[8000.0], [16000.0], [24000.0], [32000.0]], "S_Ks": [[0.4669852494138139], [0.5791526887718522], [0.7915643204957559], [0.7393687246112389]], "S_Q": [[0.1382616454541935], [0.07393741901117142], [0.039314153277242504], [0.04945123082259237]], "S_T_Ks": [[0.7355513081115167], [0.8187142164398908], [0.922148659889613], [0.9349350888923907]], "S_T_Q": [[0.5125503305850654], [0.3754829185141619], [0.05111231595666082], [0.048959065559926344]]}