{"Min": [[8.668560508276563]], "SD_min": [[11.717774624428403]], "Mean": [[13.045521059298757]], "SD_max": [[14.373267494169111]], "Max": [[14.444793857864404]]}