{"Min": [[9.14760786898426]], "SD_min": [[11.678666476514257]], "Mean": [[13.04346056252858]], "SD_max": [[14.408254648542902]], "Max": [[14.400467502017555]]}