{"Min": [[10.017613032630244]], "SD_min": [[12.005864761519764]], "Mean": [[12.878390710492914]], "SD_max": [[13.750916659466064]], "Max": [[14.137863971157849]]}