{"Min": [[10.01761308812143]], "SD_min": [[12.005864760291221]], "Mean": [[12.878390706208828]], "SD_max": [[13.750916652126435]], "Max": [[14.13786390112572]]}