{"output": [[10.017613032630244, 10.059231728979007, 10.10085042532777, 10.142469121676536, 10.184087818025299, 10.225706514374062, 10.267325210722825, 10.30894390707159, 10.350562603420354, 10.392181299769117, 10.43379999611788, 10.475418692466645, 10.517037388815409, 10.558656085164172, 10.600274781512935, 10.6418934778617, 10.683512174210463, 10.725130870559227, 10.76674956690799, 10.808368263256755, 10.849986959605518, 10.891605655954281, 10.933224352303045, 10.97484304865181, 11.016461745000573, 11.058080441349336, 11.0996991376981, 11.141317834046863, 11.182936530395628, 11.22455522674439, 11.266173923093154, 11.30779261944192, 11.349411315790682, 11.391030012139446, 11.432648708488209, 11.474267404836972, 11.515886101185737, 11.5575047975345, 11.599123493883264, 11.640742190232029, 11.682360886580792, 11.723979582929555, 11.765598279278318, 11.807216975627082, 11.848835671975847, 11.89045436832461, 11.932073064673373, 11.973691761022137, 12.015310457370902, 12.056929153719665, 12.098547850068428, 12.140166546417191, 12.181785242765955, 12.22340393911472, 12.265022635463483, 12.306641331812246, 12.348260028161011, 12.389878724509774, 12.431497420858538, 12.4731161172073, 12.514734813556064, 12.55635350990483, 12.597972206253592, 12.639590902602356, 12.68120959895112, 12.722828295299884, 12.764446991648647, 12.80606568799741, 12.847684384346174, 12.889303080694939, 12.930921777043702, 12.972540473392465, 13.01415916974123, 13.055777866089993, 13.097396562438757, 13.13901525878752, 13.180633955136283, 13.222252651485048, 13.263871347833811, 13.305490044182575, 13.34710874053134, 13.388727436880103, 13.430346133228866, 13.47196482957763, 13.513583525926393, 13.555202222275156, 13.596820918623921, 13.638439614972684, 13.680058311321448, 13.721677007670213, 13.763295704018976, 13.804914400367739, 13.846533096716502, 13.888151793065266, 13.92977048941403, 13.971389185762794, 14.013007882111557, 14.054626578460322, 14.096245274809085, 14.137863971157849]], "PDF": [[0.005685372773638738, 0.008563031494806783, 0.011483346319517834, 0.014166188687231327, 0.01678102067592473, 0.019844533089125056, 0.02383390312010195, 0.028902334981525585, 0.03481525814867101, 0.041013085033144304, 0.04684882014380372, 0.05192802382730556, 0.05616158038165755, 0.05946256567648937, 0.06163976389954871, 0.06279159736837808, 0.06364005198907507, 0.06518379525758655, 0.06796675099273707, 0.0717871988006914, 0.07607959731209062, 0.08038724502070513, 0.08442041918799859, 0.08792804668606911, 0.090810559141155, 0.09331387412974494, 0.09589770364356791, 0.09889062712951097, 0.10233857169669423, 0.1061035369152954, 0.10992306045127269, 0.11326185056803316, 0.11530271483490956, 0.11554237057497507, 0.11452074430928047, 0.11357488584981817, 0.11371352183941531, 0.11510619824067576, 0.11780304201932593, 0.12236736088236103, 0.12922864759789893, 0.13757835321797024, 0.14540134696957718, 0.150777499080192, 0.15316431086602195, 0.15357884332257318, 0.153730136201329, 0.15496845957138966, 0.15779000049334396, 0.16192331803565363, 0.16671558666365582, 0.1716770650145067, 0.1768964124995406, 0.18295706672321138, 0.19050900708427215, 0.19987388487007618, 0.21066583003251044, 0.2215995145678195, 0.2311203143779366, 0.23868411155454888, 0.24538077408883407, 0.2531525933484504, 0.26333705002711527, 0.2758118712276253, 0.28951249012459124, 0.30391454312268634, 0.3198662929710196, 0.338720145322205, 0.3610448775750483, 0.38683285162649667, 0.41663598683182523, 0.45142377895237445, 0.490967315986964, 0.5328286054805347, 0.5730262907335252, 0.6074360723864696, 0.633048070449809, 0.6488950798177464, 0.6562101995774248, 0.6575560225614401, 0.655532076590971, 0.6517439274074098, 0.6462539427117886, 0.6377825636046834, 0.6248912177186055, 0.6073933561722117, 0.5864725398208026, 0.5632093278438499, 0.5372625423782165, 0.5072589430553034, 0.4723058350047657, 0.4330700103053072, 0.39163798671876693, 0.3502913318807706, 0.30996445086778207, 0.2694854525293396, 0.22639176243029135, 0.17923592431465452, 0.129949554913631, 0.08395191283186312]]}