{"output": [[10.01761308812143, 10.05923178320228, 10.100850478283132, 10.142469173363983, 10.184087868444834, 10.225706563525685, 10.267325258606538, 10.30894395368739, 10.350562648768241, 10.392181343849092, 10.433800038929943, 10.475418734010795, 10.517037429091646, 10.558656124172497, 10.600274819253348, 10.6418935143342, 10.683512209415051, 10.725130904495902, 10.766749599576755, 10.808368294657607, 10.849986989738458, 10.891605684819309, 10.93322437990016, 10.974843074981012, 11.016461770061863, 11.058080465142714, 11.099699160223565, 11.141317855304417, 11.182936550385268, 11.22455524546612, 11.266173940546972, 11.307792635627823, 11.349411330708675, 11.391030025789526, 11.432648720870377, 11.474267415951228, 11.51588611103208, 11.55750480611293, 11.599123501193782, 11.640742196274633, 11.682360891355486, 11.723979586436338, 11.765598281517189, 11.80721697659804, 11.848835671678891, 11.890454366759743, 11.932073061840594, 11.973691756921445, 12.015310452002296, 12.05692914708315, 12.098547842163999, 12.140166537244852, 12.181785232325703, 12.223403927406554, 12.265022622487406, 12.306641317568257, 12.348260012649108, 12.38987870772996, 12.43149740281081, 12.473116097891662, 12.514734792972515, 12.556353488053364, 12.597972183134218, 12.639590878215069, 12.68120957329592, 12.722828268376771, 12.764446963457623, 12.806065658538474, 12.847684353619325, 12.889303048700176, 12.930921743781028, 12.97254043886188, 13.01415913394273, 13.055777829023583, 13.097396524104434, 13.139015219185286, 13.180633914266137, 13.222252609346988, 13.26387130442784, 13.30548999950869, 13.347108694589542, 13.388727389670393, 13.430346084751244, 13.471964779832096, 13.513583474912949, 13.5552021699938, 13.596820865074651, 13.638439560155502, 13.680058255236354, 13.721676950317205, 13.763295645398056, 13.804914340478907, 13.846533035559759, 13.88815173064061, 13.929770425721461, 13.971389120802314, 14.013007815883164, 14.054626510964017, 14.096245206044868, 14.13786390112572]], "PDF": [[0.005685373289474776, 0.008563032233462902, 0.011483347368540564, 0.014166190236760487, 0.01678102299042231, 0.019844536364920274, 0.023833907338426594, 0.028902339859274824, 0.034815263207322894, 0.04101308982387142, 0.046848824559934193, 0.0519280281662075, 0.0561615849621179, 0.05946257043504154, 0.06163976853212232, 0.06279160185073869, 0.06364005674451807, 0.06518380071009285, 0.06796675705364126, 0.0717872049032877, 0.07607960292433061, 0.08038725000615955, 0.08442042367791215, 0.08792805082552925, 0.0908105630631295, 0.09331387797366057, 0.09589770745812384, 0.09889063084608145, 0.10233857521394878, 0.10610354007858111, 0.10992306290120332, 0.1132618517651551, 0.11530271450658876, 0.11554236924412266, 0.11452074315478505, 0.11357488580451189, 0.11371352289680299, 0.11510619976667187, 0.11780304353645567, 0.12236736227251001, 0.1292286486899426, 0.13757835361282894, 0.1454013464287226, 0.15077749788572717, 0.1531643096019649, 0.1535788422874656, 0.15373013510247113, 0.15496845781648946, 0.1577899977575799, 0.1619233145634984, 0.16671558305613388, 0.17167706169113564, 0.17689640934227596, 0.1829570632658408, 0.1905090030018452, 0.19987388027055206, 0.21066582543910736, 0.22159951068552072, 0.23112031165448121, 0.23868410977999818, 0.24538077245175471, 0.2531525909686176, 0.26333704655082013, 0.2758118670026915, 0.2895124856881785, 0.30391453839685234, 0.3198662871356193, 0.3387201375801161, 0.36104486764039706, 0.38683283914691347, 0.41663597081466874, 0.4514237584489177, 0.4909672913393149, 0.5328285786545508, 0.5730262646717494, 0.6074360500697698, 0.633048053723875, 0.6488950683301955, 0.6562101909383198, 0.6575560139173839, 0.6555320664288886, 0.6517439165515062, 0.6462539341668552, 0.6377825611341825, 0.6248912237198029, 0.6073933705721959, 0.5864725613709166, 0.5632093566077243, 0.5372625805914958, 0.5072589934840711, 0.4723058986056904, 0.43307008511126016, 0.3916380685602966, 0.35029141633860583, 0.3099645348548953, 0.2694855341651335, 0.22639183957628486, 0.17923599343691687, 0.12994961165896088, 0.08395195415041509]]}