{"output": [[8.668560508276563, 8.726906299686542, 8.78525209109652, 8.843597882506497, 8.901943673916476, 8.960289465326454, 9.018635256736433, 9.076981048146411, 9.135326839556388, 9.193672630966367, 9.252018422376345, 9.310364213786324, 9.368710005196302, 9.427055796606279, 9.485401588016257, 9.543747379426236, 9.602093170836214, 9.660438962246193, 9.71878475365617, 9.777130545066148, 9.835476336476127, 9.893822127886105, 9.952167919296084, 10.010513710706062, 10.06885950211604, 10.127205293526018, 10.185551084935996, 10.243896876345975, 10.302242667755953, 10.360588459165932, 10.418934250575909, 10.477280041985887, 10.535625833395866, 10.593971624805844, 10.652317416215823, 10.7106632076258, 10.769008999035778, 10.827354790445757, 10.885700581855735, 10.944046373265714, 11.00239216467569, 11.060737956085669, 11.119083747495647, 11.177429538905626, 11.235775330315604, 11.294121121725581, 11.35246691313556, 11.410812704545538, 11.469158495955517, 11.527504287365495, 11.585850078775472, 11.64419587018545, 11.70254166159543, 11.760887453005408, 11.819233244415386, 11.877579035825363, 11.935924827235342, 11.99427061864532, 12.052616410055299, 12.110962201465277, 12.169307992875254, 12.227653784285232, 12.285999575695211, 12.34434536710519, 12.402691158515168, 12.461036949925145, 12.519382741335123, 12.577728532745102, 12.63607432415508, 12.694420115565059, 12.752765906975036, 12.811111698385016, 12.869457489794993, 12.927803281204971, 12.98614907261495, 13.044494864024927, 13.102840655434907, 13.161186446844884, 13.219532238254862, 13.27787802966484, 13.336223821074817, 13.394569612484798, 13.452915403894774, 13.511261195304753, 13.569606986714732, 13.627952778124708, 13.686298569534689, 13.744644360944665, 13.802990152354644, 13.861335943764622, 13.919681735174601, 13.97802752658458, 14.036373317994556, 14.094719109404535, 14.153064900814513, 14.211410692224492, 14.26975648363447, 14.328102275044447, 14.386448066454426, 14.444793857864404]], "PDF": [[0.004938784723351441, 0.007112143321405568, 0.009311452570820878, 0.011424109486934743, 0.013631639740730268, 0.01633670845099149, 0.019890227811189286, 0.02432369806240816, 0.029278828049338634, 0.03413923543495524, 0.03824794605706594, 0.04112891205663416, 0.0426623832064152, 0.04312327405577387, 0.0430266955724336, 0.04289088129121909, 0.043118603787406194, 0.044040876281128974, 0.04593975059317201, 0.048907311803333145, 0.052680622797525, 0.05669450429473442, 0.060337170979586664, 0.06315898154380813, 0.06490537993128641, 0.06549154687717151, 0.06504625522668861, 0.06398000756180076, 0.06294573345683672, 0.06263079812981522, 0.0634534160297283, 0.06534396107174124, 0.0677798558978601, 0.0700757093018277, 0.07173567860408854, 0.07263353092942448, 0.0729436858716462, 0.07295792660766312, 0.07295707009316559, 0.0731526639063653, 0.07364461063905721, 0.07443874910999955, 0.07555437262322327, 0.0770643323373627, 0.07892090773321395, 0.08076716339353592, 0.08211271754542729, 0.08282250804183441, 0.08333601276906237, 0.08428091589384165, 0.08592139956735255, 0.0880449986581399, 0.0902602783989011, 0.09226090949436735, 0.09388181689010784, 0.09510089046322712, 0.09607146574523892, 0.09711205661401145, 0.09859987866853695, 0.10078263991044187, 0.10357294423612319, 0.10648970806405414, 0.10892248457358653, 0.11062412254990538, 0.11200365965824115, 0.11388185477972841, 0.11691014717134897, 0.12120992354143985, 0.12650803418499118, 0.132523153629886, 0.13923959612425177, 0.14694185853498987, 0.15603404110602787, 0.16674575390666033, 0.17901631196403092, 0.19283135211537877, 0.2087685393285992, 0.22805519220730353, 0.2518383625455753, 0.28032374017953754, 0.31269806564465746, 0.3478355592823135, 0.38494907694593905, 0.42374901615944094, 0.46442730054929543, 0.5075380501280126, 0.5533029088811856, 0.600364425746856, 0.6449563553118095, 0.6814486836726695, 0.704186797288823, 0.7094328349092619, 0.6960067193980988, 0.6643291211223294, 0.6150583263218645, 0.5487641530808673, 0.4669595825078941, 0.37371446321753515, 0.2766509804791958, 0.1860604323390376]]}