{"output": [[9.14760786898426, 9.200667057196718, 9.253726245409174, 9.306785433621632, 9.359844621834089, 9.412903810046547, 9.465962998259005, 9.519022186471462, 9.57208137468392, 9.625140562896377, 9.678199751108835, 9.731258939321293, 9.78431812753375, 9.837377315746208, 9.890436503958664, 9.943495692171123, 9.99655488038358, 10.049614068596037, 10.102673256808496, 10.155732445020952, 10.20879163323341, 10.261850821445869, 10.314910009658325, 10.367969197870783, 10.42102838608324, 10.474087574295698, 10.527146762508156, 10.580205950720613, 10.633265138933071, 10.686324327145527, 10.739383515357986, 10.792442703570444, 10.8455018917829, 10.898561079995359, 10.951620268207815, 11.004679456420273, 11.057738644632732, 11.110797832845188, 11.163857021057646, 11.216916209270103, 11.269975397482561, 11.32303458569502, 11.376093773907476, 11.429152962119934, 11.48221215033239, 11.535271338544849, 11.588330526757307, 11.641389714969764, 11.694448903182222, 11.747508091394678, 11.800567279607137, 11.853626467819595, 11.906685656032051, 11.95974484424451, 12.012804032456966, 12.065863220669424, 12.118922408881883, 12.171981597094339, 12.225040785306797, 12.278099973519254, 12.331159161731712, 12.38421834994417, 12.437277538156627, 12.490336726369085, 12.543395914581541, 12.596455102794, 12.649514291006458, 12.702573479218914, 12.755632667431373, 12.80869185564383, 12.861751043856287, 12.914810232068746, 12.967869420281202, 13.02092860849366, 13.073987796706117, 13.127046984918575, 13.180106173131033, 13.23316536134349, 13.286224549555946, 13.339283737768405, 13.392342925980863, 13.445402114193321, 13.498461302405778, 13.551520490618234, 13.604579678830692, 13.65763886704315, 13.710698055255609, 13.763757243468065, 13.816816431680522, 13.86987561989298, 13.922934808105438, 13.975993996317897, 14.029053184530353, 14.08211237274281, 14.135171560955268, 14.188230749167726, 14.241289937380184, 14.29434912559264, 14.347408313805097, 14.400467502017555]], "PDF": [[0.07598731400438495, 0.07937113107677576, 0.07737866613939051, 0.07045357638196996, 0.06002570436783638, 0.048128734249340395, 0.03691336394848159, 0.02823998280295718, 0.023449867628777692, 0.02329138428228729, 0.027899863455979328, 0.036746747220441064, 0.04856977799247023, 0.061397436226706466, 0.07280133910267689, 0.08041296550729794, 0.08257450507323903, 0.07886915514689094, 0.07029057204985295, 0.05896928985935229, 0.04757766173315727, 0.038655113643017804, 0.034070208807558254, 0.034711973864943096, 0.04038776144425649, 0.04987491415446386, 0.061116764448498985, 0.07159199499723756, 0.0788520456229141, 0.08111982573591082, 0.0777527165177303, 0.06938000871856244, 0.05764988234068712, 0.04469630112021273, 0.03255465649597388, 0.022748020306577733, 0.016148564521817822, 0.01307146821209305, 0.013467344948670266, 0.017082670824099342, 0.02353363392039572, 0.032326642652593225, 0.04289825165664623, 0.05471437960461014, 0.0673921496870683, 0.08075317572163124, 0.09473902208503165, 0.10921120861093694, 0.12374825222146266, 0.13756359355949158, 0.1495904638055099, 0.15868186501239517, 0.16383708338768144, 0.16440369487004072, 0.16025346317807795, 0.15192667108194716, 0.14068674194592187, 0.12839433527538135, 0.11715702858573095, 0.10882465147234756, 0.10450437637783645, 0.10428719075836065, 0.1072920372815779, 0.11199759765641763, 0.11672232457421311, 0.12008150492452786, 0.12129457577433964, 0.12029790512113109, 0.11769358927933239, 0.11460523196100382, 0.1125084224690413, 0.11306551667501812, 0.1179476463204221, 0.12860844971848645, 0.1460084606243468, 0.17036263816976588, 0.20104083672416342, 0.23672874063341864, 0.2758368194909974, 0.31698757009006145, 0.3593315289292809, 0.40252599690671104, 0.4464250654213125, 0.4907192277575587, 0.534763241225904, 0.5776278586036916, 0.6181844096159883, 0.6550059962880397, 0.6860920751956207, 0.7086919256463512, 0.7195448186721378, 0.715597040051467, 0.6949061496155207, 0.6572955244935702, 0.6044838774143397, 0.539725218198183, 0.467204870039996, 0.3914349132401761, 0.3167602663648254, 0.24697355779210034]]}