{"S_Ks": [[0.13725240212461579]], "S_Q": [[0.8227307043929206]], "S_T_Ks": [[0.1880508117254357]], "S_T_Q": [[0.8562586565219721]]}