{"S_Ks": [[0.08145755607516107]], "S_Q": [[1.004093621439416]], "S_T_Ks": [[0.1718832015644666]], "S_T_Q": [[0.8295808474680102]]}