{"S_min_Ks": [[0.4353060884459821]], "S_min_Q": [[0.4601755536251244]], "S_Ks": [[0.46248466890641415]], "S_Q": [[0.4917688496298817]], "S_max_Ks": [[0.48692928512733846]], "S_max_Q": [[0.5129471428549236]], "S_T_min_Ks": [[0.47167477495247667]], "S_T_min_Q": [[0.512089984228664]], "S_T_Ks": [[0.5090364904139077]], "S_T_Q": [[0.5505378830331576]], "S_T_max_Ks": [[0.5400209248375958]], "S_T_max_Q": [[0.5792933888744255]]}