{"S_Ks": [[0.46248466890641415]], "S_Q": [[0.4917688496298817]], "S_T_Ks": [[0.5090364904139077]], "S_T_Q": [[0.5505378830331576]]}