{"S_min_Ks": [[0.43530608752859884]], "S_min_Q": [[0.46017555396791576]], "S_Ks": [[0.46248466702290997]], "S_Q": [[0.491768849676289]], "S_max_Ks": [[0.4869292832850135]], "S_max_Q": [[0.5129471430577852]], "S_T_min_Ks": [[0.4716747746159531]], "S_T_min_Q": [[0.5120899869901977]], "S_T_Ks": [[0.5090364902289333]], "S_T_Q": [[0.5505378849075624]], "S_T_max_Ks": [[0.5400209251333202]], "S_T_max_Q": [[0.5792933905318556]]}