{"S_min_Ks": [[0.12286232760373503]], "S_min_Q": [[0.7705276741116408]], "S_Ks": [[0.13725240212461579]], "S_Q": [[0.8227307043929206]], "S_max_Ks": [[0.15053857145092514]], "S_max_Q": [[0.8597748910395137]], "S_T_min_Ks": [[0.15349614996846447]], "S_T_min_Q": [[0.81459765897883]], "S_T_Ks": [[0.1880508117254357]], "S_T_Q": [[0.8562586565219721]], "S_T_max_Ks": [[0.21856076908933203]], "S_T_max_Q": [[0.888219794217054]]}