{"S_min_Ks": [[-0.17071443859583477]], "S_min_Q": [[-0.37559429351032136]], "S_Ks": [[0.08145755607516107]], "S_Q": [[1.004093621439416]], "S_max_Ks": [[0.20059824870490353]], "S_max_Q": [[1.578828251742307]], "S_T_min_Ks": [[-1.0612288110699595]], "S_T_min_Q": [[-0.44410131615013704]], "S_T_Ks": [[0.1718832015644666]], "S_T_Q": [[0.8295808474680102]], "S_T_max_Ks": [[0.5268624514805961]], "S_T_max_Q": [[1.2808795067377226]]}