{"S_Ks": [[0.46248466702290997]], "S_Q": [[0.491768849676289]], "S_T_Ks": [[0.5090364902289333]], "S_T_Q": [[0.5505378849075624]]}