{"y": [16000.0, 16000.0, 16000.0, 16000.0, 8000.0, 16000.0, 24000.0, 32000.0, 0.9637835595086889, 1.0, -0.7154438518321793, -0.6792648827683326, 7.258115711914284, 8.909982609835088, -2.3939867045146426, -0.5141297944104528], "x": [8000.0, 8000.0, 8000.0, 8000.0, 8000.0, 16000.0, 24000.0, 32000.0, 1.0, 0.9637835595086889, -0.516805695290566, -0.4651567909184337, 6.365197615718679, 7.258115711914284, -1.4616419086377714, -0.2975777755619085], "Covariance": [32000.0, 32000.0, 32000.0, 32000.0, 8000.0, 16000.0, 24000.0, 32000.0, -0.4651567909184337, -0.6792648827683326, 0.9901755668908062, 1.0, -0.2975777755619085, -0.5141297944104528, 0.2814589980555391, 0.06429694868213907], "Correlation-YY": [24000.0, 24000.0, 24000.0, 24000.0, 8000.0, 16000.0, 24000.0, 32000.0, -0.516805695290566, -0.7154438518321793, 1.0, 0.9901755668908062, -1.4616419086377714, -2.3939867045146426, 1.2566533694125595, 0.2814589980555391]}