{"SD_max": [-0.9164049038646156, -9.753847748742789, 6.037200063501469, -5.236518607488842], "Min": [16000.0, -9.965588563313894, 2.9861663054532683, -9.512288430699476], "Max": [-1.0280502253565493, -10.000574261911295, 5.979815803225404, -8.82877885318171], "SD_min": [24000.0, 0.9213120013436367, -8.667386234566104, 15.329028722690248], "x": [8000.0, -9.765675154965601, 3.479256032422553, -7.580924720389419], "Mean": [32000.0, -0.007483192318867182, -9.756431346305385, 15.324773618210871]}