{"S_Q": [0.10816998011930583], "S_T_min_Q": [0.31251273001278423], "S_max_Q": [0.1560761877806464], "S_T_max_Ks": [1.0342370707157484], "S_T_min_Ks": [0.7816228593769565], "S_min_Ks": [0.58010220323841], "S_min_Q": [0.060851266948508675], "S_T_Ks": [0.9300732620132347], "S_T_Q": [0.4004751912898941], "S_max_Ks": [0.7836787650047332], "S_T_max_Q": [0.4736887965875559], "S_Ks": [0.683262122082313]}