{"S_Q": [24000.0, 0.5104661396936617, 1.094857065009034, 0.03983772975376463], "x": [8000.0, 0.1508021133441452, 0.9591851816261698, 0.056770540054980695], "S_T_Q": [0.5653102521059659, 0.08684744659013723, 0.9776365862410799, 0.06614099236177413], "S_Ks": [16000.0, 0.8800349975683547, 0.3693855479760527, 1.1825202318842565], "S_T_Ks": [32000.0, 0.7100645753306843, 0.042643438907852584, 0.9734089760804141]}