{"Min": [[8.95932898052654]], "SD_min": [[18.698097372201875]], "Mean": [[20.246134731045967]], "SD_max": [[21.794172089890058]], "Max": [[22.81149910388324]]}