{"Min": [[8.959325599656427]], "SD_min": [[18.69809733777139]], "Mean": [[20.246134729700938]], "SD_max": [[21.794172121630485]], "Max": [[22.811499666780424]]}