{"Min": [[8.959326997195081]], "SD_min": [[18.698097334461465]], "Mean": [[20.246134723902227]], "SD_max": [[21.794172113342988]], "Max": [[22.811499440236208]]}