{"Min": [[8.959328812173613]], "SD_min": [[18.698097371590748]], "Mean": [[20.24613473137574]], "SD_max": [[21.794172091160732]], "Max": [[22.81149913120264]]}