{"output": [[8.959326997195081, 9.099247930963173, 9.239168864731266, 9.379089798499358, 9.51901073226745, 9.658931666035542, 9.798852599803634, 9.938773533571727, 10.078694467339819, 10.218615401107911, 10.358536334876003, 10.498457268644096, 10.638378202412188, 10.77829913618028, 10.918220069948372, 11.058141003716464, 11.198061937484557, 11.337982871252649, 11.477903805020741, 11.617824738788833, 11.757745672556926, 11.897666606325018, 12.03758754009311, 12.177508473861202, 12.317429407629295, 12.457350341397387, 12.597271275165479, 12.737192208933571, 12.877113142701663, 13.017034076469756, 13.156955010237848, 13.29687594400594, 13.436796877774032, 13.576717811542125, 13.716638745310217, 13.856559679078309, 13.996480612846401, 14.136401546614493, 14.276322480382586, 14.416243414150678, 14.55616434791877, 14.696085281686862, 14.836006215454955, 14.975927149223047, 15.115848082991139, 15.255769016759231, 15.395689950527323, 15.535610884295416, 15.675531818063506, 15.815452751831598, 15.95537368559969, 16.095294619367785, 16.235215553135873, 16.37513648690397, 16.515057420672058, 16.654978354440154, 16.794899288208242, 16.934820221976338, 17.074741155744427, 17.214662089512522, 17.35458302328061, 17.494503957048707, 17.634424890816796, 17.77434582458489, 17.91426675835298, 18.054187692121076, 18.194108625889164, 18.33402955965726, 18.47395049342535, 18.613871427193445, 18.753792360961533, 18.89371329472963, 19.033634228497718, 19.173555162265814, 19.313476096033902, 19.453397029801998, 19.593317963570087, 19.733238897338182, 19.87315983110627, 20.013080764874367, 20.153001698642456, 20.29292263241055, 20.43284356617864, 20.572764499946736, 20.712685433714825, 20.85260636748292, 20.99252730125101, 21.132448235019105, 21.272369168787193, 21.41229010255529, 21.552211036323378, 21.692131970091474, 21.832052903859562, 21.971973837627658, 22.111894771395747, 22.251815705163843, 22.39173663893193, 22.531657572700023, 22.671578506468116, 22.811499440236208]], "PDF": [[0.00045556152234892377, 0.00041338268181279704, 0.00018665138699624074, 4.146881369505836e-05, 4.49738229675455e-06, 1.1906948922877811e-06, 1.2256322312705333e-05, 7.211859222682028e-05, 0.00019617232671765395, 0.0002468772909795679, 0.00014986950493261513, 0.00010185183323704826, 0.0002956892572029818, 0.0006649210211943059, 0.000843102833172744, 0.0008396558976761411, 0.0009446372715752909, 0.001051809008941552, 0.0010328383931225938, 0.0010510458836863134, 0.0012086049126879552, 0.0013091864658033, 0.0011029364245577606, 0.0008195367121055246, 0.0008859692099497233, 0.0014676681760285545, 0.002394300631273324, 0.002909736232596876, 0.0026813461275925314, 0.002399339693180044, 0.002649584433960246, 0.003152870205262413, 0.003921777775965734, 0.00471976747485159, 0.004567583693338611, 0.003916155158799097, 0.004037899028464944, 0.005028597655051513, 0.0062875062028909376, 0.007385435095498771, 0.008964912898578353, 0.010807431884477994, 0.01118252029352097, 0.009787727992929816, 0.008800945396230078, 0.009368373107331492, 0.010852580656541681, 0.012461419263072515, 0.01289615035428564, 0.013079137080071208, 0.01414102542510433, 0.014873681390446834, 0.014837336108079168, 0.015215463198044938, 0.017026741867989262, 0.019213640350930223, 0.02025446789821108, 0.021842292957216663, 0.02509925918693026, 0.028095083691999916, 0.03024683771719781, 0.03206964900946066, 0.034466795203274884, 0.0390764620130085, 0.04496901151622572, 0.050345902041647204, 0.05602353637506478, 0.0626947896027542, 0.06986696519621843, 0.07700210094816823, 0.08582189633066557, 0.09803112718040663, 0.11232167583745839, 0.12901290122027503, 0.149392608859611, 0.16924424492058404, 0.18563434180110236, 0.20226018693583073, 0.2224593582876174, 0.24682393911509742, 0.2715510886762938, 0.29383501730465994, 0.31554559223871337, 0.3358659561730693, 0.35701042146638223, 0.3798711948425822, 0.3923798210668367, 0.38406970262576906, 0.36050481125576733, 0.33432426175316543, 0.3043272760491046, 0.2639308204412207, 0.2164812469954287, 0.16894414799632212, 0.1245556695665914, 0.08398863129696094, 0.04972532507373543, 0.025306050661840246, 0.011084328883903096, 0.004010134524788623]]}