{"output": [[8.959328812173613, 9.099249724487038, 9.239170636800463, 9.379091549113886, 9.51901246142731, 9.658933373740735, 9.79885428605416, 9.938775198367585, 10.078696110681008, 10.218617022994433, 10.358537935307858, 10.498458847621283, 10.638379759934708, 10.778300672248132, 10.918221584561556, 11.05814249687498, 11.198063409188405, 11.33798432150183, 11.477905233815253, 11.617826146128678, 11.757747058442103, 11.897667970755528, 12.037588883068953, 12.177509795382377, 12.317430707695802, 12.457351620009225, 12.59727253232265, 12.737193444636075, 12.8771143569495, 13.017035269262923, 13.156956181576348, 13.296877093889773, 13.436798006203198, 13.576718918516622, 13.716639830830047, 13.856560743143472, 13.996481655456895, 14.13640256777032, 14.276323480083745, 14.416244392397168, 14.556165304710593, 14.696086217024018, 14.836007129337442, 14.975928041650867, 15.115848953964292, 15.255769866277717, 15.395690778591142, 15.535611690904565, 15.67553260321799, 15.815453515531415, 15.955374427844838, 16.095295340158263, 16.235216252471687, 16.375137164785112, 16.515058077098537, 16.654978989411962, 16.794899901725387, 16.93482081403881, 17.074741726352237, 17.214662638665658, 17.354583550979086, 17.494504463292508, 17.634425375605932, 17.774346287919357, 17.914267200232782, 18.054188112546207, 18.19410902485963, 18.334029937173057, 18.473950849486478, 18.613871761799906, 18.753792674113328, 18.893713586426756, 19.033634498740177, 19.173555411053602, 19.313476323367027, 19.453397235680452, 19.593318147993877, 19.7332390603073, 19.873159972620726, 20.013080884934148, 20.153001797247576, 20.292922709560997, 20.432843621874426, 20.572764534187847, 20.712685446501272, 20.852606358814697, 20.99252727112812, 21.132448183441547, 21.27236909575497, 21.412290008068396, 21.552210920381818, 21.692131832695246, 21.832052745008667, 21.971973657322096, 22.111894569635517, 22.25181548194894, 22.391736394262367, 22.53165730657579, 22.671578218889216, 22.81149913120264]], "PDF": [[0.0004555618877386081, 0.0004133833318416246, 0.00018665154190818106, 4.1468742877263824e-05, 4.497352966849772e-06, 1.1906789642758352e-06, 1.2256251039070798e-05, 7.211853422024796e-05, 0.000196172651642019, 0.00024687767665576636, 0.00014986933519770015, 0.00010185164316588417, 0.00029568991742156024, 0.0006649226159772184, 0.0008431038180185204, 0.0008396565570422328, 0.0009446384093552175, 0.0010518096529747965, 0.0010328379790575171, 0.0010510456155346218, 0.001208605780053739, 0.0013091876700628276, 0.0011029357045706303, 0.0008195356567009172, 0.0008859705840668607, 0.0014676730261282442, 0.0023943072678189663, 0.002909738767495642, 0.0026813429716321027, 0.002399337540896724, 0.00264958750586495, 0.0031528746389147093, 0.003921783950814861, 0.004719773078121599, 0.00456758134839474, 0.003916151248973954, 0.004037901333612062, 0.005028605235331766, 0.006287514727441599, 0.0073854416085068035, 0.008964923919096899, 0.010807445214164518, 0.011182522553062449, 0.009787718476130434, 0.00880094127044801, 0.00936837853683593, 0.010852590308760216, 0.012461428814833668, 0.012896150294932096, 0.013079136968528835, 0.014141032341413139, 0.014873686056672346, 0.014837335559127387, 0.015215464476189522, 0.01702675178752314, 0.019213651863356704, 0.020254470926418987, 0.021842298975699188, 0.025099273398747186, 0.028095094988586786, 0.030246845372080333, 0.03206965423044219, 0.03446680148678259, 0.03907647909534635, 0.04496903280544525, 0.05034591756573063, 0.05602355155235049, 0.06269480724826453, 0.06986698420009291, 0.07700211539310596, 0.08582191105090627, 0.09803115070675203, 0.1123216996558804, 0.12901292413270588, 0.1493926450034626, 0.169244281641549, 0.18563436190944305, 0.20226019977581977, 0.22245937062982735, 0.24682396046041355, 0.271551112375649, 0.29383502956325563, 0.3155456055533105, 0.33586595958222093, 0.3570104153809601, 0.3798712174077981, 0.3923798715828504, 0.3840697455946317, 0.36050482532671757, 0.3343242857932082, 0.3043273315115934, 0.26393088330276043, 0.21648130420537295, 0.16894420213817807, 0.12455572422168816, 0.08398867867799004, 0.049725354419661145, 0.025306062655585007, 0.011084332034336484, 0.004010133496650628]]}