{"output": [[8.95932898052654, 9.099249890863476, 9.239170801200412, 9.379091711537349, 9.519012621874285, 9.658933532211222, 9.798854442548157, 9.938775352885093, 10.07869626322203, 10.218617173558966, 10.358538083895903, 10.49845899423284, 10.638379904569776, 10.778300814906713, 10.918221725243649, 11.058142635580584, 11.19806354591752, 11.337984456254457, 11.477905366591393, 11.61782627692833, 11.757747187265267, 11.897668097602203, 12.03758900793914, 12.177509918276076, 12.317430828613013, 12.45735173894995, 12.597272649286886, 12.737193559623822, 12.877114469960759, 13.017035380297695, 13.15695629063463, 13.296877200971567, 13.436798111308503, 13.57671902164544, 13.716639931982376, 13.856560842319311, 13.996481752656248, 14.136402662993184, 14.27632357333012, 14.416244483667057, 14.556165394003994, 14.69608630434093, 14.836007214677867, 14.975928125014804, 15.11584903535174, 15.255769945688677, 15.395690856025613, 15.53561176636255, 15.675532676699486, 15.815453587036423, 15.95537449737336, 16.095295407710296, 16.23521631804723, 16.37513722838417, 16.515058138721102, 16.654979049058042, 16.794899959394975, 16.93482086973191, 17.074741780068848, 17.214662690405785, 17.35458360074272, 17.494504511079658, 17.634425421416594, 17.77434633175353, 17.914267242090467, 18.054188152427404, 18.19410906276434, 18.334029973101277, 18.473950883438214, 18.61387179377515, 18.753792704112087, 18.89371361444902, 19.03363452478596, 19.173555435122893, 19.313476345459833, 19.453397255796766, 19.593318166133706, 19.73323907647064, 19.87315998680758, 20.013080897144512, 20.15300180748145, 20.292922717818385, 20.43284362815532, 20.572764538492258, 20.712685448829195, 20.85260635916613, 20.992527269503068, 21.132448179840004, 21.27236909017694, 21.412290000513877, 21.552210910850814, 21.69213182118775, 21.832052731524684, 21.971973641861624, 22.111894552198557, 22.251815462535497, 22.39173637287243, 22.53165728320937, 22.671578193546303, 22.81149910388324]], "PDF": [[0.00045556114141335346, 0.0004133828100780138, 0.00018665184781896374, 4.1469042427084055e-05, 4.4974241307079065e-06, 1.1907052298560696e-06, 1.225638035117776e-05, 7.211877228645041e-05, 0.00019617248311953574, 0.00024687720585528356, 0.00014986945307555747, 0.00010185234889534136, 0.00029569061371049614, 0.0006649221472317837, 0.0008431032941910055, 0.000839657038801654, 0.0009446385070737625, 0.001051809288256786, 0.0010328381114500578, 0.0010510461373437622, 0.0012086057996982694, 0.0013091867570792044, 0.0011029352996592108, 0.0008195365880647262, 0.0008859721470745264, 0.001467674656132547, 0.0023943066517719304, 0.0029097366966779597, 0.0026813426709608686, 0.0023993392936910826, 0.0026495883181912932, 0.0031528757802112613, 0.003921785006680985, 0.00471977053689836, 0.0045675794817257006, 0.003916153447827784, 0.0040379041318722875, 0.005028606843271377, 0.006287514715479556, 0.0073854439536274906, 0.008964926407674368, 0.010807442022527416, 0.011182516832374747, 0.009787718910807038, 0.008800945697204415, 0.009368381352865334, 0.010852592083116197, 0.012461425751679769, 0.012896149648539768, 0.013079140524602165, 0.014141031798001063, 0.014873683695887794, 0.014837336531476491, 0.015215469190728081, 0.017026754104279004, 0.01921364850848711, 0.020254472756376183, 0.021842305350754442, 0.02509927360982235, 0.02809509364358802, 0.03024684531053486, 0.03206965599203478, 0.03446680896356386, 0.03907648422624083, 0.04496903208149633, 0.050345919975534274, 0.05602355601234612, 0.06269481050805228, 0.06986698511277076, 0.07700212126789337, 0.0858219230343483, 0.09803115821884327, 0.11232170805771195, 0.12901293866912905, 0.14939264661438556, 0.16924427322400915, 0.18563436501339975, 0.2022602113109888, 0.2224593847952156, 0.24682396341008137, 0.2715511060521341, 0.2938350308043641, 0.3155456016569383, 0.33586596191121754, 0.35701042435414937, 0.3798711904887755, 0.3923798144327351, 0.3840697050915336, 0.36050482457496874, 0.3343242793122541, 0.30432730451721374, 0.2639308683218528, 0.2164813093212558, 0.16894421556512706, 0.12455573849426045, 0.08398869970977087, 0.04972538501947792, 0.02530609271970359, 0.011084351751552595, 0.004010144417420116]]}