{"output": [[8.959325599656427, 9.099246549829397, 9.239167500002367, 9.379088450175336, 9.519009400348306, 9.658930350521276, 9.798851300694245, 9.938772250867215, 10.078693201040185, 10.218614151213155, 10.358535101386124, 10.498456051559094, 10.638377001732064, 10.778297951905033, 10.918218902078003, 11.058139852250973, 11.198060802423942, 11.337981752596912, 11.477902702769882, 11.617823652942851, 11.757744603115821, 11.89766555328879, 12.03758650346176, 12.17750745363473, 12.3174284038077, 12.457349353980668, 12.59727030415364, 12.737191254326607, 12.877112204499578, 13.017033154672546, 13.156954104845518, 13.296875055018486, 13.436796005191457, 13.576716955364425, 13.716637905537397, 13.856558855710364, 13.996479805883336, 14.136400756056304, 14.276321706229275, 14.416242656402243, 14.556163606575215, 14.696084556748183, 14.836005506921154, 14.975926457094122, 15.115847407267093, 15.255768357440061, 15.395689307613033, 15.535610257786, 15.67553120795897, 15.81545215813194, 15.95537310830491, 16.09529405847788, 16.235215008650847, 16.37513595882382, 16.51505690899679, 16.654977859169758, 16.794898809342726, 16.934819759515698, 17.07474070968867, 17.214661659861637, 17.354582610034605, 17.494503560207576, 17.634424510380548, 17.774345460553516, 17.914266410726484, 18.054187360899455, 18.194108311072426, 18.334029261245394, 18.473950211418362, 18.613871161591334, 18.753792111764305, 18.893713061937273, 19.03363401211024, 19.173554962283212, 19.313475912456184, 19.453396862629152, 19.59331781280212, 19.73323876297509, 19.873159713148063, 20.01308066332103, 20.153001613494, 20.29292256366697, 20.43284351383994, 20.57276446401291, 20.712685414185877, 20.85260636435885, 20.99252731453182, 21.132448264704788, 21.272369214877756, 21.412290165050727, 21.5522111152237, 21.692132065396667, 21.832053015569635, 21.971973965742606, 22.111894915915578, 22.251815866088545, 22.391736816261513, 22.531657766434485, 22.671578716607453, 22.811499666780424]], "PDF": [[0.00045556167766683074, 0.000413382760777765, 0.00018665126882230187, 4.146872393096134e-05, 4.497361877056623e-06, 1.190681607465006e-06, 1.2256228418737063e-05, 7.211829841350643e-05, 0.0001961720764566817, 0.000246877466647665, 0.00014986969659955865, 0.00010185137656434214, 0.0002956878959178392, 0.0006649198906595368, 0.0008431026936863734, 0.0008396554276945553, 0.0009446364482103782, 0.0010518086398775145, 0.0010328381128956443, 0.001051044827211937, 0.0012086036380977731, 0.0013091865989207487, 0.0011029379897537577, 0.0008195370739577817, 0.000885967241043204, 0.0014676634515188905, 0.002394296142415606, 0.0029097355675180726, 0.0026813472726164712, 0.0023993381995557612, 0.0026495815835167404, 0.0031528667184638234, 0.003921772038302282, 0.004719764987327513, 0.004567586939240841, 0.003916156175435175, 0.004037894402844297, 0.005028589837392918, 0.006287499514594272, 0.007385427292216053, 0.008964900857509318, 0.010807424897119656, 0.011182525630483877, 0.009787736274963998, 0.008800945312568302, 0.00936836730566079, 0.010852571496813531, 0.012461413705857939, 0.012896149617664433, 0.0130791314730826, 0.014141020180041994, 0.014873682423914132, 0.01483733719954048, 0.015215458156571823, 0.01702673252441279, 0.0192136359439151, 0.020254466051799796, 0.02184228282909177, 0.025099246316460915, 0.028095075414352605, 0.030246831263554343, 0.03206964263130137, 0.03446678594891339, 0.039076449534208, 0.044969000270701186, 0.050345890419865424, 0.05602352198127953, 0.06269477391160921, 0.06986695127617565, 0.077002086740033, 0.08582187573857052, 0.09803110299514718, 0.11232165083738405, 0.12901287215805046, 0.14939258171627956, 0.16924422643806666, 0.18563432542807495, 0.20226016841798317, 0.2224593377239612, 0.2468239207655815, 0.27155107607531315, 0.29383500746546104, 0.31554558677424355, 0.33586595181202483, 0.3570104164580517, 0.37987119833453775, 0.392379829935529, 0.38406970274544777, 0.360504797289276, 0.3343242450162292, 0.304327257936481, 0.2639307942692276, 0.21648121329289544, 0.1689441091936204, 0.1245556263306198, 0.0839885848717418, 0.04972528227929248, 0.02530602018589711, 0.011084312744461441, 0.004010127625811175]]}