{"S_min_Ks": [[0.13369039717930106]], "S_min_Q": [[0.7710777908411975]], "S_Ks": [[0.1489333605225248]], "S_Q": [[0.8455079082834892]], "S_max_Ks": [[0.16112394106301384]], "S_max_Q": [[0.9244991007231181]], "S_T_min_Ks": [[0.0935307321179572]], "S_T_min_Q": [[0.8093411923188235]], "S_T_Ks": [[0.15853918801971176]], "S_T_Q": [[0.8624652012301451]], "S_T_max_Ks": [[0.2088352727608287]], "S_T_max_Q": [[0.9055735587187733]]}