{"S_min_Ks": [[0.13369039704124672]], "S_min_Q": [[0.7710777897587173]], "S_Ks": [[0.1489333597448036]], "S_Q": [[0.8455079161722547]], "S_max_Ks": [[0.16112394107467642]], "S_max_Q": [[0.9244991272737599]], "S_T_min_Ks": [[0.09353071932198029]], "S_T_min_Q": [[0.8093411877333865]], "S_T_Ks": [[0.1585391889340848]], "S_T_Q": [[0.8624652014586686]], "S_T_max_Ks": [[0.2088352773087771]], "S_T_max_Q": [[0.9055735593461142]]}