{"S_Ks": [[0.1489333597448036]], "S_Q": [[0.8455079161722547]], "S_T_Ks": [[0.1585391889340848]], "S_T_Q": [[0.8624652014586686]]}