{"S_min_Ks": [[0.1336903967607171]], "S_min_Q": [[0.7710777914510406]], "S_Ks": [[0.1489333601083093]], "S_Q": [[0.845507908576395]], "S_max_Ks": [[0.16112394060564914]], "S_max_Q": [[0.9244991002566564]], "S_T_min_Ks": [[0.09353073234961948]], "S_T_min_Q": [[0.8093411928659481]], "S_T_Ks": [[0.1585391874096364]], "S_T_Q": [[0.8624652015899141]], "S_T_max_Ks": [[0.20883527201578628]], "S_T_max_Q": [[0.9055735591167754]]}