{"S_Ks": [[0.1489333605225248]], "S_Q": [[0.8455079082834892]], "S_T_Ks": [[0.15853918801971176]], "S_T_Q": [[0.8624652012301451]]}