{"S_min_Ks": [[0.13369039066358435]], "S_min_Q": [[0.7710777986095221]], "S_Ks": [[0.14893335320435355]], "S_Q": [[0.8455079235081472]], "S_max_Ks": [[0.1611239341625433]], "S_max_Q": [[0.9244991298482901]], "S_T_min_Ks": [[0.09353071818102801]], "S_T_min_Q": [[0.8093411943410449]], "S_T_Ks": [[0.1585391799822013]], "S_T_Q": [[0.8624652069737194]], "S_T_max_Ks": [[0.20883526761131543]], "S_T_max_Q": [[0.9055735655785997]]}