{"S_Ks": [[0.14893335320435355]], "S_Q": [[0.8455079235081472]], "S_T_Ks": [[0.1585391799822013]], "S_T_Q": [[0.8624652069737194]]}