{"S_Ks": [[0.1489333601083093]], "S_Q": [[0.845507908576395]], "S_T_Ks": [[0.1585391874096364]], "S_T_Q": [[0.8624652015899141]]}