{"Min": [[18.461824402216212]], "SD_min": [[20.20829973720754]], "Mean": [[20.771926758369982]], "SD_max": [[21.335553779532425]], "Max": [[22.174684683853616]]}