{"Min": [[18.684383310662657]], "SD_min": [[20.21971859713462]], "Mean": [[20.77187309896109]], "SD_max": [[21.324027600787563]], "Max": [[22.19064566098807]]}