{"Min": [[18.46182448092934]], "SD_min": [[20.208299736901264]], "Mean": [[20.771926745074264]], "SD_max": [[21.335553753247265]], "Max": [[22.174684671779165]]}