{"Min": [[8.959328344586016]], "SD_min": [[18.698097363517444]], "Mean": [[20.246134730002744]], "SD_max": [[21.794172096488044]], "Max": [[22.811499210283205]]}