{"output": [[8.959328344586016, 9.099249262421342, 9.239170180256666, 9.379091098091992, 9.519012015927316, 9.658932933762642, 9.798853851597967, 9.938774769433293, 10.078695687268617, 10.218616605103943, 10.358537522939267, 10.498458440774593, 10.638379358609917, 10.778300276445243, 10.918221194280568, 11.058142112115894, 11.198063029951218, 11.337983947786544, 11.477904865621868, 11.617825783457194, 11.757746701292518, 11.897667619127844, 12.037588536963169, 12.177509454798495, 12.317430372633819, 12.457351290469145, 12.59727220830447, 12.737193126139795, 12.87711404397512, 13.017034961810445, 13.156955879645771, 13.296876797481096, 13.43679771531642, 13.576718633151746, 13.716639550987072, 13.856560468822396, 13.99648138665772, 14.136402304493046, 14.276323222328372, 14.416244140163696, 14.55616505799902, 14.696085975834347, 14.836006893669673, 14.975927811504997, 15.115848729340321, 15.255769647175647, 15.395690565010973, 15.535611482846297, 15.675532400681623, 15.815453318516948, 15.955374236352274, 16.0952951541876, 16.235216072022922, 16.375136989858248, 16.515057907693574, 16.6549788255289, 16.794899743364226, 16.93482066119955, 17.074741579034875, 17.214662496870197, 17.354583414705523, 17.49450433254085, 17.634425250376175, 17.7743461682115, 17.914267086046827, 18.054188003882153, 18.194108921717476, 18.3340298395528, 18.473950757388124, 18.61387167522345, 18.753792593058776, 18.893713510894102, 19.033634428729428, 19.173555346564754, 19.313476264400077, 19.453397182235403, 19.593318100070725, 19.73323901790605, 19.873159935741377, 20.013080853576703, 20.15300177141203, 20.292922689247355, 20.432843607082678, 20.572764524918004, 20.712685442753326, 20.852606360588652, 20.992527278423978, 21.132448196259304, 21.27236911409463, 21.412290031929956, 21.55221094976528, 21.692131867600605, 21.832052785435927, 21.971973703271253, 22.11189462110658, 22.251815538941905, 22.39173645677723, 22.531657374612557, 22.671578292447883, 22.811499210283205]], "PDF": [[0.00045556133764289915, 0.00041338285044675567, 0.00018665168936209264, 4.1468942816008245e-05, 4.497403531098974e-06, 1.1906982437455124e-06, 1.2256341308399096e-05, 7.211867048545813e-05, 0.00019617244027524635, 0.0002468773008180936, 0.00014986947111313048, 0.00010185209438401426, 0.0002956900669121729, 0.0006649218189760153, 0.0008431032331949812, 0.000839656661307013, 0.0009446381166268751, 0.0010518092275058869, 0.0010328381334900438, 0.0010510459050868148, 0.0012086054547305234, 0.0013091868113739593, 0.0011029357775514251, 0.0008195365431322316, 0.0008859710578044591, 0.0014676724318206586, 0.002394304830759358, 0.0029097367663520417, 0.002681343647119242, 0.002399339023916114, 0.0026495870029425036, 0.0031528739577080765, 0.00392178256815493, 0.004719769857239851, 0.004567581042570192, 0.003916153695415416, 0.004037902104384644, 0.005028603657880028, 0.006287512001962326, 0.007385440759499583, 0.008964921653290199, 0.010807439274937875, 0.011182518894578058, 0.009787721873287884, 0.008800945085100433, 0.009368378454931683, 0.010852588206810737, 0.012461424002624498, 0.012896149817862105, 0.013079138699082248, 0.014141029805987927, 0.014873683538092939, 0.014837336426854204, 0.015215466678460758, 0.017026749950575477, 0.01921364651600228, 0.020254471190577952, 0.021842300591485047, 0.025099268824397603, 0.028095090582299243, 0.03024684284474224, 0.03206965346037836, 0.03446680383410926, 0.03907647703280596, 0.044969026111118686, 0.0503459142154179, 0.056023549312258863, 0.0626948035158235, 0.06986697882130039, 0.07700211425470678, 0.08582191310819708, 0.09803114742709315, 0.11232169679325918, 0.12901292499908096, 0.14939263461541197, 0.16924426557245523, 0.1856343574120059, 0.20226020220572705, 0.22245937465968427, 0.24682395537045568, 0.2715511013495936, 0.2938350263776593, 0.3155455992576161, 0.3358659597649119, 0.3570104220397418, 0.3798711951055088, 0.392379823804275, 0.3840697094251993, 0.3605048201120653, 0.334324274244289, 0.3043272991823062, 0.26393085609656186, 0.21648129046517312, 0.16894419393915638, 0.12455571599535721, 0.0839886761960443, 0.049725362732962804, 0.025306076001278415, 0.011084342299659728, 0.004010140049312026]]}