{"output": [[18.684383310662657, 18.719800102080086, 18.755216893497515, 18.79063368491494, 18.82605047633237, 18.8614672677498, 18.896884059167228, 18.932300850584657, 18.967717642002086, 19.00313443341951, 19.03855122483694, 19.07396801625437, 19.1093848076718, 19.144801599089227, 19.180218390506656, 19.215635181924082, 19.25105197334151, 19.28646876475894, 19.32188555617637, 19.357302347593798, 19.392719139011227, 19.428135930428653, 19.46355272184608, 19.49896951326351, 19.53438630468094, 19.56980309609837, 19.605219887515798, 19.640636678933223, 19.676053470350652, 19.71147026176808, 19.74688705318551, 19.78230384460294, 19.81772063602037, 19.853137427437794, 19.888554218855223, 19.923971010272652, 19.95938780169008, 19.99480459310751, 20.030221384524936, 20.065638175942365, 20.101054967359794, 20.136471758777223, 20.17188855019465, 20.20730534161208, 20.242722133029506, 20.278138924446935, 20.313555715864364, 20.348972507281793, 20.384389298699222, 20.41980609011665, 20.455222881534077, 20.490639672951506, 20.526056464368935, 20.561473255786364, 20.596890047203793, 20.632306838621222, 20.667723630038648, 20.703140421456077, 20.738557212873506, 20.773974004290935, 20.809390795708364, 20.844807587125793, 20.880224378543218, 20.915641169960647, 20.951057961378076, 20.986474752795505, 21.021891544212934, 21.05730833563036, 21.09272512704779, 21.128141918465218, 21.163558709882647, 21.198975501300076, 21.234392292717505, 21.269809084134934, 21.30522587555236, 21.34064266696979, 21.376059458387218, 21.411476249804647, 21.446893041222076, 21.4823098326395, 21.51772662405693, 21.55314341547436, 21.58856020689179, 21.623976998309217, 21.659393789726643, 21.694810581144072, 21.7302273725615, 21.76564416397893, 21.80106095539636, 21.836477746813788, 21.871894538231217, 21.907311329648643, 21.94272812106607, 21.9781449124835, 22.01356170390093, 22.04897849531836, 22.084395286735784, 22.119812078153213, 22.155228869570642, 22.19064566098807]], "PDF": [[0.0022802355239091867, 0.002241100925650877, 0.0021223778725896337, 0.001945033615613359, 0.001740692748853314, 0.0015493202700730699, 0.0014171102087771918, 0.001395246853326637, 0.0015397108956609674, 0.0019117487683367011, 0.0025782349647355957, 0.003611094062901661, 0.005085242446035269, 0.007075047823371365, 0.009649877513547294, 0.012869692560095623, 0.01678170740239504, 0.02141888187349744, 0.026800583210841722, 0.03293533439370323, 0.03982526402614829, 0.047471665838856016, 0.05588083778765129, 0.06506901875574599, 0.07506488485511215, 0.08590804404371118, 0.09764268242998944, 0.11030713845611324, 0.12392237067867386, 0.13848414418909682, 0.1539641362357303, 0.17032320548871277, 0.1875358104243218, 0.2056191715622722, 0.22465631499908795, 0.2448008277983419, 0.2662543967437163, 0.2892157817406242, 0.31380976143723294, 0.3400134577257618, 0.3676018319260322, 0.39613179154266953, 0.4249752138769316, 0.45339769012713577, 0.48066608244572007, 0.5061585875025281, 0.5294492032542152, 0.5503451559927678, 0.5688690121170126, 0.5851927343762258, 0.5995439279473678, 0.612110976063292, 0.622972028770674, 0.6320640563174263, 0.6391958355443931, 0.6440970431851593, 0.6464879846597257, 0.646152313931502, 0.6429976848882181, 0.637094533929087, 0.628688861709158, 0.6181894656412298, 0.6061331535292934, 0.5931333659968662, 0.5798188262793582, 0.5667695230520565, 0.5544574018577864, 0.5431984100476309, 0.5331210239908999, 0.5241543681132879, 0.5160369058203208, 0.5083447158058769, 0.5005366080937834, 0.4920116910189712, 0.4821734592225801, 0.47049325622439186, 0.4565655035460991, 0.440147804177012, 0.4211810668996233, 0.3997878760098198, 0.3762507957594522, 0.35097536522260875, 0.3244445660890362, 0.2971722114181824, 0.2696620188291808, 0.24237733870718617, 0.2157239655451484, 0.19004559800134554, 0.16562884507989734, 0.1427127940133031, 0.12149761548971608, 0.10214777838645542, 0.08478798392999258, 0.06949315213195917, 0.05627657930189929, 0.045081670367703386, 0.03578189566337889, 0.0281910879763441, 0.022082855898584643, 0.01721502019967445]]}