{"output": [[18.46182448092934, 18.499328119220753, 18.536831757512164, 18.574335395803576, 18.61183903409499, 18.649342672386403, 18.686846310677815, 18.724349948969227, 18.76185358726064, 18.79935722555205, 18.836860863843466, 18.874364502134878, 18.91186814042629, 18.9493717787177, 18.986875417009113, 19.024379055300525, 19.06188269359194, 19.099386331883352, 19.136889970174764, 19.174393608466175, 19.211897246757587, 19.249400885049, 19.286904523340414, 19.324408161631826, 19.361911799923238, 19.39941543821465, 19.43691907650606, 19.474422714797473, 19.51192635308889, 19.5494299913803, 19.586933629671712, 19.624437267963124, 19.661940906254536, 19.699444544545948, 19.73694818283736, 19.774451821128775, 19.811955459420187, 19.8494590977116, 19.88696273600301, 19.924466374294422, 19.961970012585837, 19.99947365087725, 20.03697728916866, 20.074480927460073, 20.111984565751484, 20.149488204042896, 20.186991842334308, 20.224495480625723, 20.261999118917135, 20.299502757208547, 20.33700639549996, 20.37451003379137, 20.412013672082782, 20.449517310374198, 20.48702094866561, 20.52452458695702, 20.562028225248433, 20.599531863539845, 20.637035501831257, 20.674539140122672, 20.712042778414084, 20.749546416705495, 20.787050054996907, 20.82455369328832, 20.86205733157973, 20.899560969871146, 20.937064608162558, 20.97456824645397, 21.01207188474538, 21.049575523036793, 21.087079161328205, 21.124582799619617, 21.162086437911032, 21.199590076202444, 21.237093714493856, 21.274597352785268, 21.31210099107668, 21.349604629368095, 21.387108267659507, 21.42461190595092, 21.46211554424233, 21.499619182533742, 21.537122820825154, 21.574626459116566, 21.61213009740798, 21.649633735699393, 21.687137373990804, 21.724641012282216, 21.762144650573628, 21.79964828886504, 21.837151927156455, 21.874655565447867, 21.91215920373928, 21.94966284203069, 21.987166480322102, 22.024670118613514, 22.062173756904926, 22.09967739519634, 22.137181033487753, 22.174684671779165]], "PDF": [[0.000441553163505448, 0.00040593448266034344, 0.00031689979443402897, 0.00021798533258095358, 0.00015544351345756516, 0.00016514339696957521, 0.0002720926051635135, 0.0004897188524493796, 0.000811637035421765, 0.0012067968147010315, 0.0016329637071242087, 0.0020650985795315135, 0.0025164380260217748, 0.0030339021313371814, 0.0036698419059613004, 0.004448850218440963, 0.0053556070808062324, 0.006367445635977962, 0.007530276054800234, 0.009027279311466291, 0.011162478019981971, 0.014232394746836765, 0.018366888162528325, 0.023478230924571884, 0.02938638638323975, 0.036031780374099154, 0.04358068652195309, 0.0522926028573085, 0.06224645617560989, 0.0732196263304109, 0.08492145441368369, 0.09740420150770958, 0.11121707875210633, 0.12709844112693125, 0.14548666926383894, 0.16629441264227213, 0.18908943610477053, 0.21345163211723633, 0.23915528206678338, 0.26598362059972047, 0.2933500922317942, 0.32022138005702866, 0.34565417311086094, 0.36957299048603265, 0.39299771325140515, 0.4173505407502341, 0.44327454857456533, 0.46979067285463927, 0.4944662374661445, 0.51474754661348, 0.5297386569579133, 0.540999616195203, 0.55147586154379, 0.5633799966185902, 0.5768482853728869, 0.5902696941498414, 0.601611652891528, 0.6095983971402434, 0.6141360584596985, 0.6159780392322889, 0.6160674720395275, 0.6151714161259552, 0.6139603366483969, 0.6130384136570453, 0.6125876007997879, 0.6120398143062659, 0.6103204036401456, 0.6064945363174238, 0.6001749550291614, 0.5914332507480343, 0.5805344942589831, 0.5678119105457484, 0.5536358980389258, 0.5383584209079273, 0.5222954177741972, 0.5057705392870641, 0.48905806035910626, 0.47216640267178056, 0.4546830723464655, 0.4358963727842408, 0.415127946625399, 0.3920313273786479, 0.3666914365207605, 0.33954842362339643, 0.31125605971745873, 0.28251918955913197, 0.2538996644782201, 0.22565343416977365, 0.19773284063578075, 0.17001009999356217, 0.14261346163885177, 0.11615762416457559, 0.09167427280703175, 0.07023244466407384, 0.05248071168079145, 0.0384197368612621, 0.02753299665077327, 0.019136871271708048, 0.012686903781145061, 0.007865809302893711]]}