{"output": [[18.461824402216212, 18.499328041424672, 18.536831680633128, 18.574335319841587, 18.611838959050047, 18.649342598258507, 18.686846237466963, 18.724349876675422, 18.76185351588388, 18.79935715509234, 18.836860794300797, 18.874364433509257, 18.911868072717716, 18.949371711926176, 18.986875351134632, 19.02437899034309, 19.06188262955155, 19.09938626876001, 19.136889907968467, 19.174393547176926, 19.211897186385386, 19.249400825593845, 19.2869044648023, 19.32440810401076, 19.36191174321922, 19.399415382427676, 19.436919021636136, 19.474422660844596, 19.511926300053055, 19.54942993926151, 19.58693357846997, 19.62443721767843, 19.66194085688689, 19.699444496095346, 19.736948135303805, 19.774451774512265, 19.811955413720725, 19.84945905292918, 19.88696269213764, 19.9244663313461, 19.961969970554556, 19.999473609763015, 20.036977248971475, 20.074480888179934, 20.111984527388394, 20.14948816659685, 20.18699180580531, 20.22449544501377, 20.261999084222225, 20.299502723430685, 20.337006362639144, 20.374510001847604, 20.41201364105606, 20.44951728026452, 20.48702091947298, 20.52452455868144, 20.562028197889894, 20.599531837098354, 20.637035476306814, 20.674539115515273, 20.71204275472373, 20.74954639393219, 20.78705003314065, 20.824553672349104, 20.862057311557564, 20.899560950766023, 20.937064589974483, 20.974568229182943, 21.0120718683914, 21.049575507599858, 21.087079146808318, 21.124582786016774, 21.162086425225233, 21.199590064433693, 21.237093703642152, 21.27459734285061, 21.312100982059068, 21.349604621267527, 21.387108260475987, 21.424611899684443, 21.462115538892903, 21.499619178101362, 21.53712281730982, 21.574626456518278, 21.612130095726737, 21.649633734935197, 21.687137374143653, 21.724641013352112, 21.762144652560572, 21.79964829176903, 21.83715193097749, 21.874655570185947, 21.912159209394407, 21.949662848602866, 21.987166487811322, 22.02467012701978, 22.06217376622824, 22.0996774054367, 22.137181044645157, 22.174684683853616]], "PDF": [[0.00044155251754629884, 0.0004059340031422774, 0.0003168996968905003, 0.0002179856234910445, 0.00015544407682663042, 0.00016514411526828717, 0.0002720933635900978, 0.0004897194820881691, 0.0008116373527805933, 0.0012067967699031423, 0.0016329634631558668, 0.0020650983935039894, 0.0025164380362833892, 0.0030339022450170507, 0.003669841853574018, 0.0044488497461227655, 0.005355606252277992, 0.00636744509138709, 0.007530276863621189, 0.009027282224323021, 0.011162482592515288, 0.014232399251767159, 0.018366890683371495, 0.02347823088350322, 0.029386385123660486, 0.03603177999817843, 0.04358068770637888, 0.052292603719671794, 0.062246453856744544, 0.0732196202604533, 0.0849214477061893, 0.09740419831130005, 0.11121708003212583, 0.12709844341055596, 0.1454866674358062, 0.16629440363861683, 0.1890894202527147, 0.2134516114327878, 0.23915525703593266, 0.2659835886049826, 0.29335005035647477, 0.3202213303669171, 0.3456541241138524, 0.3695729515369451, 0.39299768658297063, 0.4173505183855157, 0.4432745165771392, 0.4697906205462216, 0.4944661669199934, 0.5147474750827472, 0.5297386065139138, 0.5409995965649641, 0.5514758623723861, 0.5633799970184544, 0.5768482699784626, 0.5902696608010258, 0.6016116095816778, 0.6095983547210377, 0.6141360241818674, 0.6159780142319966, 0.6160674541746223, 0.6151714039923666, 0.6139603289544083, 0.6130384058019802, 0.612587585680658, 0.6120397879286398, 0.6103203684714644, 0.6064944984023246, 0.6001749191198065, 0.5914332188772238, 0.5805344672161327, 0.5678118886307703, 0.5536358807589564, 0.5383584075893426, 0.5222954083954194, 0.5057705334558406, 0.48905805566489213, 0.47216639538980404, 0.4546830602889246, 0.4358963573024481, 0.4151279320047739, 0.39203131855461226, 0.3666914371150534, 0.3395484352272658, 0.31125608178229586, 0.28251921937123137, 0.25389969786761535, 0.22565346735617503, 0.1977328722052352, 0.17001013160358774, 0.1426134968431462, 0.11615766577146029, 0.09167432032257382, 0.07023249383006369, 0.052480756670725624, 0.03841977345317854, 0.027533024037790788, 0.019136891493294186, 0.012686919621752836, 0.007865822461990767]]}