{"S_min_Ks": [[0.648110173622807]], "S_min_Q": [[0.32284851976522666]], "S_Ks": [[0.6765057066519754]], "S_Q": [[0.3448423261087481]], "S_max_Ks": [[0.7024809781647001]], "S_max_Q": [[0.3628509365037105]], "S_T_min_Ks": [[0.642847426987914]], "S_T_min_Q": [[0.3217984924579775]], "S_T_Ks": [[0.6688289955018345]], "S_T_Q": [[0.34623563572042354]], "S_T_max_Ks": [[0.7011520356099106]], "S_T_max_Q": [[0.37025942103587617]]}