{"S_min_Ks": [[0.6252984664591882]], "S_min_Q": [[0.2771906139382313]], "S_Ks": [[0.6973362643781994]], "S_Q": [[0.332061281098167]], "S_max_Ks": [[0.77691646188536]], "S_max_Q": [[0.4011261465082658]], "S_T_min_Ks": [[0.6115890234716158]], "S_T_min_Q": [[0.23877891090428116]], "S_T_Ks": [[0.7034857721715795]], "S_T_Q": [[0.3085823772581631]], "S_T_max_Ks": [[0.7859880437760499]], "S_T_max_Q": [[0.39473703358070134]]}