{"S_min_Ks": [[0.1336903960219851]], "S_min_Q": [[0.7710777921648474]], "S_Ks": [[0.14893335919292697]], "S_Q": [[0.8455079113317193]], "S_max_Ks": [[0.16112393984254772]], "S_max_Q": [[0.9244991070791623]], "S_T_min_Ks": [[0.09353072907301585]], "S_T_min_Q": [[0.8093411924671161]], "S_T_Ks": [[0.15853918664317734]], "S_T_Q": [[0.8624652022559222]], "S_T_max_Ks": [[0.20883527206170077]], "S_T_max_Q": [[0.9055735599604393]]}