{"S_Ks": [[0.14893335919292697]], "S_Q": [[0.8455079113317193]], "S_T_Ks": [[0.15853918664317734]], "S_T_Q": [[0.8624652022559222]]}