{"S_min_Ks": [[0.6481101590570086]], "S_min_Q": [[0.3228485331935762]], "S_Ks": [[0.6765056926553393]], "S_Q": [[0.34484233964322775]], "S_max_Ks": [[0.7024809645531389]], "S_max_Q": [[0.36285095061037026]], "S_T_min_Ks": [[0.6428474134005685]], "S_T_min_Q": [[0.321798506250715]], "S_T_Ks": [[0.6688289816383695]], "S_T_Q": [[0.3462356494699536]], "S_T_max_Ks": [[0.7011520221106194]], "S_T_max_Q": [[0.3702594354224655]]}