{"S_Ks": [[0.6765056926553393]], "S_Q": [[0.34484233964322775]], "S_T_Ks": [[0.6688289816383695]], "S_T_Q": [[0.3462356494699536]]}