{"S_Ks": [[0.6973362643781994]], "S_Q": [[0.332061281098167]], "S_T_Ks": [[0.7034857721715795]], "S_T_Q": [[0.3085823772581631]]}