{"S_Ks": [[0.6765057066519754]], "S_Q": [[0.3448423261087481]], "S_T_Ks": [[0.6688289955018345]], "S_T_Q": [[0.34623563572042354]]}