{"Min": [[-7.33456994082471]], "SD_min": [[18.509033186227708]], "Mean": [[20.218245235838143]], "SD_max": [[21.92745728544858]], "Max": [[23.53549270635581]]}