{"Min": [[8.808694708795098]], "SD_min": [[18.702450765296412]], "Mean": [[20.257133890956982]], "SD_max": [[21.811817016617553]], "Max": [[22.54243637638072]]}