{"Min": [[10.969889212392054]], "SD_min": [[18.50873767962368]], "Mean": [[20.270468198458815]], "SD_max": [[22.032198717293948]], "Max": [[92.9809317622715]]}