{"Min": [[-3.8075570821075915]], "SD_min": [[18.54804931578763]], "Mean": [[20.219283637544436]], "SD_max": [[21.890517959301242]], "Max": [[22.62600188339082]]}