{"Min": [[-143.25480243702785]], "SD_min": [[17.26598547023714]], "Mean": [[20.041378618800202]], "SD_max": [[22.816771767363264]], "Max": [[27.900267238424192]]}