{"output": [[-3.8075570821075915, -3.540551435991446, -3.2735457898753, -3.006540143759155, -2.7395344976430094, -2.4725288515268637, -2.205523205410718, -1.9385175592945725, -1.6715119131784268, -1.4045062670622812, -1.1375006209461356, -0.8704949748299899, -0.6034893287138448, -0.3364836825976991, -0.06947803648155348, 0.19752760963459215, 0.4645332557507378, 0.7315389018668834, 0.998544547983029, 1.2655501940991747, 1.5325558402153203, 1.799561486331466, 2.0665671324476116, 2.333572778563757, 2.600578424679902, 2.8675840707960476, 3.1345897169121932, 3.401595363028339, 3.6686010091444845, 3.93560665526063, 4.202612301376776, 4.469617947492923, 4.7366235936090675, 5.003629239725212, 5.270634885841359, 5.5376405319575035, 5.80464617807365, 6.071651824189795, 6.338657470305941, 6.605663116422086, 6.872668762538233, 7.139674408654377, 7.406680054770524, 7.673685700886669, 7.940691347002815, 8.20769699311896, 8.474702639235106, 8.741708285351251, 9.008713931467396, 9.275719577583542, 9.542725223699687, 9.809730869815834, 10.076736515931978, 10.343742162048125, 10.61074780816427, 10.877753454280416, 11.144759100396561, 11.411764746512707, 11.678770392628852, 11.945776038744999, 12.212781684861143, 12.47978733097729, 12.746792977093437, 13.01379862320958, 13.280804269325726, 13.547809915441873, 13.814815561558015, 14.081821207674162, 14.348826853790309, 14.615832499906455, 14.882838146022598, 15.149843792138745, 15.416849438254891, 15.683855084371038, 15.95086073048718, 16.217866376603325, 16.484872022719472, 16.75187766883562, 17.01888331495176, 17.285888961067908, 17.552894607184054, 17.819900253300197, 18.086905899416344, 18.35391154553249, 18.620917191648637, 18.88792283776478, 19.154928483880926, 19.421934129997073, 19.68893977611322, 19.955945422229362, 20.22295106834551, 20.489956714461655, 20.756962360577802, 21.023968006693945, 21.29097365281009, 21.557979298926238, 21.82498494504238, 22.091990591158527, 22.358996237274674, 22.62600188339082]], "PDF": [[0.00012272615168825758, 8.758569400566806e-05, 3.1836209453836496e-05, 5.893884901471735e-06, 5.557454355739009e-07, 2.6914292750015463e-08, 1.1593768084174453e-08, 2.710903854192379e-07, 3.4208926548209197e-06, 2.1987199286320862e-05, 7.197679494211556e-05, 0.00012000717536988175, 0.00010190935246425665, 4.407709755970083e-05, 9.709660730068888e-06, 1.089404071706611e-06, 6.263900154637298e-08, 1.9009152795934504e-08, 3.9058524666360856e-07, 4.517566474891385e-06, 2.6614310170005863e-05, 7.985792364095161e-05, 0.00012204301629129692, 9.499483006562224e-05, 3.7659908976107355e-05, 7.6050763411871035e-06, 8.184893356006325e-07, 7.77794037505414e-07, 7.752778683077772e-06, 4.3156019499674775e-05, 0.00013002927438727008, 0.00021727824191410358, 0.00020460991204673004, 0.000108365176015978, 3.18323171680344e-05, 7.657243110296335e-06, 2.3436987961552385e-05, 0.00010418136722698923, 0.00025998959448293507, 0.0004102161007068889, 0.0005324330958201701, 0.0006477107759240491, 0.0006154888032953078, 0.00042541257932472444, 0.00030976339839024935, 0.0003483283278531794, 0.00038966964919237904, 0.00028938804718781254, 0.0001594786414675191, 0.00017397646441004674, 0.0003081544665455623, 0.0004473081480924616, 0.0006126302732904021, 0.0009631949628669119, 0.0014090943678887581, 0.00157763903771564, 0.0014385950759697994, 0.0013188008626735027, 0.001350315077277029, 0.00150265363002249, 0.0018489175628792274, 0.002323627683152675, 0.002630493545586663, 0.0026529546715259424, 0.0028380462114891442, 0.0035539098029773774, 0.004555325261744858, 0.005530463376553012, 0.006427982181335776, 0.0070339054974425065, 0.0073223602573816455, 0.008166026115654606, 0.009736979936896789, 0.01121050915462193, 0.012449880641171066, 0.013889695215520333, 0.016132425824332296, 0.01948778804778217, 0.023881196265657108, 0.029325544776042867, 0.03621703366488197, 0.04526424679628497, 0.056096125952980865, 0.0680178789668665, 0.08175061938904478, 0.09961894827366767, 0.12421894565184441, 0.15622890381176804, 0.1949310953536813, 0.23958476722368263, 0.28585888834469836, 0.32752183716125954, 0.359735598955621, 0.37237439397903027, 0.3517198055922389, 0.29421390098132133, 0.2127135442618067, 0.13035780989434378, 0.06580001553075719, 0.02579795483362444]]}