{"output": [[-143.25480243702785, -141.52596334939702, -139.79712426176619, -138.06828517413535, -136.33944608650452, -134.61060699887372, -132.8817679112429, -131.15292882361206, -129.42408973598123, -127.6952506483504, -125.96641156071956, -124.23757247308873, -122.5087333854579, -120.77989429782707, -119.05105521019624, -117.32221612256542, -115.59337703493459, -113.86453794730376, -112.13569885967294, -110.40685977204211, -108.67802068441128, -106.94918159678045, -105.22034250914962, -103.49150342151879, -101.76266433388795, -100.03382524625712, -98.3049861586263, -96.57614707099548, -94.84730798336464, -93.11846889573383, -91.389629808103, -89.66079072047216, -87.93195163284133, -86.2031125452105, -84.47427345757967, -82.74543436994884, -81.01659528231802, -79.28775619468719, -77.55891710705636, -75.83007801942553, -74.10123893179471, -72.37239984416388, -70.64356075653305, -68.91472166890222, -67.18588258127139, -65.45704349364055, -63.72820440600974, -61.999365318378906, -60.270526230748075, -58.541687143117244, -56.81284805548641, -55.084008967855596, -53.355169880224764, -51.62633079259393, -49.8974917049631, -48.16865261733227, -46.43981352970144, -44.71097444207062, -42.98213535443979, -41.25329626680896, -39.52445717917813, -37.7956180915473, -36.06677900391648, -34.33793991628565, -32.60910082865482, -30.880261741023986, -29.151422653393155, -27.422583565762338, -25.693744478131507, -23.964905390500675, -22.236066302869844, -20.507227215239013, -18.778388127608196, -17.049549039977364, -15.320709952346533, -13.591870864715702, -11.86303177708487, -10.13419268945404, -8.405353601823208, -6.676514514192377, -4.947675426561574, -3.2188363389307426, -1.4899972512999113, 0.23884183633091993, 1.9676809239617512, 3.6965200115925825, 5.425359099223414, 7.154198186854245, 8.883037274485076, 10.611876362115908, 12.340715449746739, 14.069554537377542, 15.798393625008373, 17.527232712639204, 19.256071800270036, 20.984910887900867, 22.713749975531698, 24.44258906316253, 26.17142815079336, 27.900267238424192]], "PDF": [[2.2946763453765078e-05, 1.3995701159841995e-05, 3.1755161563485008e-06, 2.680281671759621e-07, 8.41575319165454e-09, 9.829965380126451e-11, 4.271273980577966e-13, 6.904135653577368e-16, 4.151524886007678e-19, 9.28650761752491e-23, 7.72758226276833e-27, 2.3921108372641426e-31, 2.754643517887643e-36, 1.1800378937963382e-41, 1.8804983091791696e-47, 1.1147985232851095e-53, 2.4584776597798936e-60, 2.016891759758442e-67, 6.15524524045798e-75, 6.988027000320534e-83, 2.9512787557296167e-91, 4.636735611084986e-100, 2.709947505099662e-109, 5.891906785570859e-119, 4.765377396640167e-129, 1.4337887804170611e-139, 1.6047947641886416e-150, 6.681904492936908e-162, 1.0349693123909967e-173, 5.963498657447937e-186, 1.2782659567114541e-198, 1.0192665307417463e-211, 3.023435781831432e-225, 3.3362622191581637e-239, 1.1690212120410229e-247, 1.9011332923129164e-233, 1.150137319430781e-219, 2.5884111856265665e-206, 2.1670218196613118e-193, 6.749004916503147e-181, 7.819205888916022e-169, 3.3700162653917946e-157, 5.403159515417945e-146, 3.22262688225917e-135, 7.150208500287697e-125, 5.901655178751647e-115, 1.8120717972373994e-105, 2.06977633956806e-96, 8.794636328687161e-88, 1.390140870705913e-79, 8.174218035084423e-72, 1.7880520187929962e-64, 1.454992368602765e-57, 4.4044143460436857e-51, 4.9597877949036654e-45, 2.0777192385843133e-39, 3.237894082856427e-34, 1.8771449213565948e-29, 4.0486431744793704e-25, 3.2489092950600695e-21, 9.702298253809381e-18, 1.0787860940003588e-14, 4.471121001527168e-12, 6.925623415628965e-10, 4.0331374235934674e-08, 8.94542238270962e-07, 7.757469663510991e-06, 2.7541124994101172e-05, 4.306628031799835e-05, 3.620305693629567e-05, 2.8832937295259986e-05, 2.1147401738112336e-05, 1.0019658824720553e-05, 1.5640048027079654e-05, 3.509043073597386e-05, 4.843374299891919e-05, 4.7352529799972065e-05, 4.506757731125058e-05, 7.818852504429192e-05, 0.00015206487068830207, 0.0002045935578920825, 0.0001646197755040915, 0.00012567010158361664, 0.00019491834116418166, 0.00029944738482579964, 0.0003363646121617538, 0.0003884694094366797, 0.0005946881477516632, 0.000974656686283917, 0.0016071593065198593, 0.003317616493158798, 0.008211893145202933, 0.023895680358804964, 0.07135481150825959, 0.15397741187130132, 0.18240360849127393, 0.10198166165023607, 0.02493977702430004, 0.0026130579875622197, 0.00015517865727089037]]}