{"output": [[-143.25480243702785, -141.52596334939702, -139.79712426176619, -138.06828517413535, -136.33944608650452, -134.61060699887372, -132.8817679112429, -131.15292882361206, -129.42408973598123, -127.6952506483504, -125.96641156071956, -124.23757247308873, -122.5087333854579, -120.77989429782707, -119.05105521019624, -117.32221612256542, -115.59337703493459, -113.86453794730376, -112.13569885967294, -110.40685977204211, -108.67802068441128, -106.94918159678045, -105.22034250914962, -103.49150342151879, -101.76266433388795, -100.03382524625712, -98.3049861586263, -96.57614707099548, -94.84730798336464, -93.11846889573383, -91.389629808103, -89.66079072047216, -87.93195163284133, -86.2031125452105, -84.47427345757967, -82.74543436994884, -81.01659528231802, -79.28775619468719, -77.55891710705636, -75.83007801942553, -74.10123893179471, -72.37239984416388, -70.64356075653305, -68.91472166890222, -67.18588258127139, -65.45704349364055, -63.72820440600974, -61.999365318378906, -60.270526230748075, -58.541687143117244, -56.81284805548641, -55.084008967855596, -53.355169880224764, -51.62633079259393, -49.8974917049631, -48.16865261733227, -46.43981352970144, -44.71097444207062, -42.98213535443979, -41.25329626680896, -39.52445717917813, -37.7956180915473, -36.06677900391648, -34.33793991628565, -32.60910082865482, -30.880261741023986, -29.151422653393155, -27.422583565762338, -25.693744478131507, -23.964905390500675, -22.236066302869844, -20.507227215239013, -18.778388127608196, -17.049549039977364, -15.320709952346533, -13.591870864715702, -11.86303177708487, -10.13419268945404, -8.405353601823208, -6.676514514192377, -4.947675426561574, -3.2188363389307426, -1.4899972512999113, 0.23884183633091993, 1.9676809239617512, 3.6965200115925825, 5.425359099223414, 7.154198186854245, 8.883037274485076, 10.611876362115908, 12.340715449746739, 14.069554537377542, 15.798393625008373, 17.527232712639204, 19.256071800270036, 20.984910887900867, 22.713749975531698, 24.44258906316253, 26.17142815079336, 27.900267238424192]], "PDF": [[2.2946765494376847e-05, 1.3995701173715131e-05, 3.1755153217617265e-06, 2.6802797888530345e-07, 8.415742099182472e-09, 9.829944643905375e-11, 4.2712608387498864e-13, 6.904106518343851e-16, 4.1515018906511864e-19, 9.286442296867125e-23, 7.727514996341724e-27, 2.3920855972076034e-31, 2.7546088812805326e-36, 1.1800204619353152e-41, 1.8804660651283407e-47, 1.1147765654692783e-53, 2.458422534190406e-60, 2.0168406829856263e-67, 6.155070417917422e-75, 6.987805788938252e-83, 2.9511752095437255e-91, 4.636556213600462e-100, 2.709832409288502e-109, 5.891633232682772e-119, 4.7651364524162377e-129, 1.4337101082932504e-139, 1.604699512211825e-150, 6.681476750947212e-162, 1.0348980535262567e-173, 5.96305817418411e-186, 1.2781649083744774e-198, 1.019180489546677e-211, 3.023163810623533e-225, 3.3359430398964582e-239, 1.1689053244788185e-247, 1.9009558922576598e-233, 1.1500364877181247e-219, 2.5881984140886975e-206, 2.1668551545631883e-193, 6.748520380289114e-181, 7.818683147299863e-169, 3.3698070237862593e-157, 5.402848830001369e-146, 3.2224557993410227e-135, 7.149859203906346e-125, 5.901390842149811e-115, 1.8119976742035133e-105, 2.0696993524462996e-96, 8.794340279649095e-88, 1.390098742628467e-79, 8.173996324130162e-72, 1.7880088956942703e-64, 1.4549613956178798e-57, 4.404332277380325e-51, 4.959707669375006e-45, 2.0776904566399407e-39, 3.2378561147247193e-34, 1.8771265711222402e-29, 4.0486107813113103e-25, 3.248888494148457e-21, 9.702249935394812e-18, 1.0787820654279888e-14, 4.471109082258802e-12, 6.925611118703243e-10, 4.0331331286491605e-08, 8.945417601380681e-07, 7.757468262071901e-06, 2.754112528569388e-05, 4.306628287149146e-05, 3.620305662181021e-05, 2.883293731228225e-05, 2.114740234905443e-05, 1.0019657048687312e-05, 1.5640046618806308e-05, 3.509043144224833e-05, 4.843374439197185e-05, 4.7352530240859104e-05, 4.506757377164738e-05, 7.818852093491183e-05, 0.00015206487209584239, 0.0002045935681441921, 0.00016461977543580182, 0.00012567009012091576, 0.00019491833751293376, 0.00029944739305125864, 0.00033636461093601913, 0.00038846939473287015, 0.000594688131242825, 0.0009746566706263604, 0.0016071592159973124, 0.0033176162374072967, 0.008211892302219458, 0.02389567749426876, 0.07135480738306464, 0.1539774168184463, 0.18240362032200574, 0.10198166034122802, 0.024939771397601406, 0.0026130564971471137, 0.00015517854093804898]]}