{"output": [[10.969889212392054, 11.798283581582757, 12.626677950773457, 13.45507231996416, 14.28346668915486, 15.111861058345562, 15.940255427536265, 16.768649796726965, 17.597044165917666, 18.42543853510837, 19.25383290429907, 20.08222727348977, 20.910621642680475, 21.739016011871172, 22.567410381061876, 23.395804750252577, 24.224199119443277, 25.05259348863398, 25.88098785782468, 26.709382227015382, 27.537776596206086, 28.366170965396787, 29.194565334587487, 30.022959703778188, 30.851354072968892, 31.679748442159593, 32.5081428113503, 33.336537180541, 34.1649315497317, 34.993325918922395, 35.8217202881131, 36.6501146573038, 37.47850902649451, 38.306903395685204, 39.13529776487591, 39.963692134066605, 40.79208650325731, 41.62048087244801, 42.44887524163872, 43.277269610829414, 44.10566398002012, 44.934058349210815, 45.76245271840152, 46.59084708759222, 47.41924145678292, 48.247635825973624, 49.07603019516432, 49.904424564355025, 50.73281893354573, 51.56121330273643, 52.38960767192713, 53.218002041117835, 54.04639641030853, 54.874790779499236, 55.70318514868994, 56.53157951788064, 57.35997388707134, 58.188368256262045, 59.01676262545274, 59.845156994643446, 60.67355136383414, 61.50194573302485, 62.33034010221555, 63.15873447140625, 63.98712884059695, 64.81552320978766, 65.64391757897835, 66.47231194816905, 67.30070631735975, 68.12910068655046, 68.95749505574116, 69.78588942493187, 70.61428379412257, 71.44267816331327, 72.27107253250396, 73.09946690169467, 73.92786127088537, 74.75625564007606, 75.58465000926677, 76.41304437845747, 77.24143874764817, 78.06983311683888, 78.89822748602958, 79.72662185522029, 80.55501622441099, 81.3834105936017, 82.2118049627924, 83.04019933198308, 83.86859370117378, 84.69698807036448, 85.52538243955519, 86.35377680874589, 87.1821711779366, 88.0105655471273, 88.838959916318, 89.66735428550871, 90.49574865469941, 91.32414302389012, 92.15253739308079, 92.9809317622715]], "PDF": [[0.0008439325650944895, 0.0018706981299820406, 0.003200707616429693, 0.004865128645279662, 0.007231567546403507, 0.010773933861621024, 0.01679455645734094, 0.02858816139267263, 0.05202276726062094, 0.09516585472180815, 0.16080151416817548, 0.22725350913661094, 0.2464430118643524, 0.19307545504261855, 0.10511598510374551, 0.03890940378911906, 0.009914492322528038, 0.002028675981195159, 0.0005735319690388101, 0.00031043036092231086, 0.00019181951723872098, 0.00010296308100101584, 7.193093797338298e-05, 9.414971144757001e-05, 0.00011796622316938137, 0.00010701428023976017, 6.901409141678948e-05, 3.0629389732286016e-05, 8.786028850735195e-06, 1.5380289918979046e-06, 1.58905300584251e-07, 2.5602281135631525e-08, 2.3960657245034287e-07, 1.9867896481732656e-06, 9.284900034837233e-06, 2.4423303750335048e-05, 3.616030706674119e-05, 3.0134245788163683e-05, 1.4134780223727022e-05, 3.7317995812578128e-06, 5.54559411984789e-07, 4.638508608427649e-08, 2.183781440973051e-09, 5.7868269068965006e-11, 8.631222872170593e-13, 7.24610607331081e-15, 3.424029998957545e-17, 9.106908062802698e-20, 1.3633421472398208e-22, 1.1487864044482199e-25, 5.448465821102756e-29, 1.4544864911980536e-32, 2.1854741332351942e-36, 1.8483412961875724e-40, 8.798713575516271e-45, 2.3575271961541903e-49, 3.555451509444942e-54, 3.018097919505886e-59, 1.4420237374786346e-64, 3.8780375545863945e-70, 5.870189603030983e-76, 5.001413531947889e-82, 2.398467942915646e-88, 6.474043141206242e-95, 9.83598318106346e-102, 8.411248876167861e-109, 4.0485891472652745e-116, 1.0968505254053367e-123, 4.264336133281724e-125, 1.7483785790915773e-117, 4.0347832697680645e-110, 5.240895053720576e-103, 3.831697650109388e-96, 1.5768032975287035e-89, 3.652282176047822e-83, 4.761586142845403e-77, 3.494133427025935e-71, 1.4432043914945011e-65, 3.35518688829011e-60, 4.390420400334651e-55, 3.2336723776003173e-50, 1.340560576880784e-45, 3.1280766591979846e-41, 4.1083633785990535e-37, 3.0371121445933014e-33, 1.2637271762110517e-29, 2.9596907764738767e-26, 3.90157419892194e-23, 2.8949023553671215e-20, 1.2090060833736758e-17, 2.8419967050515495e-15, 3.760271226692131e-13, 2.800369187431741e-11, 1.1738481689393176e-09, 2.7695491750886706e-08, 3.677957885837519e-07, 2.7491911735307296e-06, 1.1566544877331518e-05, 2.7390683584361683e-05, 3.650922484897971e-05]]}