{"output": [[10.969889212392054, 11.798283581582757, 12.626677950773457, 13.45507231996416, 14.28346668915486, 15.111861058345562, 15.940255427536265, 16.768649796726965, 17.597044165917666, 18.42543853510837, 19.25383290429907, 20.08222727348977, 20.910621642680475, 21.739016011871172, 22.567410381061876, 23.395804750252577, 24.224199119443277, 25.05259348863398, 25.88098785782468, 26.709382227015382, 27.537776596206086, 28.366170965396787, 29.194565334587487, 30.022959703778188, 30.851354072968892, 31.679748442159593, 32.5081428113503, 33.336537180541, 34.1649315497317, 34.993325918922395, 35.8217202881131, 36.6501146573038, 37.47850902649451, 38.306903395685204, 39.13529776487591, 39.963692134066605, 40.79208650325731, 41.62048087244801, 42.44887524163872, 43.277269610829414, 44.10566398002012, 44.934058349210815, 45.76245271840152, 46.59084708759222, 47.41924145678292, 48.247635825973624, 49.07603019516432, 49.904424564355025, 50.73281893354573, 51.56121330273643, 52.38960767192713, 53.218002041117835, 54.04639641030853, 54.874790779499236, 55.70318514868994, 56.53157951788064, 57.35997388707134, 58.188368256262045, 59.01676262545274, 59.845156994643446, 60.67355136383414, 61.50194573302485, 62.33034010221555, 63.15873447140625, 63.98712884059695, 64.81552320978766, 65.64391757897835, 66.47231194816905, 67.30070631735975, 68.12910068655046, 68.95749505574116, 69.78588942493187, 70.61428379412257, 71.44267816331327, 72.27107253250396, 73.09946690169467, 73.92786127088537, 74.75625564007606, 75.58465000926677, 76.41304437845747, 77.24143874764817, 78.06983311683888, 78.89822748602958, 79.72662185522029, 80.55501622441099, 81.3834105936017, 82.2118049627924, 83.04019933198308, 83.86859370117378, 84.69698807036448, 85.52538243955519, 86.35377680874589, 87.1821711779366, 88.0105655471273, 88.838959916318, 89.66735428550871, 90.49574865469941, 91.32414302389012, 92.15253739308079, 92.9809317622715]], "PDF": [[0.0008439324613748183, 0.0018706980684553, 0.0032007075524111577, 0.004865128491596197, 0.007231567305679804, 0.010773933364246773, 0.016794555254539857, 0.028588158928546086, 0.05202276294774511, 0.09516584938908036, 0.16080151333911313, 0.22725351976566258, 0.24644302900006126, 0.19307546289268324, 0.10511597941388992, 0.038909395128494145, 0.009914487876933728, 0.002028674786371622, 0.0005735317748785121, 0.0003104303409770111, 0.0001918195125793798, 0.00010296306756392292, 7.193092537960912e-05, 9.414971151574531e-05, 0.00011796623164886952, 0.00010701428640994933, 6.901409128133305e-05, 3.06293857426042e-05, 8.786025586522156e-06, 1.5380278335583218e-06, 1.5890509574449924e-07, 2.56022335943195e-08, 2.396063022242963e-07, 1.986788457284002e-06, 9.284898028557207e-06, 2.4423304345197237e-05, 3.616031147519924e-05, 3.013424809626519e-05, 1.4134778646220626e-05, 3.7317979292598324e-06, 5.545589036556235e-07, 4.6385014954200905e-08, 2.1837764331717576e-09, 5.7868084135509143e-11, 8.631186265165994e-13, 7.246066730063559e-15, 3.424006849818389e-17, 9.106833068514106e-20, 1.3633287158032282e-22, 1.1487730651008937e-25, 5.448392188356218e-29, 1.4544638594083847e-32, 2.1854353444702333e-36, 1.8483041819154635e-40, 8.798515129593629e-45, 2.357467854751042e-49, 3.555352202234019e-54, 3.0180048601670997e-59, 1.4419748825281789e-64, 3.8778938036279256e-70, 5.869952451153387e-76, 5.001194101892539e-82, 2.3983540379482098e-88, 6.473711342038206e-95, 9.835440692026932e-102, 8.410750937012445e-109, 4.048332516401338e-116, 1.0967762476627382e-123, 4.26404391387613e-125, 1.748266387641057e-117, 4.0345413675345464e-110, 5.240602179858236e-103, 3.831498580109324e-96, 1.5767273470313887e-89, 3.6521195612445e-83, 4.761390804513957e-77, 3.4940018159914244e-71, 1.443154670732329e-65, 3.3550816029907665e-60, 4.3902954887264414e-55, 3.2335893857410146e-50, 1.3405297148829072e-45, 3.128012466698925e-41, 4.1082887544915545e-37, 3.0370637045529866e-33, 1.2637096386208976e-29, 2.959655411603503e-26, 3.901534547687101e-23, 2.894877691387973e-20, 1.2089975966508576e-17, 2.8419806129508304e-15, 3.760254501785284e-13, 2.8003597327973997e-11, 1.1738452959412224e-09, 2.7695445729974596e-08, 3.677954139013827e-07, 2.74918974766159e-06, 1.1566543009856209e-05, 2.7390685032301006e-05, 3.650922938713506e-05]]}