{"output": [[8.808694708795098, 8.947419372104044, 9.086144035412989, 9.224868698721934, 9.363593362030882, 9.502318025339827, 9.641042688648772, 9.779767351957718, 9.918492015266663, 10.057216678575609, 10.195941341884556, 10.334666005193501, 10.473390668502446, 10.612115331811392, 10.750839995120337, 10.889564658429283, 11.028289321738228, 11.167013985047175, 11.30573864835612, 11.444463311665066, 11.583187974974011, 11.721912638282957, 11.860637301591904, 11.99936196490085, 12.138086628209795, 12.27681129151874, 12.415535954827686, 12.554260618136631, 12.692985281445576, 12.831709944754522, 12.970434608063467, 13.109159271372414, 13.24788393468136, 13.386608597990305, 13.525333261299252, 13.664057924608198, 13.802782587917143, 13.941507251226088, 14.080231914535034, 14.21895657784398, 14.357681241152925, 14.49640590446187, 14.635130567770815, 14.77385523107976, 14.912579894388708, 15.051304557697653, 15.190029221006599, 15.328753884315546, 15.467478547624491, 15.606203210933437, 15.744927874242382, 15.883652537551328, 16.022377200860273, 16.16110186416922, 16.299826527478164, 16.43855119078711, 16.577275854096058, 16.716000517405, 16.85472518071395, 16.99344984402289, 17.13217450733184, 17.270899170640785, 17.40962383394973, 17.548348497258676, 17.68707316056762, 17.825797823876567, 17.964522487185512, 18.103247150494457, 18.241971813803403, 18.38069647711235, 18.519421140421294, 18.658145803730243, 18.796870467039184, 18.935595130348133, 19.07431979365708, 19.213044456966024, 19.35176912027497, 19.490493783583915, 19.62921844689286, 19.767943110201806, 19.90666777351075, 20.045392436819697, 20.184117100128645, 20.322841763437587, 20.461566426746536, 20.600291090055478, 20.739015753364427, 20.877740416673372, 21.016465079982318, 21.155189743291263, 21.29391440660021, 21.432639069909154, 21.5713637332181, 21.71008839652705, 21.84881305983599, 21.98753772314494, 22.12626238645388, 22.26498704976283, 22.403711713071772, 22.54243637638072]], "PDF": [[0.00037171140760875826, 0.00041160671806753053, 0.000276542163049631, 0.0001020075427288616, 1.8538160870808497e-05, 1.5695732638651614e-06, 6.06044990814031e-08, 1.5821689242901796e-09, 3.38409117729521e-08, 9.872728507467045e-07, 1.2995344543020494e-05, 7.715901407956963e-05, 0.0002066506631873412, 0.00024973036085731146, 0.00013802454153566353, 5.527524097732865e-05, 0.00011593094235518021, 0.0002940770693832246, 0.0005003402076616923, 0.000744185512698135, 0.000932330156374299, 0.0009080450555099602, 0.0008659587584952197, 0.0008704649458405647, 0.0007428722201402826, 0.0006009631906751196, 0.0007615748977905506, 0.0010307000714405556, 0.001034575590084197, 0.0010323382121039334, 0.0011788067251530694, 0.0016512891339721058, 0.002363524066055322, 0.0025794895070514476, 0.0022670744652675567, 0.0020738167120757977, 0.00223731227887229, 0.0026827444310023522, 0.0034665117248664844, 0.004245536102577727, 0.004652343690146174, 0.00471503407479673, 0.004891410010446033, 0.005512725349515652, 0.007008215448316881, 0.0096525658593244, 0.01187554914964965, 0.012713745959647436, 0.012351284010361294, 0.012336138407851367, 0.013738617054329048, 0.015060238917301879, 0.015786153486688492, 0.01683506815910087, 0.018069111946873107, 0.01986001940951473, 0.022774631906807535, 0.02500414241722687, 0.026774323241831596, 0.03013724452557372, 0.033750942357360134, 0.0362351082932146, 0.039184924569052794, 0.04418274099980765, 0.05075044589464903, 0.059065141084228605, 0.0667969251746004, 0.07152905036073125, 0.07612303649260782, 0.08126349396829424, 0.08695784047475767, 0.09372394008578303, 0.10084322251316846, 0.10907961371307145, 0.11986897108664946, 0.13299178533254952, 0.14515369078161272, 0.15615066238345335, 0.16913746420439543, 0.18379017782463428, 0.2005242114256211, 0.2190478991759449, 0.23576192619411201, 0.249906634656236, 0.2651699814637056, 0.28290628437221876, 0.304067066405071, 0.33342700202885794, 0.37692469821849955, 0.42439197966758746, 0.4293592403128216, 0.3694256777962791, 0.29751384387711644, 0.24905279561524857, 0.21296497863156405, 0.18124112968821218, 0.14991371878321, 0.115148511774935, 0.07598712802330915, 0.03771622119243878]]}