{"output": [[-7.33456994082471, -7.022751126206725, -6.710932311588739, -6.399113496970754, -6.08729468235277, -5.775475867734785, -5.463657053116799, -5.151838238498815, -4.840019423880829, -4.528200609262845, -4.216381794644859, -3.904562980026874, -3.592744165408889, -3.2809253507909037, -2.9691065361729194, -2.657287721554934, -2.345468906936949, -2.0336500923189638, -1.7218312777009785, -1.4100124630829942, -1.098193648465009, -0.7863748338470238, -0.47455601922903856, -0.16273720461105334, 0.14908161000693188, 0.4609004246249162, 0.7727192392429023, 1.0845380538608866, 1.396356868478871, 1.708175683096857, 2.0199944977148414, 2.3318133123328275, 2.643632126950812, 2.955450941568796, 3.2672697561867823, 3.5790885708047666, 3.8909073854227527, 4.202726200040737, 4.514545014658721, 4.8263638292767075, 5.138182643894692, 5.450001458512678, 5.761820273130662, 6.073639087748647, 6.385457902366633, 6.697276716984617, 7.009095531602603, 7.3209143462205875, 7.632733160838574, 7.944551975456558, 8.256370790074541, 8.568189604692527, 8.880008419310514, 9.191827233928496, 9.503646048546482, 9.815464863164468, 10.12728367778245, 10.439102492400437, 10.750921307018423, 11.062740121636406, 11.374558936254392, 11.686377750872378, 11.998196565490364, 12.310015380108347, 12.621834194726333, 12.933653009344319, 13.245471823962301, 13.557290638580287, 13.869109453198273, 14.18092826781626, 14.492747082434242, 14.804565897052228, 15.116384711670214, 15.428203526288197, 15.740022340906183, 16.05184115552417, 16.36365997014215, 16.675478784760138, 16.987297599378124, 17.29911641399611, 17.610935228614093, 17.92275404323208, 18.234572857850065, 18.546391672468047, 18.858210487086033, 19.17002930170402, 19.481848116322002, 19.793666930939988, 20.105485745557974, 20.41730456017596, 20.729123374793943, 21.04094218941193, 21.352761004029915, 21.664579818647898, 21.976398633265884, 22.28821744788387, 22.600036262501856, 22.91185507711984, 23.223673891737825, 23.53549270635581]], "PDF": [[0.0001086644411460903, 7.576061083144853e-05, 2.5675062999353575e-05, 4.229525053071638e-06, 3.3867545211168276e-07, 1.318219920388623e-08, 2.494043676881527e-10, 2.2936770697071648e-12, 1.0253514038440328e-14, 2.76580450337786e-17, 2.8927741302676817e-15, 7.563963977681795e-13, 9.613907638909857e-11, 5.939672131859252e-09, 1.7837625161533732e-07, 2.6038959597791407e-06, 1.847660845599766e-05, 6.372838603030665e-05, 0.00010684540308913543, 8.707817240314143e-05, 3.4617756265376424e-05, 8.616054485908803e-06, 1.586526970292019e-05, 5.724427367121913e-05, 0.00010439079340345092, 9.257929072196244e-05, 3.990990964643533e-05, 8.367041763148549e-06, 9.84384866251638e-07, 2.1224279452617474e-06, 1.5980519165657106e-05, 6.12366248808611e-05, 0.00012475449363101636, 0.00015795374143844502, 0.00014651279032023524, 9.374393495830003e-05, 4.215171760324738e-05, 4.756378786354774e-05, 9.66597617411974e-05, 0.00012190312275999987, 0.00013488937826644664, 0.00021445866389250057, 0.0003262903984612078, 0.00037719968124031594, 0.00036258547117118997, 0.0003714348753330807, 0.000449448140499502, 0.0004203147259727236, 0.0002321719247501069, 0.00013147382060040678, 0.0001913387241967975, 0.0002532391269971948, 0.0003167651618372122, 0.0005413476798470632, 0.0007927546949180402, 0.0008489493401688421, 0.0008392034508900469, 0.0010527608021365822, 0.0014357802235059833, 0.001539050370694175, 0.0013145130010081773, 0.0012538706972026494, 0.001599037900669404, 0.0021229125289602305, 0.0025712324902801152, 0.0028983214681286796, 0.0031402186667993767, 0.0035710468325714662, 0.004401136113085575, 0.005462578300517074, 0.006468611632288962, 0.0072250751174063954, 0.008257444338195944, 0.00986883276421275, 0.011364548746864881, 0.012825433316042181, 0.015036754025393619, 0.018549469665143942, 0.023605502226508018, 0.03014276699236419, 0.038527954461366865, 0.049514049493154424, 0.06276775112861306, 0.07827796335624942, 0.09846440429858926, 0.12688256179086635, 0.16503801834816317, 0.21235963904679614, 0.26561176944536385, 0.3162329254524434, 0.3523510975299047, 0.35917042455858017, 0.3268661425773701, 0.2597093877597791, 0.17340614854068231, 0.09153919842442775, 0.035144784196798645, 0.008948869019404582, 0.001452419472238936, 0.000229590486158025]]}