{"S_Ks": [[0.16843694270143386]], "S_Q": [[0.8254992887370612]], "S_T_Ks": [[0.18154095162691983]], "S_T_Q": [[0.8452901515447326]]}