{"S_min_Ks": [[0.15361572761572276]], "S_min_Q": [[0.7633745163320333]], "S_Ks": [[0.16843694270143386]], "S_Q": [[0.8254992887370612]], "S_max_Ks": [[0.18033230204090703]], "S_max_Q": [[0.8922559503572433]], "S_T_min_Ks": [[0.12889818387800558]], "S_T_min_Q": [[0.7985364272486433]], "S_T_Ks": [[0.18154095162691983]], "S_T_Q": [[0.8452901515447326]], "S_T_max_Ks": [[0.22242693690078452]], "S_T_max_Q": [[0.8809131996621581]]}