{"S_min_Ks": [[0.10879675518256113]], "S_min_Q": [[0.7592308392534344]], "S_Ks": [[0.12660113769092277]], "S_Q": [[0.9411685093522708]], "S_max_Ks": [[0.1409340794285197]], "S_max_Q": [[1.1117309070630177]], "S_T_min_Ks": [[0.04681912467633123]], "S_T_min_Q": [[0.790067478591497]], "S_T_Ks": [[0.1393467978862906]], "S_T_Q": [[0.8801963551769829]], "S_T_max_Ks": [[0.21350590855482462]], "S_T_max_Q": [[0.9429355200129839]]}