{"S_Ks": [[0.12660113769092277]], "S_Q": [[0.9411685093522708]], "S_T_Ks": [[0.1393467978862906]], "S_T_Q": [[0.8801963551769829]]}