{"S_Ks": [[0.03588449519309663]], "S_Q": [[0.7066316711639977]], "S_T_Ks": [[0.3519388201098629]], "S_T_Q": [[0.9666924354713208]]}