{"S_min_Ks": [[0.016280245341296344]], "S_min_Q": [[0.4420687093124128]], "S_Ks": [[0.03588449519309663]], "S_Q": [[0.7066316711639977]], "S_max_Ks": [[0.05111800943418307]], "S_max_Q": [[0.9224894615785008]], "S_T_min_Ks": [[0.1346589957741201]], "S_T_min_Q": [[0.6914679419876042]], "S_T_Ks": [[0.3519388201098629]], "S_T_Q": [[0.9666924354713208]], "S_T_max_Ks": [[0.5772271096176027]], "S_T_max_Q": [[1.2040367946744959]]}