{"S_min_Ks": [[0.11921909985520113]], "S_min_Q": [[0.7266767561157431]], "S_Ks": [[0.1347809770536453]], "S_Q": [[0.8095090565765432]], "S_max_Ks": [[0.1443261217572907]], "S_max_Q": [[0.8883900622581575]], "S_T_min_Ks": [[0.046541462086764684]], "S_T_min_Q": [[0.8059867709396006]], "S_T_Ks": [[0.1387659085602965]], "S_T_Q": [[0.8769175486068593]], "S_T_max_Ks": [[0.22637930695186792]], "S_T_max_Q": [[0.9321858979365867]]}