{"S_Ks": [[0.13533929860544877]], "S_Q": [[0.9079918313886518]], "S_T_Ks": [[0.15051928259428468]], "S_T_Q": [[0.8726954211979656]]}