{"S_min_Ks": [[0.11795198126586376]], "S_min_Q": [[0.7503754273099381]], "S_Ks": [[0.13533929860544877]], "S_Q": [[0.9079918313886518]], "S_max_Ks": [[0.14895178496712624]], "S_max_Q": [[1.0568107398784623]], "S_T_min_Ks": [[0.0643398096702795]], "S_T_min_Q": [[0.7881446760058992]], "S_T_Ks": [[0.15051928259428468]], "S_T_Q": [[0.8726954211979656]], "S_T_max_Ks": [[0.22082737022049964]], "S_T_max_Q": [[0.934107887895574]]}