{"S_Ks": [[0.1347809770536453]], "S_Q": [[0.8095090565765432]], "S_T_Ks": [[0.1387659085602965]], "S_T_Q": [[0.8769175486068593]]}