{"Min": [[17.397611471118726]], "SD_min": [[17.99046314628471]], "Mean": [[18.253110040766543]], "SD_max": [[18.515756935248376]], "Max": [[18.505118730390212]]}