{"output": [[17.397611471118726, 17.40879841313157, 17.419985355144412, 17.431172297157257, 17.4423592391701, 17.453546181182944, 17.464733123195785, 17.47592006520863, 17.48710700722147, 17.498293949234316, 17.509480891247158, 17.520667833260003, 17.531854775272844, 17.54304171728569, 17.55422865929853, 17.565415601311376, 17.576602543324217, 17.587789485337062, 17.598976427349903, 17.61016336936275, 17.621350311375593, 17.632537253388435, 17.64372419540128, 17.65491113741412, 17.666098079426966, 17.677285021439808, 17.688471963452653, 17.699658905465494, 17.71084584747834, 17.72203278949118, 17.733219731504025, 17.744406673516867, 17.755593615529712, 17.766780557542553, 17.7779674995554, 17.78915444156824, 17.800341383581085, 17.811528325593926, 17.82271526760677, 17.833902209619612, 17.845089151632457, 17.856276093645302, 17.867463035658144, 17.87864997767099, 17.88983691968383, 17.901023861696675, 17.912210803709517, 17.92339774572236, 17.934584687735203, 17.945771629748048, 17.95695857176089, 17.968145513773734, 17.979332455786576, 17.99051939779942, 18.001706339812262, 18.012893281825107, 18.02408022383795, 18.035267165850794, 18.046454107863635, 18.05764104987648, 18.068827991889325, 18.080014933902167, 18.09120187591501, 18.102388817927853, 18.113575759940698, 18.12476270195354, 18.135949643966384, 18.147136585979226, 18.15832352799207, 18.169510470004912, 18.180697412017757, 18.1918843540306, 18.203071296043444, 18.214258238056285, 18.22544518006913, 18.23663212208197, 18.247819064094816, 18.259006006107658, 18.270192948120503, 18.281379890133344, 18.29256683214619, 18.303753774159034, 18.314940716171876, 18.32612765818472, 18.337314600197562, 18.348501542210407, 18.35968848422325, 18.370875426236093, 18.382062368248935, 18.39324931026178, 18.40443625227462, 18.415623194287466, 18.426810136300308, 18.437997078313153, 18.449184020325994, 18.46037096233884, 18.47155790435168, 18.482744846364525, 18.493931788377367, 18.505118730390212]], "PDF": [[0.034989465279979357, 0.05297740192248544, 0.07236254418183705, 0.09080427725625508, 0.10717556882793966, 0.12228823083298405, 0.13831904246233462, 0.15715556164651936, 0.1788315056985221, 0.2015055126983249, 0.22324853588893356, 0.2439249302059744, 0.2649739788370535, 0.28700756262768884, 0.30773758999141654, 0.32275559681232496, 0.32879962946837626, 0.3264485134106539, 0.3197480099593158, 0.31341126336950154, 0.3102690389061245, 0.31064296444951583, 0.3132061908182531, 0.3161703667103381, 0.31823498425095753, 0.31920066525274493, 0.32002263997299096, 0.3220858806869849, 0.32605825514514036, 0.3311940602827828, 0.33568724056758703, 0.33786514099427273, 0.33741374130971347, 0.3357784326931423, 0.33536815652503166, 0.3379870520553509, 0.34353802914451087, 0.3499943096242155, 0.35481232378009653, 0.3567805191207477, 0.35673112486798364, 0.3564627946120079, 0.3569739323233886, 0.3576753605419725, 0.3570328826995882, 0.35387310534874833, 0.3485675285733972, 0.3435281947352503, 0.34232681058683534, 0.3473710434326185, 0.3576664579057468, 0.36882870421342273, 0.3757712018405916, 0.3759619777959184, 0.37064548193220254, 0.3634337873913332, 0.3578808721404656, 0.35591293549149966, 0.35760861007899325, 0.36174700175066665, 0.36664219845420704, 0.37106472188927697, 0.3748301267881158, 0.3786145194738496, 0.38311375265776665, 0.3881817495270219, 0.39263284895904305, 0.39494754787649855, 0.39435420714321057, 0.3914064128743963, 0.38771998221391396, 0.38520249200966544, 0.38517073729521945, 0.3876979653918508, 0.3916847474818676, 0.39590553904278697, 0.40070413105597275, 0.4101234689349112, 0.4351929818188266, 0.4993398345387133, 0.6444732147065937, 0.9310809289656927, 1.4223698720501623, 2.149397969779452, 3.0724067608931773, 4.067547045994366, 4.958042088890503, 5.577600976572364, 5.830123997509344, 5.7148034103445395, 5.31038775387041, 4.7338853996310055, 4.096748194816151, 3.476913511144401, 2.912139508039722, 2.40775763940792, 1.9501292895113964, 1.5225798826623098, 1.1208545424179206, 0.7596578257531992]]}