{"S_Ks": [[0.016309401287712227]], "S_Q": [[0.9663617418175549]], "S_T_Ks": [[0.019200472156681088]], "S_T_Q": [[0.9918864407829381]]}