{"S_min_Ks": [[0.012181333569837204]], "S_min_Q": [[0.9130480142832003]], "S_Ks": [[0.016309401287712227]], "S_Q": [[0.9663617418175549]], "S_max_Ks": [[0.020893319482732715]], "S_max_Q": [[1.0158240482739698]], "S_T_min_Ks": [[-0.011980562299519965]], "S_T_min_Q": [[0.9564088618654807]], "S_T_Ks": [[0.019200472156681088]], "S_T_Q": [[0.9918864407829381]], "S_T_max_Ks": [[0.055914029934784795]], "S_T_max_Q": [[1.03367707939325]]}