{"Min": [[5.849501112296753]], "SD_min": [[9.7106673399089]], "Mean": [[11.1095934128833]], "SD_max": [[12.508519485857699]], "Max": [[13.864253328442471]]}