{"output": [[5.849501112296753, 5.930458205389134, 6.0114152984815155, 6.092372391573896, 6.173329484666278, 6.254286577758658, 6.335243670851039, 6.41620076394342, 6.497157857035801, 6.578114950128182, 6.659072043220563, 6.740029136312944, 6.820986229405325, 6.901943322497706, 6.982900415590088, 7.063857508682468, 7.144814601774849, 7.22577169486723, 7.306728787959611, 7.387685881051992, 7.468642974144373, 7.549600067236754, 7.6305571603291344, 7.711514253421516, 7.7924713465138975, 7.873428439606278, 7.954385532698659, 8.03534262579104, 8.116299718883422, 8.197256811975802, 8.278213905068183, 8.359170998160565, 8.440128091252944, 8.521085184345326, 8.602042277437707, 8.682999370530087, 8.763956463622469, 8.84491355671485, 8.92587064980723, 9.006827742899612, 9.087784835991993, 9.168741929084373, 9.249699022176754, 9.330656115269136, 9.411613208361516, 9.492570301453897, 9.573527394546279, 9.65448448763866, 9.735441580731042, 9.816398673823421, 9.897355766915803, 9.978312860008185, 10.059269953100564, 10.140227046192946, 10.221184139285327, 10.302141232377707, 10.383098325470089, 10.46405541856247, 10.54501251165485, 10.625969604747231, 10.706926697839613, 10.787883790931993, 10.868840884024374, 10.949797977116756, 11.030755070209135, 11.111712163301517, 11.192669256393899, 11.273626349486278, 11.354583442578662, 11.435540535671041, 11.516497628763421, 11.597454721855804, 11.678411814948184, 11.759368908040566, 11.840326001132947, 11.921283094225327, 12.002240187317708, 12.08319728041009, 12.16415437350247, 12.245111466594851, 12.326068559687233, 12.407025652779613, 12.487982745871994, 12.568939838964376, 12.649896932056755, 12.730854025149137, 12.811811118241518, 12.892768211333898, 12.97372530442628, 13.054682397518661, 13.135639490611041, 13.216596583703424, 13.297553676795804, 13.378510769888184, 13.459467862980567, 13.540424956072947, 13.621382049165328, 13.70233914225771, 13.78329623535009, 13.864253328442471]], "PDF": [[0.00026957869603338444, 0.0002321177524194193, 0.00014821646611792993, 7.056252535458562e-05, 2.747099394073996e-05, 2.0250170377051376e-05, 5.1480843843974434e-05, 0.00013793752821013254, 0.00028848057121523595, 0.00047364821729081085, 0.0006517439813505441, 0.0008511829341548466, 0.001169088112616409, 0.0016185351558452013, 0.0020478271340049416, 0.00231616653629853, 0.002476826585949736, 0.002692852833931984, 0.003059459257729687, 0.003593981479599687, 0.004364044160748505, 0.005572699094284965, 0.007471524030248978, 0.010170930807516423, 0.013575818045901264, 0.017573275256232937, 0.022275407978003498, 0.027926557314678722, 0.03447508547954507, 0.04141350573221823, 0.048322489506433294, 0.05547998370832903, 0.0633948416217809, 0.07179327232890605, 0.08000310659950807, 0.08828834804204132, 0.09752870359524499, 0.10758936299065514, 0.11723180940345265, 0.12551072767285373, 0.13224952237985468, 0.137527613806748, 0.14179034691710568, 0.14628020461389707, 0.1523948384686296, 0.16022992854562412, 0.16805137690209834, 0.17379915738490137, 0.17724231236481564, 0.1801459116013633, 0.18435553451120035, 0.190282651702079, 0.19709167149000678, 0.20369825263823907, 0.2093518821876428, 0.2135130335608809, 0.21583084368579258, 0.2167359291420705, 0.21757634967208023, 0.21954359293224973, 0.22262398641846737, 0.22567114449832862, 0.22732247048356008, 0.2271858696095926, 0.22643500158872507, 0.22711637791363473, 0.230643859473308, 0.23665538859586083, 0.24318595650624503, 0.24800248871109376, 0.2498361077224798, 0.2487297505355146, 0.2457277902912106, 0.24211289610358752, 0.23857991044274657, 0.2350585485222824, 0.23107507046187006, 0.2262371130192802, 0.2209570098679772, 0.21680335009858853, 0.21537063106571025, 0.2165749069360451, 0.21867575523975138, 0.21989604440939367, 0.2192196139985382, 0.21591737873872083, 0.20960249866079725, 0.20092136721617146, 0.19109281189035401, 0.18042989005693902, 0.16812644324022408, 0.15358537996137264, 0.13702982575987843, 0.11881824332440794, 0.09909685870937483, 0.07829732170874636, 0.05757327813855612, 0.038629027208620194, 0.023117536625723422, 0.0120211127074904]]}