{"S_Ks": [[0.5246185204900539]], "S_Q": [[0.44462398173057477]], "S_T_Ks": [[0.5523712682109853]], "S_T_Q": [[0.4732747539590989]]}