{"S_min_Ks": [[0.5037422459900944]], "S_min_Q": [[0.42286115140204594]], "S_Ks": [[0.5246185204900539]], "S_Q": [[0.44462398173057477]], "S_max_Ks": [[0.5459331858299189]], "S_max_Q": [[0.4672104596556451]], "S_T_min_Ks": [[0.5169223196876731]], "S_T_min_Q": [[0.45221922413019616]], "S_T_Ks": [[0.5523712682109853]], "S_T_Q": [[0.4732747539590989]], "S_T_max_Ks": [[0.578832361580381]], "S_T_max_Q": [[0.49528075953462236]]}