{"Min": [[12.175998487856793]], "SD_min": [[15.002724057720702]], "Mean": [[15.932671909638847]], "SD_max": [[16.862619761556992]], "Max": [[18.39590580999618]]}