{"Min": [[14.464118842208588]], "SD_min": [[16.332782293890393]], "Mean": [[17.010292431978648]], "SD_max": [[17.687802570066903]], "Max": [[18.930416596649504]]}