{"Min": [[12.17599846045988]], "SD_min": [[15.002724057374019]], "Mean": [[15.932671909707464]], "SD_max": [[16.862619762040907]], "Max": [[18.395905829920878]]}