{"Min": [[12.175999348746148]], "SD_min": [[15.002724072484952]], "Mean": [[15.932671912642586]], "SD_max": [[16.86261975280022]], "Max": [[18.39590527192228]]}