{"Min": [[16.91873935593211]], "SD_min": [[17.99958561673801]], "Mean": [[18.24974269075198]], "SD_max": [[18.49989976476595]], "Max": [[18.56843740514082]]}