{"output": [[16.91873935593211, 16.935402972590786, 16.95206658924946, 16.968730205908134, 16.985393822566806, 17.00205743922548, 17.018721055884154, 17.03538467254283, 17.0520482892015, 17.068711905860177, 17.08537552251885, 17.102039139177524, 17.118702755836196, 17.13536637249487, 17.152029989153544, 17.16869360581222, 17.18535722247089, 17.202020839129567, 17.21868445578824, 17.235348072446914, 17.252011689105586, 17.268675305764262, 17.285338922422934, 17.30200253908161, 17.31866615574028, 17.335329772398957, 17.35199338905763, 17.368657005716305, 17.385320622374977, 17.401984239033652, 17.418647855692324, 17.435311472351, 17.45197508900967, 17.468638705668347, 17.485302322327023, 17.501965938985695, 17.51862955564437, 17.535293172303042, 17.551956788961718, 17.56862040562039, 17.585284022279065, 17.601947638937737, 17.618611255596413, 17.635274872255085, 17.65193848891376, 17.668602105572432, 17.685265722231108, 17.70192933888978, 17.718592955548456, 17.735256572207128, 17.751920188865803, 17.768583805524475, 17.78524742218315, 17.801911038841823, 17.8185746555005, 17.83523827215917, 17.851901888817846, 17.868565505476518, 17.885229122135193, 17.901892738793865, 17.91855635545254, 17.935219972111213, 17.95188358876989, 17.968547205428564, 17.985210822087236, 18.001874438745908, 18.018538055404584, 18.03520167206326, 18.05186528872193, 18.068528905380607, 18.08519252203928, 18.101856138697954, 18.118519755356626, 18.1351833720153, 18.151846988673974, 18.16851060533265, 18.18517422199132, 18.201837838649997, 18.21850145530867, 18.235165071967344, 18.251828688626016, 18.268492305284692, 18.285155921943364, 18.30181953860204, 18.31848315526071, 18.335146771919387, 18.35181038857806, 18.368474005236735, 18.385137621895407, 18.401801238554082, 18.418464855212754, 18.43512847187143, 18.4517920885301, 18.468455705188777, 18.48511932184745, 18.501782938506125, 18.5184465551648, 18.535110171823472, 18.551773788482144, 18.56843740514082]], "PDF": [[0.0023782616445725494, 0.0032917081618619795, 0.004425554927756379, 0.006144034010486854, 0.00917133770791875, 0.013858576277278154, 0.018858769501805126, 0.021465094855178182, 0.020188283428108977, 0.016805080421188893, 0.014334961811198088, 0.014429920951098303, 0.017382174866475426, 0.02210355871276542, 0.026760599273485217, 0.031009812214967205, 0.03651703122047995, 0.04409516062165643, 0.051051792040457684, 0.05357257157895693, 0.05097335182677464, 0.04614146464527877, 0.04335527472791798, 0.044587687832909055, 0.048105535669645434, 0.052808639097683165, 0.060236389828395555, 0.07018236735624388, 0.07983309977403381, 0.08750888967660139, 0.09295909074118372, 0.09646232971634422, 0.09979707413720834, 0.10433922896146144, 0.10816340035728156, 0.10813355616153322, 0.1050236956373988, 0.1042692636879438, 0.11024450100243491, 0.12206269358857182, 0.1344783917018072, 0.14279075273727582, 0.14858489942275094, 0.15423294043093647, 0.15664723070504752, 0.15715862547729822, 0.16380725589299855, 0.1773331396637126, 0.1914227470951361, 0.20576123501101007, 0.22266041001855147, 0.2377599147559626, 0.24682114513555264, 0.2535829533282835, 0.2643824259789618, 0.27980527716310205, 0.2946975273517161, 0.3069691900296014, 0.32165520721789054, 0.3401533887316083, 0.3550470891684431, 0.3625137736551624, 0.36946245939324385, 0.38460103539361373, 0.4093014733110221, 0.43644133275655983, 0.4570300443410869, 0.46981636664241766, 0.4792457842140843, 0.4868269751570955, 0.4944671654005992, 0.5102135809973813, 0.5376079382004628, 0.5662014961126949, 0.584846386501988, 0.5944739337551995, 0.5980241646122243, 0.5962695088697871, 0.6017143971379884, 0.632283264998301, 0.6911357623026845, 0.7882778757860522, 1.0132035321207438, 1.5803805238213018, 2.6871132712012162, 4.194483536462822, 5.560533783113407, 6.231159743436371, 6.0033609043795435, 5.050686749735806, 3.7648073026918327, 2.5225228784535676, 1.533069642921647, 0.8606043987748768, 0.47377324484969496, 0.277443386304948, 0.17421684502196508, 0.10783460126672877, 0.060003686590352316, 0.02840179651754138]]}