{"output": [[12.175999348746148, 12.238826681303483, 12.301654013860817, 12.364481346418152, 12.427308678975486, 12.49013601153282, 12.552963344090156, 12.61579067664749, 12.678618009204826, 12.741445341762159, 12.804272674319494, 12.867100006876829, 12.929927339434164, 12.992754671991499, 13.055582004548834, 13.118409337106169, 13.181236669663502, 13.244064002220837, 13.306891334778172, 13.369718667335507, 13.432545999892842, 13.495373332450175, 13.55820066500751, 13.621027997564845, 13.68385533012218, 13.746682662679515, 13.80950999523685, 13.872337327794185, 13.935164660351518, 13.997991992908853, 14.060819325466188, 14.123646658023523, 14.186473990580858, 14.24930132313819, 14.312128655695528, 14.37495598825286, 14.437783320810196, 14.50061065336753, 14.563437985924866, 14.6262653184822, 14.689092651039534, 14.751919983596869, 14.814747316154204, 14.877574648711539, 14.940401981268874, 15.003229313826207, 15.066056646383544, 15.128883978940877, 15.191711311498212, 15.254538644055547, 15.317365976612882, 15.380193309170217, 15.44302064172755, 15.505847974284885, 15.56867530684222, 15.631502639399555, 15.69432997195689, 15.757157304514225, 15.81998463707156, 15.882811969628893, 15.945639302186228, 16.008466634743563, 16.071293967300896, 16.134121299858233, 16.196948632415566, 16.259775964972903, 16.322603297530236, 16.38543063008757, 16.448257962644906, 16.51108529520224, 16.573912627759576, 16.63673996031691, 16.699567292874242, 16.76239462543158, 16.825221957988916, 16.88804929054625, 16.950876623103582, 17.01370395566092, 17.076531288218252, 17.13935862077559, 17.202185953332922, 17.265013285890255, 17.327840618447592, 17.390667951004925, 17.453495283562262, 17.516322616119595, 17.57914994867693, 17.641977281234265, 17.704804613791598, 17.767631946348935, 17.830459278906268, 17.8932866114636, 17.956113944020938, 18.01894127657827, 18.081768609135608, 18.14459594169294, 18.207423274250274, 18.27025060680761, 18.333077939364948, 18.39590527192228]], "PDF": [[0.0005803417417943673, 0.0007244348452918466, 0.0008564224310888615, 0.000996339758624156, 0.001176014053426788, 0.0014291481661644527, 0.0017889029086492342, 0.0022911744047509086, 0.0029746369534546318, 0.0038688111066784493, 0.004970534354174529, 0.0062277901575212595, 0.00756018661824951, 0.008921053306939937, 0.010359601223572554, 0.012024950908128614, 0.014092013416004936, 0.016651048738352603, 0.019640548918952647, 0.02288354926572704, 0.026210136673407648, 0.029574305033384984, 0.033081637337452244, 0.03692723341969496, 0.04130282602228081, 0.046319136281039196, 0.05195965473448066, 0.05808118324684495, 0.06447301268101537, 0.07095258481808187, 0.0774429461241275, 0.08398768298640819, 0.09070626407543633, 0.09772559637414406, 0.10511419986013043, 0.11283390801867978, 0.12073855877902133, 0.1286444017182878, 0.1364452236180428, 0.14419640697742664, 0.1520959391235593, 0.16034983625675958, 0.16900756851927703, 0.17793085164279615, 0.18699342568919627, 0.19635810122719108, 0.2064890105489691, 0.21778789276341573, 0.23024973549266142, 0.2436104561184926, 0.25784289852101855, 0.2733506640248967, 0.29059657175147924, 0.30964784354457925, 0.3301210590164672, 0.3513635621071645, 0.37250955730554147, 0.39250679787018655, 0.4103801830696872, 0.42556181188266273, 0.43789798030577404, 0.447350928746441, 0.4537927422878915, 0.45711750394582334, 0.45747927509316194, 0.45533139870782985, 0.45122257116039116, 0.4455915114893839, 0.4386628430137172, 0.4302824252795931, 0.4197401924466709, 0.4059804196553092, 0.3882901757272585, 0.3668878154742131, 0.3428270232841107, 0.31732987873596535, 0.29116634599256136, 0.26455174483548843, 0.23755167630059854, 0.21058996651853232, 0.18458723713304276, 0.16058291146987524, 0.13917204779502532, 0.12025839808977014, 0.10330711133578448, 0.08782665291297483, 0.07366995516903486, 0.06097749442747574, 0.049912149979351936, 0.04046431955241047, 0.032455544437238866, 0.02564860739435407, 0.01983603162681906, 0.014883488631021664, 0.010743431926623673, 0.007423951832370342, 0.004918698035444247, 0.003151376846917238, 0.0019754067522314497, 0.0012179017847793016]]}