{"output": [[12.17599846045988, 12.238825807626153, 12.301653154792426, 12.364480501958697, 12.42730784912497, 12.490135196291243, 12.552962543457516, 12.61578989062379, 12.678617237790062, 12.741444584956334, 12.804271932122607, 12.86709927928888, 12.929926626455153, 12.992753973621426, 13.055581320787699, 13.11840866795397, 13.181236015120243, 13.244063362286516, 13.306890709452789, 13.369718056619062, 13.432545403785333, 13.495372750951606, 13.55820009811788, 13.621027445284152, 13.683854792450425, 13.746682139616698, 13.80950948678297, 13.872336833949243, 13.935164181115516, 13.997991528281789, 14.060818875448062, 14.123646222614333, 14.186473569780606, 14.24930091694688, 14.312128264113152, 14.374955611279425, 14.437782958445698, 14.50061030561197, 14.563437652778243, 14.626264999944516, 14.689092347110789, 14.751919694277062, 14.814747041443333, 14.877574388609606, 14.940401735775879, 15.003229082942152, 15.066056430108425, 15.128883777274698, 15.191711124440971, 15.254538471607242, 15.317365818773515, 15.380193165939788, 15.443020513106061, 15.505847860272333, 15.568675207438606, 15.631502554604879, 15.694329901771152, 15.757157248937425, 15.819984596103698, 15.88281194326997, 15.945639290436242, 16.008466637602517, 16.071293984768786, 16.13412133193506, 16.196948679101332, 16.259776026267605, 16.32260337343388, 16.38543072060015, 16.448258067766425, 16.511085414932698, 16.57391276209897, 16.63674010926524, 16.699567456431517, 16.762394803597786, 16.82522215076406, 16.888049497930332, 16.950876845096605, 17.013704192262878, 17.07653153942915, 17.139358886595424, 17.202186233761697, 17.26501358092797, 17.327840928094243, 17.390668275260516, 17.453495622426786, 17.51632296959306, 17.579150316759332, 17.641977663925605, 17.704805011091878, 17.76763235825815, 17.830459705424424, 17.893287052590697, 17.95611439975697, 18.018941746923243, 18.081769094089516, 18.144596441255786, 18.207423788422062, 18.27025113558833, 18.333078482754605, 18.395905829920878]], "PDF": [[0.0005803412974426471, 0.0007244341863292859, 0.0008564214382263869, 0.0009963383063634835, 0.001176011999695846, 0.0014291453182650377, 0.0017888989941659372, 0.0022911690817267304, 0.0029746298969922005, 0.003868802182571948, 0.004970523773764729, 0.0062277783935627, 0.007560173986946602, 0.008921039472309022, 0.010359585072707489, 0.012024931027414665, 0.01409198894509373, 0.016651020016085698, 0.019640517349875552, 0.022883516386635782, 0.026210103121226017, 0.02957427021243666, 0.03308159988863465, 0.03692719196901224, 0.04130277978526061, 0.04631908545629455, 0.05195960061613817, 0.05808112787071989, 0.06447295804784772, 0.07095253212084407, 0.07744289546210818, 0.0839876336597511, 0.09070621514083523, 0.0977255471524111, 0.10511415030349347, 0.11283385882490672, 0.1207385110787305, 0.1286443564259702, 0.1364451808790869, 0.14419636615654816, 0.152095899443374, 0.16034979767244317, 0.1690075320016981, 0.1779308183128128, 0.1869933954519009, 0.19635807254931367, 0.20648898201692867, 0.21778786466618058, 0.23024970929697575, 0.2436104324921852, 0.25784287659073785, 0.27335064262233216, 0.29059655056667355, 0.30964782277615877, 0.3301210386729786, 0.3513635421295688, 0.3725095377739316, 0.39250677858250943, 0.4103801633583586, 0.42556179134295524, 0.4378979595219336, 0.4473509090035818, 0.453792724634936, 0.4571174886747295, 0.4574792620226267, 0.4553313876268463, 0.4512225617657049, 0.4455915031236356, 0.43866283462082745, 0.4302824149965089, 0.41974017665576946, 0.40598039306842504, 0.388290133598434, 0.366887756228292, 0.3428269489394975, 0.31732979283021706, 0.29116625107739263, 0.26455164166571726, 0.23755156521722137, 0.21058984962571892, 0.18458711902228606, 0.16058279746937784, 0.1391719411978366, 0.12025829892899315, 0.10330701771495296, 0.08782656347567283, 0.07366987051943404, 0.06097741657702658, 0.04991208074041616, 0.04046425951609288, 0.032455493163508015, 0.025648564079812544, 0.019835995481057085, 0.01488345899529325, 0.01074340833824637, 0.0074239339286621625, 0.004918685296243752, 0.0031513684425249064, 0.0019754016336813686, 0.0012178988936726518]]}