{"output": [[12.175998487856793, 12.23882583454507, 12.301653181233347, 12.364480527921623, 12.4273078746099, 12.490135221298177, 12.552962567986453, 12.61578991467473, 12.678617261363007, 12.741444608051284, 12.804271954739558, 12.867099301427835, 12.929926648116112, 12.992753994804389, 13.055581341492665, 13.118408688180942, 13.181236034869219, 13.244063381557496, 13.306890728245772, 13.369718074934049, 13.432545421622326, 13.495372768310602, 13.55820011499888, 13.621027461687156, 13.683854808375433, 13.74668215506371, 13.809509501751986, 13.872336848440263, 13.93516419512854, 13.997991541816816, 14.060818888505093, 14.12364623519337, 14.186473581881646, 14.249300928569923, 14.3121282752582, 14.374955621946475, 14.437782968634751, 14.500610315323028, 14.563437662011305, 14.626265008699582, 14.689092355387858, 14.751919702076135, 14.814747048764412, 14.877574395452688, 14.940401742140965, 15.003229088829242, 15.066056435517519, 15.128883782205795, 15.191711128894072, 15.254538475582349, 15.317365822270625, 15.3801931689589, 15.443020515647177, 15.505847862335454, 15.56867520902373, 15.631502555712007, 15.694329902400284, 15.75715724908856, 15.819984595776837, 15.882811942465114, 15.945639289153391, 16.008466635841668, 16.071293982529944, 16.13412132921822, 16.196948675906498, 16.259776022594775, 16.32260336928305, 16.385430715971328, 16.448258062659605, 16.51108540934788, 16.573912756036158, 16.636740102724435, 16.69956744941271, 16.76239479610099, 16.825222142789265, 16.88804948947754, 16.95087683616582, 17.013704182854095, 17.076531529542372, 17.13935887623065, 17.202186222918925, 17.2650135696072, 17.32784091629548, 17.390668262983752, 17.453495609672032, 17.516322956360305, 17.579150303048586, 17.64197764973686, 17.70480499642514, 17.767632343113412, 17.830459689801692, 17.893287036489966, 17.956114383178242, 18.01894172986652, 18.081769076554796, 18.144596423243073, 18.20742376993135, 18.270251116619626, 18.333078463307903, 18.39590580999618]], "PDF": [[0.0005803412885195044, 0.0007244341826747844, 0.0008564214848627351, 0.0009963384289663401, 0.0011760122037181655, 0.0014291456069011918, 0.0017888993820024688, 0.0022911695884970905, 0.0029746305201973733, 0.003868802865439855, 0.004970524410805055, 0.006227778906741903, 0.007560174427558425, 0.008921040041169498, 0.01035958600742383, 0.012024932427840926, 0.014091990669850105, 0.016651021746772306, 0.019640518805689657, 0.022883517532167216, 0.026210104186448622, 0.02957427151689547, 0.03308160164536652, 0.03692719420751952, 0.04130278236871534, 0.04631908812841067, 0.051959603086815825, 0.05808112994578655, 0.06447295972868498, 0.07095253358980035, 0.07744289696049841, 0.08398763535735862, 0.09070621707600686, 0.09772554922488362, 0.105114152294739, 0.11283386048853475, 0.12073851230184873, 0.12864435734534038, 0.13644518183463322, 0.1441963674787302, 0.1520959011910321, 0.16034979953294906, 0.16900753355041456, 0.17793081953156709, 0.18699339695630915, 0.19635807504013986, 0.2064889854069407, 0.21778786805577327, 0.2302497120674487, 0.2436104351395127, 0.2578428800763264, 0.27335064708173645, 0.2905965551145908, 0.30964782643132077, 0.33012104088395644, 0.35136354243927925, 0.3725095357329146, 0.3925067743242662, 0.41038015778206266, 0.42556178537863165, 0.43789795343934657, 0.4473509026290109, 0.4537927180604385, 0.4571174825202281, 0.4574792569712832, 0.45533138387989935, 0.45122255908026476, 0.44559150108823253, 0.43866283250755556, 0.4302824116821432, 0.4197401714674278, 0.40598038683457854, 0.388290128370951, 0.3668877537353047, 0.34282694939350955, 0.31732979513662624, 0.2911662540060738, 0.2645516449097739, 0.23755156953748574, 0.21058985599619248, 0.18458712752586848, 0.16058280698395716, 0.1391719501735386, 0.1202583064786092, 0.10330702402594737, 0.08782656932608571, 0.07366987647898993, 0.0609774226052772, 0.04991208640923106, 0.04046426446927936, 0.03245549731725033, 0.02564856753318826, 0.019835998410073864, 0.014883461600714243, 0.010743410753281274, 0.007423936137466971, 0.004918687174147477, 0.0031513698773002995, 0.001975402611674409, 0.001217899503633029]]}