{"output": [[14.464118842208588, 14.509232960940315, 14.554347079672041, 14.599461198403768, 14.644575317135494, 14.689689435867221, 14.734803554598948, 14.779917673330672, 14.825031792062399, 14.870145910794125, 14.915260029525852, 14.960374148257578, 15.005488266989305, 15.050602385721032, 15.095716504452758, 15.140830623184485, 15.185944741916211, 15.231058860647938, 15.276172979379664, 15.321287098111391, 15.366401216843117, 15.411515335574844, 15.456629454306569, 15.501743573038295, 15.546857691770022, 15.591971810501748, 15.637085929233475, 15.682200047965202, 15.727314166696928, 15.772428285428655, 15.817542404160381, 15.862656522892108, 15.907770641623834, 15.95288476035556, 15.997998879087287, 16.043112997819012, 16.08822711655074, 16.133341235282465, 16.178455354014194, 16.22356947274592, 16.268683591477647, 16.31379771020937, 16.358911828941096, 16.404025947672825, 16.44914006640455, 16.494254185136278, 16.539368303868002, 16.58448242259973, 16.629596541331455, 16.674710660063184, 16.71982477879491, 16.764938897526637, 16.81005301625836, 16.85516713499009, 16.900281253721815, 16.945395372453543, 16.990509491185268, 17.035623609916996, 17.08073772864872, 17.125851847380446, 17.170965966112174, 17.2160800848439, 17.261194203575627, 17.306308322307352, 17.35142244103908, 17.396536559770805, 17.441650678502533, 17.486764797234258, 17.531878915965986, 17.57699303469771, 17.62210715342944, 17.667221272161164, 17.71233539089289, 17.757449509624617, 17.802563628356342, 17.84767774708807, 17.892791865819795, 17.937905984551524, 17.98302010328325, 18.028134222014977, 18.0732483407467, 18.11836245947843, 18.163476578210155, 18.208590696941883, 18.253704815673608, 18.298818934405332, 18.34393305313706, 18.38904717186879, 18.434161290600514, 18.47927540933224, 18.524389528063967, 18.56950364679569, 18.61461776552742, 18.659731884259145, 18.704846002990873, 18.749960121722598, 18.795074240454326, 18.84018835918605, 18.885302477917776, 18.930416596649504]], "PDF": [[0.0010834085436908657, 0.0014595000322659153, 0.00196189656209402, 0.002660989218571102, 0.0035606728907162702, 0.004572348162786546, 0.005577923887828537, 0.00654090706530287, 0.007564214798449406, 0.008835883669169427, 0.010520014920561146, 0.012697083988924449, 0.015377166173943715, 0.018531709876512776, 0.02210992424677666, 0.026045373574878412, 0.03026412412583446, 0.03472531319104041, 0.03950572410190174, 0.044819281370722136, 0.050849661010213786, 0.05753253658817733, 0.06458477326617186, 0.07177697854392195, 0.07910612512923844, 0.08671538081318195, 0.09479058494554678, 0.1035804761145647, 0.1133536793746627, 0.12417446240970617, 0.135748146628139, 0.14760004264314563, 0.15944154806138092, 0.17133781572740506, 0.18353362826063752, 0.1961826794641806, 0.2092924309897945, 0.2228896351928071, 0.23716377145266893, 0.2524804596859714, 0.26933898806473683, 0.28821782854435735, 0.30921123719120863, 0.3317556787170715, 0.35493330066996664, 0.3782187939068499, 0.4018090673059186, 0.42599386483979657, 0.45023403935944006, 0.473171987260509, 0.4937261433358227, 0.5119290873147891, 0.5283797814586175, 0.54303162441347, 0.5549756043059407, 0.5635050436065612, 0.5689962025911961, 0.5724385729234907, 0.574297503296768, 0.5742581094640163, 0.5722156857101549, 0.5692522449143992, 0.5672689294151773, 0.5673968582108706, 0.5685997317245398, 0.5677538811041395, 0.5612224999904094, 0.5467462395176053, 0.5243250983755012, 0.4956949561988124, 0.4631496342983426, 0.428796016351849, 0.3945764142412659, 0.36238053399478987, 0.3335116067496031, 0.30783669156424476, 0.28376258773707597, 0.2594570626170236, 0.23424672692222243, 0.20883929080270594, 0.18434890009913982, 0.16132189773830868, 0.13966523683679696, 0.11922917160435793, 0.1002505105291247, 0.08326588883656903, 0.06870582795691779, 0.056575837132261594, 0.046463070181369734, 0.03782882360565321, 0.030323295807819246, 0.02385865449398924, 0.01844198616085374, 0.014009108958081821, 0.010425027691797458, 0.007573084919968209, 0.005381426513734825, 0.003770460031117675, 0.0026150454988273326, 0.00177359289334707]]}