{"S_Ks": [[0.014623633422860074]], "S_Q": [[1.0238909382600723]], "S_T_Ks": [[0.01572844608117166]], "S_T_Q": [[0.9839681087964918]]}