{"S_min_Ks": [[0.00210406810891872]], "S_min_Q": [[0.9436289907971023]], "S_Ks": [[0.004133688914185656]], "S_Q": [[0.9792756890011398]], "S_max_Ks": [[0.006019087124936386]], "S_max_Q": [[1.0117180933546048]], "S_T_min_Ks": [[-0.02221516083978487]], "S_T_min_Q": [[0.955823435562108]], "S_T_Ks": [[0.00669824493768162]], "S_T_Q": [[0.9939672198146214]], "S_T_max_Ks": [[0.03438860709845842]], "S_T_max_Q": [[1.03138577467461]]}