{"S_Ks": [[0.0022342173255242652]], "S_Q": [[1.0078166100246897]], "S_T_Ks": [[0.0027742852428151005]], "S_T_Q": [[0.9871781454832973]]}