{"S_Ks": [[0.002234217326957462]], "S_Q": [[1.007816609947107]], "S_T_Ks": [[0.0027742852363292687]], "S_T_Q": [[0.9871781454815308]]}