{"S_Ks": [[0.004133688914185656]], "S_Q": [[0.9792756890011398]], "S_T_Ks": [[0.00669824493768162]], "S_T_Q": [[0.9939672198146214]]}