{"S_min_Ks": [[0.0008303844870746276]], "S_min_Q": [[0.9578291507543228]], "S_Ks": [[0.0022342173255242652]], "S_Q": [[1.0078166100246897]], "S_max_Ks": [[0.003651514050821797]], "S_max_Q": [[1.0515833327695543]], "S_T_min_Ks": [[-0.022997534652579497]], "S_T_min_Q": [[0.949806603074346]], "S_T_Ks": [[0.0027742852428151005]], "S_T_Q": [[0.9871781454832973]], "S_T_max_Ks": [[0.03473144429094907]], "S_T_max_Q": [[1.0305514185708637]]}