{"S_min_Ks": [[0.0008303844294024849]], "S_min_Q": [[0.957829159710577]], "S_Ks": [[0.0022342173101140453]], "S_Q": [[1.007816612002095]], "S_max_Ks": [[0.0036515139098928402]], "S_max_Q": [[1.0515833339854344]], "S_T_min_Ks": [[-0.0229975311441117]], "S_T_min_Q": [[0.9498066036334796]], "S_T_Ks": [[0.0027742856044762412]], "S_T_Q": [[0.9871781449506614]], "S_T_max_Ks": [[0.034731441166145516]], "S_T_max_Q": [[1.0305514173804897]]}