{"S_min_Ks": [[0.0008303844866249868]], "S_min_Q": [[0.9578291504647005]], "S_Ks": [[0.002234217326957462]], "S_Q": [[1.007816609947107]], "S_max_Ks": [[0.0036515140530588436]], "S_max_Q": [[1.0515833327218727]], "S_T_min_Ks": [[-0.022997534764908845]], "S_T_min_Q": [[0.9498066030531844]], "S_T_Ks": [[0.0027742852363292687]], "S_T_Q": [[0.9871781454815308]], "S_T_max_Ks": [[0.03473144440637681]], "S_T_max_Q": [[1.030551418588074]]}