{"S_min_Ks": [[0.01071760920872867]], "S_min_Q": [[0.9394513352092959]], "S_Ks": [[0.014623633422860074]], "S_Q": [[1.0238909382600723]], "S_max_Ks": [[0.01765097353169663]], "S_max_Q": [[1.090046691301556]], "S_T_min_Ks": [[-0.03719877515973753]], "S_T_min_Q": [[0.9280901197395999]], "S_T_Ks": [[0.01572844608117166]], "S_T_Q": [[0.9839681087964918]], "S_T_max_Ks": [[0.06687413109250105]], "S_T_max_Q": [[1.0419713626192124]]}