{"S_Ks": [[0.0022342173101140453]], "S_Q": [[1.007816612002095]], "S_T_Ks": [[0.0027742856044762412]], "S_T_Q": [[0.9871781449506614]]}