{"Min": [[9.730941174895122]], "SD_min": [[14.198638066039203]], "Mean": [[16.419860480508838]], "SD_max": [[18.64108289497847]], "Max": [[19.13612819226]]}