{"output": [[9.730941174895122, 9.825943063959414, 9.920944953023705, 10.015946842087997, 10.11094873115229, 10.20595062021658, 10.300952509280872, 10.395954398345165, 10.490956287409455, 10.585958176473747, 10.68096006553804, 10.77596195460233, 10.870963843666622, 10.965965732730915, 11.060967621795205, 11.155969510859498, 11.250971399923788, 11.34597328898808, 11.440975178052373, 11.535977067116665, 11.630978956180956, 11.725980845245248, 11.820982734309538, 11.91598462337383, 12.010986512438123, 12.105988401502415, 12.200990290566706, 12.295992179630998, 12.390994068695289, 12.485995957759581, 12.580997846823873, 12.675999735888164, 12.771001624952456, 12.866003514016748, 12.961005403081039, 13.056007292145331, 13.151009181209623, 13.246011070273914, 13.341012959338206, 13.436014848402497, 13.53101673746679, 13.626018626531081, 13.721020515595374, 13.816022404659664, 13.911024293723957, 14.006026182788247, 14.10102807185254, 14.196029960916832, 14.291031849981124, 14.386033739045414, 14.481035628109707, 14.576037517173997, 14.67103940623829, 14.766041295302582, 14.861043184366874, 14.956045073431165, 15.051046962495457, 15.146048851559748, 15.24105074062404, 15.336052629688332, 15.431054518752624, 15.526056407816915, 15.621058296881206, 15.716060185945498, 15.81106207500979, 15.906063964074082, 16.001065853138375, 16.096067742202663, 16.191069631266956, 16.286071520331248, 16.38107340939554, 16.476075298459833, 16.571077187524125, 16.666079076588417, 16.761080965652706, 16.856082854717, 16.95108474378129, 17.046086632845583, 17.14108852190987, 17.236090410974164, 17.331092300038456, 17.42609418910275, 17.52109607816704, 17.616097967231333, 17.711099856295625, 17.806101745359918, 17.901103634424206, 17.9961055234885, 18.09110741255279, 18.18610930161708, 18.281111190681372, 18.376113079745664, 18.471114968809957, 18.56611685787425, 18.66111874693854, 18.756120636002834, 18.851122525067126, 18.94612441413142, 19.041126303195707, 19.13612819226]], "PDF": [[0.0006120799169603647, 0.0008805855642811384, 0.0011713224912972284, 0.0014483531837489179, 0.0016851943290410803, 0.001891363942997522, 0.0021248952473488774, 0.002478126241254469, 0.0030504992165546973, 0.003944277898125907, 0.005314852639475596, 0.007464517974446365, 0.010890853199269898, 0.016146964532191062, 0.023462932663021612, 0.03234171130398292, 0.04152348404888325, 0.04949050084216706, 0.05519265454477942, 0.058462911842482715, 0.059890942226594066, 0.06035063370555895, 0.060536139553104655, 0.060755198108328405, 0.06101766866195486, 0.06126152721549461, 0.0615014911028587, 0.06181075752372401, 0.0622211309648365, 0.06267700457626113, 0.06308511038208303, 0.0633965901183475, 0.0636443160518753, 0.06391109292692065, 0.06425656989041767, 0.06466085551226868, 0.06504113534454235, 0.06534158408188125, 0.06561534581126996, 0.06600633044654422, 0.06663517519748886, 0.06749483664453021, 0.06845154776085322, 0.06934313415423343, 0.07008108571116212, 0.0706798892321181, 0.07122794120862075, 0.07185662653728749, 0.07270697329945325, 0.07385385455247585, 0.07522339399605422, 0.07661181515548603, 0.07782616047801118, 0.0788155335409165, 0.07967349222562237, 0.08055129777981254, 0.08158772786869188, 0.0828701124242734, 0.08438978866719014, 0.08602896135479608, 0.0876375452499267, 0.08914115127650676, 0.09056605150667113, 0.09198850642830174, 0.09350060621972027, 0.0951953339669007, 0.09711575370865158, 0.09921111429024569, 0.10138337964702976, 0.10357953595814155, 0.10581222467517222, 0.10810653607489887, 0.1104757442286362, 0.11295947605060613, 0.11565059776153203, 0.11866761802347105, 0.12212294891844884, 0.12612368949613803, 0.13075643088748418, 0.13602577160279106, 0.14184574705096326, 0.14822568819933157, 0.15563775841799612, 0.16540215827781257, 0.18005468048526269, 0.20388287415656323, 0.2433693158469769, 0.3058176439535532, 0.3936687979632651, 0.4953565726067717, 0.580801733927826, 0.6118177826323273, 0.5656846493008689, 0.4530828019540139, 0.3124669391183586, 0.1854111453238538, 0.0950653947887259, 0.04255945339148165, 0.01696531182762616, 0.006224441618043759]]}