{"S_min_Ks": [[-0.0003705199682775915]], "S_min_Q": [[0.9796180389943916]], "S_Ks": [[0.0010119591636765565]], "S_Q": [[1.0162148320428253]], "S_max_Ks": [[0.0020230505584316713]], "S_max_Q": [[1.0566195514258103]], "S_T_min_Ks": [[-0.02181523008514036]], "S_T_min_Q": [[0.9881581276133631]], "S_T_Ks": [[0.0019018114608246454]], "S_T_Q": [[1.0155594235076915]], "S_T_max_Ks": [[0.031177148663094095]], "S_T_max_Q": [[1.0476443450300925]]}