{"S_Ks": [[0.0010119591636765565]], "S_Q": [[1.0162148320428253]], "S_T_Ks": [[0.0019018114608246454]], "S_T_Q": [[1.0155594235076915]]}