{"Min": [[14.773363289242475]], "SD_min": [[16.159649413457174]], "Mean": [[17.30462729111541]], "SD_max": [[18.449605168773644]], "Max": [[20.11662899206994]]}