{"Min": [[14.77336330816815]], "SD_min": [[16.15964941491833]], "Mean": [[17.30462729155886]], "SD_max": [[18.449605168199387]], "Max": [[20.11662897756532]]}