{"Min": [[14.830539237105945]], "SD_min": [[19.132017342627393]], "Mean": [[22.27899602713093]], "SD_max": [[25.425974711634467]], "Max": [[27.37725002476754]]}