{"Min": [[15.544646233760155]], "SD_min": [[19.28400634154291]], "Mean": [[22.311164130421627]], "SD_max": [[25.338321919300345]], "Max": [[26.254591607026846]]}