{"output": [[15.544646233760155, 15.652827500156787, 15.76100876655342, 15.869190032950055, 15.977371299346688, 16.08555256574332, 16.193733832139955, 16.301915098536586, 16.41009636493322, 16.518277631329855, 16.626458897726486, 16.73464016412312, 16.842821430519752, 16.951002696916387, 17.05918396331302, 17.167365229709652, 17.275546496106287, 17.38372776250292, 17.491909028899553, 17.600090295296187, 17.70827156169282, 17.816452828089453, 17.924634094486088, 18.03281536088272, 18.140996627279353, 18.249177893675984, 18.35735916007262, 18.465540426469254, 18.573721692865885, 18.68190295926252, 18.79008422565915, 18.898265492055785, 19.00644675845242, 19.11462802484905, 19.222809291245685, 19.33099055764232, 19.43917182403895, 19.547353090435585, 19.65553435683222, 19.76371562322885, 19.871896889625486, 19.980078156022117, 20.08825942241875, 20.196440688815386, 20.304621955212017, 20.41280322160865, 20.520984488005283, 20.629165754401917, 20.737347020798552, 20.845528287195183, 20.953709553591818, 21.06189081998845, 21.170072086385083, 21.278253352781718, 21.38643461917835, 21.494615885574984, 21.602797151971615, 21.71097841836825, 21.819159684764884, 21.92734095116152, 22.03552221755815, 22.143703483954784, 22.251884750351415, 22.36006601674805, 22.468247283144684, 22.576428549541316, 22.68460981593795, 22.79279108233458, 22.900972348731216, 23.00915361512785, 23.11733488152448, 23.225516147921116, 23.333697414317747, 23.44187868071438, 23.550059947111016, 23.65824121350765, 23.766422479904282, 23.874603746300913, 23.982785012697548, 24.090966279094182, 24.199147545490817, 24.307328811887448, 24.41551007828408, 24.523691344680714, 24.63187261107735, 24.740053877473983, 24.848235143870614, 24.956416410267245, 25.06459767666388, 25.172778943060514, 25.28096020945715, 25.38914147585378, 25.497322742250415, 25.605504008647046, 25.71368527504368, 25.821866541440315, 25.930047807836946, 26.03822907423358, 26.14641034063021, 26.254591607026846]], "PDF": [[0.03361706988065346, 0.03704464384112322, 0.04019241325756322, 0.04301880105526369, 0.04550134429861034, 0.04762917827610045, 0.04939634367576082, 0.05079848743413918, 0.05183397244156973, 0.05250843865415293, 0.052840241139190905, 0.0528635886467524, 0.05262689348283739, 0.052185588720816495, 0.05159082256065891, 0.05087719118250579, 0.05005336813244404, 0.04909888323916004, 0.047968632497649336, 0.046604561858983755, 0.04495207527974919, 0.042977625606979125, 0.04068387427300524, 0.038119610236298264, 0.03538291607857341, 0.03261742175897278, 0.030002567554057048, 0.027739468053217704, 0.026034253566124647, 0.025080768686604756, 0.02504433074473092, 0.02604795127848809, 0.02816203021952823, 0.03139808398135512, 0.03570663858527748, 0.04097910133779287, 0.0470532857248632, 0.05372229161007771, 0.0607465272955786, 0.06786863105258312, 0.0748307556676791, 0.08139307810247999, 0.0873516126042177, 0.09255272443562916, 0.096901526335156, 0.10036189857208312, 0.10294731349105953, 0.10470377308421162, 0.10568847871489458, 0.10594963546255774, 0.10551334194583083, 0.10438237989060792, 0.10254891922155542, 0.10001927456141615, 0.09684492110783732, 0.0931512026126771, 0.08915452506370848, 0.08516074227346525, 0.08154156879967524, 0.07869117917457313, 0.07697025840713756, 0.07664828517524505, 0.07785583416914521, 0.08055695688138335, 0.08454773899563378, 0.0894819557299661, 0.09491956760947017, 0.10038969809388731, 0.10545742625042429, 0.10978347528835838, 0.1131675349676687, 0.1155690835175215, 0.1171035679596878, 0.1180159873039927, 0.11863762157966531, 0.119334228731389, 0.12045498272308879, 0.12229048091092787, 0.1250454084568075, 0.1288274706856734, 0.13364997391463773, 0.1394421597448706, 0.14606016006696654, 0.15329279257906514, 0.1608600783496203, 0.1684071745972688, 0.17550063472541044, 0.18163578903949362, 0.1862625132463386, 0.18883182440482563, 0.18885899115295862, 0.18599240434222453, 0.18007363732329867, 0.17117444606706503, 0.1596010348067864, 0.14586339253941946, 0.13061556931329427, 0.11457897741955576, 0.0984634916127558, 0.08289987738984263]]}