{"output": [[14.773363289242475, 14.827335670079115, 14.881308050915758, 14.935280431752398, 14.98925281258904, 15.04322519342568, 15.09719757426232, 15.151169955098963, 15.205142335935603, 15.259114716772245, 15.313087097608886, 15.367059478445526, 15.421031859282168, 15.475004240118809, 15.52897662095545, 15.582949001792091, 15.636921382628731, 15.690893763465374, 15.744866144302014, 15.798838525138656, 15.852810905975296, 15.906783286811937, 15.960755667648579, 16.01472804848522, 16.06870042932186, 16.1226728101585, 16.176645190995142, 16.230617571831782, 16.284589952668426, 16.338562333505067, 16.392534714341707, 16.446507095178347, 16.500479476014988, 16.55445185685163, 16.608424237688272, 16.662396618524912, 16.716368999361553, 16.770341380198193, 16.824313761034837, 16.878286141871477, 16.932258522708118, 16.986230903544758, 17.0402032843814, 17.094175665218042, 17.148148046054683, 17.202120426891323, 17.256092807727963, 17.310065188564607, 17.364037569401248, 17.418009950237888, 17.47198233107453, 17.52595471191117, 17.57992709274781, 17.633899473584453, 17.687871854421093, 17.741844235257734, 17.795816616094374, 17.849788996931018, 17.90376137776766, 17.9577337586043, 18.01170613944094, 18.06567852027758, 18.11965090111422, 18.173623281950864, 18.227595662787504, 18.281568043624144, 18.335540424460785, 18.38951280529743, 18.44348518613407, 18.49745756697071, 18.55142994780735, 18.60540232864399, 18.65937470948063, 18.713347090317274, 18.767319471153915, 18.821291851990555, 18.875264232827195, 18.92923661366384, 18.98320899450048, 19.03718137533712, 19.09115375617376, 19.1451261370104, 19.19909851784704, 19.253070898683685, 19.307043279520325, 19.361015660356966, 19.414988041193606, 19.46896042203025, 19.52293280286689, 19.57690518370353, 19.63087756454017, 19.68484994537681, 19.73882232621345, 19.792794707050096, 19.846767087886736, 19.900739468723376, 19.954711849560017, 20.00868423039666, 20.0626566112333, 20.11662899206994]], "PDF": [[0.013218845908172853, 0.020791881710853444, 0.0293064499946627, 0.03795257357290036, 0.04640430443530541, 0.055060338583579435, 0.06484628067868783, 0.07659233193825556, 0.09029852943155098, 0.10478629107879561, 0.1180495735964089, 0.1282300578443906, 0.13469586826999164, 0.13842603670655876, 0.14132981849948315, 0.14507707858531319, 0.15042398936930731, 0.15744457687658853, 0.16615273553402668, 0.17664738429244226, 0.18860586886078703, 0.2009224336000846, 0.21214988395865997, 0.22132900879032633, 0.22840329150719718, 0.23404135146801083, 0.2391299730775657, 0.24416863599866398, 0.24894822612758125, 0.25295702213515575, 0.25623863954874715, 0.2596636955958753, 0.26413240430340074, 0.2696001461521674, 0.2750555209573061, 0.27943979650095296, 0.28267539569816574, 0.28601556916577076, 0.2911733249044864, 0.29859994484784697, 0.306751863804112, 0.31361718650349724, 0.31880675924595275, 0.3235439039969323, 0.3287834869599781, 0.33399633785252086, 0.3377687444185797, 0.3390492797592069, 0.33764003377600627, 0.3338367119717081, 0.328081224176772, 0.321101288139538, 0.314011837551447, 0.30779270247769674, 0.3024346358795413, 0.2965965480281808, 0.28835309381173024, 0.2767340811932659, 0.2628138543577331, 0.24924159974028642, 0.2385199298160056, 0.2314797261615377, 0.22709795016077483, 0.22362100876964258, 0.21995678663802548, 0.21616582064822087, 0.21277369114883743, 0.2097673356585304, 0.2063355273449227, 0.20150930164659298, 0.19495754770769413, 0.18723508321496274, 0.17943775256571434, 0.1726186778617878, 0.16729050403304593, 0.1632144867751257, 0.15954782839568696, 0.15528417514125145, 0.1498098710749763, 0.1432312874475514, 0.13614111189295733, 0.12902139228348158, 0.12194674193980697, 0.11482495306817574, 0.10766319776682748, 0.1004407788166242, 0.09290622039848383, 0.08481069850671023, 0.07639874084178921, 0.06843920665061909, 0.06161338020520708, 0.05594717302360759, 0.05088712166951191, 0.045798925459837846, 0.04031443559912948, 0.034340844464966956, 0.027956564584488194, 0.021396385944187916, 0.015089228126924824, 0.00959529648711877]]}