{"output": [[14.77336330816815, 14.827335688667112, 14.881308069166073, 14.935280449665035, 14.989252830163995, 15.043225210662957, 15.097197591161919, 15.15116997166088, 15.205142352159841, 15.259114732658801, 15.313087113157763, 15.367059493656726, 15.421031874155686, 15.475004254654648, 15.528976635153608, 15.58294901565257, 15.636921396151532, 15.690893776650492, 15.744866157149454, 15.798838537648415, 15.852810918147377, 15.906783298646339, 15.960755679145299, 16.01472805964426, 16.06870044014322, 16.122672820642183, 16.176645201141145, 16.230617581640107, 16.284589962139066, 16.338562342638028, 16.39253472313699, 16.446507103635952, 16.500479484134914, 16.554451864633872, 16.608424245132834, 16.662396625631796, 16.71636900613076, 16.77034138662972, 16.82431376712868, 16.87828614762764, 16.932258528126603, 16.986230908625565, 17.040203289124527, 17.094175669623485, 17.148148050122447, 17.20212043062141, 17.25609281112037, 17.31006519161933, 17.364037572118292, 17.418009952617254, 17.471982333116216, 17.525954713615178, 17.57992709411414, 17.6338994746131, 17.68787185511206, 17.741844235611023, 17.795816616109985, 17.849788996608943, 17.903761377107905, 17.957733757606867, 18.01170613810583, 18.06567851860479, 18.119650899103753, 18.17362327960271, 18.227595660101674, 18.281568040600636, 18.335540421099598, 18.389512801598556, 18.44348518209752, 18.49745756259648, 18.551429943095442, 18.605402323594404, 18.659374704093366, 18.713347084592325, 18.767319465091287, 18.82129184559025, 18.87526422608921, 18.92923660658817, 18.98320898708713, 19.037181367586093, 19.091153748085055, 19.145126128584018, 19.19909850908298, 19.253070889581938, 19.3070432700809, 19.361015650579862, 19.414988031078824, 19.468960411577783, 19.522932792076745, 19.576905172575707, 19.63087755307467, 19.68484993357363, 19.738822314072593, 19.79279469457155, 19.846767075070513, 19.900739455569475, 19.954711836068437, 20.008684216567396, 20.062656597066358, 20.11662897756532]], "PDF": [[0.013218846684630267, 0.02079188282607605, 0.02930645146343599, 0.0379525754055015, 0.04640430667739979, 0.055060341335261206, 0.06484628405231634, 0.07659233595711891, 0.0902985339209142, 0.10478629562376637, 0.11804957765246674, 0.1282300610135187, 0.13469587055756338, 0.13842603850258062, 0.14132982027848404, 0.14507708060910524, 0.1504239916450213, 0.15744457933452696, 0.16615273817267565, 0.17664738711952127, 0.18860587174594448, 0.20092243627285128, 0.21214988617566377, 0.22132901048445563, 0.22840329279641003, 0.23404135255600222, 0.23912997411232084, 0.24416863696164334, 0.24894822685673096, 0.252957022499925, 0.25623863961419213, 0.2596636955912132, 0.2641324044338325, 0.2696001464691835, 0.2750555213958515, 0.27943979700487215, 0.2826753963231787, 0.28601557006829537, 0.291173326162819, 0.2985999462725001, 0.30675186503015894, 0.313617187333211, 0.3188067598288683, 0.32354390463777455, 0.3287834878082145, 0.33399633877010637, 0.3377687450702529, 0.3390492798373102, 0.33764003322134395, 0.3338367110240577, 0.32808122321324756, 0.321101287450893, 0.31401183723604237, 0.30779270248052504, 0.3024346360689284, 0.2965965482371817, 0.28835309388590147, 0.27673408108016406, 0.26281385415796044, 0.24924159962989842, 0.23851992990112578, 0.23147972641846748, 0.22709795050273104, 0.22362100913358596, 0.21995678700153679, 0.21616582100226056, 0.2127736914901785, 0.20976733600292782, 0.20633552772038888, 0.20150930206669168, 0.19495754816283078, 0.18723508369026684, 0.17943775306007473, 0.17261867839158032, 0.16729050462480044, 0.16321448745956157, 0.15954782920759986, 0.1552841761065786, 0.14980987217893674, 0.14323128863155227, 0.13614111311323934, 0.12902139356590073, 0.12194674334976162, 0.1148249546341035, 0.10766319946591268, 0.10044078063761015, 0.09290622237311681, 0.08481070063784465, 0.07639874301983236, 0.06843920869499868, 0.061613382001709883, 0.05594717459579208, 0.05088712311582895, 0.045798926849022426, 0.04031443692840905, 0.03434084568550938, 0.02795656564101783, 0.021396386797792575, 0.015089228763561955, 0.009595296919376491]]}