{"output": [[14.830539237105945, 14.957273689506568, 15.084008141907189, 15.210742594307812, 15.337477046708434, 15.464211499109057, 15.590945951509678, 15.7176804039103, 15.844414856310923, 15.971149308711546, 16.09788376111217, 16.22461821351279, 16.35135266591341, 16.478087118314033, 16.604821570714655, 16.731556023115278, 16.8582904755159, 16.985024927916523, 17.111759380317146, 17.238493832717765, 17.365228285118388, 17.49196273751901, 17.618697189919633, 17.745431642320256, 17.87216609472088, 17.9989005471215, 18.12563499952212, 18.252369451922743, 18.379103904323365, 18.505838356723988, 18.63257280912461, 18.759307261525233, 18.886041713925856, 19.012776166326475, 19.1395106187271, 19.26624507112772, 19.392979523528343, 19.519713975928966, 19.646448428329588, 19.77318288073021, 19.899917333130833, 20.026651785531456, 20.153386237932075, 20.280120690332698, 20.40685514273332, 20.533589595133943, 20.660324047534566, 20.78705849993519, 20.91379295233581, 21.04052740473643, 21.167261857137053, 21.293996309537675, 21.420730761938298, 21.54746521433892, 21.674199666739543, 21.800934119140166, 21.927668571540785, 22.05440302394141, 22.18113747634203, 22.307871928742653, 22.434606381143276, 22.5613408335439, 22.68807528594452, 22.814809738345144, 22.941544190745766, 23.068278643146385, 23.195013095547008, 23.32174754794763, 23.448482000348253, 23.575216452748876, 23.701950905149495, 23.82868535755012, 23.95541980995074, 24.082154262351366, 24.208888714751986, 24.335623167152608, 24.46235761955323, 24.589092071953853, 24.715826524354476, 24.842560976755095, 24.96929542915572, 25.09602988155634, 25.222764333956963, 25.349498786357586, 25.47623323875821, 25.60296769115883, 25.72970214355945, 25.856436595960076, 25.983171048360695, 26.109905500761318, 26.23663995316194, 26.363374405562563, 26.490108857963186, 26.616843310363805, 26.74357776276443, 26.87031221516505, 26.997046667565673, 27.123781119966296, 27.25051557236692, 27.37725002476754]], "PDF": [[0.005464037774673125, 0.008018622794036886, 0.01099489121238739, 0.01425221803889177, 0.01764168140018524, 0.021048013604413114, 0.0244260294328391, 0.02779351502191205, 0.031168392961785165, 0.034497993189824626, 0.03765006232534471, 0.04048373343166473, 0.042944897987629786, 0.04510779538688029, 0.047130687699029485, 0.049163289892432994, 0.05127500332499233, 0.0534405889574351, 0.05556425882754589, 0.05750902491617227, 0.05913080442866048, 0.060334347503680545, 0.061133693669343604, 0.06166002051461598, 0.062082211096842345, 0.06248589250733009, 0.06281404841731748, 0.06293445271934409, 0.06278762466668072, 0.06249166228400662, 0.062319545229389005, 0.06257642942206265, 0.06346810295470084, 0.06502034682415087, 0.06705642687973631, 0.0692362524586747, 0.07116836912087117, 0.07256179198661707, 0.07332873225793689, 0.07357489797867976, 0.07351287619341598, 0.07339016625933337, 0.07346994367875744, 0.07401276815790675, 0.07520093802683513, 0.07703571551609556, 0.07930408636351688, 0.08166191814636466, 0.08377388252288305, 0.08541799180936356, 0.0865235043457208, 0.08716581470003133, 0.08753233471248204, 0.08784817521793889, 0.08826957728046549, 0.08880180719700109, 0.0893109341027806, 0.08964051906423336, 0.08975821195071805, 0.08982141176703669, 0.09009903031580312, 0.09079224372315277, 0.09189461629562268, 0.09322586946121975, 0.0946235473374206, 0.09610872699247985, 0.09785667305852515, 0.10001103151730711, 0.10254225012142616, 0.10527740707438464, 0.10803117816075607, 0.1106955673974953, 0.11324742513253211, 0.1157342744979381, 0.11828093732544571, 0.1210844498092863, 0.12434154980574229, 0.12811281798078136, 0.13222165393494328, 0.13630933718194582, 0.14004116714121895, 0.14327670458222502, 0.1460069519131547, 0.1480926681354755, 0.1490704805888151, 0.1482526653429878, 0.14507385948404947, 0.13942015006557415, 0.13169745127762364, 0.12260173671043496, 0.11277027907409064, 0.10255829822638375, 0.09205062569488733, 0.0812175724163708, 0.07005569818898626, 0.058650813100209045, 0.047210389188899235, 0.036106077341991824, 0.025880828488775504, 0.017142599420713285]]}