{"S_Ks": [[0.5271982317438356]], "S_Q": [[0.4696977769229349]], "S_T_Ks": [[0.5306945296610808]], "S_T_Q": [[0.4595537521611171]]}