{"S_Ks": [[0.5271982273433432]], "S_Q": [[0.469697781387909]], "S_T_Ks": [[0.5306945253087163]], "S_T_Q": [[0.45955375647411634]]}