{"S_min_Ks": [[-0.06640462158489932]], "S_min_Q": [[0.4260069330341467]], "S_Ks": [[-0.0039279146250555666]], "S_Q": [[0.9185944654139246]], "S_max_Ks": [[0.07508761952540917]], "S_max_Q": [[1.3271516412222133]], "S_T_min_Ks": [[-0.2626386304537155]], "S_T_min_Q": [[0.41942209648614637]], "S_T_Ks": [[0.06266214938158716]], "S_T_Q": [[0.9821876563114932]], "S_T_max_Ks": [[0.27761098539986706]], "S_T_max_Q": [[1.299548755657096]]}