{"S_Ks": [[0.04984815911359087]], "S_Q": [[0.9490755697601292]], "S_T_Ks": [[0.05401099913457932]], "S_T_Q": [[0.9368060058486902]]}