{"S_min_Ks": [[0.5090236113111596]], "S_min_Q": [[0.4501539874305749]], "S_Ks": [[0.5271982317438356]], "S_Q": [[0.4696977769229349]], "S_max_Ks": [[0.5568898847110164]], "S_max_Q": [[0.4930734137289381]], "S_T_min_Ks": [[0.5118555833950212]], "S_T_min_Q": [[0.43978624496113833]], "S_T_Ks": [[0.5306945296610808]], "S_T_Q": [[0.4595537521611171]], "S_T_max_Ks": [[0.564506304912221]], "S_T_max_Q": [[0.4892177887954597]]}