{"S_min_Ks": [[0.509023606804661]], "S_min_Q": [[0.4501539918345216]], "S_Ks": [[0.5271982273433432]], "S_Q": [[0.469697781387909]], "S_max_Ks": [[0.5568898801212645]], "S_max_Q": [[0.4930734183189836]], "S_T_min_Ks": [[0.511855579234212]], "S_T_min_Q": [[0.43978624917823883]], "S_T_Ks": [[0.5306945253087163]], "S_T_Q": [[0.45955375647411634]], "S_T_max_Ks": [[0.5645063005555244]], "S_T_max_Q": [[0.4892177933306574]]}