{"S_min_Ks": [[0.04456220627822789]], "S_min_Q": [[0.916751123782453]], "S_Ks": [[0.04984815911359087]], "S_Q": [[0.9490755697601292]], "S_max_Ks": [[0.05665018874161356]], "S_max_Q": [[0.984102941872756]], "S_T_min_Ks": [[0.03596088212207406]], "S_T_min_Q": [[0.9132540130482986]], "S_T_Ks": [[0.05401099913457932]], "S_T_Q": [[0.9368060058486902]], "S_T_max_Ks": [[0.0728935585767743]], "S_T_max_Q": [[0.9731629212261371]]}