{"S_Ks": [[-0.0039279146250555666]], "S_Q": [[0.9185944654139246]], "S_T_Ks": [[0.06266214938158716]], "S_T_Q": [[0.9821876563114932]]}