{"Min": [[19.013321946223698]], "SD_min": [[20.838714443299494]], "Mean": [[21.374071254251753]], "SD_max": [[21.90942806520401]], "Max": [[24.119083932193863]]}