{"Min": [[19.191847360342077]], "SD_min": [[20.837363034704776]], "Mean": [[21.37330812971745]], "SD_max": [[21.909253224730126]], "Max": [[23.859298911931116]]}