{"output": [[19.191847360342077, 19.238993335610655, 19.28613931087923, 19.333285286147806, 19.380431261416383, 19.427577236684957, 19.474723211953535, 19.52186918722211, 19.569015162490686, 19.616161137759264, 19.663307113027837, 19.710453088296415, 19.757599063564992, 19.804745038833566, 19.851891014102144, 19.89903698937072, 19.946182964639295, 19.993328939907872, 20.040474915176446, 20.087620890445024, 20.1347668657136, 20.181912840982175, 20.229058816250753, 20.27620479151933, 20.323350766787904, 20.37049674205648, 20.41764271732506, 20.464788692593633, 20.51193466786221, 20.559080643130784, 20.60622661839936, 20.65337259366794, 20.700518568936513, 20.74766454420509, 20.794810519473668, 20.84195649474224, 20.88910247001082, 20.936248445279396, 20.98339442054797, 21.030540395816548, 21.07768637108512, 21.1248323463537, 21.171978321622277, 21.21912429689085, 21.266270272159428, 21.313416247428005, 21.36056222269658, 21.407708197965157, 21.454854173233734, 21.502000148502308, 21.549146123770885, 21.59629209903946, 21.643438074308037, 21.690584049576614, 21.737730024845188, 21.784876000113766, 21.832021975382343, 21.879167950650917, 21.926313925919494, 21.973459901188072, 22.020605876456646, 22.067751851725223, 22.114897826993797, 22.162043802262374, 22.209189777530952, 22.256335752799526, 22.303481728068103, 22.35062770333668, 22.397773678605255, 22.444919653873832, 22.49206562914241, 22.539211604410983, 22.58635757967956, 22.633503554948135, 22.680649530216712, 22.72779550548529, 22.774941480753863, 22.82208745602244, 22.86923343129102, 22.916379406559592, 22.96352538182817, 23.010671357096747, 23.05781733236532, 23.1049633076339, 23.152109282902472, 23.19925525817105, 23.246401233439627, 23.293547208708205, 23.34069318397678, 23.387839159245356, 23.43498513451393, 23.482131109782507, 23.529277085051085, 23.57642306031966, 23.623569035588236, 23.67071501085681, 23.717860986125388, 23.765006961393965, 23.812152936662542, 23.859298911931116]], "PDF": [[0.0006780460193542762, 0.000853604556672504, 0.0010285878051339464, 0.0012294239330455615, 0.0014513966766428483, 0.001667035067339404, 0.001879334264558431, 0.0021789998486072375, 0.0027739370018705135, 0.0039312968581108, 0.005777073487086891, 0.008099308205159151, 0.010432961182073298, 0.012417420179208738, 0.014098833455128657, 0.015986517703952256, 0.01891384610998708, 0.02373647897058678, 0.030953172011002197, 0.0404990434287536, 0.05182921851067711, 0.0641731727339835, 0.07683060609473363, 0.089406434093232, 0.10208814699854436, 0.11617268678116667, 0.13413929685173864, 0.1582963070077273, 0.18910563779570141, 0.2251819187740193, 0.2645691301577833, 0.3057135874812966, 0.3480959327082378, 0.39265098908772106, 0.4410145222816528, 0.49367660758385296, 0.5487376553318803, 0.6022673223531616, 0.6496752116565536, 0.687279321249534, 0.7136661363192293, 0.7298147694459687, 0.7372208358159527, 0.736012738757423, 0.7257163900359284, 0.7075624995193899, 0.6849556847693106, 0.6614119242601015, 0.6384735551333477, 0.6157673231909062, 0.5926043150825538, 0.568972445163025, 0.5454405247991412, 0.5232497043932427, 0.504303219510579, 0.48961294796655663, 0.47756000098962054, 0.46476746118974893, 0.4488148267135702, 0.42943540083610066, 0.4073564689058768, 0.38294139469812943, 0.3559609392910796, 0.32593660723398904, 0.2928381709998212, 0.2580359339314215, 0.22415904530721967, 0.19329872547770016, 0.16537645264386852, 0.1384913060027322, 0.11085477902985592, 0.0825610822998675, 0.055858030396104236, 0.03379773100899798, 0.018309252034215642, 0.009187773999921723, 0.004641051662889151, 0.0026107478275790353, 0.0016858578226270843, 0.0012073426292354007, 0.0009425657411722667, 0.0007954830489508492, 0.0007016691189091802, 0.0006303815008999904, 0.0005858965933926931, 0.0005689918876846267, 0.0005548967292309882, 0.0005297190183743628, 0.0005125990413915563, 0.0005091031624012953, 0.00047884607436735006, 0.0003851990150611925, 0.0002497400958131415, 0.00013002266020850235, 6.609603259779049e-05, 6.872837679425947e-05, 0.0001372500202519732, 0.00025713938260111304, 0.00037921715660872344, 0.00043187579005096743]]}