{"output": [[19.013321946223698, 19.064895299617337, 19.116468653010973, 19.16804200640461, 19.21961535979825, 19.271188713191886, 19.322762066585526, 19.374335419979165, 19.425908773372804, 19.47748212676644, 19.52905548016008, 19.580628833553718, 19.632202186947353, 19.683775540340992, 19.73534889373463, 19.786922247128267, 19.838495600521906, 19.890068953915545, 19.941642307309184, 19.99321566070282, 20.04478901409646, 20.096362367490098, 20.147935720883734, 20.199509074277373, 20.25108242767101, 20.302655781064647, 20.354229134458286, 20.405802487851926, 20.457375841245565, 20.5089491946392, 20.56052254803284, 20.61209590142648, 20.663669254820114, 20.715242608213753, 20.766815961607392, 20.818389315001028, 20.869962668394667, 20.921536021788306, 20.97310937518194, 21.02468272857558, 21.07625608196922, 21.12782943536286, 21.179402788756494, 21.230976142150134, 21.282549495543773, 21.334122848937408, 21.385696202331047, 21.437269555724686, 21.488842909118326, 21.54041626251196, 21.5919896159056, 21.64356296929924, 21.695136322692875, 21.746709676086514, 21.798283029480153, 21.84985638287379, 21.901429736267428, 21.953003089661067, 22.004576443054702, 22.05614979644834, 22.10772314984198, 22.159296503235616, 22.210869856629255, 22.262443210022894, 22.314016563416534, 22.36558991681017, 22.417163270203808, 22.468736623597447, 22.520309976991083, 22.571883330384722, 22.62345668377836, 22.675030037172, 22.726603390565636, 22.778176743959275, 22.829750097352914, 22.88132345074655, 22.93289680414019, 22.984470157533828, 23.036043510927463, 23.087616864321102, 23.13919021771474, 23.190763571108377, 23.242336924502016, 23.293910277895655, 23.34548363128929, 23.39705698468293, 23.44863033807657, 23.500203691470208, 23.551777044863844, 23.603350398257483, 23.654923751651122, 23.70649710504476, 23.758070458438397, 23.809643811832036, 23.861217165225675, 23.91279051861931, 23.96436387201295, 24.01593722540659, 24.067510578800224, 24.119083932193863]], "PDF": [[0.00047347254772054677, 0.0004970975097735349, 0.0005201867357305049, 0.0006326086519788218, 0.0008916954381728592, 0.0013350863993994446, 0.0019206751820979365, 0.0024609895908678575, 0.002773550684248084, 0.002883129384762876, 0.0029659911630808542, 0.0031435628892903713, 0.0034019782182689827, 0.0037652905410082487, 0.004595333635490631, 0.006542365548678973, 0.010010831454976563, 0.014845632076852968, 0.02068549757400208, 0.027302844839546724, 0.03438174614611897, 0.041515071457800846, 0.049033945224387754, 0.058580214137008646, 0.07218895725525057, 0.09050169863027072, 0.11216458916494068, 0.13561716528697948, 0.16155797143026313, 0.19284376401972184, 0.23146527325777114, 0.2762028676415726, 0.3235899226437867, 0.37053497215390835, 0.41608331739570853, 0.4618213112983052, 0.5108251651935082, 0.5650419545778727, 0.6225271697407221, 0.676818091312829, 0.7195800078898057, 0.7452275545266, 0.7536468358320274, 0.7481690266990932, 0.7317823425017456, 0.7070304093305848, 0.6783552916075365, 0.650703975224924, 0.6250121520554056, 0.5979787611241312, 0.5673069077458844, 0.5351611053764818, 0.506316558663315, 0.4846514251451724, 0.47109121810213755, 0.4632602949751735, 0.4563902772307504, 0.4449932750620252, 0.42533762722282054, 0.39771765331325654, 0.3655947972471938, 0.3316346750792595, 0.2958918881836191, 0.25841173038375725, 0.22107677861549743, 0.18582933003413565, 0.15289050532016504, 0.12111648829100105, 0.08959053130791338, 0.05951405513394344, 0.034348521691515435, 0.017114256886947246, 0.007783984167014964, 0.003749317571783469, 0.0021660057696480045, 0.0014314748302141015, 0.0010824718760378852, 0.0010523508985838697, 0.0011917055614154197, 0.0012822412890421242, 0.0012454065853089956, 0.0011675981807923038, 0.0011086369226201414, 0.0010052845162530782, 0.0008219348443533946, 0.0006666238963426332, 0.0006558930132556943, 0.000748632683236517, 0.0007911071629354478, 0.0006842905160143955, 0.00046529267786622844, 0.00024447967419229994, 9.822513150058224e-05, 3.13609899168666e-05, 1.595091023235638e-05, 3.788990625797132e-05, 0.0001077974763401854, 0.00023196188193354031, 0.000367625521281164, 0.00042862298967840355]]}