{"output": [[19.191847360342077, 19.238993335610655, 19.28613931087923, 19.333285286147806, 19.380431261416383, 19.427577236684957, 19.474723211953535, 19.52186918722211, 19.569015162490686, 19.616161137759264, 19.663307113027837, 19.710453088296415, 19.757599063564992, 19.804745038833566, 19.851891014102144, 19.89903698937072, 19.946182964639295, 19.993328939907872, 20.040474915176446, 20.087620890445024, 20.1347668657136, 20.181912840982175, 20.229058816250753, 20.27620479151933, 20.323350766787904, 20.37049674205648, 20.41764271732506, 20.464788692593633, 20.51193466786221, 20.559080643130784, 20.60622661839936, 20.65337259366794, 20.700518568936513, 20.74766454420509, 20.794810519473668, 20.84195649474224, 20.88910247001082, 20.936248445279396, 20.98339442054797, 21.030540395816548, 21.07768637108512, 21.1248323463537, 21.171978321622277, 21.21912429689085, 21.266270272159428, 21.313416247428005, 21.36056222269658, 21.407708197965157, 21.454854173233734, 21.502000148502308, 21.549146123770885, 21.59629209903946, 21.643438074308037, 21.690584049576614, 21.737730024845188, 21.784876000113766, 21.832021975382343, 21.879167950650917, 21.926313925919494, 21.973459901188072, 22.020605876456646, 22.067751851725223, 22.114897826993797, 22.162043802262374, 22.209189777530952, 22.256335752799526, 22.303481728068103, 22.35062770333668, 22.397773678605255, 22.444919653873832, 22.49206562914241, 22.539211604410983, 22.58635757967956, 22.633503554948135, 22.680649530216712, 22.72779550548529, 22.774941480753863, 22.82208745602244, 22.86923343129102, 22.916379406559592, 22.96352538182817, 23.010671357096747, 23.05781733236532, 23.1049633076339, 23.152109282902472, 23.19925525817105, 23.246401233439627, 23.293547208708205, 23.34069318397678, 23.387839159245356, 23.43498513451393, 23.482131109782507, 23.529277085051085, 23.57642306031966, 23.623569035588236, 23.67071501085681, 23.717860986125388, 23.765006961393965, 23.812152936662542, 23.859298911931116]], "PDF": [[0.0006780459119742324, 0.000853604550129816, 0.001028587942710903, 0.0012294240445838583, 0.0014513966346168625, 0.0016670350158960415, 0.0018793346269893923, 0.002179001210211236, 0.002773939711911327, 0.0039313002606640455, 0.005777075855288059, 0.008099308212972665, 0.010432959356834486, 0.012417418556536526, 0.014098834293017363, 0.015986522598841712, 0.01891385521291709, 0.023736490518059376, 0.030953183208944936, 0.04049905194755593, 0.05182922326657022, 0.06417317409242808, 0.07683060550396212, 0.08940643414109609, 0.10208815305802832, 0.11617270515313416, 0.13413932693644023, 0.15829633923510067, 0.18910566285615676, 0.22518193423526867, 0.2645691380579664, 0.3057135926805862, 0.3480959426163791, 0.3926510075682772, 0.44101454362690284, 0.4936766197670316, 0.5487376483608246, 0.6022672930802774, 0.6496751643985396, 0.6872792671879363, 0.713666087747059, 0.7298147288770005, 0.7372207954749342, 0.7360126950315609, 0.7257163519010079, 0.7075624784487743, 0.6849556812628481, 0.6614119279722916, 0.6384735563018219, 0.6157673206859094, 0.592604312671301, 0.568972445385031, 0.5454405307548794, 0.5232497200360114, 0.5043032408307305, 0.4896129612421866, 0.47755999700796, 0.4647674452583647, 0.4488148101409228, 0.429435388312633, 0.407356458124925, 0.38294138269358424, 0.35596092477193053, 0.325936592098217, 0.2928381623402573, 0.25803593852394174, 0.22415906053791054, 0.19329874016735282, 0.16537645748362315, 0.1384913016228406, 0.11085477498278576, 0.08256108946034207, 0.05585805282284983, 0.03379776298554773, 0.018309282775189072, 0.009187795681165914, 0.004641063243334952, 0.002610752730039314, 0.0016858597685944618, 0.0012073435966343964, 0.0009425662902219295, 0.0007954832866867067, 0.0007016692083047799, 0.000630381629783909, 0.0005858967383485753, 0.0005689918957638043, 0.0005548966584321682, 0.0005297190627114668, 0.0005125991300226699, 0.0005091030347483723, 0.0004788457464113512, 0.0003851988015776365, 0.0002497401803250564, 0.00013002293715397325, 6.609634978413641e-05, 6.87286918950176e-05, 0.00013725027862815053, 0.0002571394051772955, 0.0003792168133981287, 0.0004318752589803593]]}