{"S_min_Ks": [[0.680553037976111]], "S_min_Q": [[0.23963725410540854]], "S_Ks": [[0.7240121460032571]], "S_Q": [[0.26755652173156236]], "S_max_Ks": [[0.75765783592926]], "S_max_Q": [[0.28569394568300427]], "S_T_min_Ks": [[0.7005104410039574]], "S_T_min_Q": [[0.2356672287715424]], "S_T_Ks": [[0.7492259837639608]], "S_T_Q": [[0.26119685834188106]], "S_T_max_Ks": [[0.7891105722356593]], "S_T_max_Q": [[0.2864453517736423]]}