{"S_Ks": [[0.7240121460032571]], "S_Q": [[0.26755652173156236]], "S_T_Ks": [[0.7492259837639608]], "S_T_Q": [[0.26119685834188106]]}