{"S_Ks": [[0.7150590222286646]], "S_Q": [[0.25656459594193765]], "S_T_Ks": [[0.737567316905022]], "S_T_Q": [[0.26028606438306184]]}