{"Min": [[0.5187358722439228]], "SD_min": [[17.523754645431044]], "Mean": [[18.39569683385232]], "SD_max": [[19.267639022273595]], "Max": [[46.84982629896274]]}