{"Min": [[-33.941716910352895]], "SD_min": [[4.2887793156740575]], "Mean": [[12.642016681764591]], "SD_max": [[20.995254047855127]], "Max": [[161.7831519864954]]}