{"Min": [[16.086096767823168]], "SD_min": [[18.038340723431904]], "Mean": [[18.29002046083833]], "SD_max": [[18.541700198244758]], "Max": [[18.52569675323311]]}