{"Min": [[13.657253089914061]], "SD_min": [[17.98274095770623]], "Mean": [[18.278518581240878]], "SD_max": [[18.574296204775525]], "Max": [[20.169416573630638]]}