{"Min": [[-73.40152959322579]], "SD_min": [[12.588048757582065]], "Mean": [[17.107527863617545]], "SD_max": [[21.627006969653024]], "Max": [[57.71343850198586]]}