{"output": [[13.657253089914061, 13.723032519042512, 13.788811948170961, 13.854591377299412, 13.920370806427862, 13.986150235556313, 14.051929664684762, 14.117709093813213, 14.183488522941664, 14.249267952070113, 14.315047381198564, 14.380826810327013, 14.446606239455464, 14.512385668583914, 14.578165097712365, 14.643944526840816, 14.709723955969265, 14.775503385097716, 14.841282814226165, 14.907062243354616, 14.972841672483067, 15.038621101611517, 15.104400530739968, 15.170179959868417, 15.235959388996868, 15.301738818125319, 15.367518247253768, 15.43329767638222, 15.499077105510668, 15.56485653463912, 15.630635963767569, 15.69641539289602, 15.762194822024469, 15.82797425115292, 15.893753680281371, 15.95953310940982, 16.02531253853827, 16.09109196766672, 16.15687139679517, 16.222650825923623, 16.28843025505207, 16.35420968418052, 16.419989113308972, 16.485768542437423, 16.551547971565874, 16.61732740069432, 16.683106829822773, 16.748886258951224, 16.814665688079675, 16.880445117208126, 16.946224546336573, 17.012003975465024, 17.077783404593475, 17.143562833721926, 17.209342262850377, 17.275121691978825, 17.340901121107276, 17.406680550235727, 17.472459979364178, 17.53823940849263, 17.604018837621076, 17.669798266749527, 17.73557769587798, 17.80135712500643, 17.86713655413488, 17.932915983263328, 17.99869541239178, 18.06447484152023, 18.13025427064868, 18.196033699777132, 18.26181312890558, 18.32759255803403, 18.39337198716248, 18.45915141629093, 18.524930845419384, 18.59071027454783, 18.656489703676282, 18.722269132804733, 18.78804856193318, 18.85382799106163, 18.919607420190083, 18.985386849318534, 19.051166278446985, 19.116945707575432, 19.182725136703883, 19.248504565832334, 19.314283994960785, 19.380063424089236, 19.445842853217684, 19.511622282346135, 19.577401711474586, 19.643181140603037, 19.708960569731488, 19.774739998859935, 19.840519427988387, 19.906298857116838, 19.97207828624529, 20.03785771537374, 20.103637144502187, 20.169416573630638]], "PDF": [[0.0013487238419913074, 0.00011377095769545647, 6.84125463139381e-08, 3.2688543927667197e-06, 0.0006200053128716721, 0.0008476794157939903, 0.0009235567986359049, 0.0006912729861806227, 0.0013429982008543336, 9.321718053812889e-05, 0.0006964082239315978, 0.0007576021059585547, 3.2329797123236004e-05, 0.0011398410068730433, 0.00034932839055107665, 7.617989507276069e-07, 1.1821255810380805e-11, 3.5833218239073126e-18, 1.7840317864007616e-11, 1.0202057351299867e-06, 0.0004971133817836204, 0.0036345074542862106, 0.00047692310514384765, 8.290573712350816e-07, 0.00020834687668909828, 0.002724914573619714, 0.0015768446390244982, 1.720006396131409e-05, 0.0003203949057375304, 0.0013524153927694782, 0.0013775249428116183, 0.0021114911651545273, 0.0031773979977486014, 0.0044666645652091976, 0.0013691823968158875, 0.003590043108840632, 0.0031978280618572483, 0.001623520023898349, 0.00033834131084863517, 0.0014381264936984923, 0.0040856160994793235, 0.0075157392832687474, 0.006065838115494489, 0.00886916426243346, 0.007381139857718924, 0.00708666414112131, 0.008588795958754152, 0.009335620723947839, 0.008504686590337493, 0.013141562640921825, 0.015467903536459581, 0.013991581778147149, 0.017536908116424815, 0.01528481201079473, 0.023976024939509528, 0.0365893734771497, 0.03043023424584684, 0.04193342318900197, 0.04675953097742107, 0.056464174258470355, 0.06657690467313535, 0.08365014537614004, 0.11358919737690319, 0.12675397325765023, 0.15779880706827204, 0.2079994002938087, 0.28789059433536884, 0.4064912425144427, 0.5539258314451108, 0.8660943128999263, 1.5639773509533639, 3.0245765776908224, 4.826832054814637, 1.946999551277332, 0.2306692419190682, 0.10119665770957394, 0.06089453133801309, 0.041159971121822715, 0.01430697481443984, 0.012878883375590549, 0.005658721826745382, 0.004408479713695248, 0.0038651182223787394, 0.0037735312271135494, 0.004661177717789732, 0.005115732908496836, 0.0012594277437098108, 0.0019744475503819855, 0.00012025651915789557, 0.0014031276442636861, 0.001527785228506877, 0.00014313868401930968, 0.00044325130202226145, 0.0010318552671232343, 1.7096550407239416e-05, 2.0156492218400037e-09, 2.933654685067591e-13, 6.828991170001327e-08, 0.00011377095769542373, 0.0013487238419913074]]}