{"output": [[-73.40152959322579, -72.07713597610244, -70.75274235897909, -69.42834874185574, -68.1039551247324, -66.77956150760903, -65.45516789048568, -64.13077427336233, -62.806380656238986, -61.48198703911564, -60.15759342199229, -58.83319980486894, -57.50880618774559, -56.18441257062224, -54.860018953498894, -53.53562533637554, -52.21123171925219, -50.88683810212884, -49.562444485005486, -48.23805086788214, -46.91365725075879, -45.58926363363544, -44.26487001651209, -42.94047639938874, -41.616082782265394, -40.29168916514204, -38.96729554801869, -37.64290193089534, -36.31850831377199, -34.994114696648644, -33.66972107952529, -32.34532746240194, -31.02093384527859, -29.696540228155243, -28.372146611031894, -27.04775299390854, -25.72335937678519, -24.39896575966184, -23.074572142538493, -21.750178525415144, -20.42578490829179, -19.10139129116844, -17.77699767404509, -16.452604056921743, -15.128210439798394, -13.803816822675046, -12.47942320555169, -11.155029588428341, -9.830635971304993, -8.506242354181637, -7.181848737058289, -5.85745511993494, -4.5330615028115915, -3.208667885688243, -1.8842742685648943, -0.5598806514415458, 0.7645129656818028, 2.0889065828051514, 3.4133001999285, 4.737693817051863, 6.062087434175211, 7.38648105129856, 8.710874668421908, 10.035268285545257, 11.359661902668606, 12.684055519791954, 14.008449136915303, 15.332842754038651, 16.657236371162, 17.98162998828535, 19.30602360540871, 20.63041722253206, 21.95481083965541, 23.279204456778757, 24.603598073902106, 25.927991691025454, 27.252385308148803, 28.57677892527215, 29.9011725423955, 31.22556615951885, 32.54995977664221, 33.87435339376556, 35.19874701088891, 36.52314062801226, 37.847534245135606, 39.171927862258954, 40.4963214793823, 41.82071509650565, 43.145108713629, 44.46950233075235, 45.7938959478757, 47.11828956499906, 48.44268318212241, 49.76707679924576, 51.091470416369106, 52.415864033492454, 53.7402576506158, 55.064651267739166, 56.389044884862514, 57.71343850198586]], "PDF": [[7.718740358920579e-05, 2.8955955980911553e-06, 1.4976014309593722e-09, 8.176125926675769e-06, 6.995864816395371e-05, 8.423996907798051e-07, 7.473360713559342e-09, 1.706257136858964e-05, 6.036372567391426e-05, 7.488600144483881e-05, 1.4410337564838005e-06, 3.915389904017214e-11, 1.4971292901552718e-18, 8.056131553553161e-29, 3.9400680956805413e-25, 8.462440415921969e-16, 2.5578228946004245e-09, 1.0879984264587362e-05, 6.512828476800879e-05, 2.812880882736123e-06, 7.68453323039612e-05, 3.6702572562021023e-06, 2.466939541254572e-10, 2.3334771209400817e-17, 5.3129335072368446e-15, 8.17920025833922e-09, 1.8123801619487172e-05, 0.00013331356469900937, 0.00013536419846370187, 3.513019344373336e-05, 0.0001242469763627055, 7.690081282889325e-06, 0.00015313742465492686, 1.4541645108267173e-05, 0.00015695398697478403, 6.868510710609968e-05, 0.0001557510363200187, 6.415356363861055e-05, 0.00011525047123745841, 0.0001721965364780253, 9.58475493020195e-05, 0.00028551776400774286, 0.0003716987891755545, 0.0002625974365769286, 0.0002033409352734537, 0.00018396164684684509, 0.0005430133905947802, 0.0004734261197009445, 0.000319119339077231, 0.0004124627660447832, 0.0007311414227384358, 0.0005478074812390258, 0.0006379752267270693, 0.0006215580387197789, 0.0008576402111477752, 0.0014470691338876079, 0.0016788050069704461, 0.001989301148270141, 0.0022332652977166793, 0.00261244403116364, 0.002740196462012223, 0.0035369184379658585, 0.003576704208776662, 0.004625221534448481, 0.006699178758690059, 0.010031886940556848, 0.015569185316526929, 0.023670884023716487, 0.06794121182676256, 0.47087450376297435, 0.11639107776697025, 0.009632623721396222, 0.0012529090829496226, 0.00020768507568701022, 0.00012478108002765125, 0.00026829459537811197, 0.00010588837120627247, 3.3160479342166e-05, 3.5385860599592506e-05, 5.943203282575246e-05, 2.399520084029016e-05, 0.00010849159483550616, 2.796959744787862e-05, 2.5494543203884587e-08, 3.347010307468441e-14, 6.185866338588008e-23, 1.6089005269241976e-34, 5.8889903071464736e-49, 3.0334401869378345e-66, 2.1989379923274223e-86, 2.2432283255961015e-109, 4.3231553877518315e-96, 1.0542138501155385e-74, 3.6177582280145234e-56, 1.747162552114825e-40, 1.187435519645083e-27, 1.1357159089053147e-17, 1.5286650392070244e-10, 2.8955955977799055e-06, 7.718740358920579e-05]]}