{"output": [[0.5187358722439228, 0.986726684635022, 1.4547174970261212, 1.9227083094172202, 2.3906991218083196, 2.8586899341994183, 3.3266807465905175, 3.7946715589816167, 4.262662371372716, 4.730653183763815, 5.198643996154914, 5.666634808546013, 6.134625620937112, 6.602616433328212, 7.0706072457193105, 7.53859805811041, 8.00658887050151, 8.474579682892607, 8.942570495283707, 9.410561307674806, 9.878552120065905, 10.346542932457005, 10.814533744848104, 11.282524557239203, 11.750515369630302, 12.2185061820214, 12.6864969944125, 13.1544878068036, 13.622478619194698, 14.090469431585797, 14.558460243976898, 15.026451056367996, 15.494441868759095, 15.962432681150194, 16.43042349354129, 16.89841430593239, 17.36640511832349, 17.834395930714592, 18.30238674310569, 18.77037755549679, 19.238368367887887, 19.706359180278987, 20.174349992670088, 20.642340805061185, 21.110331617452285, 21.578322429843382, 22.046313242234483, 22.514304054625583, 22.98229486701668, 23.45028567940778, 23.918276491798878, 24.38626730418998, 24.85425811658108, 25.322248928972176, 25.790239741363276, 26.258230553754377, 26.726221366145474, 27.194212178536574, 27.66220299092767, 28.13019380331877, 28.598184615709872, 29.06617542810097, 29.53416624049207, 30.002157052883167, 30.470147865274267, 30.938138677665368, 31.406129490056465, 31.874120302447565, 32.34211111483866, 32.810101927229766, 33.27809273962086, 33.74608355201196, 34.21407436440306, 34.68206517679416, 35.15005598918526, 35.618046801576355, 36.086037613967456, 36.554028426358556, 37.02201923874966, 37.49001005114076, 37.95800086353185, 38.42599167592295, 38.89398248831405, 39.36197330070515, 39.82996411309625, 40.297954925487346, 40.76594573787845, 41.23393655026955, 41.70192736266065, 42.16991817505175, 42.63790898744284, 43.10589979983394, 43.57389061222504, 44.04188142461614, 44.509872237007244, 44.97786304939834, 45.44585386178944, 45.91384467418054, 46.38183548657164, 46.84982629896274]], "PDF": [[0.00043689060273470443, 2.2044518506212207e-05, 5.192606973558154e-12, 1.6985135025587947e-24, 7.589684926434503e-43, 4.6323543134634154e-67, 6.888310101485493e-54, 1.0957139135974556e-32, 2.3806997161329583e-17, 7.065371812000297e-08, 0.0002864101336643402, 1.5858594557929797e-06, 6.790990955409813e-11, 5.502814809999802e-05, 6.091669186566268e-05, 9.211082691027295e-11, 1.902935045734416e-22, 5.759865003948108e-13, 8.94894657821428e-06, 0.0004445911519587853, 0.00046116742302430825, 1.0124964299708706e-05, 1.883869238890316e-09, 0.00014726321738706778, 7.726149549139773e-05, 0.00041316378076834074, 7.22358997769436e-05, 0.0005312450809014235, 0.0006308474600975776, 0.00039474280242171367, 0.0012201829066203717, 0.001830262307805826, 0.00099174616893183, 0.0027194267365725742, 0.002027996242839143, 0.006555298933746152, 0.022122528047451875, 0.17074490480841506, 1.7560479550796484, 0.17196345315623518, 0.03602128592438301, 0.01753338860568198, 0.010538555291191697, 0.007635414046066305, 0.005291921361991644, 0.004783775637687784, 0.002599210450709636, 0.0014816855247008706, 0.0017669215962792734, 0.0010509768421532758, 0.0009711567923725328, 0.0010634074662451481, 0.000826631608887236, 0.0011434438986072028, 9.77968146175874e-05, 0.0004875655949579217, 0.00013242430239098862, 7.89959424814286e-10, 2.8441422539147116e-06, 0.0005900336540634966, 0.0005011018428772729, 0.00026875283510102146, 2.4710598467214834e-06, 0.0002807958891666177, 1.8305482427480798e-06, 1.6300261428153036e-14, 2.0923141851139205e-17, 6.599953644451306e-08, 0.0002843715674682779, 0.0002326323364325152, 8.59608450436973e-05, 1.9158208072866478e-10, 6.470345421563086e-22, 2.993433455321809e-39, 1.8917655613660815e-62, 1.6330099508518183e-91, 1.9254547949839038e-126, 3.100992962817512e-167, 6.821677625339054e-214, 2.049767300493156e-266, 0.0, 0.0, 0.0, 1.445809465321556e-258, 7.014307018067007e-207, 4.6481639289422746e-161, 4.2072765385759755e-121, 5.201680082916077e-87, 8.784340785841325e-59, 2.0262716610982306e-36, 6.384238792960725e-20, 2.747536891656739e-09, 0.0001615105513283349, 1.296824552247781e-05, 1.4222780456371081e-12, 2.130643285699139e-25, 1.2743896615790455e-30, 5.844466127821548e-16, 3.661090038721228e-07, 0.00031325566315067513]]}