{"output": [[-33.941716910352895, -31.964698032606954, -29.98767915486101, -28.01066027711507, -26.033641399369124, -24.056622521623183, -22.079603643877242, -20.102584766131297, -18.125565888385353, -16.148547010639412, -14.17152813289347, -12.194509255147526, -10.217490377401585, -8.24047149965564, -6.2634526219097, -4.286433744163755, -2.3094148664178142, -0.3323959886718697, 1.6446228890740713, 3.6216417668200123, 5.598660644565953, 7.575679522311901, 9.552698400057842, 11.529717277803783, 13.506736155549724, 15.483755033295665, 17.460773911041613, 19.437792788787554, 21.414811666533495, 23.391830544279436, 25.368849422025384, 27.345868299771325, 29.322887177517266, 31.299906055263207, 33.276924933009155, 35.25394381075509, 37.23096268850104, 39.207981566246985, 41.18500044399292, 43.16201932173887, 45.1390381994848, 47.11605707723075, 49.0930759549767, 51.07009483272263, 53.04711371046858, 55.02413258821451, 57.00115146596046, 58.97817034370641, 60.95518922145234, 62.93220809919829, 64.90922697694423, 66.88624585469017, 68.86326473243612, 70.84028361018206, 72.817302487928, 74.79432136567395, 76.77134024341989, 78.74835912116583, 80.72537799891177, 82.70239687665772, 84.67941575440366, 86.6564346321496, 88.63345350989555, 90.61047238764148, 92.58749126538743, 94.56451014313338, 96.54152902087931, 98.51854789862524, 100.4955667763712, 102.47258565411714, 104.44960453186307, 106.42662340960904, 108.40364228735497, 110.3806611651009, 112.35768004284687, 114.3346989205928, 116.31171779833873, 118.28873667608467, 120.26575555383063, 122.24277443157656, 124.2197933093225, 126.19681218706846, 128.1738310648144, 130.15084994256034, 132.12786882030628, 134.1048876980522, 136.08190657579814, 138.05892545354413, 140.03594433129007, 142.012963209036, 143.98998208678194, 145.96700096452787, 147.9440198422738, 149.92103872001974, 151.89805759776573, 153.87507647551166, 155.8520953532576, 157.82911423100353, 159.80613310874946, 161.7831519864954]], "PDF": [[3.5908627362539464e-05, 7.145328323904698e-05, 0.00013949630419456043, 0.0002513826663399532, 0.0004298736508380063, 0.0006548056495925798, 0.0008442828834336358, 0.001034802466763635, 0.0013373994308756893, 0.0016635438013307916, 0.0018841943660626926, 0.0021046533834502344, 0.0024299083210127075, 0.0027290861116184718, 0.0032197370626767764, 0.00488043345398167, 0.008641973097566416, 0.013062253607798219, 0.016054535114161, 0.018190421799679377, 0.020339933365897244, 0.023421052846956576, 0.02964489011493584, 0.03928686569509093, 0.05103687278380066, 0.06618146712280834, 0.07643380663583751, 0.06392023899601447, 0.035228415984076236, 0.01352691365722778, 0.004344054070841312, 0.0013167570836916274, 0.00036392241840137125, 0.00014918856066686265, 0.00010907676608185901, 8.301703671499812e-05, 7.532625335234113e-05, 0.00010368452795307842, 0.0001262397258945925, 0.00010495330012269835, 6.290041092413657e-05, 3.36647440293028e-05, 2.744541099761397e-05, 3.3183452029602406e-05, 4.0339510422604514e-05, 2.787049265675134e-05, 8.550477767199996e-06, 1.1099073579250922e-06, 6.050065616327073e-08, 1.3833084686760055e-09, 1.3264435825813736e-11, 5.334038029017068e-14, 8.995319154144231e-17, 6.36160528015654e-20, 1.886700131428864e-23, 2.346502759155685e-27, 1.2238183398786332e-31, 2.6766149033739585e-36, 2.454838483288394e-41, 9.441104964975066e-47, 1.5225800248828046e-52, 1.0296492885700689e-58, 1.5200430262294952e-58, 2.1186779725574207e-52, 1.2375427360827463e-46, 3.0292949430148215e-41, 3.107484813095998e-36, 1.3358649966580304e-31, 2.4065906564196273e-27, 1.8168872724464086e-23, 5.748305478725545e-20, 7.621453370795304e-17, 4.234692256237597e-14, 9.86034278619459e-12, 9.621621576703217e-10, 3.9345097980482426e-08, 6.742471058082379e-07, 4.842098849825097e-06, 1.4572508318265015e-05, 1.837896594718605e-05, 9.713906854911822e-06, 2.1515572023471893e-06, 1.9970914831665343e-07, 7.76835605273639e-09, 1.2663285147809538e-10, 8.650670103720929e-13, 2.476505032898222e-15, 2.971082969575878e-18, 1.4937451990203768e-21, 2.763183219050912e-24, 9.488021234437995e-21, 1.5407912115710518e-17, 1.048571474799668e-14, 2.9904626731627346e-12, 3.5740846418663444e-10, 1.7901003651230856e-08, 3.75730135799174e-07, 3.304918683501891e-06, 1.2182365565173396e-05, 1.8818654863490534e-05]]}