{"output": [[16.086096767823168, 16.110739191918217, 16.13538161601327, 16.16002404010832, 16.184666464203367, 16.209308888298416, 16.23395131239347, 16.258593736488518, 16.283236160583566, 16.30787858467862, 16.332521008773668, 16.357163432868717, 16.381805856963766, 16.406448281058818, 16.431090705153867, 16.455733129248916, 16.48037555334397, 16.505017977439017, 16.529660401534066, 16.554302825629115, 16.578945249724168, 16.603587673819217, 16.628230097914265, 16.652872522009318, 16.677514946104367, 16.702157370199416, 16.726799794294465, 16.751442218389517, 16.776084642484566, 16.800727066579615, 16.825369490674667, 16.850011914769716, 16.874654338864765, 16.899296762959814, 16.923939187054867, 16.948581611149915, 16.973224035244964, 16.997866459340013, 17.022508883435066, 17.047151307530115, 17.071793731625164, 17.096436155720216, 17.121078579815265, 17.145721003910314, 17.170363428005363, 17.195005852100415, 17.219648276195464, 17.244290700290513, 17.268933124385565, 17.293575548480614, 17.318217972575663, 17.342860396670712, 17.367502820765765, 17.392145244860814, 17.416787668955863, 17.441430093050915, 17.466072517145964, 17.490714941241013, 17.51535736533606, 17.539999789431114, 17.564642213526163, 17.589284637621212, 17.613927061716264, 17.638569485811313, 17.663211909906362, 17.68785433400141, 17.712496758096464, 17.737139182191513, 17.76178160628656, 17.786424030381614, 17.811066454476663, 17.83570887857171, 17.86035130266676, 17.884993726761813, 17.909636150856862, 17.93427857495191, 17.95892099904696, 17.983563423142012, 18.00820584723706, 18.03284827133211, 18.057490695427163, 18.08213311952221, 18.10677554361726, 18.13141796771231, 18.15606039180736, 18.18070281590241, 18.20534523999746, 18.229987664092512, 18.25463008818756, 18.27927251228261, 18.30391493637766, 18.32855736047271, 18.35319978456776, 18.37784220866281, 18.40248463275786, 18.42712705685291, 18.45176948094796, 18.47641190504301, 18.50105432913806, 18.52569675323311]], "PDF": [[0.0015850412755270223, 0.0009816766930917432, 0.00024034852832565442, 0.00013350998069018325, 0.0006623300296944081, 0.00149458270326462, 0.0012946160997099956, 0.0004299919112088423, 5.476257692468822e-05, 2.801649829430826e-06, 5.593218269592175e-06, 9.240331019097939e-05, 0.000590703231269772, 0.0014516930181211383, 0.0014359341446303956, 0.0010149883826476068, 0.001486607925055642, 0.0017991332837212156, 0.002650764878046056, 0.004617141473819476, 0.003980418123061993, 0.002208510741992978, 0.0024068051592481304, 0.0033510575137369407, 0.003972693610356493, 0.004587636854677514, 0.007024515445993262, 0.009673981337549436, 0.008179420015946947, 0.003964358372646853, 0.0026369778595253, 0.00416216772245245, 0.004122353475249566, 0.0031855366820206506, 0.005537216380905442, 0.008082995747317922, 0.008150847198096282, 0.009829878723220697, 0.011947412564221075, 0.013685095581505506, 0.01499370928113363, 0.015030096354059939, 0.016388598184088114, 0.018228220909695763, 0.021023431209471546, 0.026115148394583874, 0.030083376299821052, 0.02985303999365161, 0.02645723735377084, 0.02639839910368653, 0.02937914373518783, 0.037320954713450205, 0.04726641052815035, 0.04561193332042268, 0.040693075555809644, 0.049396597598612944, 0.06561607064052889, 0.07717511250246337, 0.07583282451810194, 0.06897812477047219, 0.07746162755014996, 0.09701645859249813, 0.11038024299603506, 0.11777363545495592, 0.12496689174853416, 0.12872665571503927, 0.13780183488047004, 0.15156789483566532, 0.1648360064303945, 0.18867192108801267, 0.21870692935632663, 0.23355206147393057, 0.24471951970102268, 0.2713069508845425, 0.29595095972268437, 0.3122676579528372, 0.3466853073465589, 0.39438984550701894, 0.4302568733781576, 0.4511943987830534, 0.4816866870412605, 0.5408420579600959, 0.6133272694766941, 0.6946948552186902, 0.7914874150115505, 0.8769597880365445, 0.940954106602607, 1.02957277573822, 1.1669164819156654, 1.3252798072514012, 1.492236555536736, 1.6923184197917485, 1.9774157134254893, 2.407118934196507, 3.0494489228975166, 3.7183958882181734, 3.9922754504829445, 3.698653094124982, 2.7905749489060976, 1.4311857539574022]]}