{"S_min_Ks": [[0.011907008742031811]], "S_min_Q": [[0.6591230081236132]], "S_Ks": [[0.019903861309051616]], "S_Q": [[0.9394280365706013]], "S_max_Ks": [[0.026766414037488955]], "S_max_Q": [[1.1235451456009962]], "S_T_min_Ks": [[-0.06802995342224763]], "S_T_min_Q": [[0.829603334459913]], "S_T_Ks": [[0.12416003922104567]], "S_T_Q": [[1.0057177834757518]], "S_T_max_Ks": [[0.2723228099162275]], "S_T_max_Q": [[1.1551323469145287]]}