{"S_min_Ks": [[0.13686366143489737]], "S_min_Q": [[0.11999074146035443]], "S_Ks": [[0.2070267876018641]], "S_Q": [[0.20024666926589685]], "S_max_Ks": [[0.2632984266068039]], "S_max_Q": [[0.2525237407110762]], "S_T_min_Ks": [[0.5209309402744295]], "S_T_min_Q": [[0.6056523153084481]], "S_T_Ks": [[0.7743435480109426]], "S_T_Q": [[0.8039489677868772]], "S_T_max_Ks": [[0.949917039474933]], "S_T_max_Q": [[0.9478944345407512]]}