{"S_min_Ks": [[0.01710482564423845]], "S_min_Q": [[0.8478835909129672]], "S_Ks": [[0.021608150882783773]], "S_Q": [[0.9302571031563768]], "S_max_Ks": [[0.024999161772479916]], "S_max_Q": [[0.9992491071212384]], "S_T_min_Ks": [[-0.03859963136728262]], "S_T_min_Q": [[0.9076021343005294]], "S_T_Ks": [[0.02731906744314266]], "S_T_Q": [[0.969117628168759]], "S_T_max_Ks": [[0.09749885110149362]], "S_T_max_Q": [[1.0376804646236442]]}