{"S_Ks": [[0.23763433521419342]], "S_Q": [[0.17496803428666827]], "S_T_Ks": [[0.7905347433673289]], "S_T_Q": [[0.7601077231051033]]}