{"S_Ks": [[0.09307172519708089]], "S_Q": [[0.2742014152420826]], "S_T_Ks": [[0.3255053767697702]], "S_T_Q": [[0.9183516094338291]]}