{"S_Ks": [[0.2070267876018641]], "S_Q": [[0.20024666926589685]], "S_T_Ks": [[0.7743435480109426]], "S_T_Q": [[0.8039489677868772]]}