{"S_min_Ks": [[0.21060356699854488]], "S_min_Q": [[0.14182360974661073]], "S_Ks": [[0.23763433521419342]], "S_Q": [[0.17496803428666827]], "S_max_Ks": [[0.26377273863181816]], "S_max_Q": [[0.20753063439213754]], "S_T_min_Ks": [[0.7344742098243559]], "S_T_min_Q": [[0.7153472247696483]], "S_T_Ks": [[0.7905347433673289]], "S_T_Q": [[0.7601077231051033]], "S_T_max_Ks": [[0.8473132290337103]], "S_T_max_Q": [[0.8032244772923834]]}