{"S_Ks": [[0.021608150882783773]], "S_Q": [[0.9302571031563768]], "S_T_Ks": [[0.02731906744314266]], "S_T_Q": [[0.969117628168759]]}