{"S_Ks": [[0.019903861309051616]], "S_Q": [[0.9394280365706013]], "S_T_Ks": [[0.12416003922104567]], "S_T_Q": [[1.0057177834757518]]}