{"S_min_Ks": [[0.03254927665170196]], "S_min_Q": [[-0.024098235641234256]], "S_Ks": [[0.09307172519708089]], "S_Q": [[0.2742014152420826]], "S_max_Ks": [[0.12806171136438543]], "S_max_Q": [[0.39030787670904354]], "S_T_min_Ks": [[-0.30903766711644887]], "S_T_min_Q": [[0.33881295769010844]], "S_T_Ks": [[0.3255053767697702]], "S_T_Q": [[0.9183516094338291]], "S_T_max_Ks": [[0.7213374305769503]], "S_T_max_Q": [[1.219198090168796]]}