{"y": [16000.0, 16000.0, 16000.0, 16000.0, 8000.0, 16000.0, 24000.0, 32000.0, 0.9671402529789719, 1.0, -0.7463675808888091, -0.7142967422051927, 7.041376960906731, 8.66884378664938, -2.3920377340460326, -0.5067260121201507], "x": [8000.0, 8000.0, 8000.0, 8000.0, 8000.0, 16000.0, 24000.0, 32000.0, 1.0, 0.9671402529789719, -0.5660698252985741, -0.5190315840291363, 6.11469915312716, 7.041376960906731, -1.5236745828993965, -0.3092397221397025], "Covariance": [32000.0, 32000.0, 32000.0, 32000.0, 8000.0, 16000.0, 24000.0, 32000.0, -0.5190315840291363, -0.7142967422051927, 0.9918809844092422, 1.0, -0.3092397221397025, -0.5067260121201507, 0.26014062295588214, 0.058053429649870064], "Correlation-YY": [24000.0, 24000.0, 24000.0, 24000.0, 8000.0, 16000.0, 24000.0, 32000.0, -0.5660698252985741, -0.7463675808888091, 1.0, 0.9918809844092422, -1.5236745828993965, -2.3920377340460326, 1.1848662830229595, 0.26014062295588214]}