{"SD_max": [0.7752541365224994, -9.727949347864028, 6.457869060772824, -5.1054864084615765], "Min": [16000.0, -9.964206036652923, 3.27060849929083, -9.54253155816644], "Max": [-1.0167127111608174, -9.992057504415344, 6.423804452559737, -8.769750286802902], "SD_min": [24000.0, 0.9837043170183701, -8.707242976370674, 16.677114714013378], "x": [8000.0, -9.75006565265706, 3.720786688895597, -7.68653660487732], "Mean": [32000.0, 0.11741254602192353, -9.767294531290892, 16.675876476419052]}