{"S_Q": [24000.0, 0.4582492902714718, 1.0020702384452107, 0.02686504369119466], "x": [8000.0, 0.14592683788100286, 0.9647539138592839, 0.0744207686645774], "S_T_Q": [0.7272517116896121, 0.06896768740428869, 0.9226753253586574, 0.0969290635121949], "S_Ks": [16000.0, 0.9178164553691747, 0.32962937943018716, 0.9841446137414185], "S_T_Ks": [32000.0, 0.8448857326224183, 0.033199878355771456, 0.9145130798903046]}