{"S_Q": [0.0951187338763419], "S_T_min_Q": [0.2599664907773524], "S_max_Q": [0.13628816040194627], "S_T_max_Ks": [1.0574580315136293], "S_T_min_Ks": [0.8127070556819818], "S_min_Ks": [0.6867667635411343], "S_min_Q": [0.04646755086484186], "S_T_Ks": [0.9435091583244098], "S_T_Q": [0.35741069144584947], "S_max_Ks": [0.9158007231975845], "S_T_max_Q": [0.4326558401312015], "S_Ks": [0.8132262995162062]}