{"x": [[8000.0, 16000.0, 24000.0, 32000.0, 8000.0, 16000.0, 24000.0, 32000.0, 8000.0, 16000.0, 24000.0, 32000.0, 8000.0, 16000.0, 24000.0, 32000.0]], "y": [[8000.0, 8000.0, 8000.0, 8000.0, 16000.0, 16000.0, 16000.0, 16000.0, 24000.0, 24000.0, 24000.0, 24000.0, 32000.0, 32000.0, 32000.0, 32000.0]], "Correlation-YY": [[1.0, 0.9692663034554978, -0.5375582027494247, -0.48740062551549423, 0.9692663034554978, 1.0, -0.7171883223494538, -0.6817670976481771, -0.5375582027494247, -0.7171883223494538, 1.0, 0.9902486726575461, -0.48740062551549423, -0.6817670976481771, 0.9902486726575461, 1.0]], "Covariance": [[6.722733111335592, 7.625814328157732, -1.4987034434322188, -0.3031093576753561, 7.625814328157732, 9.207470880695734, -2.3400258942682255, -0.4961883257551422, -1.4987034434322188, -2.3400258942682255, 1.1562042286482743, 0.25538881470425845, -0.3031093576753561, -0.4961883257551422, 0.25538881470425845, 0.05752818252750878]]}