{"x": [[8000.0, 16000.0, 24000.0, 32000.0]], "Min": [[-0.09691843335158401, -1.013969037012798, -9.798269085937768, -9.971315644895359]], "SD_min": [[1.1047841592701588, 0.23778050390282868, -9.737651168167703, -9.996164277911808]], "Mean": [[3.4266748546346713, 2.981463646610264, -8.717566108929393, -9.768794373423843]], "SD_max": [[5.748565549999183, 5.7251467893177, -7.697481049691083, -9.541424468935878]], "Max": [[11.897987652188112, 11.892605381495374, -5.001537736100268, -8.7268598049879]]}