{"S_min_Ks": [[0.567846655107434]], "S_min_Q": [[0.036079977858280016]], "S_Ks": [[0.6573051803900954]], "S_Q": [[0.10146135880091024]], "S_max_Ks": [[0.7661773457741142]], "S_max_Q": [[0.1568504274731339]], "S_T_min_Ks": [[0.7627560406212336]], "S_T_min_Q": [[0.24607478641384245]], "S_T_Ks": [[0.8571669187464064]], "S_T_Q": [[0.3340325474877059]], "S_T_max_Ks": [[1.0103335705004206]], "S_T_max_Q": [[0.4185970666455667]]}