{"x": [[8000.0], [16000.0], [24000.0], [32000.0]], "S_Ks": [[0.5570361176393184], [0.6868847816246201], [0.9022024102374957], [0.8684097413813786]], "S_Q": [[0.1559285889246873], [0.07489537164401301], [0.03407311383197317], [0.03266092757656981]], "S_T_Ks": [[0.8088352349947328], [0.8775920764129668], [0.9364405960475705], [0.9361384204545148]], "S_T_Q": [[0.43589018041688743], [0.3081533894833886], [0.06040667778495394], [0.07707399229219594]]}