{"Min": [[6.862224253199342]], "SD_min": [[9.020243355992289]], "Mean": [[10.328296473032777]], "SD_max": [[11.636349590073266]], "Max": [[13.491398666515881]]}