{"output": [[6.862224253199342, 6.9291856109096095, 6.996146968619878, 7.063108326330146, 7.130069684040414, 7.197031041750682, 7.2639923994609505, 7.330953757171218, 7.397915114881487, 7.4648764725917545, 7.531837830302022, 7.598799188012291, 7.665760545722558, 7.732721903432827, 7.799683261143095, 7.866644618853362, 7.933605976563631, 8.0005673342739, 8.067528691984167, 8.134490049694435, 8.201451407404702, 8.268412765114972, 8.33537412282524, 8.402335480535507, 8.469296838245775, 8.536258195956044, 8.603219553666312, 8.67018091137658, 8.737142269086847, 8.804103626797115, 8.871064984507385, 8.938026342217652, 9.00498769992792, 9.071949057638188, 9.138910415348455, 9.205871773058725, 9.272833130768992, 9.33979448847926, 9.406755846189528, 9.473717203899795, 9.540678561610065, 9.607639919320333, 9.6746012770306, 9.74156263474087, 9.808523992451136, 9.875485350161405, 9.942446707871673, 10.00940806558194, 10.07636942329221, 10.143330781002478, 10.210292138712745, 10.277253496423013, 10.34421485413328, 10.41117621184355, 10.478137569553818, 10.545098927264085, 10.612060284974353, 10.67902164268462, 10.74598300039489, 10.812944358105158, 10.879905715815426, 10.946867073525695, 11.013828431235961, 11.08078978894623, 11.147751146656498, 11.214712504366766, 11.281673862077035, 11.348635219787301, 11.41559657749757, 11.482557935207838, 11.549519292918106, 11.616480650628375, 11.683442008338643, 11.75040336604891, 11.817364723759178, 11.884326081469446, 11.951287439179715, 12.018248796889983, 12.08521015460025, 12.15217151231052, 12.219132870020786, 12.286094227731056, 12.353055585441323, 12.420016943151591, 12.48697830086186, 12.553939658572126, 12.620901016282396, 12.687862373992663, 12.754823731702931, 12.8217850894132, 12.888746447123467, 12.955707804833736, 13.022669162544004, 13.089630520254271, 13.15659187796454, 13.223553235674808, 13.290514593385076, 13.357475951095344, 13.424437308805611, 13.491398666515881]], "PDF": [[0.00035813200190557546, 0.0003893945910581303, 0.00039711100446566694, 0.0003964022863060143, 0.00038494454893091837, 0.00037689490645432654, 0.0004196481968960325, 0.0005588501537845403, 0.0008149578000597585, 0.0012184409101063944, 0.0018653813904057715, 0.0029452185934420497, 0.0047352939409643505, 0.007571644480433941, 0.011811908539003707, 0.01782094046115175, 0.025954042384131935, 0.0364130337098505, 0.049008789534299324, 0.06325010731284396, 0.0790174327490743, 0.09723032837646083, 0.119515884617552, 0.14658967163062817, 0.17650993778494373, 0.20493528227412106, 0.22790215260913732, 0.24443734055796607, 0.25623117801028733, 0.26517259067947846, 0.2718209342548403, 0.2761050036744977, 0.278615357356757, 0.2807320452404521, 0.28368915481001905, 0.28755898478891817, 0.2910187132097836, 0.2921866430882111, 0.2897817819969926, 0.28374927491066254, 0.2753523290799826, 0.2667782443726161, 0.26000623673601386, 0.25562590512147915, 0.2530157299453989, 0.25162636881288564, 0.251433578559627, 0.25221156864426236, 0.25321734260801604, 0.25356485436507775, 0.2522677019462032, 0.24829735426218424, 0.24150574663954388, 0.23348034186866326, 0.22689451224444, 0.22366680802535163, 0.22346375463305343, 0.22376080532155426, 0.2216578232402944, 0.21609951907821998, 0.2084228688844008, 0.20090975605165629, 0.19509943856839093, 0.1912654719542597, 0.18891932078861237, 0.18744303085294448, 0.1862322875077004, 0.18456399704336945, 0.18177521028373897, 0.17781262830268382, 0.1735206948749317, 0.17010080328933685, 0.16816177538413407, 0.16737253599122165, 0.16690307809869467, 0.16597587532616334, 0.16416555345141504, 0.16151587100869033, 0.15834193865740537, 0.15469872441345503, 0.15011840087942993, 0.14408586710501703, 0.13669453388296318, 0.12866201527901888, 0.12082922778130457, 0.1137417660992503, 0.10747984348253042, 0.10171084831812081, 0.09594612732994712, 0.08977039584692513, 0.08286149618620765, 0.0749255045648172, 0.06577695730771504, 0.05561508889045123, 0.04514095478007891, 0.035164921088118445, 0.02613562825703405, 0.01821903672363972, 0.011638773307481238, 0.0066661258101843755]]}