{"S_Ks": [[0.7453591654797713]], "S_Q": [[0.23150253118453495]], "S_T_Ks": [[0.7635028838513559]], "S_T_Q": [[0.24918236327875004]]}