{"S_min_Ks": [[0.7152040422250702]], "S_min_Q": [[0.21709228227586747]], "S_Ks": [[0.7453591654797713]], "S_Q": [[0.23150253118453495]], "S_max_Ks": [[0.7740959463508684]], "S_max_Q": [[0.2466270551050469]], "S_T_min_Ks": [[0.7304746877519884]], "S_T_min_Q": [[0.2265159612514666]], "S_T_Ks": [[0.7635028838513559]], "S_T_Q": [[0.24918236327875004]], "S_T_max_Ks": [[0.7876925978153052]], "S_T_max_Q": [[0.2668413398619247]]}