{"Min": [[20.03644650496192]], "SD_min": [[21.047024225561646]], "Mean": [[21.501154301851944]], "SD_max": [[21.95528437814224]], "Max": [[22.638983507758372]]}