{"Min": [[19.179027044073724]], "SD_min": [[20.847458460005008]], "Mean": [[21.363130646458973]], "SD_max": [[21.87880283291294]], "Max": [[22.67126958632382]]}