{"output": [[19.179027044073724, 19.21430222126817, 19.249577398462616, 19.28485257565706, 19.320127752851505, 19.35540293004595, 19.390678107240397, 19.425953284434843, 19.461228461629286, 19.496503638823732, 19.53177881601818, 19.567053993212625, 19.602329170407067, 19.637604347601513, 19.67287952479596, 19.708154701990406, 19.743429879184852, 19.778705056379295, 19.81398023357374, 19.849255410768187, 19.884530587962633, 19.91980576515708, 19.955080942351522, 19.990356119545968, 20.025631296740414, 20.06090647393486, 20.096181651129303, 20.13145682832375, 20.166732005518195, 20.20200718271264, 20.237282359907088, 20.27255753710153, 20.307832714295976, 20.343107891490423, 20.37838306868487, 20.413658245879315, 20.448933423073758, 20.484208600268204, 20.51948377746265, 20.554758954657096, 20.59003413185154, 20.625309309045985, 20.66058448624043, 20.695859663434877, 20.731134840629323, 20.766410017823766, 20.801685195018212, 20.83696037221266, 20.872235549407105, 20.90751072660155, 20.942785903795993, 20.97806108099044, 21.013336258184886, 21.048611435379332, 21.083886612573778, 21.11916178976822, 21.154436966962667, 21.189712144157113, 21.22498732135156, 21.260262498546005, 21.295537675740448, 21.330812852934894, 21.36608803012934, 21.401363207323786, 21.43663838451823, 21.471913561712675, 21.50718873890712, 21.542463916101568, 21.57773909329601, 21.613014270490456, 21.648289447684903, 21.68356462487935, 21.718839802073795, 21.754114979268238, 21.789390156462684, 21.82466533365713, 21.859940510851576, 21.895215688046022, 21.930490865240465, 21.96576604243491, 22.001041219629357, 22.036316396823803, 22.07159157401825, 22.106866751212692, 22.14214192840714, 22.177417105601585, 22.21269228279603, 22.247967459990477, 22.28324263718492, 22.318517814379366, 22.353792991573812, 22.389068168768258, 22.4243433459627, 22.459618523157147, 22.494893700351593, 22.53016887754604, 22.56544405474048, 22.600719231934928, 22.635994409129374, 22.67126958632382]], "PDF": [[0.0007291036280047792, 0.000811186831095186, 0.0008760923266420066, 0.0009971668336639047, 0.0011950639033392353, 0.0014467678132477823, 0.001691463438775971, 0.0018725363079589413, 0.0019976800095019005, 0.002091506824854253, 0.002162950094719367, 0.0023435783329405296, 0.002963665107018577, 0.0043221777579105, 0.006350794939579264, 0.00855698105984413, 0.010348281277514923, 0.011459815092279864, 0.01208754773492805, 0.012582831162711514, 0.013080928112675796, 0.013631332904400092, 0.014675162033342898, 0.017049430025935196, 0.0213988890530755, 0.02772733441272164, 0.035447490838485286, 0.04387568822196337, 0.052888300071062225, 0.06280674450786557, 0.07349725379403096, 0.08428020759140774, 0.09467915787555235, 0.10445408946623959, 0.1136619074100765, 0.12393111268014821, 0.13857129790572512, 0.15990388390680144, 0.18726656068419137, 0.2184171951281271, 0.2517439451108325, 0.28633836924059514, 0.32094607860021085, 0.3542096500517519, 0.3861407622809626, 0.4184387857976347, 0.45291751350501325, 0.4900578243284453, 0.5288045838827238, 0.5675391738691717, 0.6059321719203634, 0.6446339487979185, 0.681569577889813, 0.7110633951089571, 0.7291163152467338, 0.7376282897753969, 0.7418917200045704, 0.7449710282642862, 0.745034176054813, 0.7380780571149737, 0.722847682399486, 0.7026201815557712, 0.6830644599856659, 0.6683134291275326, 0.6574583637383801, 0.6456895244613805, 0.6302450071930071, 0.6131792419556883, 0.5974767838854538, 0.5830379633223874, 0.5673233719783424, 0.5492933439795533, 0.532671520203795, 0.5232928652599499, 0.5220599594530553, 0.523486872716675, 0.5215529213158528, 0.5135354171986808, 0.4986821535710446, 0.47687211898044973, 0.44922365464604336, 0.41848450823791894, 0.38807785809562184, 0.3601769749333655, 0.3342231077597163, 0.30771825653430374, 0.27887293568266086, 0.24813469430482324, 0.21683222426904686, 0.18543695961209772, 0.15441015555347506, 0.12539573102367244, 0.0997375913761365, 0.07695405630770825, 0.056155663024952986, 0.03788978796306377, 0.02350540925530018, 0.013543778792204404, 0.007389947976882078, 0.0038962497437040732]]}