{"output": [[20.03644650496192, 20.06273475751542, 20.089023010068917, 20.115311262622416, 20.141599515175916, 20.167887767729418, 20.194176020282917, 20.220464272836416, 20.246752525389915, 20.273040777943415, 20.299329030496914, 20.325617283050413, 20.351905535603912, 20.378193788157414, 20.404482040710914, 20.430770293264413, 20.45705854581791, 20.48334679837141, 20.50963505092491, 20.53592330347841, 20.562211556031908, 20.58849980858541, 20.61478806113891, 20.64107631369241, 20.667364566245908, 20.693652818799407, 20.719941071352906, 20.746229323906405, 20.772517576459904, 20.798805829013403, 20.825094081566906, 20.851382334120405, 20.877670586673904, 20.903958839227403, 20.930247091780902, 20.9565353443344, 20.9828235968879, 21.0091118494414, 21.035400101994902, 21.0616883545484, 21.0879766071019, 21.1142648596554, 21.1405531122089, 21.166841364762398, 21.193129617315897, 21.219417869869396, 21.2457061224229, 21.271994374976398, 21.298282627529897, 21.324570880083396, 21.350859132636895, 21.377147385190394, 21.403435637743893, 21.429723890297392, 21.456012142850895, 21.482300395404394, 21.508588647957893, 21.534876900511392, 21.56116515306489, 21.58745340561839, 21.61374165817189, 21.64002991072539, 21.666318163278888, 21.69260641583239, 21.71889466838589, 21.74518292093939, 21.771471173492888, 21.797759426046387, 21.824047678599886, 21.850335931153385, 21.876624183706888, 21.902912436260387, 21.929200688813886, 21.955488941367385, 21.981777193920884, 22.008065446474383, 22.034353699027882, 22.06064195158138, 22.08693020413488, 22.113218456688383, 22.139506709241882, 22.16579496179538, 22.19208321434888, 22.21837146690238, 22.24465971945588, 22.270947972009377, 22.297236224562877, 22.32352447711638, 22.34981272966988, 22.376100982223377, 22.402389234776876, 22.428677487330376, 22.454965739883875, 22.481253992437374, 22.507542244990873, 22.533830497544372, 22.560118750097875, 22.586407002651374, 22.612695255204873, 22.638983507758372]], "PDF": [[0.0015588842198113434, 0.0019126015514393045, 0.0021420162974171994, 0.0023038011754506226, 0.0023715857737488136, 0.0022584721703595126, 0.002001437214613744, 0.0018901332262143775, 0.0024254517696964905, 0.004077509220848696, 0.00692535671802469, 0.010529718304923672, 0.014269002118021356, 0.01776645427370961, 0.020982834835946557, 0.024209933213507524, 0.028198136783805478, 0.03400068272841707, 0.04243555020762871, 0.053841338208234876, 0.06822735658691222, 0.08515330135214984, 0.10356184170683022, 0.12231380822526111, 0.14097556500558855, 0.16034707741834975, 0.18294165729846495, 0.21224424293903638, 0.24991431337874886, 0.2938977455453545, 0.3401033019763237, 0.385598847930287, 0.4302981211638538, 0.47603706476554275, 0.5233935851307723, 0.5696297412570501, 0.6112963875589595, 0.6485671899655828, 0.6849739536891917, 0.7222423661711582, 0.7572690618648158, 0.7859089612446888, 0.807793173626222, 0.8246770722656633, 0.8360301144065477, 0.8402092339403532, 0.8390559546526564, 0.8367795303652467, 0.8340299034402119, 0.8270713562450962, 0.8130104441099115, 0.7928215622998858, 0.7696084586387275, 0.7461836306451726, 0.7241347553244561, 0.7037944557789189, 0.6850028201511205, 0.6682735140597162, 0.6546801115638861, 0.6442969525112958, 0.6355646071495961, 0.6268215483204107, 0.6178867773545788, 0.609421532375115, 0.6010672124858004, 0.5910899069959729, 0.5786194371927756, 0.5659280511090964, 0.5567672705191574, 0.5522972152923292, 0.5505843326906377, 0.549490409749612, 0.5477961719302367, 0.5445253630323317, 0.5391856933801372, 0.5321278431925841, 0.5237170717125015, 0.513411501313447, 0.49998662656631626, 0.48240088777806855, 0.46035055220038124, 0.43465702424779595, 0.4074612370327477, 0.3813187549048767, 0.3572888519445304, 0.33398562894662503, 0.3089532339234616, 0.28064903953464837, 0.24893818204386034, 0.21495898773965927, 0.1811072685644161, 0.14960482589505217, 0.12048045859287235, 0.092463936000354, 0.06595296625801392, 0.043363498191155175, 0.026564525153058762, 0.01540437222297223, 0.0085410524898806, 0.004548082987846002]]}