{"S_min_Ks": [[0.8110490979732722]], "S_min_Q": [[0.13342506958116981]], "S_Ks": [[0.8491574960695659]], "S_Q": [[0.14756375564347998]], "S_max_Ks": [[0.8814784214631524]], "S_max_Q": [[0.15769988737155924]], "S_T_min_Ks": [[0.8246715526275105]], "S_T_min_Q": [[0.12033579616417206]], "S_T_Ks": [[0.8581493250302957]], "S_T_Q": [[0.14056899271012266]], "S_T_max_Ks": [[0.8874863296525212]], "S_T_max_Q": [[0.1595390691502197]]}