{"S_min_Ks": [[0.685606274615504]], "S_min_Q": [[0.25216729468762356]], "S_Ks": [[0.7208038942444475]], "S_Q": [[0.27518237730094597]], "S_max_Ks": [[0.748754355335761]], "S_max_Q": [[0.290658431240976]], "S_T_min_Ks": [[0.6941021820578999]], "S_T_min_Q": [[0.24161907863579657]], "S_T_Ks": [[0.7357814488853752]], "S_T_Q": [[0.26656589358409166]], "S_T_max_Ks": [[0.7758014642555163]], "S_T_max_Q": [[0.2903278074251899]]}