{"S_Ks": [[0.7208038942444475]], "S_Q": [[0.27518237730094597]], "S_T_Ks": [[0.7357814488853752]], "S_T_Q": [[0.26656589358409166]]}