{"S_Ks": [[0.8491574960695659]], "S_Q": [[0.14756375564347998]], "S_T_Ks": [[0.8581493250302957]], "S_T_Q": [[0.14056899271012266]]}