{"Min": [[8.602690582645549]], "SD_min": [[12.121225267496543]], "Mean": [[12.92395071223284]], "SD_max": [[13.726676156969136]], "Max": [[14.322837476605033]]}