{"Min": [[8.20809044478408]], "SD_min": [[12.121777848815562]], "Mean": [[12.92405640412427]], "SD_max": [[13.726334959432979]], "Max": [[14.34920568137447]]}