{"output": [[8.20809044478408, 8.270121911820347, 8.332153378856614, 8.39418484589288, 8.456216312929147, 8.518247779965414, 8.580279247001679, 8.642310714037945, 8.704342181074212, 8.766373648110479, 8.828405115146746, 8.890436582183012, 8.952468049219279, 9.014499516255546, 9.076530983291812, 9.13856245032808, 9.200593917364346, 9.26262538440061, 9.324656851436878, 9.386688318473144, 9.448719785509411, 9.510751252545678, 9.572782719581944, 9.634814186618211, 9.696845653654478, 9.758877120690745, 9.820908587727011, 9.882940054763278, 9.944971521799545, 10.00700298883581, 10.069034455872076, 10.131065922908343, 10.19309738994461, 10.255128856980877, 10.317160324017143, 10.37919179105341, 10.441223258089677, 10.503254725125943, 10.565286192162208, 10.627317659198475, 10.689349126234742, 10.751380593271008, 10.813412060307275, 10.875443527343542, 10.937474994379809, 10.999506461416075, 11.061537928452342, 11.123569395488609, 11.185600862524876, 11.247632329561142, 11.309663796597409, 11.371695263633676, 11.43372673066994, 11.495758197706207, 11.557789664742474, 11.61982113177874, 11.681852598815007, 11.743884065851274, 11.805915532887541, 11.867946999923808, 11.929978466960073, 11.99200993399634, 12.054041401032606, 12.116072868068873, 12.17810433510514, 12.240135802141406, 12.302167269177673, 12.36419873621394, 12.426230203250206, 12.488261670286473, 12.55029313732274, 12.612324604359006, 12.674356071395273, 12.73638753843154, 12.798419005467807, 12.860450472504073, 12.922481939540338, 12.984513406576605, 13.046544873612872, 13.108576340649138, 13.170607807685405, 13.23263927472167, 13.294670741757937, 13.356702208794204, 13.41873367583047, 13.480765142866737, 13.542796609903004, 13.60482807693927, 13.666859543975537, 13.728891011011804, 13.79092247804807, 13.852953945084337, 13.914985412120604, 13.97701687915687, 14.039048346193137, 14.101079813229404, 14.163111280265671, 14.225142747301938, 14.287174214338203, 14.34920568137447]], "PDF": [[0.000497286017782192, 0.00036978626394037714, 0.00016188225990843925, 0.00010538597921305059, 0.00025660790226116206, 0.0005341650480122625, 0.0008171438626091052, 0.0011961532897521593, 0.0017368169057550798, 0.0021725116005871844, 0.0022315978340172907, 0.002048583604889928, 0.001997873021572019, 0.001987722588504429, 0.0016689377693330468, 0.0012206409227258417, 0.0010816607039463555, 0.0012737694946897992, 0.0015117647410573616, 0.0015151943602301759, 0.0012823192069057977, 0.001138291957677029, 0.001552752208798647, 0.0030253162560557496, 0.005445586614880428, 0.00751200766504767, 0.007971902352429623, 0.007491743615894194, 0.007856668166347976, 0.009477182576615598, 0.011399240217361422, 0.013433069488758016, 0.016194595422976788, 0.01923053232001898, 0.020682279300349476, 0.01969822959324244, 0.018369751421010213, 0.019400140439059587, 0.02242911214641168, 0.02493851527616766, 0.025985788156607393, 0.027957368771778495, 0.0343415181387965, 0.04416831309088076, 0.0515012194728475, 0.05308900959024052, 0.05258279031246273, 0.054146866890064434, 0.05730720424188849, 0.06147354306882436, 0.06837750634702718, 0.07784960995015082, 0.0877195040272856, 0.09824171272343432, 0.11036948446506434, 0.120105908595407, 0.1269123034966098, 0.13717010446544767, 0.15029196445924634, 0.1593397345723209, 0.16464217979294868, 0.17122077291376442, 0.17963225216250434, 0.18928355789408735, 0.200227994061537, 0.21185473798174362, 0.22684420515746412, 0.24668995568669735, 0.2667434006629798, 0.2888360623840371, 0.3202901471528933, 0.3562274907958207, 0.3843637062015768, 0.4055645840101044, 0.4282523497606695, 0.45396500995807576, 0.4809406717024487, 0.5055562975088641, 0.5233637264284656, 0.538350211050365, 0.5572570871830276, 0.5790146665684016, 0.5981499886285147, 0.6109419684956227, 0.6177603277124544, 0.6198194486269034, 0.6172207201644916, 0.6114446086432674, 0.6019481610349623, 0.5775873632753049, 0.5208390186575514, 0.4251375545140862, 0.30834790351591296, 0.2027711039447788, 0.12505915268161816, 0.07213839069452317, 0.038318073457800104, 0.01883940106932628, 0.00838957805641451, 0.0032310215058307433]]}