{"output": [[8.602690582645549, 8.660469844200694, 8.718249105755842, 8.776028367310987, 8.833807628866134, 8.89158689042128, 8.949366151976427, 9.007145413531573, 9.064924675086719, 9.122703936641866, 9.180483198197011, 9.238262459752159, 9.296041721307304, 9.35382098286245, 9.411600244417597, 9.469379505972743, 9.52715876752789, 9.584938029083036, 9.642717290638181, 9.700496552193329, 9.758275813748474, 9.816055075303622, 9.873834336858767, 9.931613598413914, 9.98939285996906, 10.047172121524206, 10.104951383079353, 10.162730644634498, 10.220509906189646, 10.278289167744791, 10.336068429299937, 10.393847690855084, 10.45162695241023, 10.509406213965377, 10.567185475520523, 10.624964737075668, 10.682743998630816, 10.740523260185961, 10.798302521741109, 10.856081783296254, 10.913861044851402, 10.971640306406547, 11.029419567961693, 11.08719882951684, 11.144978091071986, 11.202757352627133, 11.260536614182278, 11.318315875737426, 11.376095137292571, 11.433874398847717, 11.491653660402864, 11.54943292195801, 11.607212183513155, 11.664991445068303, 11.722770706623448, 11.780549968178596, 11.838329229733741, 11.896108491288889, 11.953887752844034, 12.01166701439918, 12.069446275954327, 12.127225537509473, 12.18500479906462, 12.242784060619766, 12.300563322174913, 12.358342583730058, 12.416121845285204, 12.473901106840351, 12.531680368395497, 12.589459629950642, 12.64723889150579, 12.705018153060937, 12.762797414616083, 12.820576676171228, 12.878355937726376, 12.936135199281521, 12.993914460836667, 13.051693722391814, 13.109472983946961, 13.167252245502105, 13.225031507057253, 13.2828107686124, 13.340590030167546, 13.398369291722691, 13.456148553277838, 13.513927814832984, 13.57170707638813, 13.629486337943277, 13.687265599498424, 13.74504486105357, 13.802824122608715, 13.860603384163863, 13.918382645719008, 13.976161907274154, 14.033941168829301, 14.091720430384449, 14.149499691939594, 14.20727895349474, 14.265058215049887, 14.322837476605033]], "PDF": [[0.0004999195191831622, 0.00040829956736185887, 0.0003060416759468832, 0.0004884134402812175, 0.0010100953235141464, 0.0015737210692852576, 0.0017252070577654952, 0.0013899654172566784, 0.001045435543826225, 0.001022754930257692, 0.0011294858938546602, 0.0013384582028732237, 0.0020950342732315433, 0.003522366401315787, 0.005056457652204324, 0.006101692969977703, 0.0065337272610289324, 0.006805684656591455, 0.00788697088717543, 0.009937239670091406, 0.01130645310786852, 0.010885077329951356, 0.00980524568606997, 0.009276665118012969, 0.009281973438558, 0.009766105992897485, 0.010718473268687927, 0.011666362445618155, 0.012313807318435399, 0.012633109075957195, 0.012924219917792574, 0.014285497713888881, 0.017443674467440756, 0.02180653868038839, 0.02640531299246101, 0.030695465966475703, 0.034668793245317284, 0.03773006021069293, 0.03944919341038558, 0.04146181567730599, 0.04419065119990976, 0.04561514106086649, 0.04590935862135682, 0.04740559235099223, 0.050915527043079875, 0.055934023017392365, 0.061538237064172836, 0.06671646466366984, 0.07245653383429035, 0.08146602714297765, 0.09361379612936764, 0.10376499740311777, 0.10841296444889574, 0.11208434900363025, 0.1197632604023705, 0.12938493704451326, 0.13943350726743622, 0.15232467946570286, 0.1667998028250794, 0.1796214252536082, 0.19226174474395824, 0.20659454518003467, 0.22049563653573465, 0.23280729630764035, 0.24635370055217184, 0.26495712687469225, 0.28854247738670485, 0.310843801190102, 0.3267884691543868, 0.33889708835791454, 0.3521733709487415, 0.36997979609649617, 0.39351196055558785, 0.41999383231809345, 0.44754826280892746, 0.4774413493009685, 0.5074678084348578, 0.5319310884515652, 0.5498954577440444, 0.5653584107612909, 0.5802300874245865, 0.5945637785418069, 0.6085025104313647, 0.6205812461942672, 0.6277652365425782, 0.6283681286463197, 0.6230360878863371, 0.6115508313977832, 0.5910419128136951, 0.5533617947514478, 0.48972751131656767, 0.4031862721198377, 0.3061589829912825, 0.2115472152087419, 0.13230946132263108, 0.07662947893947222, 0.04262901615684376, 0.022752448949769553, 0.010908731660678128, 0.004351038721512674]]}