{"S_min_Ks": [[0.44308447552930347]], "S_min_Q": [[0.4116019206113956]], "S_Ks": [[0.4714350040520668]], "S_Q": [[0.44263134488271466]], "S_max_Ks": [[0.5071022359534373]], "S_max_Q": [[0.48248522213240236]], "S_T_min_Ks": [[0.4818014730582991]], "S_T_min_Q": [[0.47273147836422824]], "S_T_Ks": [[0.5269515728610099]], "S_T_Q": [[0.5057444444416489]], "S_T_max_Ks": [[0.5786430008540816]], "S_T_max_Q": [[0.541748596518941]]}