{"S_min_Ks": [[0.44667836165118097]], "S_min_Q": [[0.43072545537200657]], "S_Ks": [[0.47038482136344106]], "S_Q": [[0.4668998252663767]], "S_max_Ks": [[0.49315638764023473]], "S_max_Q": [[0.5007866305986217]], "S_T_min_Ks": [[0.4756847271060036]], "S_T_min_Q": [[0.4774560145801362]], "S_T_Ks": [[0.5294128948584076]], "S_T_Q": [[0.5119829303263279]], "S_T_max_Ks": [[0.5675768718117034]], "S_T_max_Q": [[0.5433347678538889]]}