{"S_Ks": [[0.4714350040520668]], "S_Q": [[0.44263134488271466]], "S_T_Ks": [[0.5269515728610099]], "S_T_Q": [[0.5057444444416489]]}