{"S_Ks": [[0.47038482136344106]], "S_Q": [[0.4668998252663767]], "S_T_Ks": [[0.5294128948584076]], "S_T_Q": [[0.5119829303263279]]}