{"Min": [[8.074810595062598]], "SD_min": [[11.46766361634342]], "Mean": [[12.99976517530666]], "SD_max": [[14.531866734269899]], "Max": [[15.31899678116857]]}