{"output": [[8.074810595062598, 8.147984192902053, 8.221157790741506, 8.29433138858096, 8.367504986420414, 8.440678584259869, 8.513852182099324, 8.587025779938777, 8.660199377778232, 8.733372975617685, 8.80654657345714, 8.879720171296594, 8.952893769136049, 9.026067366975504, 9.099240964814957, 9.172414562654412, 9.245588160493867, 9.31876175833332, 9.391935356172775, 9.465108954012228, 9.538282551851683, 9.611456149691136, 9.684629747530591, 9.757803345370046, 9.8309769432095, 9.904150541048955, 9.97732413888841, 10.050497736727863, 10.123671334567316, 10.196844932406771, 10.270018530246226, 10.34319212808568, 10.416365725925134, 10.489539323764589, 10.562712921604042, 10.635886519443497, 10.709060117282952, 10.782233715122405, 10.855407312961859, 10.928580910801314, 11.001754508640769, 11.074928106480222, 11.148101704319677, 11.221275302159132, 11.294448899998585, 11.36762249783804, 11.440796095677493, 11.513969693516948, 11.587143291356401, 11.660316889195856, 11.733490487035311, 11.806664084874765, 11.87983768271422, 11.953011280553675, 12.026184878393128, 12.099358476232581, 12.172532074072036, 12.245705671911491, 12.318879269750944, 12.3920528675904, 12.465226465429854, 12.538400063269307, 12.611573661108762, 12.684747258948217, 12.75792085678767, 12.831094454627124, 12.904268052466579, 12.977441650306034, 13.050615248145487, 13.123788845984942, 13.196962443824397, 13.27013604166385, 13.343309639503305, 13.41648323734276, 13.489656835182213, 13.562830433021666, 13.636004030861121, 13.709177628700576, 13.78235122654003, 13.855524824379485, 13.92869842221894, 14.001872020058393, 14.075045617897846, 14.148219215737303, 14.221392813576756, 14.29456641141621, 14.367740009255664, 14.44091360709512, 14.514087204934572, 14.587260802774027, 14.660434400613482, 14.733607998452936, 14.806781596292389, 14.879955194131844, 14.953128791971299, 15.026302389810752, 15.099475987650207, 15.172649585489662, 15.245823183329115, 15.31899678116857]], "PDF": [[0.011602466253834551, 0.01762121772382855, 0.02371776259245531, 0.02905277848600553, 0.03324740981611408, 0.03628170967494929, 0.038212624508753595, 0.03909981065042684, 0.03916905221357742, 0.03889863123594377, 0.0388178134114317, 0.039217273343140444, 0.04006546244072217, 0.04110720165622639, 0.04199912937228473, 0.042479488347951566, 0.042521228057544526, 0.04230975110396988, 0.04205696326481237, 0.04186945633733236, 0.041798787361578445, 0.041936994298314344, 0.04236749478167038, 0.04306533988162731, 0.043989033703364586, 0.04525297121627313, 0.04701483317775753, 0.049150699988318496, 0.051224277874658226, 0.05287172850634212, 0.05412025981153259, 0.055266394263674294, 0.056527957032217274, 0.057898693306085776, 0.05924253842738248, 0.06033450355948291, 0.060841694425686786, 0.06055243766518249, 0.05974995327414521, 0.059165844168127195, 0.05942389148543711, 0.06061719853743586, 0.062463915827250915, 0.06470525485515866, 0.0672064165836902, 0.06978731387831262, 0.07222607112219763, 0.07450883328230898, 0.07688214590716476, 0.0795109877984215, 0.08217964211675341, 0.08443505772207341, 0.08597766387916357, 0.08693090759862117, 0.08788508445381456, 0.08968831296160054, 0.0929895719011315, 0.09780822152593162, 0.10350087026063116, 0.10917538868891513, 0.1142681916863588, 0.11895755121945878, 0.12416568859277557, 0.13102296657208615, 0.14005648743217292, 0.15083962308141227, 0.16260323281417594, 0.1752687659425198, 0.18985998920852307, 0.20815200195628308, 0.23232476095020269, 0.2647740092978093, 0.3072843148627492, 0.35943398484517075, 0.4175475079907836, 0.4754794792231446, 0.5268854054810852, 0.5672425693120315, 0.5941258726784149, 0.605938743738418, 0.6008113012928126, 0.5772040161151938, 0.5360240022453717, 0.4821049263774902, 0.4228154372802533, 0.36443842265074433, 0.3097286687365994, 0.2587191662496048, 0.21118276521258447, 0.16800615816485798, 0.13066296570866268, 0.09996583792717148, 0.07553205330168777, 0.056287256208307844, 0.04121803619641213, 0.02959909048105297, 0.020785633102595156, 0.014115900775628482, 0.009066046225797882, 0.00535518920981632]]}