{"S_Ks": [[0.12259921231903328]], "S_Q": [[0.8111097804491735]], "S_T_Ks": [[0.17700386587304318]], "S_T_Q": [[0.8787080072797661]]}