{"S_min_Ks": [[0.11163461351805742]], "S_min_Q": [[0.7687514783518531]], "S_Ks": [[0.12259921231903328]], "S_Q": [[0.8111097804491735]], "S_max_Ks": [[0.13278797251635263]], "S_max_Q": [[0.8457122296336359]], "S_T_min_Ks": [[0.14981022106988584]], "S_T_min_Q": [[0.8382826861044282]], "S_T_Ks": [[0.17700386587304318]], "S_T_Q": [[0.8787080072797661]], "S_T_max_Ks": [[0.20868286169222186]], "S_T_max_Q": [[0.9089116543064657]]}