{"y": [16000.0, 16000.0, 16000.0, 16000.0, 8000.0, 16000.0, 24000.0, 32000.0, 0.9660454608284362, 1.0, -0.7536719329539403, -0.7204147637080535, 6.69263171539881, 8.299602526395434, -2.3687933608379796, -0.5017972470793494], "x": [8000.0, 8000.0, 8000.0, 8000.0, 8000.0, 16000.0, 24000.0, 32000.0, 1.0, 0.9660454608284362, -0.5720859356765109, -0.5230882513070751, 5.782843398705794, 6.69263171539881, -1.5008876176142367, -0.3041324107702019], "Covariance": [32000.0, 32000.0, 32000.0, 32000.0, 8000.0, 16000.0, 24000.0, 32000.0, -0.5230882513070751, -0.7204147637080535, 0.9914052053421784, 1.0, -0.3041324107702019, -0.5017972470793494, 0.26150765451868113, 0.058456666470144754], "Correlation-YY": [24000.0, 24000.0, 24000.0, 24000.0, 8000.0, 16000.0, 24000.0, 32000.0, -0.5720859356765109, -0.7536719329539403, 1.0, 0.9914052053421784, -1.5008876176142367, -2.3687933608379796, 1.1902340643459703, 0.26150765451868113]}