{"SD_max": [-0.19013902466765042, -9.671541082560614, 6.0377278866146735, -5.794873001872322], "Min": [16000.0, -9.966098543641875, 3.0567050971212932, -9.55971583784871], "Max": [-1.0099739882252656, -9.973202051746014, 6.014347507296131, -9.050857552654362], "SD_min": [24000.0, 0.9818014625502154, -8.689847278592643, 15.085458591038268], "x": [8000.0, -9.76593315933481, 3.5097646745824442, -7.708153474624672], "Mean": [32000.0, 0.09906268694645526, -9.766458944797362, 15.083273114122694]}