{"S_Q": [24000.0, 0.4436894888435374, 0.9366366284932022, 0.04227519254796543], "x": [8000.0, 0.11094775900840403, 0.943327716114555, 0.07209498021625962], "S_T_Q": [0.498216892602479, 0.0693674687399921, 0.9825977408229423, 0.09642317901468446], "S_Ks": [16000.0, 0.8578082107606021, 0.3287892612703042, 0.8887006130527981], "S_T_Ks": [32000.0, 0.6419792663004213, 0.04604147401109237, 0.9922767827650707]}