{"S_Q": [0.08365776701492234], "S_T_min_Q": [0.2243322788431637], "S_max_Q": [0.1188385914726537], "S_T_max_Ks": [1.0740125077033702], "S_T_min_Ks": [0.7418703143158163], "S_min_Ks": [0.48227553397386325], "S_min_Q": [0.03987741409916293], "S_T_Ks": [0.9132812068299112], "S_T_Q": [0.35378009869105603], "S_max_Ks": [0.7070463424620766], "S_T_max_Q": [0.45094028111024265], "S_Ks": [0.6086284790906218]}