{"Min": [[17.179394785058598]], "SD_min": [[18.313174889198656]], "Mean": [[18.388643490007233]], "SD_max": [[18.46411209081581]], "Max": [[18.5225840758714]]}