{"Min": [[15.609684245847227]], "SD_min": [[18.04504493414108]], "Mean": [[18.295640522415123]], "SD_max": [[18.546236110689165]], "Max": [[18.522100233875896]]}