{"output": [[15.609684245847227, 15.639102589160647, 15.668520932474069, 15.697939275787489, 15.72735761910091, 15.75677596241433, 15.786194305727753, 15.815612649041173, 15.845030992354594, 15.874449335668015, 15.903867678981436, 15.933286022294856, 15.962704365608278, 15.992122708921698, 16.02154105223512, 16.05095939554854, 16.080377738861962, 16.109796082175382, 16.139214425488802, 16.168632768802222, 16.198051112115646, 16.227469455429066, 16.256887798742486, 16.286306142055906, 16.31572448536933, 16.34514282868275, 16.37456117199617, 16.40397951530959, 16.43339785862301, 16.462816201936434, 16.492234545249854, 16.521652888563274, 16.551071231876694, 16.580489575190118, 16.609907918503538, 16.639326261816958, 16.668744605130378, 16.6981629484438, 16.72758129175722, 16.756999635070642, 16.786417978384062, 16.815836321697482, 16.845254665010906, 16.874673008324326, 16.904091351637746, 16.933509694951166, 16.96292803826459, 16.99234638157801, 17.02176472489143, 17.05118306820485, 17.080601411518273, 17.110019754831693, 17.139438098145114, 17.168856441458534, 17.198274784771957, 17.227693128085377, 17.257111471398797, 17.286529814712218, 17.31594815802564, 17.34536650133906, 17.37478484465248, 17.4042031879659, 17.43362153127932, 17.463039874592745, 17.492458217906165, 17.521876561219585, 17.551294904533005, 17.58071324784643, 17.61013159115985, 17.63954993447327, 17.66896827778669, 17.698386621100113, 17.727804964413533, 17.757223307726953, 17.786641651040373, 17.816059994353793, 17.845478337667217, 17.874896680980637, 17.904315024294057, 17.933733367607477, 17.9631517109209, 17.99257005423432, 18.02198839754774, 18.05140674086116, 18.080825084174585, 18.110243427488005, 18.139661770801425, 18.169080114114845, 18.198498457428265, 18.22791680074169, 18.25733514405511, 18.28675348736853, 18.31617183068195, 18.345590173995372, 18.375008517308792, 18.404426860622213, 18.433845203935633, 18.463263547249056, 18.492681890562476, 18.522100233875896]], "PDF": [[0.0015918968707160992, 0.0007992601209501099, 0.00010115976005472506, 3.227556603396168e-06, 2.5958905883548475e-08, 5.455346631258233e-11, 1.785162567482062e-09, 4.179566396997394e-07, 2.4668211372275726e-05, 0.0003670206702960101, 0.0013765431124783084, 0.0013014741372401523, 0.00031018993197142884, 1.8636582816957956e-05, 2.822613095310148e-07, 1.1411235953857462e-09, 3.028944314441075e-08, 3.6776401877768596e-06, 0.00011576811257380487, 0.0009950266775874158, 0.00260239136839478, 0.002329330807384335, 0.0008905258378173972, 0.001659516409882904, 0.003680428719259387, 0.003184750572323415, 0.0017864733713443012, 0.0017952572235467653, 0.0022329780982411037, 0.0032169094444934807, 0.004217643877014191, 0.0038689439524928616, 0.004275346570759955, 0.005542963773451431, 0.0063044040412629215, 0.004743739724999233, 0.003982186415958707, 0.004153619276642297, 0.0038839763524869627, 0.006059632610657689, 0.007294842638828364, 0.007697726700580863, 0.010076650462948544, 0.00988516856854123, 0.012384578453297363, 0.01706552635199593, 0.01783771614494456, 0.017578720655376263, 0.01717218330205931, 0.02034694306798915, 0.02420753108459642, 0.026333905294936892, 0.022224091702666288, 0.02270269049671478, 0.02482792505543813, 0.025466212039269055, 0.02609088072320952, 0.029792821009128244, 0.038152700188749215, 0.0453348722765511, 0.04939561948720507, 0.06132279343441229, 0.07270184769976072, 0.0788289767995129, 0.08390519864160109, 0.08280352931936734, 0.07625348215401911, 0.08262969260085766, 0.1085314580088322, 0.1143432150823984, 0.10803283012507474, 0.12640102488771998, 0.12702779120420724, 0.13001887064675485, 0.1470771904569259, 0.15843790314137832, 0.1819846938405375, 0.19928733824460668, 0.20709412511329578, 0.2176824329372538, 0.23462555267780055, 0.2532372729058744, 0.2751531807074468, 0.28827779763305716, 0.2950975076106156, 0.313738501935392, 0.34350321779571064, 0.37740259646833896, 0.395747116877972, 0.4246284566560833, 0.48509364645076297, 0.6656639645444958, 1.572912823695077, 4.630808542555619, 7.439930606933432, 6.150021260556626, 3.572505580516418, 1.9651190992416727, 0.9798904296020556, 0.34957249917833066]]}