{"output": [[17.179394785058598, 17.192962353652668, 17.206529922246734, 17.220097490840804, 17.233665059434873, 17.247232628028943, 17.26080019662301, 17.27436776521708, 17.28793533381115, 17.301502902405215, 17.315070470999284, 17.328638039593354, 17.342205608187424, 17.35577317678149, 17.36934074537556, 17.38290831396963, 17.396475882563696, 17.410043451157765, 17.423611019751835, 17.437178588345905, 17.45074615693997, 17.46431372553404, 17.47788129412811, 17.49144886272218, 17.505016431316246, 17.518583999910316, 17.532151568504386, 17.54571913709845, 17.55928670569252, 17.57285427428659, 17.58642184288066, 17.599989411474727, 17.613556980068797, 17.627124548662866, 17.640692117256933, 17.654259685851002, 17.667827254445072, 17.681394823039142, 17.694962391633208, 17.708529960227278, 17.722097528821347, 17.735665097415414, 17.749232666009483, 17.762800234603553, 17.776367803197623, 17.78993537179169, 17.80350294038576, 17.81707050897983, 17.830638077573894, 17.844205646167964, 17.857773214762034, 17.871340783356104, 17.88490835195017, 17.89847592054424, 17.91204348913831, 17.925611057732375, 17.939178626326445, 17.952746194920515, 17.966313763514584, 17.97988133210865, 17.99344890070272, 18.00701646929679, 18.020584037890856, 18.034151606484926, 18.047719175078996, 18.061286743673065, 18.07485431226713, 18.0884218808612, 18.10198944945527, 18.115557018049337, 18.129124586643407, 18.142692155237476, 18.156259723831546, 18.169827292425612, 18.183394861019682, 18.19696242961375, 18.210529998207818, 18.224097566801888, 18.237665135395957, 18.251232703990027, 18.264800272584093, 18.278367841178163, 18.291935409772233, 18.305502978366302, 18.31907054696037, 18.33263811555444, 18.346205684148508, 18.359773252742574, 18.373340821336644, 18.386908389930714, 18.400475958524783, 18.41404352711885, 18.42761109571292, 18.44117866430699, 18.454746232901055, 18.468313801495125, 18.481881370089194, 18.495448938683264, 18.50901650727733, 18.5225840758714]], "PDF": [[0.0038108806488403864, 0.0016454348720049078, 0.00013244840906516452, 1.9875748566892596e-06, 5.560462824936724e-09, 2.9000740565754385e-12, 2.8264507610832025e-16, 1.791157576684304e-14, 8.989778149633833e-11, 8.411529596012795e-08, 1.4672755462376366e-05, 0.000477154562802733, 0.002892791827900142, 0.0032695349334937542, 0.0006889147467528592, 2.7061737672166336e-05, 1.9817851856571215e-07, 2.7056285755419683e-10, 1.0433478894574632e-13, 1.5737498469467143e-10, 1.3023911618806858e-07, 2.016210003552217e-05, 0.0005948231010836801, 0.00375013734914262, 0.007883348300848053, 0.007669079736852804, 0.003116091506172492, 0.004465007924355592, 0.007617632879699564, 0.007342335430574602, 0.0036398296674187624, 0.006463527790124506, 0.009358389200478366, 0.00672209228264297, 0.007219064051072793, 0.011381660600443218, 0.013552223963452879, 0.009938973473749203, 0.006165926058158858, 0.003202036803882045, 0.007818175301927322, 0.008526562474333714, 0.0037665871225419233, 0.005339524698990802, 0.011699528457706025, 0.009655226516030437, 0.006120868115247777, 0.012580892693179552, 0.014770669174434667, 0.016537021089714124, 0.022320203913477124, 0.025717814107377886, 0.02200561086400221, 0.021811725069328273, 0.031922513088447374, 0.036728032641935034, 0.025443055014649805, 0.034553391674929275, 0.04944886268068925, 0.04808063255703784, 0.04367075552382383, 0.03660456485353454, 0.03732239622122973, 0.040635316260505275, 0.05117334681518382, 0.043884298125021586, 0.03592749784547286, 0.052601074689673476, 0.06683408558143429, 0.08397536495579225, 0.07194814697971703, 0.0871237806779277, 0.10689663965468206, 0.10842748560770403, 0.11796264746846322, 0.11947134601269861, 0.134901914627038, 0.13348794431381034, 0.13697414774993938, 0.1424715585129308, 0.16434955454823497, 0.18655764309565467, 0.25449791326151994, 0.30495444950148515, 0.3309199635399569, 0.903217822369242, 4.291345792456319, 9.996329702258533, 11.823877880451235, 10.293495676226918, 7.85406533677458, 5.991804648032543, 4.886960707426, 4.036850512081609, 3.2202187143786216, 2.4992474452868145, 1.9262497760730775, 1.4034916786268194, 0.8302747770714337, 0.26968659942578493]]}