{"S_Ks": [[0.1849189283881872]], "S_Q": [[0.7931767156205245]], "S_T_Ks": [[0.1887638905441398]], "S_T_Q": [[0.808535051022385]]}