{"S_Ks": [[0.016463568124375723]], "S_Q": [[1.01261103858193]], "S_T_Ks": [[0.01686922175941651]], "S_T_Q": [[0.9831113066295696]]}