{"S_min_Ks": [[0.1562565969690555]], "S_min_Q": [[0.5965003088034074]], "S_Ks": [[0.1849189283881872]], "S_Q": [[0.7931767156205245]], "S_max_Ks": [[0.21224433539912388]], "S_max_Q": [[0.9734530043623749]], "S_T_min_Ks": [[0.02158159506982782]], "S_T_min_Q": [[0.6851423822888268]], "S_T_Ks": [[0.1887638905441398]], "S_T_Q": [[0.808535051022385]], "S_T_max_Ks": [[0.34973178972589636]], "S_T_max_Q": [[0.926289713603253]]}