{"S_min_Ks": [[0.01202920471676009]], "S_min_Q": [[0.8758982272591485]], "S_Ks": [[0.016463568124375723]], "S_Q": [[1.01261103858193]], "S_max_Ks": [[0.019589045026943225]], "S_max_Q": [[1.116285180071201]], "S_T_min_Ks": [[-0.0617444605320858]], "S_T_min_Q": [[0.904888432780498]], "S_T_Ks": [[0.01686922175941651]], "S_T_Q": [[0.9831113066295696]], "S_T_max_Ks": [[0.09708715527067246]], "S_T_max_Q": [[1.058429243866406]]}