{"y": [16000.0, 16000.0, 16000.0, 16000.0, 8000.0, 16000.0, 24000.0, 32000.0, 0.963610889877775, 1.0, -0.7304591032386099, -0.6970888095343232, 6.864051319236268, 8.502977904480971, -2.371829868182123, -0.5068781971792957], "x": [8000.0, 8000.0, 8000.0, 8000.0, 8000.0, 16000.0, 24000.0, 32000.0, 1.0, 0.963610889877775, -0.53550812567362, -0.48656926554683727, 5.967419848192857, 6.864051319236268, -1.4566709693547935, -0.29639300155929854], "Covariance": [32000.0, 32000.0, 32000.0, 32000.0, 8000.0, 16000.0, 24000.0, 32000.0, -0.48656926554683727, -0.6970888095343232, 0.9909815164106398, 1.0, -0.29639300155929854, -0.5068781971792957, 0.2751678126428622, 0.062181321743564964], "Correlation-YY": [24000.0, 24000.0, 24000.0, 24000.0, 8000.0, 16000.0, 24000.0, 32000.0, -0.53550812567362, -0.7304591032386099, 1.0, 0.9909815164106398, -1.4566709693547935, -2.371829868182123, 1.2399500928802552, 0.2751678126428622]}