{"SD_max": [0.5171319551117728, -9.720758027141645, 5.657975459452162, -4.768433098451926], "Min": [16000.0, -9.969489522023379, 2.747525733820461, -9.474293615582003], "Max": [-1.0162400449962483, -9.997447679418212, 5.589534880499589, -8.619808087830917], "SD_min": [24000.0, 0.9538755368866947, -8.575129337303105, 14.303482748389733], "x": [8000.0, -9.785714028057402, 3.3059254981694286, -7.429500647464564], "Mean": [32000.0, -0.09448341285866757, -9.735870647500107, 14.300083549048413]}