{"S_Q": [0.07118460235949543], "S_T_min_Q": [0.1657302248191358], "S_max_Q": [0.11197260534281334], "S_T_max_Ks": [1.0364306928583051], "S_T_min_Ks": [0.7547018633181066], "S_min_Ks": [0.5285899073135664], "S_min_Q": [0.03584139261724499], "S_T_Ks": [0.9078726234751817], "S_T_Q": [0.2749615392126325], "S_max_Ks": [0.685119382161601], "S_T_max_Q": [0.3838820497726125], "S_Ks": [0.6268851009167404]}