{"S_Q": [24000.0, 0.3531806632825382, 1.0108383764035587, 0.003657900251638186], "x": [8000.0, 0.11216354355155841, 0.933052387638875, 0.05446567982587333], "S_T_Q": [0.5048365997356111, 0.05048685566781059, 0.921199665105623, 0.06349184424834443], "S_Ks": [16000.0, 0.8696655074786536, 0.2512849784519554, 1.0339983254567418], "S_T_Ks": [32000.0, 0.6578419579428, 0.014117384588074254, 0.9085438674824077]}