{"Min": [[15.509776006064152]], "SD_min": [[18.013510352872814]], "Mean": [[18.309320189399294]], "SD_max": [[18.605130025925774]], "Max": [[24.693759590281232]]}