{"Min": [[15.704430610898841]], "SD_min": [[18.012630024289265]], "Mean": [[18.309965081833013]], "SD_max": [[18.60730013937676]], "Max": [[24.25897879458456]]}