{"output": [[15.509776006064152, 15.60254351701584, 15.695311027967527, 15.788078538919216, 15.880846049870904, 15.97361356082259, 16.066381071774277, 16.159148582725965, 16.251916093677654, 16.344683604629342, 16.43745111558103, 16.530218626532715, 16.622986137484403, 16.715753648436092, 16.80852115938778, 16.90128867033947, 16.994056181291157, 17.08682369224284, 17.17959120319453, 17.27235871414622, 17.365126225097907, 17.457893736049595, 17.55066124700128, 17.643428757952968, 17.736196268904656, 17.828963779856345, 17.921731290808033, 18.01449880175972, 18.107266312711406, 18.200033823663095, 18.292801334614783, 18.38556884556647, 18.478336356518156, 18.571103867469844, 18.663871378421533, 18.75663888937322, 18.84940640032491, 18.942173911276598, 19.034941422228282, 19.12770893317997, 19.22047644413166, 19.313243955083347, 19.406011466035036, 19.49877897698672, 19.59154648793841, 19.684313998890097, 19.777081509841786, 19.869849020793474, 19.962616531745162, 20.055384042696847, 20.148151553648535, 20.240919064600224, 20.333686575551912, 20.426454086503597, 20.519221597455285, 20.611989108406974, 20.704756619358662, 20.79752413031035, 20.89029164126204, 20.983059152213727, 21.07582666316541, 21.1685941741171, 21.26136168506879, 21.354129196020477, 21.44689670697216, 21.53966421792385, 21.632431728875538, 21.725199239827226, 21.817966750778915, 21.910734261730603, 22.00350177268229, 22.096269283633976, 22.189036794585665, 22.281804305537353, 22.374571816489038, 22.467339327440726, 22.560106838392414, 22.652874349344103, 22.74564186029579, 22.83840937124748, 22.931176882199168, 23.023944393150853, 23.11671190410254, 23.20947941505423, 23.302246926005918, 23.395014436957602, 23.48778194790929, 23.58054945886098, 23.673316969812667, 23.766084480764356, 23.858851991716044, 23.951619502667732, 24.04438701361942, 24.137154524571105, 24.229922035522794, 24.32268954647448, 24.415457057426167, 24.508224568377855, 24.600992079329544, 24.693759590281232]], "PDF": [[0.0007696205793170788, 0.00015517840353842014, 1.065938763557501e-05, 0.00038407106078305127, 0.0006387360517854316, 4.3449157862086335e-05, 7.04977155180112e-05, 0.0009695917474887238, 0.0026452944867466997, 0.0024825710671319964, 0.0027167911476364314, 0.003524291748294124, 0.0045277590496264454, 0.004604004744036991, 0.00690781516489211, 0.009714190336606199, 0.016630472758367734, 0.020319505049422985, 0.023717348062576527, 0.028571341789977625, 0.039991943554038165, 0.0639740387705875, 0.08238794773667968, 0.1022523105599565, 0.13950561497552125, 0.19000561187781864, 0.2640348171469285, 0.35628581804579407, 0.49724859691478956, 0.7630789851057805, 1.4894865343165828, 3.523212194944489, 2.411202384147281, 0.4531494992291562, 0.11314126210133353, 0.04048297375467614, 0.028789976508631267, 0.018660704731443236, 0.012638515279235601, 0.011255587688671437, 0.010518971012597418, 0.007516348490806922, 0.0045390149560593914, 0.004183480049446402, 0.004792117597543373, 0.002830085413300006, 0.0018492352697358802, 0.0013664618159686167, 0.0010479674521517315, 0.0003850938489946782, 0.0007503046069227361, 0.0008100182083316097, 0.0026090617759161176, 0.0010243500444784286, 0.0007589443631674002, 0.00025556115108320634, 3.7085055153191353e-06, 3.895162222783123e-05, 0.000741161779355137, 0.0011709293712703097, 0.00020963860564118163, 0.00031768309100092335, 0.0006940638232699834, 6.20288109360688e-05, 2.2534349530606297e-07, 3.327772297951436e-11, 2.467297908524656e-14, 1.250856615116308e-09, 2.598849039984165e-06, 0.00021948840467915252, 0.0007535275157301752, 0.0001051583236509611, 5.96547730864072e-07, 1.3756366785786283e-10, 1.289493925849129e-15, 4.9135101737527685e-22, 7.610644279537618e-30, 4.7919027158315004e-39, 1.2264548543904435e-49, 1.2760043224998443e-61, 1.1905301511422305e-63, 1.9025769744816056e-51, 1.2359505049454717e-40, 3.2637503177457267e-31, 3.503400438424371e-23, 1.5286907506866642e-16, 2.7114805958652908e-11, 1.9550162376497513e-07, 5.7299554037960104e-05, 0.0006826673305691394, 0.0003306161034104992, 6.50872453003557e-06, 5.208645308172074e-09, 1.6943794777042449e-13, 2.27213016911837e-19, 5.73763229191394e-15, 4.2367534765475917e-10, 1.271717600371061e-06, 0.00015516907611844301, 0.0007696205789403558]]}