{"output": [[15.704430610898841, 15.790840188511828, 15.877249766124816, 15.963659343737802, 16.05006892135079, 16.136478498963776, 16.222888076576762, 16.309297654189752, 16.39570723180274, 16.482116809415725, 16.56852638702871, 16.654935964641698, 16.741345542254685, 16.827755119867675, 16.91416469748066, 17.000574275093648, 17.086983852706634, 17.17339343031962, 17.259803007932607, 17.346212585545594, 17.432622163158584, 17.51903174077157, 17.605441318384557, 17.691850895997543, 17.77826047361053, 17.864670051223516, 17.951079628836503, 18.037489206449493, 18.12389878406248, 18.210308361675466, 18.296717939288452, 18.38312751690144, 18.46953709451443, 18.555946672127416, 18.642356249740402, 18.72876582735339, 18.815175404966375, 18.90158498257936, 18.987994560192348, 19.074404137805338, 19.160813715418325, 19.24722329303131, 19.333632870644298, 19.420042448257284, 19.50645202587027, 19.592861603483257, 19.679271181096247, 19.765680758709234, 19.85209033632222, 19.938499913935207, 20.024909491548193, 20.111319069161183, 20.197728646774166, 20.284138224387156, 20.370547802000143, 20.45695737961313, 20.543366957226116, 20.629776534839102, 20.716186112452093, 20.80259569006508, 20.889005267678066, 20.975414845291052, 21.06182442290404, 21.148234000517025, 21.23464357813001, 21.321053155743, 21.407462733355988, 21.493872310968975, 21.58028188858196, 21.666691466194948, 21.753101043807938, 21.83951062142092, 21.92592019903391, 22.012329776646897, 22.098739354259884, 22.18514893187287, 22.271558509485857, 22.357968087098847, 22.444377664711833, 22.53078724232482, 22.617196819937806, 22.703606397550793, 22.79001597516378, 22.876425552776766, 22.962835130389756, 23.049244708002742, 23.13565428561573, 23.222063863228716, 23.308473440841702, 23.394883018454692, 23.481292596067675, 23.567702173680665, 23.65411175129365, 23.740521328906638, 23.826930906519625, 23.91334048413261, 23.9997500617456, 24.086159639358584, 24.172569216971574, 24.25897879458456]], "PDF": [[0.0006708171565424048, 0.0002874636802084374, 0.00049862045008266, 0.0005625335296772154, 0.0004174039755994967, 0.0007814362461861768, 0.0013382267598886837, 0.0017531411056067353, 0.001557037054094365, 0.0037334762856728885, 0.005600925285316716, 0.005145715644768559, 0.005076322267070228, 0.007719742431199056, 0.009916457109927702, 0.01401290707759497, 0.02253610843447788, 0.024082879938388976, 0.030789361010290516, 0.043627724879940794, 0.05703616817903781, 0.0686763060836206, 0.09030245751085367, 0.1211366795523793, 0.1640947079835368, 0.22343890446301684, 0.2866063320432732, 0.37656211919388627, 0.5279421424093511, 0.8378445066120952, 1.6741113892592063, 3.2528496962881244, 2.607589522338956, 0.7438682488119359, 0.16200814664897897, 0.061595106497342594, 0.0278416051508964, 0.020106735219828892, 0.019189183829603978, 0.010555086079060739, 0.006463627886117583, 0.005299117025566321, 0.005179873013695561, 0.005722930990604899, 0.0042725134914490485, 0.00400345376671695, 0.0029655007742185797, 0.002326904275411204, 0.002610612292132624, 0.0017267177287995598, 0.0013310417266007453, 0.0016609462739507815, 0.0011756146511215171, 0.0005808628794575495, 0.000895813532039224, 0.0011349442441588979, 0.00027466764790524506, 0.0004887650356690373, 0.0005459348717194228, 0.00011022104887808725, 0.0005500169834143632, 0.00191168610875755, 0.0018138321786377097, 0.0003128261720766033, 7.878975390473055e-05, 0.000537132918997684, 0.0004919276564576945, 5.481023927425733e-05, 1.0831571884113173e-06, 3.384885186219858e-05, 0.00040974105882255233, 0.0006210329557028473, 0.0004193028362080851, 0.0006574024712802376, 0.0001676991255068509, 8.692316325956932e-06, 0.00013430834599347492, 0.0006321207244253735, 0.0003619763907126438, 2.521620330761805e-05, 2.136969771588636e-07, 2.2031105491595474e-10, 2.763079817751898e-14, 4.2157010004546954e-19, 7.824658650511633e-25, 1.7667708690504483e-31, 4.853044669052234e-39, 1.6216890232576046e-47, 6.622259972458978e-57, 1.2080912949042376e-49, 5.93563345900489e-41, 3.547755019088764e-33, 2.5796417761826907e-26, 2.2818359047460083e-20, 2.455436158785083e-15, 3.214342229536591e-11, 5.118878372800439e-08, 9.916918332183698e-06, 0.00023372108428142423, 0.0006700979319981064]]}