{"output": [[15.509776006064152, 15.60254351701584, 15.695311027967527, 15.788078538919216, 15.880846049870904, 15.97361356082259, 16.066381071774277, 16.159148582725965, 16.251916093677654, 16.344683604629342, 16.43745111558103, 16.530218626532715, 16.622986137484403, 16.715753648436092, 16.80852115938778, 16.90128867033947, 16.994056181291157, 17.08682369224284, 17.17959120319453, 17.27235871414622, 17.365126225097907, 17.457893736049595, 17.55066124700128, 17.643428757952968, 17.736196268904656, 17.828963779856345, 17.921731290808033, 18.01449880175972, 18.107266312711406, 18.200033823663095, 18.292801334614783, 18.38556884556647, 18.478336356518156, 18.571103867469844, 18.663871378421533, 18.75663888937322, 18.84940640032491, 18.942173911276598, 19.034941422228282, 19.12770893317997, 19.22047644413166, 19.313243955083347, 19.406011466035036, 19.49877897698672, 19.59154648793841, 19.684313998890097, 19.777081509841786, 19.869849020793474, 19.962616531745162, 20.055384042696847, 20.148151553648535, 20.240919064600224, 20.333686575551912, 20.426454086503597, 20.519221597455285, 20.611989108406974, 20.704756619358662, 20.79752413031035, 20.89029164126204, 20.983059152213727, 21.07582666316541, 21.1685941741171, 21.26136168506879, 21.354129196020477, 21.44689670697216, 21.53966421792385, 21.632431728875538, 21.725199239827226, 21.817966750778915, 21.910734261730603, 22.00350177268229, 22.096269283633976, 22.189036794585665, 22.281804305537353, 22.374571816489038, 22.467339327440726, 22.560106838392414, 22.652874349344103, 22.74564186029579, 22.83840937124748, 22.931176882199168, 23.023944393150853, 23.11671190410254, 23.20947941505423, 23.302246926005918, 23.395014436957602, 23.48778194790929, 23.58054945886098, 23.673316969812667, 23.766084480764356, 23.858851991716044, 23.951619502667732, 24.04438701361942, 24.137154524571105, 24.229922035522794, 24.32268954647448, 24.415457057426167, 24.508224568377855, 24.600992079329544, 24.693759590281232]], "PDF": [[0.0007696205614893963, 0.00015517841146065847, 1.0659389682512003e-05, 0.00038407106425430656, 0.0006387360425057017, 4.3449162717365424e-05, 7.049772220423607e-05, 0.0009695917511706667, 0.0026452944706272714, 0.0024825710840690046, 0.0027167911502264538, 0.0035242917472582654, 0.004527759027381654, 0.004604004775227651, 0.006907815160635266, 0.00971419038557918, 0.016630472713788775, 0.02031950505104185, 0.02371734808395648, 0.028571341854871854, 0.03999194364212452, 0.06397403872285118, 0.08238794770028394, 0.10225231068628649, 0.13950561505055506, 0.19000561205645938, 0.26403481732404077, 0.3562858183279779, 0.49724859780732683, 0.7630789870708145, 1.489486550541023, 3.52321216147484, 2.411202381707047, 0.45314951302213236, 0.11314126297841423, 0.040482974224419335, 0.028789976459662348, 0.018660704787483464, 0.012638515294150408, 0.011255587713689395, 0.010518970971957115, 0.007516348491822254, 0.004539014984694615, 0.004183480067605215, 0.004792117569518757, 0.00283008542619152, 0.0018492352741013157, 0.0013664618177756038, 0.001047967444242652, 0.00038509386476479935, 0.0007503045941753564, 0.0008100182349858128, 0.0026090617351947963, 0.0010243500672372432, 0.0007589443518187153, 0.0002555611582306752, 3.7085063667562934e-06, 3.895162689198889e-05, 0.000741161778901314, 0.0011709293564360612, 0.00020963861662249466, 0.0003176830972285655, 0.0006940638105157667, 6.202881673605713e-05, 2.253435750248667e-07, 3.3277748350654366e-11, 2.4673006187849733e-14, 1.2508573586087912e-09, 2.59884966496405e-06, 0.00021948841235233576, 0.0007535274990129931, 0.00010515833091208135, 5.965479149965029e-07, 1.3756376369252e-10, 1.2894955158334554e-15, 4.913519596796683e-22, 7.610665215776628e-30, 4.791920601267733e-39, 1.2264608178104657e-49, 1.2760121579308663e-61, 1.1905377195367805e-63, 1.9025865926415687e-51, 1.235955327481001e-40, 3.263759772230434e-31, 3.503407585812843e-23, 1.5286927866303394e-16, 2.711482688842514e-11, 1.955016942134028e-07, 5.7299559606266757e-05, 0.0006826673185474177, 0.00033061610869392294, 6.50872581843953e-06, 5.208648059896394e-09, 1.694381183991947e-13, 2.2721338883254265e-19, 5.73763896977545e-15, 4.2367562073160264e-10, 1.2717179483057852e-06, 0.00015516908403600532, 0.0007696205611126731]]}