{"S_Ks": [[0.049849923545737806]], "S_Q": [[0.7384524077500975]], "S_T_Ks": [[0.11937014281097694]], "S_T_Q": [[0.9366694877604022]]}