{"S_min_Ks": [[0.03314867956006411]], "S_min_Q": [[0.501714603736907]], "S_Ks": [[0.049849923545737806]], "S_Q": [[0.7384524077500975]], "S_max_Ks": [[0.058229553645455186]], "S_max_Q": [[0.9135951584613006]], "S_T_min_Ks": [[-0.05747074938741581]], "S_T_min_Q": [[0.7421887583675033]], "S_T_Ks": [[0.11937014281097694]], "S_T_Q": [[0.9366694877604022]], "S_T_max_Ks": [[0.3136220684130394]], "S_T_max_Q": [[1.1291560462511012]]}