{"S_Ks": [[0.06352137984294252]], "S_Q": [[0.9242786283496476]], "S_T_Ks": [[0.07976690007050449]], "S_T_Q": [[0.9385760351999966]]}