{"S_min_Ks": [[0.05116131474938253]], "S_min_Q": [[0.7684542079354515]], "S_Ks": [[0.06352137984294252]], "S_Q": [[0.9242786283496476]], "S_max_Ks": [[0.07167703316010918]], "S_max_Q": [[1.0638862631605401]], "S_T_min_Ks": [[-0.047657442496663316]], "S_T_min_Q": [[0.8296906924382101]], "S_T_Ks": [[0.07976690007050449]], "S_T_Q": [[0.9385760351999966]], "S_T_max_Ks": [[0.19554034192055078]], "S_T_max_Q": [[1.049516720504314]]}