{"Min": [[-84.42047356670186]], "SD_min": [[2.7241347836400642]], "Mean": [[10.151025966838795]], "SD_max": [[17.577917150037525]], "Max": [[62.75924269398469]]}