{"Min": [[12.32631614841687]], "SD_min": [[14.999562405813661]], "Mean": [[15.929602698713028]], "SD_max": [[16.859642991612397]], "Max": [[20.206102578083964]]}