{"Min": [[10.965750200805132]], "SD_min": [[14.977106431570181]], "Mean": [[15.926290628554703]], "SD_max": [[16.875474825539225]], "Max": [[18.085897874866]]}