{"Min": [[-113.09706444998781]], "SD_min": [[2.3253948896185443]], "Mean": [[10.016940806043442]], "SD_max": [[17.70848672246834]], "Max": [[114.17655137008407]]}