{"Min": [[-56.772350684950226]], "SD_min": [[10.336025623586462]], "Mean": [[14.63387275328334]], "SD_max": [[18.931719882980218]], "Max": [[45.242758793274234]]}