{"Min": [[-67.26313809282276]], "SD_min": [[12.475592855404333]], "Mean": [[15.444985960432517]], "SD_max": [[18.4143790654607]], "Max": [[51.80096995321646]]}