{"output": [[-113.09706444998781, -110.80137136089618, -108.50567827180454, -106.2099851827129, -103.91429209362127, -101.61859900452964, -99.322905915438, -97.02721282634636, -94.73151973725473, -92.4358266481631, -90.14013355907146, -87.84444046997982, -85.54874738088819, -83.25305429179656, -80.95736120270492, -78.66166811361327, -76.36597502452165, -74.07028193543002, -71.77458884633837, -69.47889575724673, -67.1832026681551, -64.88750957906348, -62.59181648997183, -60.2961234008802, -58.00043031178856, -55.70473722269693, -53.40904413360529, -51.11335104451366, -48.81765795542202, -46.52196486633039, -44.22627177723875, -41.93057868814711, -39.63488559905548, -37.33919250996385, -35.04349942087221, -32.747806331780566, -30.452113242688938, -28.15642015359731, -25.860727064505667, -23.565033975414025, -21.269340886322396, -18.973647797230768, -16.677954708139126, -14.382261619047483, -12.086568529955855, -9.790875440864227, -7.495182351772584, -5.199489262680942, -2.9037961735893134, -0.6081030844976851, 1.6875900045939574, 3.9832830936856, 6.278976182777228, 8.574669271868856, 10.870362360960499, 13.166055450052141, 15.46174853914377, 17.757441628235398, 20.053134717327026, 22.348827806418683, 24.64452089551031, 26.94021398460194, 29.235907073693596, 31.531600162785224, 33.82729325187685, 36.12298634096848, 38.41867943006011, 40.714372519151766, 43.010065608243394, 45.30575869733502, 47.60145178642668, 49.89714487551831, 52.192837964609936, 54.488531053701564, 56.78422414279319, 59.07991723188485, 61.37561032097648, 63.671303410068106, 65.96699649915976, 68.26268958825139, 70.55838267734302, 72.85407576643465, 75.14976885552628, 77.44546194461793, 79.74115503370956, 82.03684812280119, 84.33254121189285, 86.62823430098447, 88.9239273900761, 91.21962047916773, 93.51531356825936, 95.81100665735102, 98.10669974644264, 100.40239283553427, 102.69808592462593, 104.99377901371756, 107.28947210280919, 109.58516519190081, 111.88085828099244, 114.17655137008407]], "PDF": [[1.5545025849905442e-05, 1.0419180533135524e-05, 3.137535424497137e-06, 4.34125046690185e-07, 2.2833843845397304e-07, 1.8947920257418431e-06, 7.95714916806586e-06, 1.5017511911393006e-05, 1.2732773072173211e-05, 4.849892072817176e-06, 8.298989385111848e-07, 6.379731539735715e-08, 2.203249390094874e-09, 3.4182905396491154e-11, 2.382529833138529e-13, 7.460222520080799e-16, 1.0494198528786247e-18, 6.670704793770767e-22, 1.0282319298271026e-20, 1.2208352513154724e-17, 6.515698727749249e-15, 1.5642110781089786e-12, 1.69170242353424e-10, 8.269892827880638e-09, 1.8405108491402208e-07, 1.8924570377243298e-06, 9.240502213950666e-06, 2.237495357151428e-05, 2.850324881426632e-05, 2.2194877837789928e-05, 1.773613240639996e-05, 1.7307968796212566e-05, 1.560596188257024e-05, 2.331298754175718e-05, 3.493855769112763e-05, 4.228709861986025e-05, 6.88286862993031e-05, 0.00012454574791384768, 0.00020975086465200982, 0.00032583250166960627, 0.00046827530266432675, 0.000617358901150141, 0.0007205255593561289, 0.0007993027079186054, 0.0011244843754205382, 0.0020928511346878617, 0.004262785815161421, 0.008328804694817081, 0.013892538615629266, 0.019616934359303465, 0.024732480997594862, 0.030031582221323124, 0.03599377697675138, 0.04179085104952566, 0.04946267182831126, 0.05854029103767785, 0.05852129786489351, 0.043513103415439194, 0.023352476195577277, 0.009840292840650244, 0.003979713842465576, 0.001671167064596255, 0.000611953576080348, 0.00019439847612361423, 7.734669354142519e-05, 3.5059847746719053e-05, 1.348851876717142e-05, 1.4141649718059534e-05, 2.773733725108039e-05, 2.8573625465726635e-05, 1.5307335271829858e-05, 1.1148602790824355e-05, 1.572645825796388e-05, 1.5107082479958972e-05, 1.6165145734861267e-05, 2.5633896057160935e-05, 2.7353351996076577e-05, 1.539149173024107e-05, 4.3430257480425655e-06, 5.90848413934211e-07, 3.75787824082381e-08, 1.0961171029098982e-09, 1.4510850647461703e-11, 8.672809685158041e-14, 2.33419933711416e-16, 2.825458028820258e-19, 1.537289975425481e-22, 3.7586669994964075e-26, 1.4689234133876494e-26, 6.543263960821078e-23, 1.3097725127163896e-19, 1.1778266138362619e-16, 4.758290080364943e-14, 8.63583876951821e-12, 7.041127302334901e-10, 2.5790747349939454e-08, 4.243944713183353e-07, 3.137325417480751e-06, 1.0419178496969673e-05, 1.5545025841036397e-05]]}