{"output": [[-67.26313809282276, -66.06047033478195, -64.85780257674115, -63.655134818700354, -62.45246706065956, -61.249799302618754, -60.04713154457796, -58.844463786537155, -57.64179602849636, -56.439128270455555, -55.23646051241475, -54.033792754373955, -52.83112499633315, -51.628457238292356, -50.42578948025155, -49.22312172221075, -48.02045396416995, -46.817786206129156, -45.61511844808835, -44.41245069004755, -43.20978293200675, -42.00711517396595, -40.804447415925154, -39.60177965788435, -38.39911189984355, -37.19644414180275, -35.993776383761954, -34.79110862572115, -33.58844086768035, -32.38577310963955, -31.183105351598748, -29.98043759355795, -28.777769835517148, -27.575102077476345, -26.37243431943555, -25.169766561394745, -23.96709880335395, -22.764431045313145, -21.56176328727235, -20.359095529231546, -19.15642777119075, -17.953760013149946, -16.751092255109143, -15.548424497068346, -14.345756739027543, -13.143088980986747, -11.940421222945943, -10.737753464905147, -9.535085706864344, -8.33241794882354, -7.129750190782744, -5.9270824327419405, -4.724414674701144, -3.521746916660341, -2.3190791586195445, -1.116411400578741, 0.08625635746206228, 1.2889241155028657, 2.491591873543655, 3.6942596315844582, 4.896927389625262, 6.099595147666065, 7.302262905706854, 8.504930663747658, 9.707598421788461, 10.910266179829264, 12.112933937870068, 13.315601695910857, 14.51826945395166, 15.720937211992464, 16.923604970033267, 18.126272728074056, 19.32894048611486, 20.531608244155663, 21.734276002196466, 22.93694376023727, 24.13961151827806, 25.342279276318862, 26.544947034359666, 27.74761479240047, 28.95028255044126, 30.152950308482062, 31.355618066522865, 32.55828582456367, 33.76095358260447, 34.96362134064526, 36.166289098686065, 37.36895685672687, 38.57162461476767, 39.774292372808475, 40.976960130849264, 42.17962788889007, 43.38229564693087, 44.584963404971674, 45.78763116301246, 46.99029892105327, 48.19296667909407, 49.39563443713487, 50.59830219517568, 51.80096995321646]], "PDF": [[5.747095756770476e-05, 1.2812573804542886e-05, 1.4197118928435787e-07, 7.818797299380933e-11, 2.140206021973556e-15, 2.91170319287122e-21, 1.968858555740916e-28, 6.6169495783670785e-37, 1.1052923104649518e-46, 1.1433623163112417e-42, 2.1014592446899586e-33, 1.9270171359370295e-25, 8.852161003207072e-19, 2.0538452138681318e-13, 2.4450860011896737e-09, 1.5387707160925774e-06, 5.5048487778882124e-05, 0.00015856175712880002, 0.00010481694672112724, 1.5205454549765807e-05, 4.5423427050307025e-05, 7.138582924156544e-05, 4.395098959809814e-05, 2.4803139207958695e-06, 6.221038449065801e-07, 2.5852156765319963e-05, 7.561163621501041e-05, 5.854455288652503e-05, 2.312583746057746e-05, 5.6581879208830813e-05, 9.232609670775814e-06, 7.49196891274525e-08, 3.4369248816929394e-11, 2.187084253739572e-08, 6.046093773333882e-06, 9.32106340595377e-05, 0.00012068226083267623, 3.0259768819689704e-05, 3.8799302075227034e-05, 4.869144622254697e-05, 5.9670019974552634e-05, 6.559274175654568e-05, 0.00012541101740217952, 0.00012905095565632487, 0.00023549125918942123, 0.00015485939515459175, 0.00014437005959332642, 0.00015032047505286338, 0.00011639405180658925, 0.00014111999036945, 0.00025599819737476314, 0.00017073207996683618, 7.916259260866098e-05, 0.00017334909938727044, 0.00028884951352296237, 0.00027946352264293124, 0.0004180272271315511, 0.0005985941863414911, 0.0006740899483063057, 0.0006981797585638482, 0.0007766369439157966, 0.0012524365020978151, 0.0012586593233974092, 0.002108469889538709, 0.003177973419319468, 0.004412089341632661, 0.007524213540516615, 0.036600950539024235, 0.2060910361146405, 0.31394167835554343, 0.20189805855321674, 0.040336801675666216, 0.003103809370814289, 0.0007494570557661557, 0.0005467902859377231, 0.0002960152638608417, 0.0001954018762868234, 0.00021190135422349967, 0.00011597459730183161, 0.0001493113945692013, 6.725161662181123e-05, 3.1420862061181026e-05, 8.756098598519993e-05, 8.677997835219277e-05, 4.4212243678513934e-05, 4.021108472311059e-05, 5.769877933190003e-05, 5.894933946268729e-05, 9.603671260478787e-06, 8.068483778268742e-08, 3.371167859288801e-11, 7.000818077767009e-16, 7.225920260318169e-22, 2.3395507419949716e-28, 2.911703192871468e-21, 2.1402060219737083e-15, 7.818797299381767e-11, 1.4197118928437275e-07, 1.2812573804543546e-05, 5.747095756770476e-05]]}