{"output": [[-56.772350684950226, -55.74189503365503, -54.711439382359835, -53.680983731064636, -52.65052807976944, -51.620072428474245, -50.589616777179046, -49.55916112588385, -48.528705474588655, -47.498249823293456, -46.467794171998264, -45.437338520703065, -44.406882869407866, -43.37642721811267, -42.345971566817475, -41.315515915522276, -40.285060264227084, -39.254604612931885, -38.224148961636686, -37.19369331034149, -36.163237659046295, -35.132782007751096, -34.102326356455904, -33.071870705160705, -32.04141505386551, -31.01095940257031, -29.980503751275116, -28.95004809997992, -27.91959244868472, -26.889136797389526, -25.85868114609433, -24.82822549479913, -23.797769843503936, -22.767314192208737, -21.736858540913545, -20.706402889618346, -19.675947238323147, -18.645491587027955, -17.615035935732756, -16.584580284437557, -15.554124633142365, -14.523668981847166, -13.493213330551967, -12.462757679256775, -11.432302027961576, -10.401846376666377, -9.371390725371185, -8.340935074075986, -7.310479422780787, -6.280023771485595, -5.249568120190396, -4.219112468895204, -3.1886568176000054, -2.1582011663048064, -1.1277455150096145, -0.0972898637144155, 0.9331657875807835, 1.9636214388759754, 2.9940770901711744, 4.024532741466373, 5.054988392761565, 6.085444044056764, 7.115899695351963, 8.146355346647155, 9.176810997942354, 10.207266649237553, 11.237722300532752, 12.268177951827937, 13.298633603123136, 14.329089254418335, 15.359544905713534, 16.390000557008733, 17.420456208303932, 18.450911859599117, 19.481367510894316, 20.511823162189515, 21.542278813484714, 22.572734464779913, 23.603190116075112, 24.633645767370297, 25.664101418665496, 26.694557069960695, 27.725012721255894, 28.755468372551093, 29.78592402384629, 30.816379675141476, 31.846835326436675, 32.877290977731874, 33.90774662902707, 34.93820228032227, 35.96865793161747, 36.999113582912656, 38.029569234207855, 39.060024885503054, 40.09048053679825, 41.12093618809345, 42.15139183938865, 43.181847490683836, 44.212303141979035, 45.242758793274234]], "PDF": [[3.8171822836197735e-05, 2.34772694824865e-05, 5.462125086016711e-06, 4.807121167903288e-07, 1.60036066210356e-08, 2.0153943523883457e-10, 9.60169517465831e-13, 6.993453257558673e-14, 2.1905096088631192e-11, 2.661258623920328e-09, 1.2230336196319618e-07, 2.1261753558913236e-06, 1.3981994779612512e-05, 3.478152039541008e-05, 3.27293484597819e-05, 1.1650257619009618e-05, 1.5687151776337634e-06, 8.053942231521749e-08, 4.3629541084668206e-08, 1.0948690876378587e-06, 1.165003862681557e-05, 5.413185925198791e-05, 0.0001189422107302082, 0.0001320639855893694, 9.356197579814543e-05, 9.414913285369262e-05, 0.0001290228894348701, 0.00013318486201533336, 8.509031842892056e-05, 4.952139497513066e-05, 6.322476678130803e-05, 6.82010784547392e-05, 5.79596110483508e-05, 8.370520005361224e-05, 0.00015813491589368624, 0.00026930768230793567, 0.00032035088548659497, 0.0002655592252065252, 0.00022651736453582676, 0.0002786815416434962, 0.00037987366018152276, 0.0003796014260440454, 0.00029100538941953557, 0.0002875937422155462, 0.0003979582398622192, 0.0005613466719182642, 0.0006741833034282932, 0.0007121400214363493, 0.0006409169298789893, 0.0004938146586069424, 0.0004997835372925076, 0.0006695565770706977, 0.0008252910609469232, 0.0009739251729971107, 0.0011105230497415524, 0.0011975324841465437, 0.0013222648496400828, 0.0013577586098664396, 0.0013739832486854232, 0.0017036202125425045, 0.0022638333852868036, 0.0026978277693448715, 0.0032368532002658053, 0.006019002206266454, 0.01674148910191377, 0.03906377663503423, 0.06459715703980118, 0.08659782535823998, 0.10390252665778979, 0.1136552659177712, 0.11990999375042534, 0.12271744005768329, 0.11105623133567617, 0.08200186887159006, 0.04672657151060521, 0.01858846778818252, 0.005498950449805951, 0.002210967202122336, 0.0014111687190759643, 0.0009583764653266698, 0.0006591949610756974, 0.00045816925514807695, 0.00029082288900336565, 0.0001541433251906458, 6.849880895777996e-05, 2.0155667714707275e-05, 4.612966596485254e-06, 1.2579773447639539e-05, 3.346619359521712e-05, 3.413555842595409e-05, 1.31725002722242e-05, 1.9228226996469895e-06, 1.0617435877738263e-07, 2.218693861213752e-09, 2.190624388498835e-10, 1.6003658995195245e-08, 4.807121168495538e-07, 5.462125086016662e-06, 2.34772694824865e-05, 3.8171822836197735e-05]]}