{"output": [[-84.42047356670186, -82.93380976608886, -81.44714596547587, -79.96048216486287, -78.47381836424988, -76.98715456363688, -75.50049076302389, -74.01382696241089, -72.52716316179789, -71.0404993611849, -69.5538355605719, -68.06717175995891, -66.58050795934591, -65.09384415873292, -63.60718035811992, -62.120516557506924, -60.63385275689393, -59.147188956280935, -57.66052515566794, -56.17386135505494, -54.68719755444195, -53.20053375382895, -51.713869953215955, -50.22720615260296, -48.740542351989966, -47.25387855137697, -45.767214750763976, -44.28055095015098, -42.79388714953798, -41.307223348924985, -39.82055954831199, -38.333895747698996, -36.847231947086, -35.36056814647301, -33.87390434586001, -32.38724054524702, -30.900576744634023, -29.41391294402102, -27.927249143408027, -26.440585342795032, -24.953921542182037, -23.467257741569043, -21.980593940956048, -20.493930140343053, -19.00726633973005, -17.520602539117064, -16.033938738504062, -14.547274937891075, -13.060611137278073, -11.573947336665071, -10.087283536052084, -8.600619735439082, -7.113955934826095, -5.627292134213093, -4.140628333600105, -2.6539645329871036, -1.1673007323741018, 0.3193630682388857, 1.8060268688518875, 3.292690669464875, 4.779354470077877, 6.266018270690864, 7.752682071303866, 9.239345871916854, 10.726009672529855, 12.212673473142857, 13.699337273755845, 15.186001074368846, 16.672664874981834, 18.159328675594836, 19.645992476207823, 21.132656276820825, 22.619320077433812, 24.105983878046814, 25.592647678659816, 27.079311479272803, 28.565975279885805, 30.052639080498793, 31.539302881111794, 33.02596668172478, 34.512630482337784, 35.999294282950785, 37.48595808356377, 38.972621884176775, 40.45928568478976, 41.945949485402764, 43.43261328601575, 44.91927708662875, 46.405940887241755, 47.89260468785476, 49.37926848846773, 50.86593228908073, 52.35259608969373, 53.839259890306735, 55.32592369091971, 56.81258749153271, 58.29925129214571, 59.785915092758714, 61.272578893371715, 62.75924269398469]], "PDF": [[2.1143722802830833e-05, 1.5501413261317578e-05, 6.1085876335830515e-06, 1.2938680798059999e-06, 1.4730546691840003e-07, 9.014204538916692e-09, 2.964990681614946e-10, 5.9696768696948286e-12, 5.416562627128764e-11, 2.1626803995943167e-09, 4.645581270915666e-08, 5.363737397848636e-07, 3.3286997873541934e-06, 1.1103539079729029e-05, 1.9908012220975788e-05, 1.9185540906962582e-05, 9.93802015849643e-06, 2.766975888960113e-06, 4.140860045400214e-07, 3.3308525350323524e-08, 1.4401241572619603e-09, 3.346759624538449e-11, 4.253007746463918e-13, 9.682895320630665e-13, 6.909912422303311e-11, 2.6581539210873244e-09, 5.496262395903511e-08, 6.108500633533768e-07, 3.6490826615998895e-06, 1.1717757690202118e-05, 2.024628167693792e-05, 1.9090550977431064e-05, 1.1779535719286969e-05, 1.2382003760073219e-05, 2.3834407630027503e-05, 3.5866482103838464e-05, 4.193064759721254e-05, 5.218214718178769e-05, 9.325536250924239e-05, 0.00019323084983237634, 0.0003358097156802881, 0.00043629859549270913, 0.0004396859106155309, 0.00040920758758200093, 0.00043576541558130755, 0.0005343760369090577, 0.0006608986432412303, 0.0007778632207199612, 0.0009419490959943893, 0.0012577844035391512, 0.0017275367181686044, 0.002357178237850046, 0.003541116517598735, 0.005844746631577493, 0.009224836732155394, 0.013487163295204291, 0.01855042143650928, 0.02325575035615978, 0.026507841080256056, 0.029021580017194237, 0.03189156396663397, 0.035259245201986325, 0.03841640799260816, 0.04095920011186081, 0.04545846624094362, 0.054522259106704496, 0.06420321063823402, 0.06699271351951164, 0.058883732268862995, 0.04247695014485538, 0.025255155017567935, 0.01309165168771124, 0.006677871974770781, 0.003605010223578194, 0.0019176735804548586, 0.000943899971690309, 0.0004566552279864825, 0.00026061630930684487, 0.00018673653229067192, 0.0001533649111365425, 0.00013520266029048192, 0.00011673878440833136, 9.113898805969455e-05, 5.6869526520929334e-05, 2.3854308630737753e-05, 5.969450445581156e-06, 8.478822727579867e-07, 1.6624372197327618e-07, 1.1434322103724214e-06, 6.952739185061485e-06, 2.277988717707691e-05, 4.0118862008664363e-05, 3.7978966040920504e-05, 1.9325984767238954e-05, 5.294979189036072e-06, 9.244664874328674e-07, 1.355286006171425e-06, 6.111196649295367e-06, 1.550147283516369e-05, 2.114372353402377e-05]]}