{"output": [[10.965750200805132, 11.037670884381505, 11.109591567957878, 11.181512251534249, 11.253432935110622, 11.325353618686995, 11.397274302263368, 11.469194985839739, 11.541115669416111, 11.613036352992484, 11.684957036568857, 11.756877720145228, 11.828798403721601, 11.900719087297974, 11.972639770874347, 12.044560454450718, 12.11648113802709, 12.188401821603463, 12.260322505179836, 12.332243188756207, 12.40416387233258, 12.476084555908953, 12.548005239485326, 12.619925923061697, 12.69184660663807, 12.763767290214442, 12.835687973790815, 12.907608657367188, 12.979529340943559, 13.051450024519932, 13.123370708096305, 13.195291391672676, 13.267212075249049, 13.339132758825421, 13.411053442401794, 13.482974125978167, 13.554894809554538, 13.626815493130911, 13.698736176707284, 13.770656860283655, 13.842577543860028, 13.9144982274364, 13.986418911012773, 14.058339594589146, 14.130260278165517, 14.20218096174189, 14.274101645318263, 14.346022328894634, 14.417943012471007, 14.48986369604738, 14.561784379623752, 14.633705063200125, 14.705625746776498, 14.777546430352869, 14.849467113929242, 14.921387797505615, 14.993308481081986, 15.065229164658358, 15.137149848234731, 15.209070531811104, 15.280991215387477, 15.352911898963848, 15.42483258254022, 15.496753266116592, 15.568673949692965, 15.640594633269338, 15.71251531684571, 15.784436000422083, 15.856356683998456, 15.928277367574829, 16.0001980511512, 16.072118734727574, 16.144039418303944, 16.215960101880317, 16.28788078545669, 16.359801469033062, 16.431722152609435, 16.503642836185808, 16.575563519762177, 16.64748420333855, 16.719404886914923, 16.791325570491296, 16.86324625406767, 16.93516693764404, 17.007087621220414, 17.079008304796787, 17.15092898837316, 17.222849671949533, 17.294770355525902, 17.366691039102275, 17.438611722678647, 17.51053240625502, 17.582453089831393, 17.654373773407766, 17.726294456984135, 17.798215140560508, 17.87013582413688, 17.942056507713254, 18.013977191289626, 18.085897874866]], "PDF": [[0.0003198070798420753, 0.0003441486868282103, 0.00035264687639790604, 0.0003672683934646598, 0.0003934379765371697, 0.00044024892542566916, 0.0005277497458009415, 0.0006552698773429088, 0.0007914824946023535, 0.0009133748613173293, 0.0010257144751840972, 0.0011375840663757498, 0.0012628803402224688, 0.0014412369940808587, 0.0017039917933433797, 0.0020226385189911398, 0.0023409696432680526, 0.0026507995518059895, 0.002999756445292385, 0.003438878784465881, 0.003983556487385642, 0.004610808135137155, 0.005291623498094421, 0.006039347842789219, 0.006916138942665801, 0.007975417224309002, 0.009201976093116536, 0.010516528672811417, 0.011845393922823674, 0.013206873092747536, 0.01474723619865039, 0.016662391625734234, 0.01902673183583651, 0.021708979966183827, 0.024533392647731876, 0.02751743308411517, 0.030848701725708513, 0.034627965768895215, 0.038767123637046985, 0.04319110935917938, 0.04802481626241636, 0.05348149277868917, 0.059638915306690826, 0.06642392023689564, 0.073747379699906, 0.0815626791118627, 0.08986909640665901, 0.0987422366401203, 0.10829275731443896, 0.1185225060790719, 0.12929206119761338, 0.14053081353110283, 0.15241622397562588, 0.16521697377693143, 0.17903856456085052, 0.1938761686552088, 0.2097471970438672, 0.2264797155880141, 0.2435292883521247, 0.2604058211622447, 0.27722182846397336, 0.29437492830876194, 0.3116011935055067, 0.3278574454453704, 0.3425171230146455, 0.35618338068618516, 0.369718875567689, 0.38299665572310415, 0.3953416999680865, 0.40660757540283915, 0.4168785352618593, 0.42546245023216916, 0.43110482367413644, 0.4332589654265806, 0.4326202378272505, 0.4302542178195886, 0.42639197099173337, 0.4201612116269945, 0.41038160459519213, 0.3964500984475872, 0.3784583571905605, 0.3568353082199028, 0.3323752980166633, 0.30653106382936923, 0.2808720557440525, 0.25578333057609665, 0.23027038644101377, 0.20348770362072846, 0.17585962826974177, 0.14843335069517521, 0.12203069456397463, 0.0974646017047703, 0.07574518216729882, 0.057477141980347285, 0.04244142639735934, 0.03007721363846706, 0.02010881035266457, 0.01253615246084309, 0.007251412746167085, 0.003873368229573893]]}