{"output": [[12.32631614841687, 12.40590995073674, 12.485503753056609, 12.565097555376479, 12.644691357696349, 12.724285160016219, 12.803878962336087, 12.883472764655957, 12.963066566975828, 13.042660369295698, 13.122254171615566, 13.201847973935436, 13.281441776255306, 13.361035578575176, 13.440629380895045, 13.520223183214915, 13.599816985534785, 13.679410787854653, 13.759004590174523, 13.838598392494394, 13.918192194814264, 13.997785997134132, 14.077379799454002, 14.156973601773872, 14.23656740409374, 14.31616120641361, 14.395755008733481, 14.475348811053351, 14.55494261337322, 14.63453641569309, 14.71413021801296, 14.793724020332828, 14.873317822652698, 14.952911624972568, 15.032505427292438, 15.112099229612308, 15.191693031932177, 15.271286834252047, 15.350880636571915, 15.430474438891785, 15.510068241211656, 15.589662043531526, 15.669255845851396, 15.748849648171264, 15.828443450491134, 15.908037252811004, 15.987631055130873, 16.067224857450743, 16.146818659770613, 16.226412462090483, 16.306006264410353, 16.38560006673022, 16.46519386905009, 16.54478767136996, 16.62438147368983, 16.7039752760097, 16.78356907832957, 16.86316288064944, 16.94275668296931, 17.02235048528918, 17.101944287609047, 17.181538089928917, 17.261131892248788, 17.340725694568658, 17.420319496888528, 17.499913299208394, 17.579507101528264, 17.659100903848135, 17.738694706168005, 17.818288508487875, 17.897882310807745, 17.977476113127615, 18.057069915447485, 18.136663717767355, 18.216257520087225, 18.295851322407092, 18.375445124726962, 18.455038927046832, 18.534632729366702, 18.614226531686572, 18.69382033400644, 18.77341413632631, 18.85300793864618, 18.93260174096605, 19.01219554328592, 19.09178934560579, 19.17138314792566, 19.25097695024553, 19.3305707525654, 19.410164554885267, 19.489758357205137, 19.569352159525007, 19.648945961844877, 19.728539764164747, 19.808133566484617, 19.887727368804484, 19.967321171124354, 20.046914973444224, 20.126508775764094, 20.206102578083964]], "PDF": [[0.0002685408646752034, 0.0003506703827978016, 0.0005231210864140601, 0.0008725503126548166, 0.001468434706735333, 0.002339145060790397, 0.0034986645269986707, 0.005013241406629931, 0.007035019086975969, 0.009732741365935351, 0.01314942602674309, 0.01711456308274501, 0.0213054472800827, 0.02541616056712839, 0.02931242822074656, 0.03309206050359503, 0.03704331342298462, 0.041525301470495476, 0.046814937573465866, 0.05299477891325948, 0.059952389590056575, 0.06749422680991042, 0.07549072881022455, 0.08394743876256447, 0.09296661954522688, 0.10265501543714552, 0.11305891790171672, 0.12416172912423938, 0.13592281064930323, 0.14831356958009967, 0.16131946369948888, 0.17491487959877197, 0.18905353708279943, 0.20369828104564763, 0.21885212452755137, 0.2345500934012411, 0.250840966137525, 0.2677881163734529, 0.2854360198007834, 0.3037059889302833, 0.32230172532210405, 0.34071307886812435, 0.35831517735202734, 0.3745360636806772, 0.38904596617847315, 0.4018281889081393, 0.413020042126767, 0.42264023769796266, 0.4304544435849267, 0.43606553588470026, 0.4390592472542117, 0.4390000549622155, 0.43527591598909815, 0.42701014640514573, 0.41327436264051, 0.39357209901883794, 0.36822294613478673, 0.3382854967069328, 0.3051087823142461, 0.2699680383222626, 0.23404861957423304, 0.19857981280365472, 0.16481114245517484, 0.13382546405361556, 0.1063979967006262, 0.08298545295897006, 0.06374760121625798, 0.04853569887739493, 0.03690379658661816, 0.028201771402699943, 0.021728415698570057, 0.016878831020772544, 0.013220480628334426, 0.010465521380225457, 0.008385357503323077, 0.006764802268279039, 0.005432776134653506, 0.0043042562528848366, 0.003364145622548836, 0.00261096771409902, 0.0020239887925969577, 0.0015717359946245636, 0.001228749683306889, 0.000977282569060525, 0.0008024058478748139, 0.0006900493765900409, 0.0006231232550456107, 0.0005754187060012428, 0.0005155103478319994, 0.00042418571327514293, 0.0003081514209947364, 0.00019343227401156152, 0.00010524713860076134, 5.4583170656839316e-05, 4.0038034444262735e-05, 5.6105397272945354e-05, 9.618145498503518e-05, 0.00014863212605571044, 0.000194165742103571, 0.00021233328805558998]]}