{"S_min_Ks": [[-0.028169800470103784]], "S_min_Q": [[0.07009889897708577]], "S_Ks": [[0.050172267114756336]], "S_Q": [[0.27986586269049407]], "S_max_Ks": [[0.08261318083393498]], "S_max_Q": [[0.44993602517346487]], "S_T_min_Ks": [[0.3195875921004949]], "S_T_min_Q": [[0.6122362265264749]], "S_T_Ks": [[0.7272781297663022]], "S_T_Q": [[0.9642038493349561]], "S_T_max_Ks": [[1.1323918016870607]], "S_T_max_Q": [[1.2609764966602066]]}