{"S_min_Ks": [[0.26704805546959326]], "S_min_Q": [[-0.02433479644963606]], "S_Ks": [[0.3096120211546538]], "S_Q": [[0.012586576352344793]], "S_max_Ks": [[0.352586127402118]], "S_max_Q": [[0.05682315872116542]], "S_T_min_Ks": [[0.8666761297370018]], "S_T_min_Q": [[0.5863563564863061]], "S_T_Ks": [[0.9750519949998786]], "S_T_Q": [[0.6767772784997539]], "S_T_max_Ks": [[1.0832216386961488]], "S_T_max_Q": [[0.7539345148761741]]}