{"S_Ks": [[0.050172267114756336]], "S_Q": [[0.27986586269049407]], "S_T_Ks": [[0.7272781297663022]], "S_T_Q": [[0.9642038493349561]]}