{"S_Ks": [[0.3096120211546538]], "S_Q": [[0.012586576352344793]], "S_T_Ks": [[0.9750519949998786]], "S_T_Q": [[0.6767772784997539]]}