{"S_min_Ks": [[0.313419990955958]], "S_min_Q": [[0.057548258783990475]], "S_Ks": [[0.35475190930638706]], "S_Q": [[0.10181526781295004]], "S_max_Ks": [[0.39908391683514816]], "S_max_Q": [[0.1385926065013306]], "S_T_min_Ks": [[0.8274987082686798]], "S_T_min_Q": [[0.6262171051000308]], "S_T_Ks": [[0.9473315918001344]], "S_T_Q": [[0.6889202899732426]], "S_T_max_Ks": [[1.1034868741827055]], "S_T_max_Q": [[0.7659207072831722]]}