{"S_min_Ks": [[0.0002598316068686403]], "S_min_Q": [[0.9573886965775402]], "S_Ks": [[0.0017915894857462912]], "S_Q": [[1.006205740414201]], "S_max_Ks": [[0.003318145027835293]], "S_max_Q": [[1.0513551249424236]], "S_T_min_Ks": [[-0.023358807957498673]], "S_T_min_Q": [[0.9513415823768085]], "S_T_Ks": [[0.003606344430839877]], "S_T_Q": [[0.9874968041461476]], "S_T_max_Ks": [[0.03471960312271196]], "S_T_max_Q": [[1.02834442670031]]}