{"S_min_Ks": [[0.00023938348301723138]], "S_min_Q": [[0.935958798018977]], "S_Ks": [[0.0017964729607279188]], "S_Q": [[0.9775573088611957]], "S_max_Ks": [[0.0031361295552835232]], "S_max_Q": [[1.0153423922108211]], "S_T_min_Ks": [[-0.03243159799161954]], "S_T_min_Q": [[0.9523161683133845]], "S_T_Ks": [[0.00280419980219813]], "S_T_Q": [[0.9954233359807386]], "S_T_max_Ks": [[0.03918091995773355]], "S_T_max_Q": [[1.0332182710964584]]}