{"S_Ks": [[0.35475190930638706]], "S_Q": [[0.10181526781295004]], "S_T_Ks": [[0.9473315918001344]], "S_T_Q": [[0.6889202899732426]]}