{"S_Ks": [[0.0017964729607279188]], "S_Q": [[0.9775573088611957]], "S_T_Ks": [[0.00280419980219813]], "S_T_Q": [[0.9954233359807386]]}