{"S_Ks": [[0.060033038292072884]], "S_Q": [[0.13302620346086813]], "S_T_Ks": [[0.8301565242897536]], "S_T_Q": [[0.9588818914269144]]}