{"S_Ks": [[0.0017915894857462912]], "S_Q": [[1.006205740414201]], "S_T_Ks": [[0.003606344430839877]], "S_T_Q": [[0.9874968041461476]]}