{"S_min_Ks": [[0.01100248215116538]], "S_min_Q": [[-0.023812350221281642]], "S_Ks": [[0.060033038292072884]], "S_Q": [[0.13302620346086813]], "S_max_Ks": [[0.090864298839291]], "S_max_Q": [[0.33914058907412076]], "S_T_min_Ks": [[0.5143105434763731]], "S_T_min_Q": [[0.7581074190811448]], "S_T_Ks": [[0.8301565242897536]], "S_T_Q": [[0.9588818914269144]], "S_T_max_Ks": [[1.096671242868081]], "S_T_max_Q": [[1.095304247603341]]}