{"Min": [[13.197124957896927]], "SD_min": [[13.690149497090902]], "Mean": [[14.04389695254428]], "SD_max": [[14.397644407997658]], "Max": [[15.077313248028847]]}