{"Min": [[-34.73952238814772]], "SD_min": [[8.160400473800888]], "Mean": [[12.488989384121107]], "SD_max": [[16.817578294441326]], "Max": [[18.60868883382275]]}