{"output": [[-34.73952238814772, -34.200651567723774, -33.66178074729983, -33.122909926875884, -32.58403910645194, -32.045168286028, -31.506297465604053, -30.96742664518011, -30.428555824756167, -29.88968500433222, -29.350814183908277, -28.811943363484332, -28.273072543060387, -27.734201722636445, -27.1953309022125, -26.65646008178856, -26.117589261364614, -25.57871844094067, -25.039847620516724, -24.50097680009278, -23.962105979668834, -23.42323515924489, -22.884364338820948, -22.345493518397003, -21.806622697973058, -21.267751877549117, -20.72888105712517, -20.190010236701227, -19.65113941627728, -19.112268595853337, -18.573397775429395, -18.03452695500545, -17.495656134581505, -16.95678531415756, -16.417914493733615, -15.879043673309674, -15.340172852885729, -14.801302032461784, -14.26243121203784, -13.723560391613898, -13.184689571189953, -12.645818750766008, -12.106947930342063, -11.568077109918118, -11.029206289494176, -10.490335469070232, -9.951464648646287, -9.412593828222342, -8.873723007798397, -8.334852187374455, -7.79598136695051, -7.257110546526565, -6.71823972610262, -6.179368905678679, -5.640498085254734, -5.101627264830789, -4.562756444406844, -4.023885623982899, -3.4850148035589577, -2.9461439831350127, -2.4072731627110713, -1.8684023422871263, -1.3295315218631814, -0.7906607014392364, -0.25178988101529143, 0.28708093940865353, 0.8259517598325985, 1.3648225802565435, 1.9036934006804884, 2.4425642211044263, 2.9814350415283712, 3.520305861952316, 4.059176682376261, 4.598047502800206, 5.136918323224151, 5.675789143648096, 6.214659964072041, 6.753530784495986, 7.292401604919924, 7.831272425343869, 8.370143245767814, 8.909014066191759, 9.447884886615704, 9.986755707039649, 10.525626527463594, 11.064497347887539, 11.603368168311484, 12.142238988735421, 12.681109809159366, 13.219980629583311, 13.758851450007256, 14.297722270431201, 14.836593090855146, 15.375463911279091, 15.914334731703036, 16.45320555212698, 16.992076372550926, 17.530947192974864, 18.06981801339881, 18.60868883382275]], "PDF": [[9.215990269660671e-05, 4.246587701041609e-05, 4.1547027980858065e-06, 1.0889910521619498e-07, 2.0374032034710147e-06, 3.933842399124411e-05, 0.00016728890076721394, 0.00019803591075502733, 0.00016628645468192086, 0.00014063735064578564, 0.00012906206529263498, 0.0002081315648149252, 0.00022920506634620933, 0.0002402047829482062, 0.00024687825813334696, 9.030615449429468e-05, 8.262457905132851e-05, 0.00022859131719324237, 0.0003337256015037189, 0.000310978696729883, 0.0003523762582554715, 0.0003758438543581755, 0.00036181608864311964, 0.000317877743465887, 0.0002268505664314372, 0.0002033784730201533, 0.00017003077409474132, 0.00021615686439839055, 0.0002909179676932658, 0.000196895326565476, 4.24531749340266e-05, 4.463056701430694e-05, 0.00019534553801289428, 0.0003627394315002848, 0.0005489790491686058, 0.0008765814073166212, 0.0009922494383579168, 0.0008095912962519348, 0.000745863663438488, 0.0007635439363489796, 0.0005256613106349201, 0.000577794404390718, 0.000769588730432633, 0.0011411132548298927, 0.0012866394677069075, 0.0009952959148905429, 0.0007468320012139277, 0.0008642682866742043, 0.001220482006112871, 0.0012426385457451497, 0.0012263828839566306, 0.0010723277000785068, 0.0012514056746933543, 0.001178404969457418, 0.0009807011133427701, 0.0011424663000701388, 0.0013944804379779643, 0.001749205624921325, 0.0020635193444157565, 0.002027903995451343, 0.0016028042583929084, 0.0017476831279167574, 0.0024957807738991912, 0.003033443166335839, 0.0030599050738360158, 0.003373642499106875, 0.003584545075581313, 0.0028491161017338115, 0.003164772408834803, 0.004134065902960646, 0.004773487839634402, 0.004933310922903956, 0.004789644006443535, 0.004757716239979717, 0.006018716558844093, 0.007596256100073032, 0.008954627823444848, 0.010054453427305259, 0.01126479514365801, 0.01149060433688976, 0.011715059673557434, 0.014002637786276126, 0.016939686413705773, 0.022579528992734202, 0.04245927233730792, 0.06845717690826106, 0.0842093853848545, 0.0978943593849581, 0.1302949912578743, 0.22547092235300847, 0.3474258653301152, 0.33377800342744096, 0.17661568349546736, 0.06769375840437701, 0.030767671633189494, 0.01915012559934558, 0.013411628023313738, 0.008836567299946644, 0.004147466803242693, 0.001378212811459049]]}