{"output": [[13.197124957896927, 13.21611675880735, 13.235108559717773, 13.254100360628197, 13.27309216153862, 13.292083962449045, 13.311075763359467, 13.330067564269891, 13.349059365180315, 13.368051166090737, 13.387042967001161, 13.406034767911585, 13.425026568822007, 13.444018369732431, 13.463010170642855, 13.482001971553279, 13.500993772463701, 13.519985573374125, 13.53897737428455, 13.557969175194971, 13.576960976105395, 13.59595277701582, 13.614944577926243, 13.633936378836665, 13.65292817974709, 13.671919980657513, 13.690911781567936, 13.70990358247836, 13.728895383388783, 13.747887184299206, 13.76687898520963, 13.785870786120054, 13.804862587030478, 13.8238543879409, 13.842846188851324, 13.861837989761748, 13.88082979067217, 13.899821591582594, 13.918813392493018, 13.937805193403442, 13.956796994313864, 13.975788795224288, 13.994780596134712, 14.013772397045134, 14.032764197955558, 14.051755998865982, 14.070747799776406, 14.089739600686828, 14.108731401597252, 14.127723202507676, 14.146715003418098, 14.165706804328522, 14.184698605238946, 14.20369040614937, 14.222682207059792, 14.241674007970216, 14.26066580888064, 14.279657609791062, 14.298649410701486, 14.31764121161191, 14.336633012522332, 14.355624813432756, 14.37461661434318, 14.393608415253603, 14.412600216164027, 14.43159201707445, 14.450583817984874, 14.469575618895297, 14.48856741980572, 14.507559220716145, 14.526551021626567, 14.54554282253699, 14.564534623447415, 14.583526424357839, 14.60251822526826, 14.621510026178685, 14.640501827089109, 14.659493627999531, 14.678485428909955, 14.697477229820379, 14.716469030730803, 14.735460831641225, 14.754452632551649, 14.773444433462073, 14.792436234372495, 14.811428035282919, 14.830419836193343, 14.849411637103767, 14.86840343801419, 14.887395238924613, 14.906387039835037, 14.92537884074546, 14.944370641655883, 14.963362442566307, 14.982354243476731, 15.001346044387153, 15.020337845297577, 15.039329646208001, 15.058321447118423, 15.077313248028847]], "PDF": [[0.014087526308297222, 0.02495237805511227, 0.04019021841415337, 0.058846546688444974, 0.0791309583618735, 0.10065438911093146, 0.12556984465048424, 0.15652779880248732, 0.19319851854763725, 0.23094851431872598, 0.2632250911453633, 0.28565779281157544, 0.29883551705021205, 0.3085945883148906, 0.3236004364321031, 0.34998508628326386, 0.3858720501334392, 0.4220853984298633, 0.45045665005025753, 0.47128855996248115, 0.4919047013236073, 0.5195101934645945, 0.5567978902056657, 0.6017692793911195, 0.64892750775658, 0.692710409318416, 0.7321515763943447, 0.7706918750865471, 0.8110856567996755, 0.8528853529486258, 0.8946715128497409, 0.9361920661924819, 0.9783771291525231, 1.022295103356796, 1.0669200297994772, 1.10816163950393, 1.1424743259092973, 1.170399506105234, 1.194445930542579, 1.215164850472953, 1.2293982941366792, 1.2304794394113598, 1.212683907030786, 1.1777477441298885, 1.1346289245721335, 1.0922738204183415, 1.0544607489533997, 1.0205388502263153, 0.9889654337926121, 0.9599971398659911, 0.9345009127084107, 0.9101608809491332, 0.8819362887036536, 0.8485080418645925, 0.8159222099388533, 0.7915808661042525, 0.775259872633751, 0.7591824306637291, 0.7372460620576347, 0.710909373821828, 0.6852344999738869, 0.6625249578321528, 0.640897058718578, 0.6170892149133692, 0.5903090703719925, 0.5633776771936903, 0.5392819548226541, 0.5173767165706799, 0.49435979307475986, 0.46830296816916667, 0.44035181701869563, 0.41284104902078067, 0.38670914060841527, 0.36070951008651264, 0.33331464852038667, 0.30568276655314114, 0.28164487556269485, 0.2641795548409682, 0.25296308236986326, 0.24530678287894603, 0.23804868010690095, 0.22848100624781345, 0.21517492282141054, 0.19911576638289932, 0.18332650501888423, 0.17018649937451738, 0.15906972767948735, 0.14720786128844288, 0.13281864044668903, 0.11676339561859223, 0.1012685413884108, 0.08792527890883516, 0.07700444622134439, 0.06770320953603944, 0.058510223538576586, 0.04801218447260187, 0.03615368438074595, 0.024539982436145965, 0.015070210244512739, 0.008484442785558625]]}