{"S_min_Ks": [[0.6329926282323748]], "S_min_Q": [[0.29847057984104364]], "S_Ks": [[0.6579663915803907]], "S_Q": [[0.32079151681515383]], "S_max_Ks": [[0.6902425944942489]], "S_max_Q": [[0.3354818553932768]], "S_T_min_Ks": [[0.6168872896495992]], "S_T_min_Q": [[0.3067271286312077]], "S_T_Ks": [[0.6559507739827255]], "S_T_Q": [[0.34264865566836533]], "S_T_max_Ks": [[0.6899102169879652]], "S_T_max_Q": [[0.3637741658417445]]}