{"S_min_Ks": [[0.18410228168390486]], "S_min_Q": [[0.2272563459533294]], "S_Ks": [[0.23539868102560624]], "S_Q": [[0.2913398652783212]], "S_max_Ks": [[0.2700822366769192]], "S_max_Q": [[0.345947624817591]], "S_T_min_Ks": [[0.6201826924710969]], "S_T_min_Q": [[0.7116876651919259]], "S_T_Ks": [[0.7328137297107821]], "S_T_Q": [[0.7997245245871222]], "S_T_max_Ks": [[0.8252926048029421]], "S_T_max_Q": [[0.8945015410665067]]}