{"S_Ks": [[0.6579663915803907]], "S_Q": [[0.32079151681515383]], "S_T_Ks": [[0.6559507739827255]], "S_T_Q": [[0.34264865566836533]]}