{"S_Ks": [[0.23539868102560624]], "S_Q": [[0.2913398652783212]], "S_T_Ks": [[0.7328137297107821]], "S_T_Q": [[0.7997245245871222]]}