{"Min": [[6.181237665698799]], "SD_min": [[8.965700856528665]], "Mean": [[10.203449330004602]], "SD_max": [[11.44119780348054]], "Max": [[14.06256887676659]]}