{"Min": [[0.8497938723299221]], "SD_min": [[13.319044185472741]], "Mean": [[18.225435244661327]], "SD_max": [[23.131826303849913]], "Max": [[36.84780295729167]]}