{"Min": [[6.902708509202748]], "SD_min": [[9.02420592692182]], "Mean": [[10.330129433736216]], "SD_max": [[11.636052940550613]], "Max": [[13.517611361107374]]}