{"output": [[-36.75260817385034, -36.09776287647361, -35.44291757909688, -34.78807228172015, -34.13322698434341, -33.47838168696668, -32.82353638958995, -32.168691092213216, -31.51384579483648, -30.85900049745975, -30.204155200083015, -29.549309902706284, -28.894464605329553, -28.23961930795282, -27.584774010576087, -26.929928713199356, -26.27508341582262, -25.62023811844589, -24.96539282106916, -24.310547523692428, -23.655702226315693, -23.000856928938962, -22.346011631562227, -21.691166334185496, -21.036321036808765, -20.38147573943203, -19.7266304420553, -19.071785144678568, -18.416939847301833, -17.762094549925102, -17.10724925254837, -16.452403955171636, -15.797558657794905, -15.142713360418174, -14.48786806304144, -13.833022765664708, -13.178177468287977, -12.523332170911242, -11.868486873534511, -11.21364157615778, -10.558796278781045, -9.903950981404314, -9.249105684027583, -8.594260386650848, -7.939415089274117, -7.284569791897386, -6.6297244945206515, -5.97487919714392, -5.320033899767189, -4.665188602390458, -4.01034330501372, -3.3554980076369887, -2.7006527102602575, -2.0458074128835264, -1.3909621155067953, -0.7361168181300641, -0.08127152075332589, 0.5735737766234053, 1.2284190740001364, 1.8832643713768675, 2.5381096687535987, 3.19295496613033, 3.847800263507068, 4.502645560883799, 5.15749085826053, 5.8123361556372615, 6.467181453013993, 7.122026750390731, 7.776872047767462, 8.431717345144193, 9.086562642520924, 9.741407939897655, 10.396253237274387, 11.051098534651125, 11.705943832027856, 12.360789129404587, 13.015634426781318, 13.67047972415805, 14.32532502153478, 14.980170318911519, 15.63501561628825, 16.28986091366498, 16.944706211041712, 17.599551508418443, 18.254396805795174, 18.909242103171913, 19.564087400548644, 20.218932697925375, 20.873777995302106, 21.528623292678837, 22.18346859005557, 22.838313887432307, 23.493159184809038, 24.14800448218577, 24.8028497795625, 25.45769507693923, 26.112540374315962, 26.7673856716927, 27.422230969069425, 28.07707626644616]], "PDF": [[4.4056164528686065e-05, 3.3919292946350945e-05, 1.5479862789459633e-05, 4.187623552422642e-06, 6.715036402936767e-07, 6.382771831624973e-08, 3.596255001405129e-09, 1.2010798281049816e-10, 2.3791322272068067e-12, 1.863839871452585e-13, 1.1089096420517533e-11, 4.599185440767079e-10, 1.130715883828807e-08, 1.6478067541633327e-07, 1.4234404513947878e-06, 7.288748259552081e-06, 2.212344758720273e-05, 3.9812638444317885e-05, 4.259679625784153e-05, 2.824039109455514e-05, 1.819201213093127e-05, 3.1070030535732247e-05, 6.3717261301221e-05, 8.939421477648584e-05, 8.826660327367552e-05, 7.378805012782822e-05, 6.254022056176127e-05, 6.369942220272962e-05, 9.70997916964899e-05, 0.00017324893564950254, 0.00028530601900683434, 0.00041142831957948655, 0.0005168843143980552, 0.0005838971484549649, 0.0006205344142967515, 0.0006607984128961279, 0.0007397767855306302, 0.0008634681408413627, 0.00100216775082027, 0.0011249979121404534, 0.0012746356940494291, 0.0014946768463505113, 0.001698281811762249, 0.0018462317334344595, 0.002239980065054125, 0.0035723259453725982, 0.0066011727001381824, 0.011065969936394048, 0.015213229636312938, 0.017681380064232925, 0.018844514769023473, 0.019563418899278193, 0.02029174188046796, 0.021465723533188145, 0.023303925441870484, 0.025518306045173602, 0.028084021614560417, 0.03179930009879856, 0.03779098550059367, 0.04623227413066382, 0.05548780138944594, 0.06309754927841311, 0.06770570125230775, 0.07048474441909323, 0.07425146386146717, 0.0806828409311432, 0.08942468546517578, 0.09793484789598013, 0.10159691216099535, 0.09821098209439548, 0.09072598853447363, 0.0816633804561876, 0.06888107243891892, 0.05032602725531579, 0.03037152609935241, 0.016359364813799907, 0.00993561126598224, 0.007619652841245852, 0.00651287805832868, 0.005676811709758832, 0.004931212023946687, 0.004158797600377608, 0.003249456438525418, 0.002189867661096897, 0.0011735101208994844, 0.000477743636879013, 0.00014987134289319194, 3.745022601824728e-05, 7.242014612200009e-06, 9.97237166844351e-07, 2.0338481635219523e-07, 1.0796981037880536e-06, 5.938618876123154e-06, 1.945131240423288e-05, 3.781691891446408e-05, 4.411419373149582e-05, 3.3819633739464704e-05, 2.7460660330204797e-05, 3.679067217845399e-05, 4.446408508511266e-05]]}