{"output": [[0.8497938723299221, 1.213410125713374, 1.5770263790968262, 1.9406426324802784, 2.3042588858637303, 2.6678751392471822, 3.0314913926306346, 3.3951076460140865, 3.7587238993975385, 4.122340152780991, 4.485956406164442, 4.849572659547895, 5.213188912931347, 5.576805166314799, 5.940421419698251, 6.3040376730817025, 6.667653926465155, 7.031270179848607, 7.394886433232059, 7.758502686615511, 8.122118939998963, 8.485735193382414, 8.849351446765867, 9.212967700149319, 9.576583953532772, 9.940200206916224, 10.303816460299675, 10.667432713683127, 11.03104896706658, 11.394665220450031, 11.758281473833483, 12.121897727216936, 12.485513980600388, 12.84913023398384, 13.212746487367292, 13.576362740750744, 13.939978994134195, 14.303595247517649, 14.6672115009011, 15.030827754284552, 15.394444007668003, 15.758060261051456, 16.12167651443491, 16.485292767818358, 16.848909021201813, 17.212525274585264, 17.576141527968716, 17.939757781352167, 18.303374034735622, 18.666990288119074, 19.030606541502525, 19.394222794885977, 19.757839048269428, 20.12145530165288, 20.48507155503633, 20.848687808419786, 21.212304061803238, 21.57592031518669, 21.93953656857014, 22.303152821953592, 22.666769075337044, 23.0303853287205, 23.39400158210395, 23.7576178354874, 24.121234088870853, 24.484850342254305, 24.848466595637756, 25.212082849021208, 25.575699102404663, 25.939315355788114, 26.302931609171566, 26.666547862555017, 27.03016411593847, 27.39378036932192, 27.757396622705375, 28.121012876088827, 28.484629129472278, 28.84824538285573, 29.21186163623918, 29.575477889622633, 29.939094143006084, 30.30271039638954, 30.66632664977299, 31.029942903156442, 31.393559156539894, 31.757175409923345, 32.1207916633068, 32.48440791669025, 32.8480241700737, 33.211640423457155, 33.57525667684061, 33.938872930224065, 34.302489183607506, 34.66610543699096, 35.029721690374416, 35.39333794375787, 35.756954197141326, 36.12057045052477, 36.48418670390822, 36.84780295729167]], "PDF": [[0.00019963489930588488, 0.00026545393717007713, 0.0003446125727915225, 0.0004398683571663326, 0.0005494338141090352, 0.000669769614052912, 0.0008028328460921537, 0.0009611005495950729, 0.0011668035863922333, 0.0014473337413363984, 0.0018283460091046292, 0.0023228882770225962, 0.0029187458244579706, 0.003575695254952055, 0.004244522388672055, 0.004902314631794866, 0.005578623395652961, 0.006348596697902065, 0.007295391299199003, 0.008470946968082453, 0.009885104837953722, 0.011526371111418871, 0.013388679117415966, 0.015475822637373801, 0.017781057051579563, 0.02026660335813195, 0.02286964535624389, 0.025537142565751892, 0.028263797446745738, 0.031101702759001416, 0.034132286416185015, 0.03741840848329512, 0.040963349340672674, 0.0446961597147426, 0.04848963886021199, 0.05220021720788925, 0.055709300273634986, 0.05895409377467078, 0.06194431983388651, 0.0647534942327982, 0.06747582515401825, 0.07016919011568072, 0.07282070421638868, 0.07534621264408181, 0.07760880206777959, 0.07944741042700587, 0.08071528836472204, 0.08131553676942495, 0.08121537454154965, 0.08044139826108264, 0.07907448242983628, 0.07724813187651823, 0.07513129122373328, 0.07288293912340821, 0.07059693421289856, 0.06827412463355237, 0.06584301668372007, 0.06321583318681014, 0.06034487260010474, 0.057248462478731534, 0.053995287029800436, 0.050658333546668086, 0.0472719781749499, 0.04383133715212947, 0.04033867883587926, 0.03684885565071718, 0.03345968658322174, 0.0302541139906377, 0.02725729315281403, 0.024450231142339983, 0.02181183000155161, 0.019335865888375367, 0.017014762531147583, 0.014828395372363731, 0.012763492273086917, 0.010843718319664375, 0.009133243810959741, 0.007702025314020241, 0.006576868803549632, 0.0057160066633341056, 0.005027143244677535, 0.004414850447793638, 0.003822295602420025, 0.0032418297382293747, 0.002696214228151436, 0.0022111730452049573, 0.0017985067565949166, 0.0014548792848312066, 0.0011692646128727182, 0.0009300617221846764, 0.00072824179858115, 0.0005578633314555074, 0.0004159127237921425, 0.0003016303613807921, 0.0002148190616080086, 0.0001537881893956147, 0.00011434748895276996, 9.032553898000882e-05, 7.494331662898561e-05, 6.241079730968359e-05]]}