{"output": [[-36.75260817385034, -36.09776287647361, -35.44291757909688, -34.78807228172015, -34.13322698434341, -33.47838168696668, -32.82353638958995, -32.168691092213216, -31.51384579483648, -30.85900049745975, -30.204155200083015, -29.549309902706284, -28.894464605329553, -28.23961930795282, -27.584774010576087, -26.929928713199356, -26.27508341582262, -25.62023811844589, -24.96539282106916, -24.310547523692428, -23.655702226315693, -23.000856928938962, -22.346011631562227, -21.691166334185496, -21.036321036808765, -20.38147573943203, -19.7266304420553, -19.071785144678568, -18.416939847301833, -17.762094549925102, -17.10724925254837, -16.452403955171636, -15.797558657794905, -15.142713360418174, -14.48786806304144, -13.833022765664708, -13.178177468287977, -12.523332170911242, -11.868486873534511, -11.21364157615778, -10.558796278781045, -9.903950981404314, -9.249105684027583, -8.594260386650848, -7.939415089274117, -7.284569791897386, -6.6297244945206515, -5.97487919714392, -5.320033899767189, -4.665188602390458, -4.01034330501372, -3.3554980076369887, -2.7006527102602575, -2.0458074128835264, -1.3909621155067953, -0.7361168181300641, -0.08127152075332589, 0.5735737766234053, 1.2284190740001364, 1.8832643713768675, 2.5381096687535987, 3.19295496613033, 3.847800263507068, 4.502645560883799, 5.15749085826053, 5.8123361556372615, 6.467181453013993, 7.122026750390731, 7.776872047767462, 8.431717345144193, 9.086562642520924, 9.741407939897655, 10.396253237274387, 11.051098534651125, 11.705943832027856, 12.360789129404587, 13.015634426781318, 13.67047972415805, 14.32532502153478, 14.980170318911519, 15.63501561628825, 16.28986091366498, 16.944706211041712, 17.599551508418443, 18.254396805795174, 18.909242103171913, 19.564087400548644, 20.218932697925375, 20.873777995302106, 21.528623292678837, 22.18346859005557, 22.838313887432307, 23.493159184809038, 24.14800448218577, 24.8028497795625, 25.45769507693923, 26.112540374315962, 26.7673856716927, 27.422230969069425, 28.07707626644616]], "PDF": [[4.405621966316224e-05, 3.3919313195883966e-05, 1.5479841637658718e-05, 4.187604127164197e-06, 6.714974490533105e-07, 6.382675387346257e-08, 3.596174772222809e-09, 1.2010428145070739e-10, 2.37903552941385e-12, 1.8637502902442552e-13, 1.1088688560437974e-11, 4.599059163394865e-10, 1.13069390050732e-08, 1.6477857672209997e-07, 1.4234300040400869e-06, 7.2887245589983695e-06, 2.212343712041485e-05, 3.981267795206191e-05, 4.259684339714041e-05, 2.8240379546745538e-05, 1.819195275799268e-05, 3.1069977355117624e-05, 6.371727906926481e-05, 8.939428825761437e-05, 8.826663472403953e-05, 7.378803942825768e-05, 6.254019527255367e-05, 6.369934214006056e-05, 9.709968559603619e-05, 0.00017324884742907465, 0.00028530598088210424, 0.00041142837407978465, 0.0005168844109922487, 0.0005838972275372256, 0.0006205344059320616, 0.0006607983135508415, 0.0007397766709234243, 0.0008634681016541207, 0.0010021678090026576, 0.0011249978524979977, 0.0012746354869555014, 0.0014946768911691729, 0.0016982820229682232, 0.0018462312276564192, 0.0022399778617788403, 0.003572321677774687, 0.006601168866406069, 0.011065970794161857, 0.015213234108077591, 0.01768138325472778, 0.018844515698051973, 0.01956341890904112, 0.020291740777788548, 0.02146572179362925, 0.02330392460837123, 0.025518305400276827, 0.02808401895327456, 0.03179929445650734, 0.037790979209655726, 0.046232271996479675, 0.05548780555678416, 0.06309755703128526, 0.0677057060442663, 0.07048474173274585, 0.07425145706082566, 0.08068283501545316, 0.0894246854071849, 0.09793486001045333, 0.10159693039864261, 0.09821099175545774, 0.09072599105608019, 0.08166338930637292, 0.06888108788163244, 0.05032603142457642, 0.030371510345997253, 0.01635934548226453, 0.009935601750108616, 0.00761965039510883, 0.006512877533166388, 0.005676811487616685, 0.004931212089341782, 0.004158797944444865, 0.003249456846633367, 0.0021898675845212308, 0.0011735092923602737, 0.0004777427114417749, 0.00014987083855158562, 3.7450046046521985e-05, 7.241964484535231e-06, 9.97226638983608e-07, 2.0338186260838447e-07, 1.0796893500475189e-06, 5.938596512705075e-06, 1.9451296857721863e-05, 3.781695060692929e-05, 4.4114240382255386e-05, 3.3819621982231916e-05, 2.7460615124058892e-05, 3.6790676396560396e-05, 4.446413594966996e-05]]}