{"output": [[6.902708509202748, 6.969525709727037, 7.036342910251326, 7.103160110775615, 7.169977311299904, 7.236794511824193, 7.3036117123484825, 7.3704289128727725, 7.4372461133970615, 7.504063313921351, 7.57088051444564, 7.637697714969929, 7.704514915494218, 7.771332116018507, 7.838149316542796, 7.904966517067085, 7.971783717591374, 8.038600918115664, 8.105418118639953, 8.172235319164242, 8.239052519688531, 8.30586972021282, 8.37268692073711, 8.439504121261399, 8.506321321785688, 8.573138522309977, 8.639955722834266, 8.706772923358555, 8.773590123882844, 8.840407324407133, 8.907224524931422, 8.974041725455711, 9.04085892598, 9.10767612650429, 9.174493327028578, 9.241310527552868, 9.308127728077157, 9.374944928601447, 9.441762129125735, 9.508579329650026, 9.575396530174313, 9.642213730698604, 9.709030931222893, 9.775848131747182, 9.842665332271471, 9.90948253279576, 9.97629973332005, 10.043116933844338, 10.109934134368627, 10.176751334892916, 10.243568535417205, 10.310385735941495, 10.377202936465784, 10.444020136990073, 10.510837337514362, 10.57765453803865, 10.64447173856294, 10.711288939087229, 10.778106139611518, 10.844923340135807, 10.911740540660098, 10.978557741184385, 11.045374941708676, 11.112192142232963, 11.179009342757254, 11.245826543281542, 11.312643743805832, 11.37946094433012, 11.44627814485441, 11.513095345378698, 11.579912545902989, 11.646729746427278, 11.713546946951567, 11.780364147475856, 11.847181348000145, 11.913998548524434, 11.980815749048723, 12.047632949573012, 12.114450150097301, 12.18126735062159, 12.24808455114588, 12.314901751670169, 12.381718952194458, 12.448536152718747, 12.515353353243036, 12.582170553767327, 12.648987754291614, 12.715804954815905, 12.782622155340192, 12.849439355864483, 12.91625655638877, 12.983073756913061, 13.049890957437349, 13.11670815796164, 13.183525358485927, 13.250342559010218, 13.317159759534507, 13.383976960058796, 13.450794160583085, 13.517611361107374]], "PDF": [[0.00031186147310643226, 0.0002938708519714339, 0.00026279059719232933, 0.00029749127184305516, 0.00044021482320568284, 0.0006605665234524205, 0.0008925265030195974, 0.001115969619296373, 0.0014013315288400894, 0.001878904643404336, 0.0026908100632621443, 0.004001339512373471, 0.006063716109907676, 0.00924603568893384, 0.013921082149725532, 0.02031560047294123, 0.02857042610928791, 0.03902611815823522, 0.05236351134178272, 0.06934148728622891, 0.09037441180324991, 0.11526399134142537, 0.14305625137759678, 0.171986856968168, 0.1996454299660434, 0.22340201676368537, 0.24112458989129357, 0.25207146277348397, 0.2572879845625297, 0.2589590367290998, 0.25931273639516517, 0.26002863009291005, 0.26208342053417294, 0.2655872675728774, 0.26993792655228094, 0.2745290266219544, 0.27920298656218207, 0.28386087831515117, 0.28785505039970294, 0.2898676043291823, 0.2885028120334078, 0.28358873258777956, 0.2770494306645259, 0.2717323980532288, 0.2689684009691244, 0.26763677696689925, 0.2656215021631015, 0.2617062566362818, 0.256051858731928, 0.24945389296978188, 0.24272707644181113, 0.23675527317894235, 0.23243768726957403, 0.2301513990184571, 0.2294685673070644, 0.22933545605834202, 0.2282557556940265, 0.22486304541108731, 0.21911364075215375, 0.21264548559413776, 0.20721122690851737, 0.202776449582691, 0.19766911365917306, 0.190675643573779, 0.1826460568791184, 0.17583357249693946, 0.17180464080295926, 0.1702761771446989, 0.16993731391295389, 0.16988838045866425, 0.1699960766745652, 0.1703189822192048, 0.1707806872324797, 0.17121748904220255, 0.17111555335561185, 0.1694202979340123, 0.16541668332603252, 0.1598840257147062, 0.15458583778926366, 0.1503390043886972, 0.14612803379883654, 0.14043695691822006, 0.13308322877817608, 0.12529485071904778, 0.11818812468149616, 0.11180579352446327, 0.10571094597409604, 0.09978632721813845, 0.09396892755158205, 0.08769357742954711, 0.08023712644295387, 0.07142858742723096, 0.06165337024833763, 0.05145932494375068, 0.041427230109958725, 0.032057039808276025, 0.023571324718343386, 0.01607671541140987, 0.00987652507659881, 0.005338231015666088]]}