{"output": [[-36.75260817385034, -36.09776287647361, -35.44291757909688, -34.78807228172015, -34.13322698434341, -33.47838168696668, -32.82353638958995, -32.168691092213216, -31.51384579483648, -30.85900049745975, -30.204155200083015, -29.549309902706284, -28.894464605329553, -28.23961930795282, -27.584774010576087, -26.929928713199356, -26.27508341582262, -25.62023811844589, -24.96539282106916, -24.310547523692428, -23.655702226315693, -23.000856928938962, -22.346011631562227, -21.691166334185496, -21.036321036808765, -20.38147573943203, -19.7266304420553, -19.071785144678568, -18.416939847301833, -17.762094549925102, -17.10724925254837, -16.452403955171636, -15.797558657794905, -15.142713360418174, -14.48786806304144, -13.833022765664708, -13.178177468287977, -12.523332170911242, -11.868486873534511, -11.21364157615778, -10.558796278781045, -9.903950981404314, -9.249105684027583, -8.594260386650848, -7.939415089274117, -7.284569791897386, -6.6297244945206515, -5.97487919714392, -5.320033899767189, -4.665188602390458, -4.01034330501372, -3.3554980076369887, -2.7006527102602575, -2.0458074128835264, -1.3909621155067953, -0.7361168181300641, -0.08127152075332589, 0.5735737766234053, 1.2284190740001364, 1.8832643713768675, 2.5381096687535987, 3.19295496613033, 3.847800263507068, 4.502645560883799, 5.15749085826053, 5.8123361556372615, 6.467181453013993, 7.122026750390731, 7.776872047767462, 8.431717345144193, 9.086562642520924, 9.741407939897655, 10.396253237274387, 11.051098534651125, 11.705943832027856, 12.360789129404587, 13.015634426781318, 13.67047972415805, 14.32532502153478, 14.980170318911519, 15.63501561628825, 16.28986091366498, 16.944706211041712, 17.599551508418443, 18.254396805795174, 18.909242103171913, 19.564087400548644, 20.218932697925375, 20.873777995302106, 21.528623292678837, 22.18346859005557, 22.838313887432307, 23.493159184809038, 24.14800448218577, 24.8028497795625, 25.45769507693923, 26.112540374315962, 26.7673856716927, 27.422230969069425, 28.07707626644616]], "PDF": [[4.405619737852371e-05, 3.391930501129427e-05, 1.5479850186947233e-05, 4.187611978594796e-06, 6.714999514664951e-07, 6.382714368711426e-08, 3.596207199613275e-09, 1.201057774790867e-10, 2.3790746129468804e-12, 1.8637864972993607e-13, 1.1088853410439348e-11, 4.5991102026704307e-10, 1.1307027858323589e-08, 1.647794249841867e-07, 1.4234342267179249e-06, 7.288734138451112e-06, 2.212344135096371e-05, 3.9812661983549165e-05, 4.2596824344047284e-05, 2.8240384214220027e-05, 1.8191976755751295e-05, 3.106999885002811e-05, 6.371727188765733e-05, 8.939425855749543e-05, 8.826662201222848e-05, 7.378804375289212e-05, 6.254020549409331e-05, 6.369937450032588e-05, 9.709972848042572e-05, 0.00017324888308659154, 0.00028530599629162566, 0.00041142835205147817, 0.0005168843719501613, 0.0005838971955732157, 0.0006205344093129552, 0.0006607983537048945, 0.0007397767172461409, 0.000863468117493095, 0.0010021677854860473, 0.0011249978766046547, 0.0012746355706602314, 0.0014946768730540632, 0.0016982819376013248, 0.00184623143208482, 0.0022399787523128866, 0.003572323402681093, 0.006601170415950512, 0.011065970447463358, 0.015213232300648874, 0.017681381965172424, 0.018844515322551297, 0.019563418905094984, 0.02029174122347715, 0.021465722496736245, 0.02330392494526088, 0.025518305660935176, 0.02808402002893086, 0.03179929673704639, 0.03779098175237186, 0.04623227285908973, 0.05548780387240142, 0.06309755389768006, 0.06770570410742138, 0.07048474281853162, 0.07425145980955546, 0.08068283740649304, 0.0894246854306292, 0.09793485511394934, 0.10159692302722433, 0.09821098785059054, 0.09072599003688347, 0.08166338572924983, 0.06888108163989042, 0.05032602973941467, 0.03037151671329695, 0.01635935329581567, 0.009935605596295466, 0.007619651383802969, 0.006512877745429349, 0.005676811577403648, 0.004931212062909953, 0.0041587978053773825, 0.003249456681681453, 0.0021898676154719883, 0.0011735096272449076, 0.00047774308549121885, 0.00014987104239963227, 3.745011878861333e-05, 7.241984745439274e-06, 9.97230894194695e-07, 2.0338305646823688e-07, 1.0796928881887027e-06, 5.938605551703378e-06, 1.9451303141427515e-05, 3.781693779725119e-05, 4.411422152661979e-05, 3.381962673435602e-05, 2.746063339580326e-05, 3.679067469165761e-05, 4.446411539087257e-05]]}