{"output": [[6.181237665698799, 6.260847071871201, 6.340456478043603, 6.4200658842160045, 6.4996752903884065, 6.5792846965608085, 6.6588941027332105, 6.7385035089056124, 6.818112915078014, 6.897722321250416, 6.977331727422818, 7.05694113359522, 7.136550539767622, 7.216159945940024, 7.295769352112425, 7.375378758284827, 7.454988164457229, 7.534597570629631, 7.614206976802033, 7.693816382974435, 7.773425789146837, 7.853035195319239, 7.932644601491641, 8.012254007664044, 8.091863413836446, 8.171472820008846, 8.25108222618125, 8.33069163235365, 8.410301038526052, 8.489910444698454, 8.569519850870856, 8.649129257043258, 8.72873866321566, 8.808348069388062, 8.887957475560464, 8.967566881732866, 9.047176287905268, 9.12678569407767, 9.206395100250072, 9.286004506422474, 9.365613912594876, 9.445223318767278, 9.52483272493968, 9.604442131112082, 9.684051537284484, 9.763660943456886, 9.843270349629288, 9.92287975580169, 10.002489161974092, 10.082098568146494, 10.161707974318896, 10.241317380491298, 10.3209267866637, 10.400536192836102, 10.480145599008502, 10.559755005180904, 10.639364411353306, 10.718973817525708, 10.79858322369811, 10.878192629870512, 10.957802036042914, 11.037411442215316, 11.117020848387718, 11.19663025456012, 11.276239660732521, 11.355849066904923, 11.435458473077325, 11.515067879249727, 11.59467728542213, 11.674286691594531, 11.753896097766933, 11.833505503939335, 11.913114910111737, 11.99272431628414, 12.072333722456541, 12.151943128628943, 12.231552534801345, 12.311161940973747, 12.39077134714615, 12.470380753318551, 12.549990159490953, 12.629599565663355, 12.709208971835757, 12.788818378008159, 12.868427784180561, 12.948037190352963, 13.027646596525365, 13.107256002697767, 13.186865408870169, 13.26647481504257, 13.346084221214973, 13.425693627387375, 13.505303033559777, 13.584912439732179, 13.66452184590458, 13.744131252076983, 13.823740658249385, 13.903350064421787, 13.982959470594189, 14.06256887676659]], "PDF": [[0.0005204136623631732, 0.0006718571390178572, 0.0008545071469670378, 0.001139317826284488, 0.0016329796500527446, 0.0024383937525990227, 0.0036042626514887167, 0.005095068583811765, 0.006801758945243334, 0.008589136497952328, 0.010362224014836503, 0.012129612323516488, 0.014029741137960263, 0.016286140543523137, 0.01910725885053229, 0.022610426461460047, 0.026833672856151985, 0.031794697480157307, 0.03749624469936415, 0.043867907272854466, 0.05076289111576934, 0.058079984891683374, 0.06588498957479669, 0.0743521853297812, 0.08355422458975335, 0.09333576665313609, 0.10343420431517032, 0.11374133071042548, 0.12444681321412937, 0.13592513003797418, 0.14846070449877904, 0.1620042101407172, 0.17609161696913114, 0.1899718421642218, 0.20290413029603535, 0.2144608216950286, 0.22461350920433787, 0.23353868179111084, 0.24135208816910406, 0.248055367898763, 0.25371821278924445, 0.25862890192353044, 0.2632218651887444, 0.26790968059749243, 0.2730085145391556, 0.2786930923704931, 0.2848325984053894, 0.29081765967527917, 0.29566215774056853, 0.2984417321736687, 0.2987796431572132, 0.2970245752505562, 0.2940236528525951, 0.2906796934195449, 0.2875621493735719, 0.28475450482738457, 0.2819703459952822, 0.27878832995447694, 0.2747920828581927, 0.2696112719441543, 0.26306796325540427, 0.25541436002082185, 0.2472783909991971, 0.23912705225991573, 0.2307264900114978, 0.22126953892176526, 0.21015748721336172, 0.19766925970759375, 0.18483995231117117, 0.17267406190420276, 0.1614442770717948, 0.1506761216932447, 0.13972920159409674, 0.12837855034720164, 0.11692311275742284, 0.10586486198590017, 0.09553507490510758, 0.08595003023764682, 0.0769046258553048, 0.06816574762757421, 0.059641393296553734, 0.05145336760346021, 0.043878637483022544, 0.037185849696394095, 0.03147839915041987, 0.026668305773022566, 0.022587118613396615, 0.019105151947840772, 0.01614697650128928, 0.01363622015404903, 0.011477452558638974, 0.009597394204765398, 0.00796645600926506, 0.006557488317235043, 0.00530519600589526, 0.0041361275812548835, 0.003036175296027708, 0.002066053340128681, 0.0013025920247844852, 0.0007722549295514232]]}