{"S_min_Ks": [[0.7143598378286521]], "S_min_Q": [[0.21470273027934325]], "S_Ks": [[0.7450987228800243]], "S_Q": [[0.22689411486291436]], "S_max_Ks": [[0.7822918451975182]], "S_max_Q": [[0.24100507182316483]], "S_T_min_Ks": [[0.7357891583490717]], "S_T_min_Q": [[0.21290822251493258]], "S_T_Ks": [[0.7650909613207716]], "S_T_Q": [[0.23400565650613397]], "S_T_max_Ks": [[0.7987679082123852]], "S_T_max_Q": [[0.25911568103358956]]}