{"S_min_Ks": [[0.02332458677928164]], "S_min_Q": [[0.9267328412674158]], "S_Ks": [[0.0281934448394977]], "S_Q": [[0.9707549012021753]], "S_max_Ks": [[0.03323874151822562]], "S_max_Q": [[1.0207053165161382]], "S_T_min_Ks": [[0.004810556956355197]], "S_T_min_Q": [[0.9283710345962715]], "S_T_Ks": [[0.03434672168337832]], "S_T_Q": [[0.9706060768499197]], "S_T_max_Ks": [[0.06741844560350167]], "S_T_max_Q": [[1.0109930216850884]]}