{"S_Ks": [[0.0281934448394977]], "S_Q": [[0.9707549012021753]], "S_T_Ks": [[0.03434672168337832]], "S_T_Q": [[0.9706060768499197]]}