{"S_Ks": [[0.7450987228800243]], "S_Q": [[0.22689411486291436]], "S_T_Ks": [[0.7650909613207716]], "S_T_Q": [[0.23400565650613397]]}