{"S_min_Ks": [[0.5296019266156121]], "S_min_Q": [[0.40980242421040125]], "S_Ks": [[0.5544470794210135]], "S_Q": [[0.43354478835748317]], "S_max_Ks": [[0.5811320066875718]], "S_max_Q": [[0.45455821693951426]], "S_T_min_Ks": [[0.5252197336882924]], "S_T_min_Q": [[0.39699089055859843]], "S_T_Ks": [[0.5588751543602024]], "S_T_Q": [[0.42372270788067523]], "S_T_max_Ks": [[0.5894318914499023]], "S_T_max_Q": [[0.45349563583574143]]}