{"S_Ks": [[0.5544470794210135]], "S_Q": [[0.43354478835748317]], "S_T_Ks": [[0.5588751543602024]], "S_T_Q": [[0.42372270788067523]]}