{"Min": [[7.574592879588456]], "SD_min": [[11.425883727410557]], "Mean": [[12.978022866385535]], "SD_max": [[14.530162005360513]], "Max": [[14.965047710966521]]}