{"Min": [[7.574592889188173]], "SD_min": [[11.425883729056219]], "Mean": [[12.978022867113237]], "SD_max": [[14.530162005170256]], "Max": [[14.965047712140906]]}