{"Min": [[7.57459290869979]], "SD_min": [[11.425883730975581]], "Mean": [[12.978022867881512]], "SD_max": [[14.530162004787442]], "Max": [[14.96504770924644]]}