{"Min": [[8.39403379790888]], "SD_min": [[11.282519207407098]], "Mean": [[12.94891444302467]], "SD_max": [[14.615309678642241]], "Max": [[14.76457462517333]]}