{"output": [[7.574592889188173, 7.649243948005878, 7.723895006823581, 7.798546065641286, 7.87319712445899, 7.947848183276695, 8.0224992420944, 8.097150300912103, 8.171801359729807, 8.246452418547513, 8.321103477365217, 8.39575453618292, 8.470405595000626, 8.54505665381833, 8.619707712636034, 8.69435877145374, 8.769009830271443, 8.843660889089147, 8.918311947906851, 8.992963006724557, 9.06761406554226, 9.142265124359964, 9.21691618317767, 9.291567241995374, 9.366218300813077, 9.440869359630783, 9.515520418448487, 9.59017147726619, 9.664822536083896, 9.7394735949016, 9.814124653719304, 9.888775712537008, 9.963426771354714, 10.038077830172417, 10.112728888990121, 10.187379947807827, 10.26203100662553, 10.336682065443235, 10.411333124260938, 10.485984183078644, 10.560635241896348, 10.635286300714053, 10.709937359531757, 10.784588418349461, 10.859239477167165, 10.93389053598487, 11.008541594802574, 11.083192653620278, 11.157843712437984, 11.232494771255688, 11.307145830073392, 11.381796888891095, 11.456447947708801, 11.531099006526505, 11.60575006534421, 11.680401124161914, 11.755052182979618, 11.829703241797322, 11.904354300615026, 11.979005359432731, 12.053656418250437, 12.128307477068141, 12.202958535885845, 12.277609594703549, 12.352260653521252, 12.426911712338958, 12.501562771156662, 12.576213829974368, 12.650864888792071, 12.725515947609775, 12.800167006427479, 12.874818065245183, 12.949469124062889, 13.024120182880592, 13.098771241698298, 13.173422300516002, 13.248073359333706, 13.32272441815141, 13.397375476969115, 13.472026535786819, 13.546677594604525, 13.621328653422228, 13.695979712239932, 13.770630771057636, 13.84528182987534, 13.919932888693046, 13.99458394751075, 14.069235006328455, 14.143886065146159, 14.218537123963863, 14.293188182781567, 14.36783924159927, 14.442490300416976, 14.517141359234682, 14.591792418052385, 14.66644347687009, 14.741094535687793, 14.815745594505497, 14.890396653323203, 14.965047712140906]], "PDF": [[0.0025443607078722784, 0.00383753845129094, 0.005632156690820381, 0.008073210431159272, 0.011065667494527653, 0.014219464783576293, 0.017035457575798288, 0.019171734650964136, 0.020627934459223632, 0.02178219132556447, 0.02320550484707903, 0.025259326644697135, 0.027748678081896277, 0.030002980791645064, 0.03143385878253498, 0.03211364063884763, 0.03277260511410807, 0.03415047362959916, 0.036364340997445545, 0.038930450591582746, 0.04127695182576424, 0.04308614118437386, 0.044225092231044566, 0.04463055309432473, 0.0444216571946048, 0.04401907206694604, 0.04396840293894104, 0.04455589307647482, 0.045613572531279116, 0.04675645453385106, 0.04781473982390683, 0.04899080363732773, 0.05060703619169222, 0.052776584562263446, 0.05532970323562155, 0.05795649269455732, 0.060340613921635186, 0.06222686213718609, 0.06350644981379369, 0.06426562470665036, 0.06464231418020029, 0.06461319329379529, 0.06408670460014525, 0.0632946236732344, 0.062899119164934, 0.0634896498862609, 0.06502366749867852, 0.06691463494633203, 0.06859811351017027, 0.06985416559889998, 0.070699592903021, 0.07126778117765604, 0.07184494904423318, 0.07279083676979049, 0.0742672918083827, 0.07609909919352653, 0.07793666224608546, 0.07947582862546122, 0.0805910044760821, 0.0815228975390466, 0.08296968176362406, 0.08568621003292169, 0.08979441246201886, 0.09457456577774437, 0.09906626719410577, 0.10294181344840828, 0.1068805279362573, 0.11219036598583584, 0.11999876157895471, 0.130542696681022, 0.14307992755737808, 0.15664774676363144, 0.17114316413124767, 0.1877275778017123, 0.20823523187708892, 0.23431432684301665, 0.2669827358036544, 0.30642942856716326, 0.3517504054813342, 0.4009432647960977, 0.45150353370660684, 0.5010681950779313, 0.5470786596220096, 0.5853792438313696, 0.6093730511975985, 0.611749767657711, 0.5885448404244905, 0.5424186079492824, 0.4820520884176002, 0.4177933597385614, 0.356942678842488, 0.30211537598900956, 0.25300683425052184, 0.20899445428163657, 0.1701685080061939, 0.136642707758051, 0.10765584567313449, 0.08180263018412372, 0.058262758403354035, 0.0376446432296448]]}