{"output": [[7.57459290869979, 7.64924396729117, 7.723895025882551, 7.798546084473931, 7.873197143065311, 7.947848201656692, 8.022499260248072, 8.097150318839452, 8.171801377430832, 8.246452436022214, 8.321103494613594, 8.395754553204974, 8.470405611796354, 8.545056670387734, 8.619707728979114, 8.694358787570495, 8.769009846161875, 8.843660904753255, 8.918311963344635, 8.992963021936015, 9.067614080527395, 9.142265139118777, 9.216916197710157, 9.291567256301537, 9.366218314892917, 9.440869373484297, 9.515520432075679, 9.590171490667059, 9.664822549258439, 9.739473607849819, 9.814124666441199, 9.888775725032579, 9.963426783623959, 10.03807784221534, 10.11272890080672, 10.1873799593981, 10.26203101798948, 10.33668207658086, 10.411333135172242, 10.485984193763622, 10.560635252355002, 10.635286310946382, 10.709937369537762, 10.784588428129144, 10.859239486720522, 10.933890545311904, 11.008541603903284, 11.083192662494664, 11.157843721086044, 11.232494779677424, 11.307145838268806, 11.381796896860186, 11.456447955451566, 11.531099014042946, 11.605750072634326, 11.680401131225707, 11.755052189817086, 11.829703248408467, 11.904354306999847, 11.979005365591227, 12.05365642418261, 12.128307482773987, 12.20295854136537, 12.27760959995675, 12.35226065854813, 12.42691171713951, 12.50156277573089, 12.576213834322271, 12.65086489291365, 12.725515951505031, 12.800167010096411, 12.87481806868779, 12.949469127279173, 13.02412018587055, 13.098771244461933, 13.173422303053313, 13.248073361644693, 13.322724420236073, 13.397375478827453, 13.472026537418834, 13.546677596010214, 13.621328654601594, 13.695979713192974, 13.770630771784354, 13.845281830375736, 13.919932888967114, 13.994583947558496, 14.069235006149876, 14.143886064741256, 14.218537123332638, 14.293188181924016, 14.367839240515398, 14.442490299106778, 14.517141357698158, 14.591792416289538, 14.666443474880918, 14.7410945334723, 14.815745592063678, 14.89039665065506, 14.96504770924644]], "PDF": [[0.002544360839421104, 0.0038375386805937625, 0.005632157056112366, 0.008073210946741533, 0.011065668132057479, 0.014219465475188186, 0.017035458238363013, 0.01917173522414956, 0.02062793494603846, 0.021782191801734633, 0.02320550540500063, 0.02525932729892825, 0.027748678725625496, 0.030002981268541326, 0.0314338590291084, 0.03211364075948102, 0.03277260529674691, 0.03415047398252679, 0.03636434147884619, 0.03893045108188597, 0.041276952226755696, 0.043086141440588165, 0.04422509230581982, 0.04463055297824846, 0.0444216569385431, 0.04401907177786035, 0.04396840272655774, 0.044555892996635746, 0.04561357256862022, 0.04675645462956218, 0.047814739922476035, 0.04899080371573152, 0.05060703625294449, 0.052776584610878564, 0.05532970326733271, 0.05795649270681955, 0.060340613921970356, 0.06222686213588274, 0.06350644981160117, 0.06426562468469914, 0.06464231409709671, 0.06461319311337199, 0.06408670434672692, 0.06329462344558988, 0.0628991190651653, 0.06348964994148314, 0.06502366768138321, 0.06691463525676532, 0.06859811398153903, 0.06985416620580107, 0.07069959352000005, 0.07126778167323397, 0.07184494939680808, 0.07279083706353144, 0.07426729213167532, 0.07609909956423563, 0.07793666261825635, 0.07947582893818886, 0.08059100470250877, 0.08152289771576231, 0.08296968197577179, 0.08568621035483413, 0.0897944129035604, 0.09457456628482436, 0.09906626769779334, 0.10294181391732972, 0.10688052839361487, 0.1121903664844688, 0.1199987621548333, 0.13054269732005147, 0.14307992820602178, 0.1566477473785971, 0.17114316472193727, 0.18772757842828944, 0.20823523261665883, 0.23431432775611566, 0.26698273690898006, 0.30642942982175553, 0.35175040678111935, 0.40094326601109653, 0.45150353473207777, 0.5010681958638692, 0.5470786601667327, 0.585379244162575, 0.6093730513716998, 0.6117497677709275, 0.5885448405981267, 0.5424186082784365, 0.4820520889241347, 0.4177933603741484, 0.35694267953760406, 0.3021153767012801, 0.25300683497643894, 0.2089944550376536, 0.1701685088071254, 0.13664270860702488, 0.10765584655601433, 0.0818026310603914, 0.0582627592046657, 0.037644643881678236]]}