{"output": [[8.39403379790888, 8.458382695153976, 8.522731592399072, 8.587080489644167, 8.651429386889262, 8.715778284134357, 8.780127181379454, 8.844476078624549, 8.908824975869644, 8.973173873114739, 9.037522770359836, 9.10187166760493, 9.166220564850025, 9.230569462095122, 9.294918359340217, 9.359267256585312, 9.423616153830407, 9.487965051075504, 9.552313948320599, 9.616662845565694, 9.681011742810789, 9.745360640055885, 9.80970953730098, 9.874058434546075, 9.938407331791172, 10.002756229036267, 10.067105126281362, 10.131454023526457, 10.195802920771554, 10.260151818016649, 10.324500715261744, 10.388849612506839, 10.453198509751935, 10.51754740699703, 10.581896304242125, 10.646245201487222, 10.710594098732317, 10.774942995977412, 10.839291893222509, 10.903640790467604, 10.967989687712699, 11.032338584957794, 11.096687482202888, 11.161036379447985, 11.22538527669308, 11.289734173938175, 11.354083071183272, 11.418431968428367, 11.482780865673462, 11.547129762918559, 11.611478660163653, 11.675827557408748, 11.740176454653843, 11.804525351898938, 11.868874249144035, 11.93322314638913, 11.997572043634225, 12.061920940879322, 12.126269838124417, 12.190618735369512, 12.254967632614608, 12.319316529859703, 12.383665427104798, 12.448014324349893, 12.512363221594988, 12.576712118840085, 12.64106101608518, 12.705409913330275, 12.769758810575372, 12.834107707820467, 12.898456605065562, 12.962805502310658, 13.027154399555751, 13.091503296800848, 13.155852194045943, 13.220201091291038, 13.284549988536135, 13.34889888578123, 13.413247783026325, 13.477596680271422, 13.541945577516517, 13.606294474761611, 13.670643372006708, 13.734992269251801, 13.799341166496898, 13.863690063741993, 13.928038960987088, 13.992387858232185, 14.05673675547728, 14.121085652722375, 14.185434549967471, 14.249783447212566, 14.314132344457661, 14.378481241702758, 14.442830138947851, 14.507179036192948, 14.571527933438043, 14.635876830683138, 14.700225727928235, 14.76457462517333]], "PDF": [[0.03829159582796275, 0.04282702297285339, 0.04752613675130172, 0.05233142105089148, 0.05716450310074331, 0.061924549912786245, 0.066489477329779, 0.07072039360742441, 0.07446917682334458, 0.07758855010660472, 0.07994357968106133, 0.08142326308449524, 0.08195084000290169, 0.08149163661545217, 0.08005759345989466, 0.0777080487743577, 0.07454677394072723, 0.07071562262208411, 0.06638542702538143, 0.061744949279379, 0.056988789116973686, 0.05230518283061715, 0.0478646177566125, 0.043810132197238165, 0.0402500607911445, 0.03725380392251869, 0.03485093920778725, 0.03303366509346673, 0.031762206813084976, 0.03097247891430397, 0.03058504916934367, 0.03051433886834116, 0.030677050687411625, 0.030999027273667965, 0.03142006471068813, 0.03189656327898335, 0.032402215760033826, 0.032927149029921304, 0.03347601849358233, 0.034065516807956185, 0.03472164132147862, 0.035476928425032535, 0.03636776256105531, 0.03743183426654234, 0.03870585294407038, 0.04022368246932369, 0.04201511047335655, 0.044105437820034905, 0.04651595942840315, 0.04926521276830203, 0.05237064344276421, 0.055850149043974145, 0.05972288600483525, 0.06400881133057777, 0.06872669375876277, 0.07389073048423479, 0.07950636551521574, 0.08556631580417927, 0.0920480600482144, 0.09891404414515999, 0.10611556390399204, 0.11360071573759067, 0.12132603587374109, 0.12927060351356517, 0.13745061697223993, 0.14593191888309848, 0.15483777463914, 0.16434947348677886, 0.17469803217059582, 0.18614637080591623, 0.19896266511764685, 0.21338697135017712, 0.229594456173865, 0.24765943503221505, 0.26752475957500316, 0.28898080122285946, 0.31165735296108105, 0.33503032082878953, 0.3584433028297071, 0.38114232557593675, 0.4023204167130044, 0.4211675861424028, 0.4369213345021952, 0.4489130431755575, 0.45660643596687306, 0.45962554193137584, 0.4577709778165925, 0.4510246570098972, 0.439544029435321, 0.42364756911718254, 0.4037934621820403, 0.3805533994902167, 0.35458317847653315, 0.3265915975767437, 0.2973089715565338, 0.2674565343669521, 0.23771799761165113, 0.2087145306296363, 0.18098434920034875, 0.15496789205980854]]}