{"output": [[7.574592879588456, 7.649243938491265, 7.723894997394074, 7.798546056296883, 7.873197115199691, 7.9478481741025, 8.022499233005309, 8.097150291908118, 8.171801350810926, 8.246452409713735, 8.321103468616544, 8.395754527519353, 8.470405586422162, 8.54505664532497, 8.619707704227778, 8.694358763130587, 8.769009822033397, 8.843660880936206, 8.918311939839013, 8.992962998741822, 9.067614057644631, 9.14226511654744, 9.216916175450248, 9.291567234353057, 9.366218293255866, 9.440869352158675, 9.515520411061484, 9.590171469964293, 9.6648225288671, 9.73947358776991, 9.814124646672719, 9.888775705575528, 9.963426764478335, 10.038077823381144, 10.112728882283953, 10.187379941186762, 10.262031000089571, 10.33668205899238, 10.411333117895188, 10.485984176797997, 10.560635235700806, 10.635286294603615, 10.709937353506422, 10.784588412409231, 10.85923947131204, 10.93389053021485, 11.008541589117659, 11.083192648020468, 11.157843706923275, 11.232494765826084, 11.307145824728893, 11.381796883631702, 11.45644794253451, 11.531099001437319, 11.605750060340128, 11.680401119242937, 11.755052178145746, 11.829703237048555, 11.904354295951363, 11.979005354854172, 12.05365641375698, 12.128307472659788, 12.202958531562597, 12.277609590465406, 12.352260649368215, 12.426911708271025, 12.501562767173834, 12.576213826076643, 12.65086488497945, 12.72551594388226, 12.800167002785068, 12.874818061687876, 12.949469120590685, 13.024120179493494, 13.098771238396303, 13.173422297299112, 13.248073356201921, 13.32272441510473, 13.397375474007537, 13.472026532910347, 13.546677591813156, 13.621328650715963, 13.695979709618772, 13.770630768521581, 13.84528182742439, 13.9199328863272, 13.994583945230008, 14.069235004132818, 14.143886063035625, 14.218537121938434, 14.293188180841241, 14.36783923974405, 14.44249029864686, 14.517141357549669, 14.591792416452478, 14.666443475355287, 14.741094534258096, 14.815745593160905, 14.890396652063712, 14.965047710966521]], "PDF": [[0.0025443606462081094, 0.0038375383427754544, 0.005632156516544368, 0.0080732101829862, 0.011065667184638257, 0.014219464444006787, 0.017035457247337592, 0.019171734364289927, 0.02062793421389498, 0.021782191084240524, 0.023205504563121083, 0.02525932631043637, 0.02774867775208883, 0.03000298054795494, 0.0314338586604171, 0.03211364058712456, 0.03277260503597798, 0.03415047346613558, 0.03636434076624028, 0.038930450352919456, 0.04127695163292541, 0.043086141071127404, 0.04422509222180129, 0.044630553198647976, 0.044421657389342194, 0.04401907229592073, 0.04396840313643381, 0.04455589319638202, 0.045613572566453264, 0.04675645451679934, 0.047814739804869895, 0.04899080365285341, 0.05060703625004228, 0.052776584654120585, 0.05532970334883373, 0.057956492814696524, 0.06034061402891442, 0.06222686221532643, 0.06350644986447612, 0.0642656247561305, 0.06464231427111809, 0.06461319345566274, 0.06408670481248788, 0.06329462386643671, 0.06289911927386223, 0.06348964989482898, 0.065023667412586, 0.06691463473699778, 0.06859811313153034, 0.06985416507439535, 0.07069959235600735, 0.0712677807399912, 0.07184494874624368, 0.07279083653817642, 0.0742672915569709, 0.07609909889730575, 0.07793666194183639, 0.07947582836816966, 0.08059100429351658, 0.0815228974053966, 0.0829696816088504, 0.08568620978812692, 0.08979441210613076, 0.09457456534634967, 0.09906626674627896, 0.10294181302077475, 0.10688052751816692, 0.11219036553118382, 0.11999876104615814, 0.13054269607113933, 0.14307992691339777, 0.15664774612450982, 0.17114316348314082, 0.187727577071949, 0.2082352309663609, 0.2343143256613635, 0.2669827342983677, 0.30642942674973533, 0.3517504034416047, 0.40094326267994684, 0.4515035316656535, 0.5010681932369099, 0.5470786580976527, 0.5853792427771888, 0.6093730507999944, 0.6117497680440812, 0.5885448415473196, 0.5424186095609196, 0.48205209017827433, 0.41779336138014694, 0.35694268026205667, 0.3021153772156823, 0.25300683534461166, 0.20899445526383725, 0.1701685088571727, 0.13664270845654908, 0.1076558462222633, 0.08180263060531255, 0.05826275871619811, 0.03764464344512628]]}