{"S_Ks": [[0.11450744609678354]], "S_Q": [[0.82918312738034]], "S_T_Ks": [[0.16209793101835027]], "S_T_Q": [[0.8863983168068414]]}