{"S_min_Ks": [[-0.008022023153376634]], "S_min_Q": [[0.06790491238499441]], "S_Ks": [[0.0699193224995004]], "S_Q": [[0.6860993189373652]], "S_max_Ks": [[0.15501083203805194]], "S_max_Q": [[1.1691003574600685]], "S_T_min_Ks": [[-0.6902581301738896]], "S_T_min_Q": [[0.2860668789034184]], "S_T_Ks": [[-0.004946675180374004]], "S_T_Q": [[0.9571777979667161]], "S_T_max_Ks": [[0.34861183206383295]], "S_T_max_Q": [[1.3968118050715184]]}