{"S_min_Ks": [[0.10424860974956733]], "S_min_Q": [[0.7837967689651648]], "S_Ks": [[0.11450744560042618]], "S_Q": [[0.8291831283659024]], "S_max_Ks": [[0.1249983826197636]], "S_max_Q": [[0.8680285962298271]], "S_T_min_Ks": [[0.13522501627774594]], "S_T_min_Q": [[0.8471033171939418]], "S_T_Ks": [[0.16209793009651394]], "S_T_Q": [[0.8863983172963094]], "S_T_max_Ks": [[0.19502538395444854]], "S_T_max_Q": [[0.9223398166924114]]}