{"S_Ks": [[0.1145074465969989]], "S_Q": [[0.8291831263363134]], "S_T_Ks": [[0.16209793195551422]], "S_T_Q": [[0.8863983163172281]]}