{"S_min_Ks": [[0.10424861023041247]], "S_min_Q": [[0.7837967681352246]], "S_Ks": [[0.11450744609678354]], "S_Q": [[0.82918312738034]], "S_max_Ks": [[0.12499838310605228]], "S_max_Q": [[0.8680285951664543]], "S_T_min_Ks": [[0.13522501718793942]], "S_T_min_Q": [[0.847103316728519]], "S_T_Ks": [[0.16209793101835027]], "S_T_Q": [[0.8863983168068414]], "S_T_max_Ks": [[0.19502538471463113]], "S_T_max_Q": [[0.922339816065243]]}