{"S_Ks": [[0.0699193224995004]], "S_Q": [[0.6860993189373652]], "S_T_Ks": [[-0.004946675180374004]], "S_T_Q": [[0.9571777979667161]]}