{"S_Ks": [[0.11450744560042618]], "S_Q": [[0.8291831283659024]], "S_T_Ks": [[0.16209793009651394]], "S_T_Q": [[0.8863983172963094]]}