{"S_min_Ks": [[0.10424861071330382]], "S_min_Q": [[0.7837967672670539]], "S_Ks": [[0.1145074465969989]], "S_Q": [[0.8291831263363134]], "S_max_Ks": [[0.12499838359076941]], "S_max_Q": [[0.868028594025269]], "S_T_min_Ks": [[0.13522501812292603]], "S_T_min_Q": [[0.8471033162639139]], "S_T_Ks": [[0.16209793195551422]], "S_T_Q": [[0.8863983163172281]], "S_T_max_Ks": [[0.1950253854596491]], "S_T_max_Q": [[0.9223398153812272]]}