{"x": [[8000.0, 16000.0, 24000.0, 32000.0, 8000.0, 16000.0, 24000.0, 32000.0, 8000.0, 16000.0, 24000.0, 32000.0, 8000.0, 16000.0, 24000.0, 32000.0]], "y": [[8000.0, 8000.0, 8000.0, 8000.0, 16000.0, 16000.0, 16000.0, 16000.0, 24000.0, 24000.0, 24000.0, 24000.0, 32000.0, 32000.0, 32000.0, 32000.0]], "Correlation-YY": [[1.0, 0.9680937863939605, -0.5732783543634321, -0.5266009144399278, 0.9680937863939605, 1.0, -0.749014433643719, -0.7174637139293666, -0.5732783543634321, -0.749014433643719, 1.0, 0.9919316977823752, -0.5266009144399278, -0.7174637139293666, 0.9919316977823752, 1.0]], "Covariance": [[5.963218952560758, 6.861555689303438, -1.4898541053850074, -0.3012998529627597, 6.861555689303438, 8.424217360720796, -2.3136240424959755, -0.4879121760435124, -1.4898541053850074, -2.3136240424959755, 1.1325976078672821, 0.24734123310240877, -0.3012998529627597, -0.4879121760435124, 0.24734123310240877, 0.054897664143145446]]}