{"x": [[8000.0, 16000.0, 24000.0, 32000.0]], "Min": [[-1.5723788854824865, -1.7382461251756651, -9.802445135829931, -9.971377749915238]], "SD_min": [[0.9196024307074113, -0.13639668844573727, -9.687972383918392, -9.984463665404004]], "Mean": [[3.3232820245918924, 2.7669519711043313, -8.57479187633735, -9.738143037443537]], "SD_max": [[5.726961618476373, 5.6703006306544, -7.461611368756309, -9.49182240948307]], "Max": [[14.769264000643012, 14.77691402450118, -4.953950344316855, -8.71102686585363]]}