{"S_min_Ks": [[0.49660006340485285]], "S_min_Q": [[0.02927555909696511]], "S_Ks": [[0.6113104105384586]], "S_Q": [[0.07681675680511557]], "S_max_Ks": [[0.6890657066473533]], "S_max_Q": [[0.12815414356560256]], "S_T_min_Ks": [[0.7779971299911618]], "S_T_min_Q": [[0.3003715526557267]], "S_T_Ks": [[0.8861577075008825]], "S_T_Q": [[0.3915944983770353]], "S_T_max_Ks": [[0.9931885737400662]], "S_T_max_Q": [[0.4696719493115137]]}