{"x": [[8000.0], [16000.0], [24000.0], [32000.0]], "S_Ks": [[0.48842177691289357], [0.6401138827201293], [1.1151138833908265], [1.163844335242291]], "S_Q": [[0.11764009894969502], [0.0494876564951548], [0.05399852248151462], [0.04939769551764563]], "S_T_Ks": [[0.8442905742016737], [0.9053190616443664], [0.9825417501336262], [0.974823252320553]], "S_T_Q": [[0.48982420070028804], [0.36388887930264846], [0.025403627745809676], [0.02459406009579303]]}