{"x": [[8000.0, 16000.0, 24000.0, 32000.0, 8000.0, 16000.0, 24000.0, 32000.0, 8000.0, 16000.0, 24000.0, 32000.0, 8000.0, 16000.0, 24000.0, 32000.0]], "y": [[8000.0, 8000.0, 8000.0, 8000.0, 16000.0, 16000.0, 16000.0, 16000.0, 24000.0, 24000.0, 24000.0, 24000.0, 32000.0, 32000.0, 32000.0, 32000.0]], "Correlation-YY": [[1.0, 0.9729870287712413, -0.5625989254308799, -0.5235950175400556, 0.9729870287712413, 1.0, -0.7287397345979776, -0.7017881899729352, -0.5625989254308799, -0.7287397345979776, 1.0, 0.9925685641703968, -0.5235950175400556, -0.7017881899729352, 0.9925685641703968, 1.0]], "Covariance": [[6.9051570822994215, 7.878840550713058, -1.5792653736956757, -0.3234701577746773, 7.878840550713058, 9.495918076025852, -2.3988901621368925, -0.5084244984405855, -1.5792653736956757, -2.3988901621368925, 1.1411398386136737, 0.24927681324534384, -0.3234701577746773, -0.5084244984405855, 0.24927681324534384, 0.05527183302825111]]}