{"x": [[8000.0, 16000.0, 24000.0, 32000.0]], "Min": [[-0.11828664453221638, -1.173504504336429, -9.809054357118761, -9.972555683375578]], "SD_min": [[0.7988683525522076, -0.18678512684110515, -9.683944061263675, -9.983143511126658]], "Mean": [[3.5667679952369125, 3.048199881065252, -8.613245058969056, -9.74664907678052]], "SD_max": [[6.334667637921617, 6.2831848889716095, -7.542546056674437, -9.510154642434381]], "Max": [[17.604038186664216, 17.60226247539307, -5.498013429067761, -8.928157827157253]]}