{"x": [[8000.0], [16000.0], [24000.0], [32000.0]], "S_Ks": [[0.6440159514632999], [0.749516562212959], [0.947471047839268], [0.93730319741839]], "S_Q": [[0.23670615446297788], [0.13913561723610907], [0.03290459171932236], [0.03313883327275506]], "S_T_Ks": [[0.8036601015635256], [0.8723311234661353], [0.9458420885631517], [0.9588420892808444]], "S_T_Q": [[0.4255622062015003], [0.30274361409665945], [0.07772584055840057], [0.09109388627002173]]}