{"S_min_Ks": [[0.6083525057731517]], "S_min_Q": [[0.07702890941157264]], "S_Ks": [[0.7257263624668612]], "S_Q": [[0.16738374305448114]], "S_max_Ks": [[0.8515867728415148]], "S_max_Q": [[0.2378009167740897]], "S_T_min_Ks": [[0.7133220784487931]], "S_T_min_Q": [[0.21890560819605415]], "S_T_Ks": [[0.8523984967592203]], "S_T_Q": [[0.33088893099135935]], "S_T_max_Ks": [[0.9780291139248639]], "S_T_max_Q": [[0.43056076721618375]]}