{"Min": [[-54.71512633163376]], "SD_min": [[3.0260639633971724]], "Mean": [[7.494192036404397]], "SD_max": [[11.962320109411621]], "Max": [[17.491618123854252]]}