{"Min": [[-36.75260817385034]], "SD_min": [[0.4792421234298363]], "Mean": [[5.3526253875849115]], "SD_max": [[10.226008651739987]], "Max": [[28.07707626644616]]}