{"Min": [[6.033079120662611]], "SD_min": [[8.955506954187932]], "Mean": [[10.177140883510871]], "SD_max": [[11.39877481283381]], "Max": [[14.467618417046019]]}