{"Min": [[-15.685256120096248]], "SD_min": [[-1.6618086829161127]], "Mean": [[2.803922057778877]], "SD_max": [[7.269652798473866]], "Max": [[24.310388357034444]]}