{"Min": [[-49.57309026793305]], "SD_min": [[1.02905477206569]], "Mean": [[5.958571848297322]], "SD_max": [[10.888088924528954]], "Max": [[31.221727115498485]]}