{"output": [[-15.685256120096248, -15.281259711236343, -14.877263302376436, -14.47326689351653, -14.069270484656624, -13.665274075796718, -13.261277666936813, -12.857281258076906, -12.453284849217, -12.049288440357094, -11.645292031497188, -11.241295622637281, -10.837299213777376, -10.43330280491747, -10.029306396057564, -9.625309987197658, -9.221313578337753, -8.817317169477846, -8.413320760617939, -8.009324351758035, -7.605327942898128, -7.201331534038221, -6.797335125178316, -6.393338716318411, -5.989342307458504, -5.585345898598598, -5.181349489738691, -4.777353080878786, -4.373356672018881, -3.9693602631589737, -3.5653638542990684, -3.1613674454391614, -2.757371036579256, -2.353374627719351, -1.9493782188594437, -1.5453818099995384, -1.1413854011396314, -0.7373889922797261, -0.3333925834198208, 0.07060382544008625, 0.47460023429999154, 0.8785966431598986, 1.2825930520198057, 1.6865894608797092, 2.0905858697396162, 2.4945822785995233, 2.898578687459427, 3.302575096319334, 3.706571505179241, 4.1105679140391445, 4.5145643228990515, 4.918560731758959, 5.322557140618866, 5.726553549478769, 6.130549958338676, 6.534546367198583, 6.938542776058487, 7.342539184918394, 7.746535593778301, 8.150532002638204, 8.554528411498111, 8.958524820358019, 9.362521229217926, 9.76651763807783, 10.170514046937736, 10.574510455797643, 10.978506864657547, 11.382503273517454, 11.786499682377361, 12.190496091237268, 12.594492500097171, 12.998488908957079, 13.402485317816986, 13.806481726676889, 14.210478135536796, 14.614474544396703, 15.018470953256607, 15.422467362116514, 15.82646377097642, 16.230460179836328, 16.63445658869623, 17.038452997556135, 17.442449406416046, 17.84644581527595, 18.25044222413586, 18.654438632995763, 19.058435041855667, 19.462431450715577, 19.86642785957548, 20.270424268435384, 20.674420677295295, 21.0784170861552, 21.482413495015102, 21.886409903875013, 22.290406312734916, 22.69440272159482, 23.09839913045473, 23.502395539314634, 23.906391948174537, 24.310388357034444]], "PDF": [[8.391528817536332e-05, 0.00011729491269577157, 0.00016695090731097298, 0.00022009391974582088, 0.0002452262603806071, 0.00023963056888641696, 0.00023520738552789617, 0.000253503680256588, 0.0002863471845716206, 0.00031987783213029754, 0.00036290382427294404, 0.00044661433118390215, 0.0005782009743266834, 0.0007081077667652136, 0.0007944159293790777, 0.0008938377465956298, 0.0011351977384081492, 0.001586184781653445, 0.0021547186234206024, 0.002620916039326377, 0.002792879946106308, 0.0026689630443053358, 0.002459560300034072, 0.0024980687646561452, 0.0031301574802434255, 0.004602358946222529, 0.007112629374144282, 0.011183534980169564, 0.017907918598717147, 0.028063973956405436, 0.04078790085514532, 0.0542921079190878, 0.06765922751608627, 0.08023519365896335, 0.09001028776637005, 0.09447235347484594, 0.09289507022448858, 0.08717823819140873, 0.08042751725015186, 0.07478415316398698, 0.07080603016938294, 0.06839749525601221, 0.06756238868053163, 0.06829697685719227, 0.07005991793845881, 0.07160754603902461, 0.07170972344799323, 0.07026371635836964, 0.06837943416766262, 0.06696082520278959, 0.0656416802215763, 0.06358844029018929, 0.06073622766732798, 0.05783214550497294, 0.05586350730349682, 0.05557959163486191, 0.0569380661105806, 0.058749729430421144, 0.05920288019836998, 0.05714419436200703, 0.05297817277960794, 0.04793235873919367, 0.042429102094815534, 0.036097969324107124, 0.029339810481623246, 0.023573207494974227, 0.019838269031110033, 0.01798630354508211, 0.016980735322881205, 0.015412828140597296, 0.012315186147675239, 0.008114768722733982, 0.00427324508458419, 0.0018106339959201528, 0.0006757887399154817, 0.00029699944652188657, 0.0001970706678627683, 0.00015966513969813462, 0.00013339747313267144, 0.00011553016511358785, 0.00010354437089305257, 9.03720489209224e-05, 6.896633652313986e-05, 4.1272409095570734e-05, 1.802521653111889e-05, 5.5401201672586675e-06, 1.17925237061519e-06, 1.7267965022785804e-07, 1.7347717570910066e-08, 1.194721926979521e-09, 6.964178320317782e-11, 3.3442706743265656e-10, 5.6904325921122304e-09, 6.666904561493723e-08, 5.349069657346781e-07, 2.9390316925533043e-06, 1.1058654288387046e-05, 2.8495238106118563e-05, 5.028220282609794e-05, 6.076147351400406e-05]]}