{"output": [[-54.71512633163376, -53.98576527652782, -53.25640422142188, -52.52704316631594, -51.79768211121, -51.06832105610407, -50.33896000099813, -49.60959894589219, -48.88023789078625, -48.15087683568031, -47.42151578057437, -46.69215472546843, -45.96279367036249, -45.23343261525655, -44.50407156015061, -43.774710505044666, -43.045349449938726, -42.315988394832786, -41.58662733972685, -40.85726628462091, -40.12790522951497, -39.39854417440903, -38.66918311930309, -37.93982206419715, -37.21046100909121, -36.48109995398528, -35.75173889887934, -35.0223778437734, -34.29301678866746, -33.56365573356152, -32.83429467845558, -32.10493362334964, -31.375572568243697, -30.646211513137757, -29.916850458031817, -29.18748940292588, -28.45812834781994, -27.728767292714, -26.99940623760806, -26.27004518250212, -25.540684127396183, -24.811323072290243, -24.081962017184303, -23.352600962078363, -22.623239906972422, -21.893878851866482, -21.164517796760542, -20.435156741654602, -19.70579568654866, -18.97643463144273, -18.24707357633679, -17.517712521230848, -16.788351466124908, -16.058990411018968, -15.329629355913028, -14.600268300807087, -13.870907245701147, -13.141546190595207, -12.412185135489267, -11.682824080383334, -10.953463025277394, -10.224101970171454, -9.494740915065513, -8.765379859959573, -8.036018804853633, -7.306657749747693, -6.577296694641753, -5.847935639535812, -5.118574584429872, -4.389213529323932, -3.659852474217999, -2.930491419112059, -2.2011303640061186, -1.4717693089001784, -0.7424082537942382, -0.013047198688298067, 0.7163138564176421, 1.4456749115235823, 2.1750359666295225, 2.9043970217354627, 3.6337580768413957, 4.363119131947336, 5.092480187053276, 5.821841242159216, 6.5512022972651565, 7.280563352371097, 8.009924407477037, 8.739285462582977, 9.468646517688917, 10.198007572794857, 10.927368627900798, 11.656729683006738, 12.386090738112678, 13.115451793218618, 13.844812848324558, 14.574173903430498, 15.303534958536439, 16.032896013642365, 16.762257068748305, 17.491618123854252]], "PDF": [[0.00010068719021597111, 0.00010609853237533648, 4.203110275480432e-05, 1.4606724634491092e-06, 3.5694282140805856e-09, 6.076970272193688e-13, 7.205610171451478e-18, 5.950373493729023e-24, 9.22351650045366e-29, 6.845204142872869e-22, 3.5512418922619137e-16, 1.283109483920585e-11, 3.2287675808219446e-08, 5.658475813561009e-06, 6.906433216912345e-05, 5.901264943633886e-05, 2.3198791319973026e-05, 8.880029904155311e-05, 2.7835584600213023e-05, 6.077792028470717e-07, 9.242320636171463e-10, 3.838186879018543e-12, 1.3378883958231829e-08, 3.332901324068849e-06, 5.782486585793728e-05, 6.987091348277192e-05, 5.879871263586975e-06, 3.4461084680384145e-08, 1.741115432393697e-10, 1.883147405802446e-07, 1.5963587346904446e-05, 0.00011705912141858941, 0.0001476650884615562, 0.0001088504799514573, 5.060651006129647e-05, 0.00010374356810355792, 0.00010555653168124938, 3.5526645138063676e-05, 1.7433724987743549e-06, 3.3244992291613145e-05, 0.00014286881073425817, 9.043382651706793e-05, 1.51191239022408e-05, 7.685714039390597e-05, 6.891960095557722e-05, 0.00012980586810516594, 0.00018149978115125856, 7.867400614642134e-05, 4.576825129507382e-06, 1.406609420277775e-05, 0.0001242097201797256, 0.00026664543152107113, 0.0003174170656431679, 0.0002396300232938836, 0.00037304431656513977, 0.000436747565597963, 0.0002992573882508546, 0.000717641172797434, 0.0016310672645249021, 0.0021245219740669346, 0.0022363522579646766, 0.0020659405782421703, 0.0027647198648163445, 0.003486654007227218, 0.004078139036926987, 0.004435956373253955, 0.004462363898356182, 0.004778705263374341, 0.00542708074201334, 0.006582553056931354, 0.007297497329922042, 0.00725295596639632, 0.007866583342312423, 0.008494652240309687, 0.0085430573566328, 0.010238374364864933, 0.011665830221031117, 0.012335980234352508, 0.014251511152047959, 0.017851430691094867, 0.019639848150003924, 0.024847255052400246, 0.03100482757102026, 0.039938808521205675, 0.05431701730257792, 0.07844833658659094, 0.1625864967958219, 0.26254127744981043, 0.23277124584172282, 0.17458415157587226, 0.06246369581233143, 0.02925736394703025, 0.01716597839098817, 0.01071200058075866, 0.006601454792389644, 0.003795377092237723, 0.0023658516204552744, 0.001774938274278596, 0.0009114897237253002, 0.0004691821865123067]]}