{"output": [[-36.75260817385034, -36.09776287647361, -35.44291757909688, -34.78807228172015, -34.13322698434341, -33.47838168696668, -32.82353638958995, -32.168691092213216, -31.51384579483648, -30.85900049745975, -30.204155200083015, -29.549309902706284, -28.894464605329553, -28.23961930795282, -27.584774010576087, -26.929928713199356, -26.27508341582262, -25.62023811844589, -24.96539282106916, -24.310547523692428, -23.655702226315693, -23.000856928938962, -22.346011631562227, -21.691166334185496, -21.036321036808765, -20.38147573943203, -19.7266304420553, -19.071785144678568, -18.416939847301833, -17.762094549925102, -17.10724925254837, -16.452403955171636, -15.797558657794905, -15.142713360418174, -14.48786806304144, -13.833022765664708, -13.178177468287977, -12.523332170911242, -11.868486873534511, -11.21364157615778, -10.558796278781045, -9.903950981404314, -9.249105684027583, -8.594260386650848, -7.939415089274117, -7.284569791897386, -6.6297244945206515, -5.97487919714392, -5.320033899767189, -4.665188602390458, -4.01034330501372, -3.3554980076369887, -2.7006527102602575, -2.0458074128835264, -1.3909621155067953, -0.7361168181300641, -0.08127152075332589, 0.5735737766234053, 1.2284190740001364, 1.8832643713768675, 2.5381096687535987, 3.19295496613033, 3.847800263507068, 4.502645560883799, 5.15749085826053, 5.8123361556372615, 6.467181453013993, 7.122026750390731, 7.776872047767462, 8.431717345144193, 9.086562642520924, 9.741407939897655, 10.396253237274387, 11.051098534651125, 11.705943832027856, 12.360789129404587, 13.015634426781318, 13.67047972415805, 14.32532502153478, 14.980170318911519, 15.63501561628825, 16.28986091366498, 16.944706211041712, 17.599551508418443, 18.254396805795174, 18.909242103171913, 19.564087400548644, 20.218932697925375, 20.873777995302106, 21.528623292678837, 22.18346859005557, 22.838313887432307, 23.493159184809038, 24.14800448218577, 24.8028497795625, 25.45769507693923, 26.112540374315962, 26.7673856716927, 27.422230969069425, 28.07707626644616]], "PDF": [[4.405621291311959e-05, 3.3919310716763515e-05, 1.5479844227248844e-05, 4.187606505370654e-06, 6.714982070363295e-07, 6.382687194823924e-08, 3.5961845944877483e-09, 1.2010473459754378e-10, 2.3790473677953996e-12, 1.8637612573306046e-13, 1.108873849344374e-11, 4.599074623193336e-10, 1.1306965918756619e-08, 1.6477883366125504e-07, 1.4234312830930437e-06, 7.288727460625208e-06, 2.2123438401854304e-05, 3.981267311518155e-05, 4.2596837625936416e-05, 2.824038096052892e-05, 1.8191960026939773e-05, 3.1069983865950404e-05, 6.371727689394839e-05, 8.939427926141388e-05, 8.826663087361978e-05, 7.378804073819544e-05, 6.25401983686656e-05, 6.369935194201857e-05, 9.709969858576224e-05, 0.0001732488582297728, 0.0002853059855496664, 0.000411428367407385, 0.0005168843991663605, 0.0005838972178552925, 0.0006205344069561368, 0.0006607983257135478, 0.0007397766849546243, 0.0008634681064517636, 0.0010021678018794424, 0.0011249978597999198, 0.0012746355123097743, 0.0014946768856820912, 0.0016982819971104617, 0.001846231289577958, 0.002239978131522466, 0.003572322200250696, 0.006601169335764915, 0.011065970689146465, 0.015213233560605471, 0.017681382864119986, 0.018844515584312084, 0.019563418907846027, 0.020291740912788344, 0.02146572200660141, 0.023303924710416327, 0.025518305479230435, 0.028084019279092334, 0.0317992951472856, 0.03779097997984814, 0.046232272257766396, 0.055487805046582545, 0.06309755608211289, 0.06770570545759172, 0.07048474206163123, 0.07425145789341678, 0.08068283573970095, 0.08942468541428654, 0.09793485852729653, 0.10159692816583157, 0.09821099057266958, 0.09072599074736636, 0.08166338822286126, 0.06888108599100312, 0.050326030914138564, 0.030371512274660676, 0.016359347848997507, 0.009935602915122205, 0.007619650694584861, 0.006512877597460816, 0.005676811514813364, 0.004931212081335532, 0.004158797902321155, 0.0032494567966691993, 0.002189867593896222, 0.0011735093937971979, 0.00047774282474174183, 0.00014987090029735305, 3.745006808016506e-05, 7.241970621580267e-06, 9.972279278895162e-07, 2.0338222422908115e-07, 1.0796904217535575e-06, 5.9385992506274174e-06, 1.9451298761064666e-05, 3.7816946726863624e-05, 4.411423467086094e-05, 3.3819623421656274e-05, 2.7460620658592427e-05, 3.6790675880143565e-05, 4.446412972238593e-05]]}