{"output": [[-49.57309026793305, -48.756981001433736, -47.94087173493443, -47.12476246843512, -46.30865320193581, -45.4925439354365, -44.6764346689372, -43.86032540243789, -43.044216135938576, -42.22810686943927, -41.41199760293996, -40.59588833644065, -39.77977906994134, -38.96366980344204, -38.14756053694273, -37.331451270443424, -36.51534200394411, -35.6992327374448, -34.88312347094549, -34.06701420444619, -33.25090493794688, -32.43479567144757, -31.61868640494826, -30.802577138448953, -29.986467871949642, -29.170358605450335, -28.354249338951025, -27.538140072451718, -26.72203080595241, -25.9059215394531, -25.089812272953793, -24.273703006454483, -23.457593739955175, -22.64148447345587, -21.825375206956558, -21.00926594045725, -20.19315667395794, -19.377047407458633, -18.560938140959326, -17.744828874460016, -16.92871960796071, -16.112610341461398, -15.296501074962087, -14.480391808462784, -13.664282541963473, -12.848173275464163, -12.03206400896486, -11.215954742465549, -10.399845475966238, -9.583736209466934, -8.767626942967624, -7.951517676468313, -7.135408409969003, -6.319299143469699, -5.503189876970389, -4.687080610471078, -3.8709713439717746, -3.054862077472464, -2.2387528109731534, -1.4226435444738499, -0.6065342779745393, 0.2095749885247713, 1.025684255024082, 1.8417935215233854, 2.657902788022696, 3.4740120545220066, 4.29012132102131, 5.106230587520621, 5.922339854019931, 6.738449120519242, 7.554558387018545, 8.370667653517856, 9.186776920017167, 10.00288618651647, 10.81899545301578, 11.635104719515091, 12.451213986014395, 13.267323252513705, 14.083432519013016, 14.89954178551232, 15.71565105201163, 16.53176031851094, 17.34786958501025, 18.16397885150956, 18.980088118008872, 19.79619738450817, 20.61230665100748, 21.42841591750679, 22.2445251840061, 23.06063445050541, 23.87674371700472, 24.692852983504018, 25.50896225000333, 26.32507151650264, 27.14118078300195, 27.95729004950126, 28.77339931600057, 29.58950858249988, 30.405617848999178, 31.221727115498485]], "PDF": [[4.691457671124301e-05, 2.9600581620244413e-05, 7.434941771130443e-06, 7.434294878597868e-07, 2.959285591245585e-08, 4.689417343295482e-10, 2.982318694583623e-12, 8.697705858025515e-12, 1.2592653312979787e-09, 7.328438004147323e-08, 1.7144941894878726e-06, 1.6147793286575528e-05, 6.157524040512893e-05, 9.870056387662335e-05, 8.318748828279396e-05, 6.746478134920948e-05, 6.385269598225013e-05, 5.678445768340571e-05, 3.17580607025573e-05, 8.060474929683177e-06, 1.8990797081477937e-06, 9.512332760821383e-06, 3.33762811840334e-05, 4.859648488160241e-05, 4.363410426832839e-05, 6.827976201290757e-05, 9.248062096226706e-05, 6.1641992403223e-05, 4.21553444877136e-05, 6.126452731334235e-05, 7.227357827591141e-05, 6.304191317905205e-05, 5.747791101619791e-05, 7.395061613354345e-05, 0.00010068648151924141, 0.00011322533632707487, 8.99834365437605e-05, 5.259110608443534e-05, 2.971784747332673e-05, 5.287207795773808e-05, 0.00010521996298954433, 0.00018168902124548572, 0.00030928698611699837, 0.000367718244707776, 0.0002611995176875193, 0.00017359652815284121, 0.0002470014335304989, 0.0005087575102570869, 0.0010088393122243066, 0.0016918333817584148, 0.002326169959597575, 0.002775799913874074, 0.0031257539515724716, 0.004460468035759326, 0.008926466893217624, 0.01604608819549006, 0.021457969202086088, 0.023766169429729082, 0.024376754260571776, 0.024758650864711067, 0.02593384021739363, 0.02794037877786817, 0.03030170540114246, 0.033069515759363684, 0.036176406890447134, 0.039981605763118926, 0.046001475788874216, 0.055394622509102494, 0.06861148550914088, 0.08890973168850612, 0.11938143370166848, 0.13985223355492432, 0.12094563050661748, 0.08214149034107293, 0.05779727866829018, 0.04571977924038107, 0.03270454388794848, 0.018636512809802264, 0.00978441538685338, 0.004962153157017862, 0.0017829978333175828, 0.0003564656441576323, 3.7250980771742775e-05, 2.0892802390743492e-06, 6.266821121129716e-08, 1.0405128298791422e-09, 9.828438846687071e-09, 3.2198855283097387e-07, 4.20190779261863e-06, 2.182918444283968e-05, 4.51453877522788e-05, 3.716842422167711e-05, 1.2182033684114286e-05, 1.5894656074263575e-06, 8.302819240183112e-08, 3.129998374532102e-08, 7.434435402832648e-07, 7.434941817179738e-06, 2.9600581620304617e-05, 4.691457671124301e-05]]}