{"output": [[6.033079120662611, 6.118276487292746, 6.203473853922882, 6.2886712205530175, 6.373868587183153, 6.459065953813289, 6.544263320443424, 6.629460687073559, 6.714658053703695, 6.79985542033383, 6.885052786963966, 6.970250153594101, 7.055447520224236, 7.140644886854372, 7.225842253484507, 7.311039620114643, 7.396236986744778, 7.4814343533749135, 7.566631720005049, 7.651829086635185, 7.73702645326532, 7.822223819895456, 7.907421186525591, 7.992618553155726, 8.077815919785861, 8.163013286415996, 8.248210653046133, 8.333408019676268, 8.418605386306403, 8.503802752936538, 8.589000119566673, 8.67419748619681, 8.759394852826945, 8.84459221945708, 8.929789586087216, 9.01498695271735, 9.100184319347488, 9.185381685977623, 9.270579052607758, 9.355776419237893, 9.440973785868028, 9.526171152498163, 9.611368519128298, 9.696565885758435, 9.78176325238857, 9.866960619018705, 9.95215798564884, 10.037355352278976, 10.122552718909112, 10.207750085539248, 10.292947452169383, 10.378144818799518, 10.463342185429653, 10.54853955205979, 10.633736918689923, 10.71893428532006, 10.804131651950195, 10.88932901858033, 10.974526385210467, 11.0597237518406, 11.144921118470737, 11.230118485100872, 11.315315851731008, 11.400513218361144, 11.485710584991278, 11.570907951621415, 11.65610531825155, 11.741302684881685, 11.82650005151182, 11.911697418141955, 11.996894784772092, 12.082092151402227, 12.167289518032362, 12.252486884662497, 12.337684251292632, 12.42288161792277, 12.508078984552903, 12.59327635118304, 12.678473717813175, 12.76367108444331, 12.848868451073447, 12.93406581770358, 13.019263184333717, 13.104460550963852, 13.189657917593987, 13.274855284224124, 13.360052650854257, 13.445250017484394, 13.53044738411453, 13.615644750744664, 13.7008421173748, 13.786039484004935, 13.871236850635071, 13.956434217265205, 14.041631583895342, 14.126828950525477, 14.212026317155612, 14.297223683785747, 14.382421050415884, 14.467618417046019]], "PDF": [[0.00019931609355175494, 0.00018831804757317588, 0.00015999684606032434, 0.00013750448314040278, 0.00013965724730820954, 0.00016982248146680095, 0.00021835477411261857, 0.0002782620273490573, 0.0003635297302586353, 0.0005156149780089889, 0.0007927660300528999, 0.0012550949501858892, 0.0019688450152532374, 0.0030390076180663124, 0.00464151916724634, 0.00700134573221012, 0.01030181494307356, 0.01459758626265438, 0.01982965923175983, 0.025941708350788177, 0.03298059691778622, 0.04108380197433354, 0.050390942207359686, 0.06100015506885732, 0.07303250782608277, 0.08672864034566695, 0.10241110604174361, 0.12023003150408723, 0.13986028210384566, 0.16046980531914126, 0.18106105041569825, 0.20088471745855108, 0.21955187805274534, 0.23684862851466537, 0.25258594287862224, 0.2666623059347503, 0.27912219893451673, 0.28995054533893727, 0.2987614124040447, 0.3048326498702736, 0.30762045666028953, 0.30732085848316154, 0.30495323926461293, 0.3018916152516567, 0.2991941387173159, 0.29713593875940975, 0.29518020421834745, 0.2924067733626083, 0.2881722303203456, 0.28258228616724096, 0.2764167062865522, 0.2705217375082067, 0.26512228255708575, 0.2596125596810443, 0.25301966249505653, 0.24479124937230928, 0.2352971997504676, 0.22566890286073965, 0.21711956092394546, 0.21025564566665833, 0.20483012849275156, 0.20001378452779267, 0.19490814303758133, 0.18893743172611496, 0.18193237806320778, 0.17397242597350177, 0.1651938515014405, 0.15572427188687915, 0.1457388871197246, 0.13551038172976068, 0.1253522702026893, 0.11547991668736997, 0.10589987283936249, 0.09643212287161856, 0.08688554190485137, 0.07727417158426884, 0.06788984218753832, 0.059156910281027195, 0.051399912625349216, 0.04471282739180636, 0.03897752442297023, 0.033951878626806216, 0.029370927348638123, 0.025053871154889534, 0.02097593992033686, 0.017245786061264576, 0.014005314239388115, 0.011336770032671922, 0.009231391105921817, 0.00760599010179539, 0.00633289956275243, 0.005271968766160939, 0.004310035975326411, 0.0033977007941071885, 0.0025544987404670532, 0.0018328779866629223, 0.0012707870319815296, 0.0008686038767343411, 0.0005958512730911779, 0.0004107539208455866]]}