{"S_Ks": [[0.6350347929407619]], "S_Q": [[0.3453393637131707]], "S_T_Ks": [[0.6535641127304592]], "S_T_Q": [[0.35980273656487893]]}