{"S_min_Ks": [[0.2797729321816888]], "S_min_Q": [[0.03372750627894171]], "S_Ks": [[0.30275980385265744]], "S_Q": [[0.059331061457086956]], "S_max_Ks": [[0.3309583752403455]], "S_max_Q": [[0.08450008436330089]], "S_T_min_Ks": [[0.9115246487013184]], "S_T_min_Q": [[0.6972056991160446]], "S_T_Ks": [[0.9489148820106081]], "S_T_Q": [[0.7273718012728038]], "S_T_max_Ks": [[0.9897722088347498]], "S_T_max_Q": [[0.7563769008178737]]}