{"S_Ks": [[0.43023620605774643]], "S_Q": [[0.07109952932928573]], "S_T_Ks": [[0.8911342909615559]], "S_T_Q": [[0.5794056387809698]]}