{"S_min_Ks": [[0.3408292251479354]], "S_min_Q": [[0.10654296339126668]], "S_Ks": [[0.37101438811764575]], "S_Q": [[0.149579088034594]], "S_max_Ks": [[0.40923133955886853]], "S_max_Q": [[0.19264878729683244]], "S_T_min_Ks": [[0.8507233385964605]], "S_T_min_Q": [[0.6054728450189749]], "S_T_Ks": [[0.8992148264306057]], "S_T_Q": [[0.6484496088203475]], "S_T_max_Ks": [[0.9479076635370511]], "S_T_max_Q": [[0.683035464750774]]}