{"S_min_Ks": [[0.4368333168302242]], "S_min_Q": [[0.1167143817043012]], "S_Ks": [[0.5094566475473747]], "S_Q": [[0.15906904512792164]], "S_max_Ks": [[0.5765704153659712]], "S_max_Q": [[0.20658179390806516]], "S_T_min_Ks": [[0.7458726571225005]], "S_T_min_Q": [[0.45513052792063535]], "S_T_Ks": [[0.8714674492486698]], "S_T_Q": [[0.5246796666142276]], "S_T_max_Ks": [[0.9729505241685964]], "S_T_max_Q": [[0.5805037541629717]]}