{"S_Ks": [[0.37101438811764575]], "S_Q": [[0.149579088034594]], "S_T_Ks": [[0.8992148264306057]], "S_T_Q": [[0.6484496088203475]]}