{"S_min_Ks": [[0.3908102465635068]], "S_min_Q": [[0.03321774085497625]], "S_Ks": [[0.43023620605774643]], "S_Q": [[0.07109952932928573]], "S_max_Ks": [[0.4772741367540481]], "S_max_Q": [[0.11623456606555496]], "S_T_min_Ks": [[0.8149076238133852]], "S_T_min_Q": [[0.529601469040934]], "S_T_Ks": [[0.8911342909615559]], "S_T_Q": [[0.5794056387809698]], "S_T_max_Ks": [[0.9793583754621156]], "S_T_max_Q": [[0.6288375885124586]]}