{"S_Ks": [[0.5094566475473747]], "S_Q": [[0.15906904512792164]], "S_T_Ks": [[0.8714674492486698]], "S_T_Q": [[0.5246796666142276]]}