{"S_Ks": [[0.30275980385265744]], "S_Q": [[0.059331061457086956]], "S_T_Ks": [[0.9489148820106081]], "S_T_Q": [[0.7273718012728038]]}