{"S_min_Ks": [[0.6083983588022981]], "S_min_Q": [[0.32748251192522393]], "S_Ks": [[0.6350347929407619]], "S_Q": [[0.3453393637131707]], "S_max_Ks": [[0.6621425946639289]], "S_max_Q": [[0.3637159374801684]], "S_T_min_Ks": [[0.622000142022992]], "S_T_min_Q": [[0.33214260292747916]], "S_T_Ks": [[0.6535641127304592]], "S_T_Q": [[0.35980273656487893]], "S_T_max_Ks": [[0.6763597019792036]], "S_T_max_Q": [[0.38059034381137336]]}