{"x": [[8000.0, 16000.0, 24000.0, 32000.0, 8000.0, 16000.0, 24000.0, 32000.0, 8000.0, 16000.0, 24000.0, 32000.0, 8000.0, 16000.0, 24000.0, 32000.0]], "y": [[8000.0, 8000.0, 8000.0, 8000.0, 16000.0, 16000.0, 16000.0, 16000.0, 24000.0, 24000.0, 24000.0, 24000.0, 32000.0, 32000.0, 32000.0, 32000.0]], "Correlation-YY": [[1.0, 0.9650883316505422, -0.5557374039150574, -0.5078329461077583, 0.9650883316505422, 1.0, -0.7427032158302562, -0.7103875085672856, -0.5557374039150574, -0.7427032158302562, 1.0, 0.991295087649151, -0.5078329461077583, -0.7103875085672856, 0.991295087649151, 1.0]], "Covariance": [[5.756021261775254, 6.64948738649391, -1.4515442912875673, -0.29526834871240315, 6.64948738649391, 8.247452328097824, -2.322066648034475, -0.49441319299777825, -1.4515442912875673, -2.322066648034475, 1.1852199110305173, 0.2615394771964466, -0.29526834871240315, -0.49441319299777825, 0.2615394771964466, 0.05873130564642092]]}