{"x": [[8000.0, 16000.0, 24000.0, 32000.0]], "Min": [[0.5825878529201289, -1.0103383150756264, -9.78016171337219, -9.968726255059345]], "SD_min": [[1.2635469753206205, 0.4449439824171746, -9.787656049020091, -10.001461298885864]], "Mean": [[3.598348720710086, 3.1934739347647545, -8.791083517990332, -9.784152340465255]], "SD_max": [[5.933150466099551, 5.942003887112334, -7.7945109869605735, -9.566843382044645]], "Max": [[12.201727325755522, 12.197224301700986, -4.931756735672815, -8.697780718310376]]}