{"x": [[8000.0], [16000.0], [24000.0], [32000.0]], "S_Ks": [[0.5005138411054847], [0.6060396097772837], [0.8494909933890522], [0.826274600524963]], "S_Q": [[0.16607192016528624], [0.08816552612182081], [0.03472375567401959], [0.029980957235925348]], "S_T_Ks": [[0.829076181033587], [0.8882478763158502], [0.9374282224144442], [0.9334917058887441]], "S_T_Q": [[0.44209861042549203], [0.31552015635840763], [0.044488262464466605], [0.06073017215985724]]}