{"S_min_Ks": [[0.47396322637304356]], "S_min_Q": [[0.059473421252262876]], "S_Ks": [[0.5844940735393083]], "S_Q": [[0.11377171925683537]], "S_max_Ks": [[0.6924432892653115]], "S_max_Q": [[0.14991473103607797]], "S_T_min_Ks": [[0.7182318000798955]], "S_T_min_Q": [[0.2417353861925175]], "S_T_Ks": [[0.8694365613356203]], "S_T_Q": [[0.3429463786776189]], "S_T_max_Ks": [[1.0180772065270862]], "S_T_max_Q": [[0.4422473479274431]]}