{"Min": [[-22.037661302053326]], "SD_min": [[9.941065807209206]], "Mean": [[16.87831040484691]], "SD_max": [[23.815555002484615]], "Max": [[47.41935720463211]]}