{"Min": [[17.222601024705842]], "SD_min": [[18.886992121337766]], "Mean": [[19.813370066192512]], "SD_max": [[20.739748011047258]], "Max": [[21.95209635455012]]}