{"output": [[-22.037661302053326, -21.336075256531252, -20.634489211009175, -19.9329031654871, -19.231317119965027, -18.52973107444295, -17.828145028920876, -17.1265589833988, -16.424972937876724, -15.72338689235465, -15.021800846832576, -14.3202148013105, -13.618628755788425, -12.917042710266351, -12.215456664744275, -11.513870619222201, -10.812284573700126, -10.11069852817805, -9.409112482655976, -8.7075264371339, -8.005940391611826, -7.304354346089751, -6.602768300567675, -5.901182255045601, -5.1995962095235235, -4.49801016400145, -3.7964241184793757, -3.0948380729573017, -2.3932520274352242, -1.6916659819131503, -0.9900799363910764, -0.2884938908689989, 0.413092154653075, 1.114678200175149, 1.8162642456972264, 2.5178502912193004, 3.2194363367413743, 3.921022382263452, 4.622608427785526, 5.3241944733076, 6.025780518829674, 6.727366564351751, 7.428952609873825, 8.130538655395899, 8.832124700917976, 9.53371074644005, 10.235296791962124, 10.936882837484202, 11.63846888300628, 12.34005492852835, 13.041640974050427, 13.743227019572497, 14.444813065094575, 15.146399110616652, 15.847985156138723, 16.5495712016608, 17.251157247182878, 17.952743292704948, 18.654329338227026, 19.355915383749103, 20.057501429271174, 20.75908747479325, 21.46067352031533, 22.1622595658374, 22.863845611359476, 23.565431656881554, 24.267017702403624, 24.9686037479257, 25.67018979344778, 26.37177583896985, 27.073361884491927, 27.774947930014005, 28.476533975536075, 29.178120021058152, 29.87970606658023, 30.5812921121023, 31.282878157624378, 31.984464203146455, 32.68605024866852, 33.3876362941906, 34.08922233971268, 34.790808385234754, 35.49239443075683, 36.193980476278895, 36.89556652180097, 37.59715256732305, 38.29873861284513, 39.000324658367205, 39.70191070388928, 40.403496749411346, 41.10508279493342, 41.8066688404555, 42.50825488597758, 43.209840931499656, 43.91142697702173, 44.61301302254381, 45.31459906806589, 46.01618511358795, 46.71777115911003, 47.41935720463211]], "PDF": [[0.0001411647026541791, 0.0002772154430636102, 0.0004926052088464548, 0.0007210466971210909, 0.000749915266397974, 0.0006808751286335284, 0.0007222052399829243, 0.0008398834786273692, 0.0010513695921402129, 0.0012886987230688804, 0.0013904988715492874, 0.0014608470610887683, 0.0014904598812188754, 0.0013321749492174228, 0.0011614719701892534, 0.001089320177977126, 0.0012558578156018952, 0.0015986171621888323, 0.002007630049126727, 0.0022791179301714414, 0.002265755896640787, 0.002312883668735188, 0.0026408047482941233, 0.002827701441329319, 0.002840678895925419, 0.002786580885715314, 0.0027019897944140754, 0.00271032720321967, 0.0027700559162610974, 0.0029181587104878714, 0.0032111703640284005, 0.0033776692157637244, 0.003417722942039805, 0.003843865071202491, 0.004469978074838412, 0.004489937771172115, 0.0044910964396486525, 0.00465315766147033, 0.005012697689112278, 0.005736498939819138, 0.006431641149684079, 0.006842215995178337, 0.00725769471381581, 0.007940698524396385, 0.008677054127979105, 0.009050186744973572, 0.008950114482665425, 0.009534660544048884, 0.014978516807955651, 0.028831614706320414, 0.04767089355635612, 0.06562528980140035, 0.07231980158387243, 0.0686426852766224, 0.06492444143562431, 0.06501477956146817, 0.06725193289639575, 0.06988777204305428, 0.07438477751079403, 0.08145621789539173, 0.08697948123140078, 0.09032039403632365, 0.09030311041926818, 0.0833155271874247, 0.06994130671333966, 0.04905914044419791, 0.026964651090281025, 0.01501401310643931, 0.01072342368607874, 0.008973510492550832, 0.006978296439348741, 0.0036702760112446954, 0.0013018257299202017, 0.0005268230539222456, 0.0002464785264180955, 0.00015147189670392113, 0.00016582800601763723, 0.00022261820880390055, 0.0002529120984189574, 0.00022220849598276625, 0.0001795116596538787, 0.00018462213256569728, 0.0001873845591475292, 0.00013758008644019294, 0.0001435496843781176, 0.0001698681805738552, 0.00019143525819971112, 0.00021609129785297545, 0.00016861533765876222, 0.00015503495986797045, 0.00021532396339037118, 0.0001768179594338599, 8.191652233750382e-05, 6.097166448451874e-05, 5.300807135022602e-05, 3.387099730136228e-05, 5.21919967964342e-05, 7.252902640177108e-05, 9.872813110582457e-05, 0.00011606301605620986]]}