{"output": [[17.222601024705842, 17.27037370480528, 17.318146384904715, 17.365919065004153, 17.41369174510359, 17.461464425203026, 17.509237105302464, 17.557009785401902, 17.60478246550134, 17.652555145600775, 17.700327825700214, 17.748100505799652, 17.795873185899087, 17.843645865998525, 17.891418546097963, 17.939191226197398, 17.986963906296836, 18.034736586396274, 18.082509266495713, 18.130281946595147, 18.178054626694585, 18.225827306794024, 18.27359998689346, 18.321372666992897, 18.369145347092335, 18.41691802719177, 18.464690707291208, 18.512463387390646, 18.56023606749008, 18.60800874758952, 18.655781427688957, 18.703554107788396, 18.75132678788783, 18.79909946798727, 18.846872148086707, 18.89464482818614, 18.94241750828558, 18.990190188385018, 19.037962868484456, 19.08573554858389, 19.13350822868333, 19.181280908782767, 19.229053588882202, 19.27682626898164, 19.32459894908108, 19.372371629180513, 19.42014430927995, 19.46791698937939, 19.515689669478824, 19.563462349578263, 19.6112350296777, 19.659007709777136, 19.706780389876574, 19.754553069976012, 19.80232575007545, 19.850098430174885, 19.897871110274323, 19.94564379037376, 19.9934164704732, 20.041189150572635, 20.088961830672073, 20.13673451077151, 20.184507190870946, 20.232279870970384, 20.280052551069822, 20.327825231169257, 20.375597911268695, 20.423370591368133, 20.471143271467568, 20.518915951567006, 20.566688631666445, 20.61446131176588, 20.662233991865318, 20.710006671964756, 20.757779352064194, 20.80555203216363, 20.853324712263067, 20.901097392362505, 20.94887007246194, 20.996642752561378, 21.044415432660816, 21.092188112760255, 21.13996079285969, 21.187733472959128, 21.235506153058566, 21.283278833158, 21.33105151325744, 21.378824193356877, 21.42659687345631, 21.47436955355575, 21.522142233655188, 21.569914913754623, 21.61768759385406, 21.6654602739535, 21.713232954052934, 21.761005634152372, 21.80877831425181, 21.85655099435125, 21.904323674450684, 21.95209635455012]], "PDF": [[0.0065500995973436, 0.010408365596612611, 0.014802917893052884, 0.01936491525860473, 0.023810230246175224, 0.027957085064624146, 0.031750681478090785, 0.0353737478973753, 0.03932820924967281, 0.04411908903421483, 0.0496904030667264, 0.055477001918159574, 0.06113617157871156, 0.0667925604370265, 0.07243509044685259, 0.07770880752071813, 0.08267868690237347, 0.08823256674077737, 0.09519334004455221, 0.10338612185010387, 0.11204017041937488, 0.12073857404756508, 0.1293359347345464, 0.1371961030922566, 0.14354691415125206, 0.14890172420368591, 0.1551576184688883, 0.16366491633293725, 0.1737927641606342, 0.18371313038476672, 0.19212007774986936, 0.199159714589587, 0.20603309187918475, 0.2136981632195611, 0.22222936694464873, 0.231746236505626, 0.24300349726380016, 0.2558736445491901, 0.26797680853019257, 0.27645151230835824, 0.28114660507048195, 0.28504625924588955, 0.29142357943843383, 0.3012664214247705, 0.3136211958360132, 0.327555973296668, 0.34294933494751917, 0.35967616884927023, 0.37664986133914524, 0.39150307443583554, 0.40118325330511734, 0.4039052714253357, 0.40151247028433534, 0.39959872364239035, 0.4041823857336304, 0.4172872807449757, 0.435129267911332, 0.45048061765852593, 0.4573763375475628, 0.4543601404375265, 0.4440385615770207, 0.4303381290433639, 0.4161483995451522, 0.4024790336769116, 0.38895354664313664, 0.3751307110878305, 0.36163217255265984, 0.3498511124763578, 0.34043814334777595, 0.3324212096361118, 0.3240622783755095, 0.3143153127005726, 0.3031659880913076, 0.29082819997083037, 0.27742704296666176, 0.2638167462602607, 0.2516518559324934, 0.2416175645014101, 0.232389102170967, 0.22228419702026125, 0.2110774757270733, 0.19944191998839322, 0.1876749547789095, 0.17583444235412285, 0.16433644841426664, 0.153639024965733, 0.14358723611246818, 0.1333443295836205, 0.12194151747934827, 0.10912570925556017, 0.09585109952762969, 0.08359095993699983, 0.07287627442128673, 0.06279467873769005, 0.05214495163596425, 0.04079606018145949, 0.029754780888603057, 0.020216666877072246, 0.012790235580175308, 0.0074538927657733095]]}