{"S_Ks": [[0.13492897201844165]], "S_Q": [[0.16087355376484835]], "S_T_Ks": [[0.832213124742083]], "S_T_Q": [[0.849951436563398]]}