{"S_min_Ks": [[0.0996244161129754]], "S_min_Q": [[0.11801272164436435]], "S_Ks": [[0.13492897201844165]], "S_Q": [[0.16087355376484835]], "S_max_Ks": [[0.1692700197798879]], "S_max_Q": [[0.2062730592096308]], "S_T_min_Ks": [[0.7499804016336576]], "S_T_min_Q": [[0.7798990126998087]], "S_T_Ks": [[0.832213124742083]], "S_T_Q": [[0.849951436563398]], "S_T_max_Ks": [[0.8951372998324393]], "S_T_max_Q": [[0.9089766079054934]]}