{"S_min_Ks": [[0.49375367112928226]], "S_min_Q": [[0.45708336008642875]], "S_Ks": [[0.5206138950647844]], "S_Q": [[0.47606409257906696]], "S_max_Ks": [[0.5412320691647043]], "S_max_Q": [[0.49775394761185593]], "S_T_min_Ks": [[0.49690158668151907]], "S_T_min_Q": [[0.44795113894625216]], "S_T_Ks": [[0.5265432939308052]], "S_T_Q": [[0.47373317396988673]], "S_T_max_Ks": [[0.5550895114844092]], "S_T_max_Q": [[0.5116825886357698]]}