{"S_Ks": [[0.5206138950647844]], "S_Q": [[0.47606409257906696]], "S_T_Ks": [[0.5265432939308052]], "S_T_Q": [[0.47373317396988673]]}