{"Min": [[-12.647706014321876]], "SD_min": [[-1.1413623988535093]], "Mean": [[4.948443349322195]], "SD_max": [[11.0382490974979]], "Max": [[22.809842771113296]]}