{"Min": [[11.12458422745006]], "SD_min": [[11.732118283361944]], "Mean": [[12.505351905154171]], "SD_max": [[13.278585526946399]], "Max": [[13.88621791078726]]}