{"output": [[-12.647706014321876, -12.289548955883138, -11.931391897444398, -11.573234839005659, -11.21507778056692, -10.85692072212818, -10.498763663689441, -10.140606605250703, -9.782449546811964, -9.424292488373224, -9.066135429934485, -8.707978371495745, -8.349821313057006, -7.991664254618268, -7.633507196179528, -7.27535013774079, -6.91719307930205, -6.559036020863311, -6.200878962424572, -5.842721903985833, -5.484564845547094, -5.126407787108355, -4.768250728669615, -4.410093670230877, -4.0519366117921365, -3.693779553353398, -3.3356224949146593, -2.9774654364759208, -2.6193083780371804, -2.261151319598442, -1.9029942611597033, -1.544837202720963, -1.1866801442822243, -0.8285230858434858, -0.4703660274047454, -0.11220896896600685, 0.24594808947273172, 0.6041051479114721, 0.9622622063502106, 1.3204192647889492, 1.6785763232276878, 2.036733381666428, 2.3948904401051667, 2.7530474985439053, 3.1112045569826456, 3.469361615421384, 3.827518673860123, 4.185675732298861, 4.5438327907376035, 4.901989849176342, 5.260146907615081, 5.618303966053819, 5.976461024492558, 6.334618082931296, 6.692775141370035, 7.050932199808777, 7.409089258247516, 7.767246316686254, 8.125403375124993, 8.483560433563731, 8.84171749200247, 9.199874550441212, 9.55803160887995, 9.91618866731869, 10.274345725757428, 10.632502784196166, 10.990659842634905, 11.348816901073643, 11.706973959512386, 12.065131017951124, 12.423288076389863, 12.781445134828601, 13.13960219326734, 13.497759251706078, 13.85591631014482, 14.21407336858356, 14.572230427022298, 14.930387485461036, 15.288544543899775, 15.646701602338513, 16.004858660777252, 16.363015719215994, 16.721172777654733, 17.07932983609347, 17.43748689453221, 17.79564395297095, 18.153801011409687, 18.51195806984843, 18.870115128287168, 19.228272186725906, 19.586429245164645, 19.944586303603387, 20.302743362042122, 20.660900420480864, 21.0190574789196, 21.37721453735834, 21.735371595797083, 22.09352865423582, 22.45168571267456, 22.809842771113296]], "PDF": [[0.0002505618473219824, 0.0003646186394971464, 0.0005324236857642726, 0.0008345562589461666, 0.0013419873858123877, 0.002066803913494133, 0.002972426987382886, 0.003986438018599552, 0.004944023328661926, 0.005625728869351084, 0.0059938044798256455, 0.0063313816444826, 0.0071037948137882565, 0.008734495213305857, 0.011363559582715795, 0.014607472496842078, 0.017649187630109406, 0.019756436994223785, 0.020729704912286828, 0.020892812863144546, 0.020781209362506003, 0.02087657566932087, 0.021514620192807317, 0.02278846243501039, 0.024465089978628653, 0.02616867449408212, 0.02764740165673907, 0.028826467266768095, 0.029832060255711255, 0.031008745277328463, 0.032600303752116255, 0.03432630087787429, 0.035612106596376585, 0.03636557589123698, 0.03705510434703351, 0.03786324163382656, 0.038478229075827125, 0.03911975339554551, 0.04108081330505824, 0.04552573334807344, 0.051927097156541854, 0.0581111980679981, 0.06192318286676381, 0.06297900253990406, 0.06281532500104, 0.06297235679932589, 0.063104252967584, 0.061747337295985465, 0.05870120527137752, 0.055549478088413796, 0.05379315232061689, 0.05336838910457338, 0.053229762566063446, 0.052639844400893976, 0.05147080855353488, 0.04989851625734083, 0.048354917579174914, 0.047462406599704805, 0.047587969833653564, 0.04853167743813241, 0.04980022890864533, 0.051066503708236, 0.052363463489404766, 0.05391518752554625, 0.055865617316693775, 0.058325800133729934, 0.061358107815368976, 0.0643613932798979, 0.06554156277619881, 0.0627528626159431, 0.055695240294119236, 0.04684867625501657, 0.03917847648610826, 0.0334175849983166, 0.028306504248542776, 0.022731304474133938, 0.01704625142759259, 0.012569935847579278, 0.010114722904379191, 0.009286782885156159, 0.009113601450480388, 0.00887209545931647, 0.008241138939757186, 0.007088279987229874, 0.00543785955441408, 0.0035912125171953754, 0.002024339749145452, 0.001031769384689999, 0.0005489599289197321, 0.0003391334799897414, 0.0002269999562417757, 0.00014540617323402722, 8.161447708831596e-05, 3.757288085256569e-05, 1.4156798000905078e-05, 7.628613130287897e-06, 1.4490546047791642e-05, 3.289350218289158e-05, 5.511317442025742e-05, 6.550722168958059e-05]]}