{"output": [[11.12458422745006, 11.152479517180739, 11.180374806911416, 11.208270096642096, 11.236165386372775, 11.264060676103453, 11.291955965834132, 11.31985125556481, 11.34774654529549, 11.375641835026169, 11.403537124756847, 11.431432414487526, 11.459327704218206, 11.487222993948883, 11.515118283679563, 11.54301357341024, 11.57090886314092, 11.5988041528716, 11.626699442602277, 11.654594732332956, 11.682490022063636, 11.710385311794314, 11.738280601524993, 11.76617589125567, 11.79407118098635, 11.82196647071703, 11.849861760447707, 11.877757050178387, 11.905652339909066, 11.933547629639744, 11.961442919370423, 11.989338209101101, 12.01723349883178, 12.04512878856246, 12.073024078293138, 12.100919368023817, 12.128814657754496, 12.156709947485174, 12.184605237215854, 12.212500526946531, 12.24039581667721, 12.26829110640789, 12.296186396138568, 12.324081685869247, 12.351976975599927, 12.379872265330604, 12.407767555061284, 12.435662844791963, 12.463558134522641, 12.49145342425332, 12.519348713983998, 12.547244003714678, 12.575139293445357, 12.603034583176035, 12.630929872906714, 12.658825162637392, 12.686720452368071, 12.71461574209875, 12.742511031829428, 12.770406321560108, 12.798301611290787, 12.826196901021465, 12.854092190752144, 12.881987480482824, 12.909882770213502, 12.937778059944181, 12.965673349674859, 12.993568639405538, 13.021463929136218, 13.049359218866895, 13.077254508597575, 13.105149798328252, 13.133045088058932, 13.160940377789611, 13.18883566752029, 13.216730957250968, 13.244626246981648, 13.272521536712325, 13.300416826443005, 13.328312116173684, 13.356207405904362, 13.384102695635042, 13.41199798536572, 13.439893275096399, 13.467788564827078, 13.495683854557756, 13.523579144288435, 13.551474434019113, 13.579369723749792, 13.607265013480472, 13.635160303211151, 13.663055592941829, 13.690950882672508, 13.718846172403186, 13.746741462133865, 13.774636751864545, 13.802532041595223, 13.830427331325902, 13.85832262105658, 13.88621791078726]], "PDF": [[0.11544827176472519, 0.16266828044833082, 0.21231169363193741, 0.25895283732396673, 0.29810476132478353, 0.32742479449756, 0.3469441819020968, 0.3584343071844698, 0.3644157161689109, 0.36730399500815103, 0.3689224674980078, 0.37035753271676497, 0.3720315862412482, 0.3738974524715824, 0.3757028698021638, 0.3772504939234499, 0.3785280185654018, 0.3796244850401631, 0.3805122129658492, 0.3809121460525368, 0.3804066740048679, 0.378745775767672, 0.37611136557141284, 0.3731204785337473, 0.3705441456547741, 0.3689397065717203, 0.36845431598287803, 0.36889162049241847, 0.36990275681235796, 0.37111265719804826, 0.3721513975551986, 0.3726976736390963, 0.3725890060741007, 0.37191876135998186, 0.3710140046524405, 0.37028196962769677, 0.37000693864476103, 0.37021127964864703, 0.3706729999432319, 0.3711135382566882, 0.37144495370537145, 0.37188468822420906, 0.37280948374037526, 0.37441323494437884, 0.3764128785745193, 0.37805613998232257, 0.3784890408474417, 0.37726783877540826, 0.37466408947247715, 0.37154476408568693, 0.3689219197990012, 0.36749406119443784, 0.3674505414642211, 0.3685608486354786, 0.37038124235384234, 0.37242592068515556, 0.37427243871854776, 0.3756389427260968, 0.3764492970026839, 0.3768584881026247, 0.37719050129526555, 0.37775495941056086, 0.3785826808295339, 0.37924863269784026, 0.3790078239633412, 0.37729390148166897, 0.37427846368765155, 0.3710033976838784, 0.3688610480026084, 0.3687394857515099, 0.3704635878354172, 0.37293704100460934, 0.37484110141479227, 0.3753664239985325, 0.3745272755868105, 0.37299020687444406, 0.3716675870355819, 0.371342933789324, 0.37241382330446293, 0.3747387954722156, 0.3776446647287591, 0.3801881602666387, 0.3816051964199273, 0.3816701438461065, 0.38070032841553253, 0.37921076307291834, 0.3775035116217438, 0.3755122391366969, 0.37298357860234604, 0.36976189144757304, 0.36582438169646175, 0.3609087243659106, 0.3539415980877835, 0.34273478755979087, 0.32437176878260804, 0.29634855187043646, 0.25801881496327606, 0.21153702832395954, 0.16161786322021998, 0.11407446310994492]]}