{"S_Ks": [[0.14893991636980683]], "S_Q": [[0.10489418464623135]], "S_T_Ks": [[0.8860224224748535]], "S_T_Q": [[0.8550336551051142]]}