{"S_Ks": [[0.0013273717573639464]], "S_Q": [[1.0131656920664176]], "S_T_Ks": [[0.0014720775598721337]], "S_T_Q": [[1.0159107654927557]]}