{"S_min_Ks": [[0.0003796128006077473]], "S_min_Q": [[0.9741957922583961]], "S_Ks": [[0.0013273717573639464]], "S_Q": [[1.0131656920664176]], "S_max_Ks": [[0.0022326859758081564]], "S_max_Q": [[1.0486600884247053]], "S_T_min_Ks": [[-0.014075597612408008]], "S_T_min_Q": [[0.9892155363189117]], "S_T_Ks": [[0.0014720775598721337]], "S_T_Q": [[1.0159107654927557]], "S_T_max_Ks": [[0.01964080151105186]], "S_T_max_Q": [[1.0425982918677623]]}