{"S_min_Ks": [[0.12821046181508577]], "S_min_Q": [[0.08093537333294953]], "S_Ks": [[0.14893991636980683]], "S_Q": [[0.10489418464623135]], "S_max_Ks": [[0.1782677966245707]], "S_max_Q": [[0.1293668289018176]], "S_T_min_Ks": [[0.859889624376985]], "S_T_min_Q": [[0.8211707919816533]], "S_T_Ks": [[0.8860224224748535]], "S_T_Q": [[0.8550336551051142]], "S_T_max_Ks": [[0.9197239976764169]], "S_T_max_Q": [[0.8828383223174058]]}