{"Min": [[-83.19517855542578]], "SD_min": [[2.093916718950937]], "Mean": [[8.161503483516926]], "SD_max": [[14.229090248082915]], "Max": [[74.75381605716694]]}