{"Min": [[8.438134148313377]], "SD_min": [[12.131525639087796]], "Mean": [[12.910204845821305]], "SD_max": [[13.688884052554814]], "Max": [[13.952412435036834]]}