{"Min": [[8.674733193938541]], "SD_min": [[12.093625333993483]], "Mean": [[12.930672800408276]], "SD_max": [[13.76772026682307]], "Max": [[16.654619004825456]]}