{"Min": [[-52.86779411836979]], "SD_min": [[8.338759565500643]], "Mean": [[11.911864088058046]], "SD_max": [[15.484968610615448]], "Max": [[66.2029237101115]]}