{"Min": [[-46.26399379610667]], "SD_min": [[10.410001289419164]], "Mean": [[12.545827215069687]], "SD_max": [[14.681653140720211]], "Max": [[32.400015777623445]]}