{"Min": [[-78.32144241672252]], "SD_min": [[2.0614464106214756]], "Mean": [[8.192822107089103]], "SD_max": [[14.324197803556732]], "Max": [[54.37164158029468]]}