{"output": [[-83.19517855542578, -81.5997341653996, -80.00428977537341, -78.40884538534722, -76.81340099532103, -75.21795660529483, -73.62251221526864, -72.02706782524245, -70.43162343521627, -68.83617904519008, -67.24073465516389, -65.6452902651377, -64.04984587511152, -62.45440148508533, -60.85895709505914, -59.263512705032944, -57.66806831500676, -56.07262392498057, -54.477179534954374, -52.881735144928186, -51.286290754902, -49.69084636487581, -48.09540197484962, -46.499957584823434, -44.90451319479725, -43.30906880477105, -41.713624414744864, -40.118180024718676, -38.52273563469249, -36.9272912446663, -35.331846854640105, -33.73640246461392, -32.14095807458773, -30.54551368456154, -28.950069294535353, -27.35462490450916, -25.75918051448297, -24.163736124456783, -22.568291734430595, -20.972847344404407, -19.377402954378212, -17.781958564352024, -16.186514174325836, -14.591069784299648, -12.99562539427346, -11.400181004247273, -9.804736614221085, -8.209292224194897, -6.613847834168709, -5.018403444142507, -3.422959054116319, -1.8275146640901312, -0.23207027406394332, 1.3633741159622446, 2.9588185059884324, 4.55426289601462, 6.149707286040808, 7.745151676066996, 9.340596066093184, 10.936040456119386, 12.531484846145574, 14.126929236171762, 15.72237362619795, 17.317818016224138, 18.913262406250325, 20.508706796276513, 22.1041511863027, 23.69959557632889, 25.295039966355077, 26.890484356381265, 28.485928746407467, 30.081373136433655, 31.676817526459843, 33.27226191648603, 34.86770630651222, 36.463150696538406, 38.058595086564594, 39.65403947659078, 41.24948386661697, 42.84492825664316, 44.44037264666936, 46.03581703669555, 47.631261426721736, 49.22670581674792, 50.82215020677411, 52.4175945968003, 54.01303898682649, 55.608483376852675, 57.20392776687886, 58.79937215690505, 60.39481654693124, 61.99026093695743, 63.585705326983614, 65.1811497170098, 66.77659410703599, 68.37203849706218, 69.96748288708837, 71.56292727711458, 73.15837166714077, 74.75381605716694]], "PDF": [[1.8121867444374328e-05, 1.3936406737715494e-05, 6.338615427413948e-06, 1.7050366583712268e-06, 2.7124938689590034e-07, 2.5521108664240867e-08, 1.4201235768113276e-09, 4.6777742496231725e-11, 4.034604413796105e-12, 1.372102442366321e-10, 3.5625131551559194e-09, 5.470855812459955e-08, 4.968780326016679e-07, 2.6689476254802993e-06, 8.478636827918982e-06, 1.5929705319087375e-05, 1.770048546088509e-05, 1.1632105712029487e-05, 4.520924247617001e-06, 1.03918255327641e-06, 1.4127074511628928e-07, 1.1359401649240052e-08, 6.011379953472534e-10, 1.8023035060928723e-09, 3.098642698735815e-08, 3.191856747360418e-07, 1.9698974104536155e-06, 7.4610913118434245e-06, 1.8472314754210416e-05, 3.3943895172909035e-05, 5.265769994820581e-05, 6.810564335987313e-05, 6.669177375730546e-05, 4.929560498296438e-05, 3.33568381037299e-05, 2.718489427338874e-05, 3.2009472905979585e-05, 5.6011273182494105e-05, 0.00010007456808723005, 0.0001609202659438311, 0.0002534680555781042, 0.0003805503978591287, 0.0005112437180263465, 0.000640267446919071, 0.0008221890247083956, 0.0011547234294804695, 0.0017408182597543247, 0.0026964518728385487, 0.0044289462721883, 0.007705074992825761, 0.01284211244681264, 0.019179596873238638, 0.02552128144455167, 0.030882229660415213, 0.035392041286149575, 0.04018238241052265, 0.046547485864524965, 0.055684377063256456, 0.06694662819306732, 0.07464282881952163, 0.0711417549812542, 0.0557110823822695, 0.03578774216278061, 0.01920724067373963, 0.008929820169414767, 0.0038578011341065858, 0.0016693923011480783, 0.0007268555007406315, 0.00030956781740694065, 0.00013607782019932119, 7.28220430715705e-05, 4.96199282629556e-05, 3.7503063131172466e-05, 2.9749136844736503e-05, 2.550363723356237e-05, 2.1080993049909917e-05, 1.309120819549565e-05, 5.215627590921943e-06, 1.258619378757784e-06, 1.8083973653621404e-07, 1.5395788004696334e-08, 7.75589694723191e-10, 2.3111114502375823e-11, 4.0730808489767113e-13, 4.2454701327110174e-15, 2.617132066708146e-17, 9.541704770227232e-20, 8.891694364473407e-22, 2.8700854621267263e-19, 7.128354648942758e-17, 1.047080067165122e-14, 9.09633011236142e-13, 4.67356471168918e-11, 1.4201232414457122e-09, 2.5521108662660773e-08, 2.712493868958907e-07, 1.7050366583712026e-06, 6.338615427414016e-06, 1.3936406737715569e-05, 1.8121867444374328e-05]]}