{"output": [[8.674733193938541, 8.755338101119218, 8.835943008299893, 8.91654791548057, 8.997152822661246, 9.07775772984192, 9.158362637022597, 9.238967544203273, 9.319572451383948, 9.400177358564624, 9.480782265745301, 9.561387172925976, 9.641992080106652, 9.722596987287329, 9.803201894468003, 9.88380680164868, 9.964411708829356, 10.045016616010031, 10.125621523190707, 10.206226430371384, 10.28683133755206, 10.367436244732735, 10.448041151913412, 10.528646059094088, 10.609250966274763, 10.68985587345544, 10.770460780636116, 10.85106568781679, 10.931670594997467, 11.012275502178143, 11.09288040935882, 11.173485316539495, 11.254090223720171, 11.334695130900847, 11.415300038081522, 11.495904945262199, 11.576509852442875, 11.65711475962355, 11.737719666804226, 11.818324573984903, 11.898929481165577, 11.979534388346254, 12.06013929552693, 12.140744202707605, 12.221349109888282, 12.301954017068958, 12.382558924249633, 12.46316383143031, 12.543768738610986, 12.62437364579166, 12.704978552972337, 12.785583460153013, 12.866188367333688, 12.946793274514365, 13.027398181695041, 13.108003088875716, 13.188607996056392, 13.269212903237069, 13.349817810417743, 13.43042271759842, 13.511027624779096, 13.591632531959771, 13.672237439140448, 13.752842346321124, 13.833447253501799, 13.914052160682475, 13.994657067863152, 14.075261975043826, 14.155866882224503, 14.23647178940518, 14.317076696585854, 14.397681603766532, 14.478286510947207, 14.558891418127882, 14.63949632530856, 14.720101232489235, 14.80070613966991, 14.881311046850588, 14.961915954031262, 15.042520861211937, 15.123125768392615, 15.20373067557329, 15.284335582753965, 15.364940489934643, 15.445545397115318, 15.526150304295994, 15.60675521147667, 15.687360118657345, 15.767965025838022, 15.848569933018698, 15.929174840199373, 16.00977974738005, 16.090384654560726, 16.1709895617414, 16.25159446892208, 16.332199376102754, 16.412804283283428, 16.493409190464106, 16.57401409764478, 16.654619004825456]], "PDF": [[0.0004979822837867449, 0.0006771033275386637, 0.0012742307462758563, 0.0024487039541207976, 0.0034467919893679633, 0.0037298132817523352, 0.0037331829368976014, 0.0036614283539280258, 0.004219416315360863, 0.005832209064846087, 0.006680843296893835, 0.006191157763916491, 0.005993067691762752, 0.006515847465808681, 0.007041690898614904, 0.007807150283490461, 0.009909754815767204, 0.012625748438958565, 0.014381412927586405, 0.01503228077564459, 0.01537292187528533, 0.016314075457086505, 0.018699616596513886, 0.022770006822933102, 0.027273183035385718, 0.03216226170612108, 0.03901399182412773, 0.045727508740213564, 0.04928797544061332, 0.050569740619271004, 0.051728725828227906, 0.055434030922595835, 0.06438036223078031, 0.07642342005211768, 0.0883027860416429, 0.10232518054489251, 0.11633697926518013, 0.12416730855314252, 0.12726734441935295, 0.13301585015173314, 0.14783738929283252, 0.1677617870283854, 0.18560342286534218, 0.2048624417012547, 0.22597128599146393, 0.24048904329076032, 0.2522017760655287, 0.27513915074469275, 0.3104585568588301, 0.34675375438766376, 0.37641176217819095, 0.3995436294084367, 0.42172619863312116, 0.45016658326169545, 0.48830757717024637, 0.5368504870455965, 0.5829141849016567, 0.6077707781101189, 0.6192939862094505, 0.6427916286131335, 0.6661527223391746, 0.650223547212535, 0.5852291537942794, 0.4875084156489325, 0.37225360823041415, 0.25828235484631956, 0.1670095148253685, 0.10697300180419607, 0.07012271371474503, 0.04469467437895721, 0.0281400958961654, 0.019997190309716854, 0.016023123532667456, 0.013089865325264495, 0.010639264039461171, 0.008496830966548774, 0.006288691598785935, 0.004331646884423081, 0.0032210744845739834, 0.002826975925341772, 0.002921720826680946, 0.003430667025971797, 0.0035306879247586575, 0.002655533837001765, 0.001723953207639332, 0.0013238859276213958, 0.0011380236542268766, 0.0009593159522172945, 0.0007713256727722953, 0.0005633669967326773, 0.0003052508451170934, 0.00016105031001709938, 0.0002607763153387308, 0.00042268060115787677, 0.00041499493727545865, 0.00039475379980009623, 0.00045671238898582116, 0.0004286596409506996, 0.00041850656907899825, 0.00044062573321610674]]}