{"output": [[-52.86779411836979, -51.66505959484977, -50.46232507132976, -49.25959054780975, -48.056856024289736, -46.85412150076972, -45.65138697724971, -44.44865245372969, -43.245917930209686, -42.04318340668967, -40.84044888316966, -39.63771435964964, -38.43497983612963, -37.23224531260962, -36.0295107890896, -34.82677626556959, -33.62404174204958, -32.42130721852956, -31.218572695009552, -30.015838171489538, -28.813103647969527, -27.610369124449512, -26.407634600929498, -25.204900077409487, -24.002165553889473, -22.79943103036946, -21.596696506849447, -20.393961983329433, -19.19122745980942, -17.988492936289404, -16.785758412769397, -15.583023889249382, -14.380289365729368, -13.177554842209354, -11.97482031868934, -10.772085795169332, -9.569351271649317, -8.366616748129303, -7.163882224609289, -5.961147701089274, -4.758413177569267, -3.5556786540492524, -2.352944130529238, -1.1502096070092236, 0.05252491651079083, 1.2552594400308053, 2.4579939635508126, 3.660728487070827, 4.863463010590841, 6.066197534110856, 7.26893205763087, 8.471666581150878, 9.674401104670892, 10.877135628190906, 12.07987015171092, 13.282604675230928, 14.48533919875095, 15.688073722270957, 16.89080824579098, 18.093542769310986, 19.296277292830993, 20.499011816351015, 21.701746339871022, 22.904480863391043, 24.10721538691105, 25.309949910431058, 26.51268443395108, 27.715418957471087, 28.91815348099111, 30.120888004511116, 31.323622528031123, 32.526357051551145, 33.72909157507115, 34.93182609859117, 36.13456062211118, 37.33729514563119, 38.54002966915121, 39.74276419267122, 40.94549871619124, 42.148233239711246, 43.35096776323125, 44.553702286751275, 45.75643681027128, 46.9591713337913, 48.16190585731131, 49.36464038083133, 50.56737490435134, 51.77010942787135, 52.97284395139137, 54.175578474911376, 55.3783129984314, 56.581047521951405, 57.78378204547141, 58.98651656899143, 60.18925109251144, 61.39198561603146, 62.59472013955147, 63.79745466307148, 65.0001891865915, 66.2029237101115]], "PDF": [[3.691129584887686e-05, 1.9872767458570333e-05, 3.101383884116831e-06, 1.4029778603586363e-07, 1.839688215413382e-09, 6.992552758794999e-12, 7.704161780288076e-15, 2.4604421242858753e-18, 4.1480980008038995e-22, 2.0919062804279113e-18, 6.821967777446192e-15, 6.511765851211412e-12, 1.8302802788798974e-09, 1.5283643043613142e-07, 3.837426781845979e-06, 2.937782341677032e-05, 6.944453849357435e-05, 5.103818540887435e-05, 1.2460130721628029e-05, 1.4943221300673657e-05, 8.840867137557122e-05, 0.00021294150913827304, 0.00021154105816088205, 0.00011250913156037173, 6.726211141278687e-05, 0.00010476592380007549, 0.0001367051533138767, 0.00016339109476244277, 0.0002045585990050821, 0.00020483266993512447, 0.00020895125072380746, 0.00029640463687303283, 0.00035752266852138016, 0.0003643636542653423, 0.00039314927626885347, 0.0003723606529278289, 0.0003329296490829105, 0.0004092368129898716, 0.00041371319779389445, 0.00037885013388969574, 0.00048336015383263034, 0.0007832477778025844, 0.0011122756511017576, 0.0013937832748274412, 0.0015278795848041415, 0.001654846964612647, 0.0019191791090134172, 0.0024136861612875727, 0.003657699421906352, 0.008095074367336193, 0.02276178825732094, 0.05156914006924223, 0.08283733542299629, 0.11980864480569589, 0.15919247529975294, 0.1637262745816292, 0.11883069133137739, 0.058225318633347824, 0.018009476025515846, 0.004039925954414742, 0.001583920141930786, 0.0010344539403238915, 0.0005826244883147307, 0.0002324024434304518, 7.014317078479639e-05, 1.2222971192624386e-05, 9.261043057451417e-06, 3.0910508069119695e-05, 3.2303876702997876e-05, 9.792611704223552e-06, 1.0525670082566837e-06, 4.4177416345233725e-06, 3.102162345220913e-05, 6.920912063904302e-05, 4.941902432338481e-05, 1.1232959077249239e-05, 7.968895550242791e-07, 1.7234643386891282e-08, 1.1630506643706543e-10, 1.3734545929298632e-09, 1.1261761335972229e-07, 2.6790274842860725e-06, 1.861172544618947e-05, 4.034974798254127e-05, 4.2615786862962955e-05, 4.372685111117314e-05, 3.9282572606212237e-05, 3.962736249474424e-05, 1.9378623677634185e-05, 2.916460218727041e-06, 1.278743804883941e-07, 1.6258793796823371e-09, 5.992471464772653e-12, 1.4106263524593985e-14, 6.992554741406231e-12, 1.8396882154136107e-09, 1.4029778603586363e-07, 3.101383884116831e-06, 1.9872767458570475e-05, 3.691129584887686e-05]]}