{"output": [[-78.32144241672252, -76.98110823493447, -75.64077405314642, -74.30043987135836, -72.96010568957031, -71.61977150778226, -70.27943732599421, -68.93910314420614, -67.59876896241809, -66.25843478063004, -64.91810059884199, -63.57776641705394, -62.237432235265885, -60.89709805347783, -59.55676387168978, -58.21642968990173, -56.87609550811368, -55.53576132632563, -54.195427144537575, -52.855092962749524, -51.51475878096147, -50.17442459917342, -48.83409041738536, -47.49375623559731, -46.15342205380926, -44.81308787202121, -43.472753690233155, -42.1324195084451, -40.792085326657045, -39.45175114486899, -38.11141696308094, -36.77108278129289, -35.43074859950484, -34.09041441771679, -32.750080235928735, -31.409746054140683, -30.06941187235263, -28.729077690564573, -27.38874350877652, -26.04840932698847, -24.708075145200418, -23.367740963412366, -22.027406781624315, -20.687072599836263, -19.346738418048204, -18.006404236260153, -16.6660700544721, -15.32573587268405, -13.985401690895998, -12.645067509107946, -11.304733327319894, -9.964399145531843, -8.624064963743791, -7.2837307819557395, -5.943396600167688, -4.603062418379636, -3.2627282365915704, -1.9223940548035188, -0.5820598730154671, 0.7582743087725845, 2.098608490560636, 3.438942672348688, 4.779276854136739, 6.119611035924791, 7.459945217712843, 8.800279399500894, 10.140613581288946, 11.480947763076998, 12.82128194486505, 14.1616161266531, 15.501950308441153, 16.842284490229204, 18.182618672017256, 19.52295285380532, 20.863287035593373, 22.203621217381425, 23.543955399169477, 24.884289580957528, 26.22462376274558, 27.56495794453363, 28.905292126321683, 30.245626308109735, 31.585960489897786, 32.92629467168584, 34.26662885347389, 35.60696303526194, 36.94729721704999, 38.287631398838045, 39.62796558062611, 40.96829976241416, 42.308633944202214, 43.648968125990265, 44.98930230777832, 46.32963648956637, 47.66997067135442, 49.01030485314247, 50.35063903493052, 51.690973216718575, 53.03130739850663, 54.37164158029468]], "PDF": [[2.3777151315140078e-05, 1.7281696611588572e-05, 6.6353837016501665e-06, 1.345856687461699e-06, 1.4420645540190744e-07, 8.162509453107754e-09, 2.4407078756754623e-10, 3.855325568063925e-12, 3.232416133696261e-14, 3.4668289617688077e-14, 4.101229286219228e-12, 2.573527758274599e-10, 8.530938457912659e-09, 1.493887423295528e-07, 1.3819490866348212e-06, 6.7533510458952916e-06, 1.743410742175797e-05, 2.3775694945337508e-05, 1.7128519747627403e-05, 6.5186808337964526e-06, 1.310711659648458e-06, 1.4508294544362524e-07, 1.1890358158303752e-07, 1.1060324973795232e-06, 5.814531235583466e-06, 1.6151278661387824e-05, 2.3703112119725457e-05, 1.8437758007109398e-05, 8.268811751867577e-06, 6.062833618573223e-06, 1.4121793488869895e-05, 2.3141733360310112e-05, 2.028550979210125e-05, 9.489434589885378e-06, 3.4651330676198594e-06, 8.14981137590454e-06, 2.9780186988911432e-05, 6.526104564467743e-05, 8.528444842240478e-05, 6.896647546325852e-05, 4.3547614139937596e-05, 5.418195850094551e-05, 0.00011664571254956948, 0.00021329485398415804, 0.00032387168056363734, 0.00045784142986038314, 0.0006410048529603771, 0.0008419029038974405, 0.0009751464888108234, 0.001022341035746728, 0.0011217029489036833, 0.001438466492071993, 0.0019371389256806297, 0.0027107282142250885, 0.004508451134465443, 0.008056188214333323, 0.012887364012119852, 0.018320194118032027, 0.024010940197826715, 0.028760830812487745, 0.03219295164637058, 0.03591461074930488, 0.041319289093822445, 0.04763885071612783, 0.05407852242957929, 0.06274862357168542, 0.07362829452960043, 0.07975208995070222, 0.07377570771237993, 0.056676538594784866, 0.03679229634906678, 0.020916374984048525, 0.010774461206252212, 0.0052426094423668685, 0.0024388691096732997, 0.0010654044422259072, 0.0004915369447275491, 0.0003024880239026929, 0.00023235309131211662, 0.00017939984794620184, 0.00014468265343686533, 0.00012861017735793127, 9.967731565701892e-05, 6.0347303054635e-05, 3.387642756699725e-05, 2.9136673731370434e-05, 4.735365772176722e-05, 7.31770342485741e-05, 7.82770737933633e-05, 5.240737111631248e-05, 2.068147463630421e-05, 4.645186914794825e-06, 5.819016591381664e-07, 4.520802322451958e-08, 1.0544041392350365e-07, 1.1324520380481856e-06, 6.732184216869678e-06, 2.214449854862518e-05, 4.087204757602875e-05, 4.273263638041532e-05]]}