{"output": [[8.438134148313377, 8.493833928987351, 8.549533709661326, 8.6052334903353, 8.660933271009275, 8.71663305168325, 8.772332832357224, 8.828032613031198, 8.883732393705172, 8.939432174379146, 8.99513195505312, 9.050831735727094, 9.10653151640107, 9.162231297075044, 9.217931077749018, 9.273630858422992, 9.329330639096966, 9.38503041977094, 9.440730200444914, 9.49642998111889, 9.552129761792864, 9.607829542466838, 9.663529323140812, 9.719229103814786, 9.77492888448876, 9.830628665162735, 9.88632844583671, 9.942028226510685, 9.997728007184659, 10.053427787858633, 10.109127568532607, 10.16482734920658, 10.220527129880555, 10.276226910554529, 10.331926691228503, 10.387626471902479, 10.443326252576453, 10.499026033250427, 10.554725813924401, 10.610425594598375, 10.66612537527235, 10.721825155946323, 10.7775249366203, 10.833224717294273, 10.888924497968247, 10.944624278642221, 11.000324059316196, 11.05602383999017, 11.111723620664144, 11.16742340133812, 11.223123182012094, 11.278822962686068, 11.334522743360042, 11.390222524034016, 11.44592230470799, 11.501622085381964, 11.55732186605594, 11.613021646729912, 11.668721427403888, 11.724421208077862, 11.780120988751836, 11.83582076942581, 11.891520550099784, 11.947220330773758, 12.002920111447732, 12.058619892121708, 12.114319672795682, 12.170019453469656, 12.22571923414363, 12.281419014817605, 12.337118795491579, 12.392818576165553, 12.448518356839529, 12.5042181375135, 12.559917918187477, 12.61561769886145, 12.671317479535425, 12.727017260209399, 12.782717040883373, 12.838416821557349, 12.894116602231321, 12.949816382905297, 13.005516163579271, 13.061215944253245, 13.11691572492722, 13.172615505601193, 13.22831528627517, 13.284015066949141, 13.339714847623117, 13.395414628297091, 13.451114408971065, 13.50681418964504, 13.562513970319014, 13.61821375099299, 13.673913531666962, 13.729613312340938, 13.785313093014912, 13.841012873688886, 13.89671265436286, 13.952412435036834]], "PDF": [[0.0005200508421422652, 0.0004443310297781065, 0.0003608778911293027, 0.0004527452857874684, 0.0006043460149100476, 0.0007032573840279636, 0.0008544505343345411, 0.0010113243880085505, 0.0009609137758632307, 0.000777239582302765, 0.0006596209750447694, 0.0005326642794464071, 0.00031021643367237117, 0.00011740299745829712, 6.028813661586011e-05, 0.00021369002318387737, 0.0008400097740767493, 0.002304242433582206, 0.004488162153933876, 0.006446777724050864, 0.007251387102970941, 0.007020619239720463, 0.006583370281040537, 0.006536887888371217, 0.007111027330576716, 0.008300245816161768, 0.009503133536571694, 0.009909513083444137, 0.009358407101139922, 0.00831935401583196, 0.00771418265230036, 0.008563145586112996, 0.01070281109281356, 0.01248854597361911, 0.013126717118803461, 0.013895203989118836, 0.015638998965333176, 0.017480987235063975, 0.01923943962123974, 0.02223553239199466, 0.02701955250724976, 0.03212402538591947, 0.03567346000023361, 0.0377224558144255, 0.040115103545278384, 0.04446680238696656, 0.049630173653693, 0.052243425567780735, 0.05191192614012196, 0.052556897558162244, 0.056453086213198694, 0.06185095090798755, 0.06765377186742001, 0.0752966569250548, 0.08540025971083853, 0.09665065753464536, 0.1073349783831633, 0.11525961680353687, 0.12039823517064227, 0.12632992334108742, 0.13523204343765124, 0.1469714660137234, 0.1613096622314447, 0.17617842194386782, 0.19034025926890547, 0.20555728467915327, 0.22067854112305477, 0.23181158630845336, 0.24000162498382718, 0.2516129993669722, 0.2712904413305561, 0.29615012419258024, 0.31710864509017317, 0.3292237377556768, 0.3372431770913031, 0.3477143085921236, 0.363315980042073, 0.3849114396661019, 0.4098175397142307, 0.4323553139396039, 0.4533506430480649, 0.4773957092251055, 0.5010069414143916, 0.5181110197343123, 0.5314242715409544, 0.5459539906201191, 0.5619337845454739, 0.5815008388913036, 0.6093482988572919, 0.644670034532512, 0.6764734665386953, 0.6901133836121055, 0.682251935980737, 0.6616059416596404, 0.6347450195353356, 0.5970956679167225, 0.5348951125273113, 0.43746664552618997, 0.30921991101862034, 0.1755252929056023]]}