{"output": [[-46.26399379610667, -45.469407840816466, -44.67482188552626, -43.88023593023606, -43.08564997494585, -42.29106401965565, -41.49647806436545, -40.701892109075246, -39.90730615378504, -39.11272019849484, -38.31813424320464, -37.52354828791444, -36.72896233262423, -35.934376377334026, -35.13979042204382, -34.34520446675362, -33.55061851146342, -32.75603255617321, -31.96144660088301, -31.166860645592806, -30.372274690302604, -29.5776887350124, -28.7831027797222, -27.988516824431997, -27.19393086914179, -26.39934491385159, -25.604758958561387, -24.81017300327118, -24.01558704798098, -23.221001092690777, -22.426415137400575, -21.63182918211037, -20.837243226820167, -20.042657271529965, -19.24807131623976, -18.453485360949557, -17.658899405659355, -16.864313450369153, -16.069727495078947, -15.275141539788745, -14.480555584498543, -13.685969629208337, -12.891383673918135, -12.096797718627933, -11.30221176333773, -10.507625808047528, -9.713039852757326, -8.918453897467117, -8.123867942176915, -7.329281986886713, -6.534696031596511, -5.740110076306308, -4.945524121016106, -4.150938165725904, -3.356352210435695, -2.5617662551454927, -1.7671802998552906, -0.9725943445650884, -0.17800838927488627, 0.6165775660153159, 1.411163521305518, 2.2057494765957273, 3.0003354318859294, 3.7949213871761316, 4.589507342466334, 5.384093297756536, 6.178679253046738, 6.97326520833694, 7.7678511636271494, 8.562437118917352, 9.357023074207554, 10.151609029497756, 10.946194984787958, 11.74078094007816, 12.535366895368362, 13.329952850658572, 14.124538805948774, 14.919124761238976, 15.713710716529178, 16.50829667181938, 17.302882627109582, 18.09746858239979, 18.892054537689994, 19.686640492980196, 20.481226448270398, 21.2758124035606, 22.070398358850802, 22.864984314141005, 23.659570269431207, 24.45415622472141, 25.24874218001161, 26.043328135301813, 26.837914090592015, 27.63250004588223, 28.427086001172434, 29.221671956462636, 30.016257911752838, 30.81084386704304, 31.605429822333242, 32.400015777623445]], "PDF": [[9.562993191775931e-05, 1.5588926645988746e-05, 6.752791088362877e-08, 7.773115994931131e-12, 2.3776707587247612e-17, 1.9326491439120888e-24, 4.1757742351339043e-33, 2.2606160488453446e-27, 1.0239396081709234e-19, 1.2324423483051836e-13, 3.941881973550289e-09, 3.350312781941629e-06, 7.566792515547875e-05, 4.5413296787005555e-05, 7.242674534107878e-07, 3.0694434907023226e-10, 3.456726736670992e-15, 4.550215688117066e-18, 2.2358561064005405e-12, 2.920109894960899e-08, 1.0134428791742474e-05, 9.346394085858036e-05, 2.2905176148940122e-05, 1.4916533812381457e-07, 2.5813502254106745e-11, 1.1870545581595312e-16, 1.9572618411411608e-20, 3.4261714942994145e-14, 1.5949092778049548e-09, 1.9729115038061637e-06, 6.485208744713126e-05, 5.664806085245021e-05, 1.3148946204689965e-06, 7.060450987800866e-09, 4.359139724006006e-06, 8.08038480141872e-05, 4.3479295495153196e-05, 7.948793056597673e-05, 0.00016281029893866716, 0.0004364151911398657, 0.0002028941888649301, 0.00011831328283729299, 0.00016765274318667823, 0.00022665618641887808, 0.0003364285902327925, 0.0002933710318113151, 0.0002041627472228173, 8.160951971705964e-05, 0.0001941226603476535, 0.00015739010572065126, 0.00014276312846166867, 0.00027568241363644044, 8.538063371419395e-05, 0.00021626375690903107, 0.00039757240721817564, 0.0008100941512462551, 0.0007311510968495331, 0.00037373464548454794, 0.0003335565629819963, 0.0007388740596674341, 0.0007377004523607332, 0.0008900075371779018, 0.0007345123375475226, 0.0007488674030391067, 0.0012547938401560235, 0.0020443334152792547, 0.0020249161472670474, 0.0023250384880521197, 0.0036471932161408474, 0.0040518143916491965, 0.006872760863711203, 0.025006574158720336, 0.0491517786828025, 0.15171693774218942, 0.5052967728494278, 0.332076013965759, 0.14082252275942767, 0.017819175454437893, 0.000887573028663979, 0.0007817497013069728, 0.0005892968760489785, 0.00039458524006063275, 0.00022606172253935897, 0.00019791555440178973, 9.757747396066355e-05, 0.00017315188465329048, 0.0003387201110797899, 6.523785521956927e-05, 9.661971981725557e-05, 5.855728571722241e-05, 7.772072496562752e-05, 1.6658083857366196e-05, 0.00014957573388503986, 8.681128565095916e-05, 2.382405863090101e-06, 2.0928937737539536e-05, 9.439164145973095e-05, 1.1381184621141063e-05, 1.562496104016164e-05, 9.562993496759324e-05]]}