{"S_min_Ks": [[0.4581659642124649]], "S_min_Q": [[0.4105469658993069]], "S_Ks": [[0.4799758294444885]], "S_Q": [[0.4423718810493682]], "S_max_Ks": [[0.5050569500521152]], "S_max_Q": [[0.4742707909748357]], "S_T_min_Ks": [[0.5018962363707969]], "S_T_min_Q": [[0.4685864395587256]], "S_T_Ks": [[0.5531232719247072]], "S_T_Q": [[0.5029383435286041]], "S_T_max_Ks": [[0.5915273477377598]], "S_T_max_Q": [[0.5354095337891276]]}