{"S_min_Ks": [[-0.018515225424533523]], "S_min_Q": [[0.009942287738440414]], "S_Ks": [[0.02944051208876534]], "S_Q": [[0.47539429485668555]], "S_max_Ks": [[0.07395801230205608]], "S_max_Q": [[0.7522781204165732]], "S_T_min_Ks": [[0.3206513311788175]], "S_T_min_Q": [[0.6833256622683217]], "S_T_Ks": [[0.7066405499424506]], "S_T_Q": [[1.001225935982841]], "S_T_max_Ks": [[0.980268979302499]], "S_T_max_Q": [[1.1813404009912996]]}