{"S_min_Ks": [[0.036741656412138515]], "S_min_Q": [[0.14381314518805338]], "S_Ks": [[0.06768353643645748]], "S_Q": [[0.28571700751990803]], "S_max_Ks": [[0.09439494140856092]], "S_max_Q": [[0.39022100088831047]], "S_T_min_Ks": [[0.5361570893240797]], "S_T_min_Q": [[0.7884295116098661]], "S_T_Ks": [[0.72571719076553]], "S_T_Q": [[0.947855339870154]], "S_T_max_Ks": [[0.8868739433353952]], "S_T_max_Q": [[1.0744929963593841]]}