{"S_min_Ks": [[0.2891166976056741]], "S_min_Q": [[0.04697197633380622]], "S_Ks": [[0.3137010321593378]], "S_Q": [[0.0696412082659874]], "S_max_Ks": [[0.33993067121937626]], "S_max_Q": [[0.10148973974010438]], "S_T_min_Ks": [[0.9027550337519541]], "S_T_min_Q": [[0.6405119823632597]], "S_T_Ks": [[0.9663969571915151]], "S_T_Q": [[0.6869365037364356]], "S_T_max_Ks": [[1.0260214239468097]], "S_T_max_Q": [[0.7256686576521559]]}