{"S_min_Ks": [[0.45002919467548774]], "S_min_Q": [[0.4343185880666991]], "S_Ks": [[0.48136813953816654]], "S_Q": [[0.4710388450547827]], "S_max_Ks": [[0.504990312829728]], "S_max_Q": [[0.4995491907355372]], "S_T_min_Ks": [[0.504929285310006]], "S_T_min_Q": [[0.49071467225824006]], "S_T_Ks": [[0.5477540956914609]], "S_T_Q": [[0.5264023900502065]], "S_T_max_Ks": [[0.5871629414979626]], "S_T_max_Q": [[0.5543382236529398]]}