{"S_Ks": [[0.02944051208876534]], "S_Q": [[0.47539429485668555]], "S_T_Ks": [[0.7066405499424506]], "S_T_Q": [[1.001225935982841]]}