{"S_Ks": [[0.3042350883371251]], "S_Q": [[0.048216085882147916]], "S_T_Ks": [[0.9052332952963366]], "S_T_Q": [[0.6976243483536435]]}