{"S_Ks": [[0.4799758294444885]], "S_Q": [[0.4423718810493682]], "S_T_Ks": [[0.5531232719247072]], "S_T_Q": [[0.5029383435286041]]}