{"S_min_Ks": [[0.2745323823892877]], "S_min_Q": [[0.016828725068145936]], "S_Ks": [[0.3042350883371251]], "S_Q": [[0.048216085882147916]], "S_max_Ks": [[0.33861012081978065]], "S_max_Q": [[0.07805014532556]], "S_T_min_Ks": [[0.8102699341936901]], "S_T_min_Q": [[0.6411285258048776]], "S_T_Ks": [[0.9052332952963366]], "S_T_Q": [[0.6976243483536435]], "S_T_max_Ks": [[1.0024563867994587]], "S_T_max_Q": [[0.7526450879384284]]}