{"S_Ks": [[0.3137010321593378]], "S_Q": [[0.0696412082659874]], "S_T_Ks": [[0.9663969571915151]], "S_T_Q": [[0.6869365037364356]]}