{"S_Ks": [[0.48136813953816654]], "S_Q": [[0.4710388450547827]], "S_T_Ks": [[0.5477540956914609]], "S_T_Q": [[0.5264023900502065]]}