{"Min": [[18.504906786965265]], "SD_min": [[19.63459830000659]], "Mean": [[20.57785239024395]], "SD_max": [[21.52110648048131]], "Max": [[22.223352747246352]]}