{"Min": [[20.02021947343765]], "SD_min": [[20.810315698658858]], "Mean": [[21.35074457201705]], "SD_max": [[21.89117344537524]], "Max": [[22.578400308764188]]}