{"Min": [[20.020219348252752]], "SD_min": [[20.81031569226011]], "Mean": [[21.35074456825662]], "SD_max": [[21.891173444253127]], "Max": [[22.578400270690352]]}