{"Min": [[18.34318227104707]], "SD_min": [[19.609431045064284]], "Mean": [[20.57803366552791]], "SD_max": [[21.54663628599154]], "Max": [[22.568636420046076]]}