{"output": [[20.020219348252752, 20.046059559590507, 20.07189977092826, 20.097739982266013, 20.123580193603765, 20.14942040494152, 20.175260616279274, 20.201100827617026, 20.22694103895478, 20.252781250292532, 20.278621461630287, 20.304461672968042, 20.330301884305793, 20.35614209564355, 20.3819823069813, 20.407822518319055, 20.43366272965681, 20.45950294099456, 20.485343152332316, 20.51118336367007, 20.537023575007822, 20.562863786345577, 20.58870399768333, 20.614544209021084, 20.64038442035884, 20.66622463169659, 20.692064843034345, 20.717905054372096, 20.74374526570985, 20.769585477047606, 20.795425688385357, 20.821265899723112, 20.847106111060864, 20.87294632239862, 20.898786533736374, 20.924626745074125, 20.95046695641188, 20.97630716774963, 21.002147379087386, 21.02798759042514, 21.053827801762893, 21.079668013100648, 21.105508224438402, 21.131348435776154, 21.15718864711391, 21.18302885845166, 21.208869069789415, 21.234709281127166, 21.26054949246492, 21.286389703802676, 21.312229915140428, 21.338070126478183, 21.363910337815938, 21.38975054915369, 21.415590760491444, 21.441430971829195, 21.46727118316695, 21.493111394504705, 21.518951605842457, 21.54479181718021, 21.570632028517963, 21.596472239855718, 21.622312451193473, 21.648152662531224, 21.67399287386898, 21.69983308520673, 21.725673296544485, 21.75151350788224, 21.77735371921999, 21.803193930557747, 21.829034141895498, 21.854874353233253, 21.880714564571008, 21.90655477590876, 21.932394987246514, 21.95823519858427, 21.98407540992202, 22.009915621259776, 22.035755832597527, 22.061596043935282, 22.087436255273033, 22.113276466610788, 22.139116677948543, 22.164956889286294, 22.19079710062405, 22.216637311961804, 22.242477523299556, 22.26831773463731, 22.294157945975062, 22.319998157312817, 22.345838368650572, 22.371678579988323, 22.39751879132608, 22.42335900266383, 22.449199214001585, 22.47503942533934, 22.50087963667709, 22.526719848014846, 22.552560059352597, 22.578400270690352]], "PDF": [[0.020931960615337118, 0.033830308092326, 0.0483444421843233, 0.06251301977666038, 0.07516192074597222, 0.0864373764624234, 0.09741453758253006, 0.10918947336445492, 0.12213905617913465, 0.13593869013875842, 0.150221699942691, 0.1650004412153532, 0.18035568879366973, 0.19585664832766284, 0.2103906255913645, 0.22277404615296553, 0.23291003252505482, 0.24232306381982516, 0.2530689588483209, 0.26598735970281207, 0.2804442297899093, 0.2957775916701351, 0.31206332945271503, 0.3287566146964311, 0.3433254883471844, 0.35269723312507917, 0.356524381994781, 0.35833218492421387, 0.3629365910587283, 0.3729700498911632, 0.3881155430258736, 0.40698735245841033, 0.4285406850078138, 0.45163478175665817, 0.4747145996589065, 0.4968250540113148, 0.5182293765309354, 0.5393757277192932, 0.5597600382707241, 0.5784633196514489, 0.5956701986283205, 0.6131219622168539, 0.6328148192627956, 0.6552642132246173, 0.6789865913751048, 0.7013735761439919, 0.7198580019527617, 0.7326900904742231, 0.7392949693903477, 0.7399050285465424, 0.7346437651104228, 0.7233478639764863, 0.7065272841301299, 0.6860945016426897, 0.6650472252746856, 0.646651008042977, 0.6332479959421408, 0.6247655981298276, 0.6185929146122569, 0.6119717018246216, 0.6045641178156057, 0.5981041109189394, 0.5939278176290834, 0.591447299744906, 0.5883916236141677, 0.5819824108658564, 0.5709057167607658, 0.5569210990178561, 0.54351580388127, 0.5322256831255534, 0.52120610665357, 0.5078155302924453, 0.49127250256680527, 0.4721595067785196, 0.4509403815465525, 0.4285152000714435, 0.4074358761212356, 0.39075062886749173, 0.3791402513115334, 0.36979745976648315, 0.3584206336758848, 0.34236533410825787, 0.3223711056699861, 0.3017066198688441, 0.28345592116617907, 0.2682995751377922, 0.2547474643005766, 0.24104042974540765, 0.22632137159353224, 0.21029330109291058, 0.19274418058038334, 0.17392852276509257, 0.15486339967028367, 0.13649397200352115, 0.11865331902558635, 0.10032977129186751, 0.08092763404331658, 0.06104528143370002, 0.042240341511026326, 0.026289862902575623]]}