{"output": [[20.02021947343765, 20.046059683895493, 20.071899894353336, 20.09774010481118, 20.123580315269024, 20.149420525726867, 20.17526073618471, 20.201100946642555, 20.2269411571004, 20.252781367558242, 20.278621578016086, 20.30446178847393, 20.330301998931773, 20.35614220938962, 20.381982419847464, 20.407822630305308, 20.43366284076315, 20.459503051220995, 20.48534326167884, 20.511183472136683, 20.537023682594526, 20.56286389305237, 20.588704103510214, 20.614544313968057, 20.6403845244259, 20.666224734883745, 20.69206494534159, 20.717905155799432, 20.743745366257276, 20.76958557671512, 20.795425787172963, 20.821265997630807, 20.84710620808865, 20.872946418546494, 20.898786629004338, 20.92462683946218, 20.950467049920025, 20.97630726037787, 21.002147470835716, 21.02798768129356, 21.053827891751403, 21.079668102209247, 21.10550831266709, 21.131348523124935, 21.157188733582778, 21.183028944040622, 21.208869154498466, 21.23470936495631, 21.260549575414153, 21.286389785871997, 21.31222999632984, 21.338070206787684, 21.363910417245528, 21.38975062770337, 21.415590838161215, 21.44143104861906, 21.467271259076902, 21.493111469534746, 21.51895167999259, 21.544791890450433, 21.570632100908277, 21.59647231136612, 21.622312521823964, 21.648152732281808, 21.673992942739655, 21.6998331531975, 21.725673363655343, 21.751513574113186, 21.77735378457103, 21.803193995028874, 21.829034205486717, 21.85487441594456, 21.880714626402405, 21.90655483686025, 21.932395047318092, 21.958235257775936, 21.98407546823378, 22.009915678691623, 22.035755889149467, 22.06159609960731, 22.087436310065154, 22.113276520522998, 22.13911673098084, 22.164956941438685, 22.19079715189653, 22.216637362354373, 22.24247757281222, 22.268317783270064, 22.294157993727907, 22.31999820418575, 22.345838414643595, 22.37167862510144, 22.397518835559282, 22.423359046017126, 22.44919925647497, 22.475039466932813, 22.500879677390657, 22.5267198878485, 22.552560098306344, 22.578400308764188]], "PDF": [[0.020931971859001176, 0.03383032495607121, 0.048344464880085584, 0.06251304818675418, 0.0751619549983689, 0.08643741720247868, 0.09741458560535705, 0.10918952882783044, 0.12213911842904723, 0.13593875867263205, 0.1502217751273784, 0.16500052336047935, 0.18035577634978475, 0.19585673688789687, 0.21039070909533497, 0.22277412093663146, 0.2329101014593132, 0.24232313507401815, 0.25306903882628246, 0.2659874480362383, 0.2804443226294692, 0.2957776875783445, 0.31206342752520233, 0.32875670678533975, 0.3433255593172751, 0.3526972740635396, 0.356524401862532, 0.3583322054373496, 0.3629366297120942, 0.3729701096390536, 0.38811561740237777, 0.40698743553740496, 0.4285407727592242, 0.45163486787273865, 0.4747146769924514, 0.49682512016197133, 0.5182294337713944, 0.5393757775712749, 0.559760079747167, 0.5784633534105731, 0.5956702300749742, 0.6131219987846281, 0.6328148650812108, 0.6552642667120496, 0.6789866470634823, 0.7013736276011441, 0.7198580433585178, 0.7326901176889778, 0.7392949805737469, 0.7399050227458233, 0.7346437406948153, 0.7233478203323529, 0.7065272247031205, 0.6860944342527903, 0.6650471601036089, 0.6466509547097199, 0.6332479588194068, 0.6247655726222818, 0.6185928907503482, 0.6119716738589872, 0.6045640890341584, 0.5981040885370099, 0.593927805206038, 0.5914472946700555, 0.5883916190584338, 0.5819824002420885, 0.5709056994901777, 0.5569210817303455, 0.5435157929827612, 0.5322256769727924, 0.5212060978017343, 0.5078155136718038, 0.49127247781843775, 0.4721594743195594, 0.45094034164324637, 0.4285151566450602, 0.4074358370829324, 0.3907505996857677, 0.379140229270756, 0.3697974358650844, 0.3584205998392516, 0.3423652889332848, 0.3223710548120406, 0.30170657138011564, 0.2834558795446069, 0.2682995392262657, 0.2547474302765751, 0.24104039494063895, 0.22632133522453, 0.2102932629401597, 0.19274414074952262, 0.1739284826696614, 0.15486336176898288, 0.136493937955432, 0.11865328883112904, 0.10032974451001982, 0.08092761111830524, 0.061045263458097514, 0.042240329096906004, 0.026289855550458992]]}