{"output": [[18.34318227104707, 18.385863626087463, 18.428544981127857, 18.47122633616825, 18.513907691208647, 18.55658904624904, 18.599270401289434, 18.641951756329828, 18.68463311137022, 18.727314466410615, 18.76999582145101, 18.812677176491405, 18.8553585315318, 18.898039886572192, 18.940721241612586, 18.98340259665298, 19.026083951693373, 19.068765306733766, 19.111446661774163, 19.154128016814557, 19.19680937185495, 19.239490726895344, 19.282172081935737, 19.32485343697613, 19.367534792016524, 19.41021614705692, 19.452897502097315, 19.49557885713771, 19.538260212178102, 19.580941567218495, 19.62362292225889, 19.666304277299282, 19.708985632339676, 19.751666987380073, 19.794348342420466, 19.83702969746086, 19.879711052501253, 19.922392407541647, 19.96507376258204, 20.007755117622438, 20.05043647266283, 20.093117827703225, 20.135799182743618, 20.17848053778401, 20.221161892824405, 20.2638432478648, 20.306524602905192, 20.34920595794559, 20.391887312985983, 20.434568668026376, 20.47725002306677, 20.519931378107163, 20.562612733147557, 20.605294088187954, 20.647975443228347, 20.69065679826874, 20.733338153309134, 20.776019508349528, 20.81870086338992, 20.861382218430315, 20.904063573470708, 20.946744928511105, 20.9894262835515, 21.032107638591892, 21.074788993632286, 21.11747034867268, 21.160151703713073, 21.202833058753466, 21.245514413793863, 21.288195768834257, 21.33087712387465, 21.373558478915044, 21.416239833955437, 21.45892118899583, 21.501602544036224, 21.544283899076618, 21.586965254117015, 21.629646609157408, 21.6723279641978, 21.715009319238195, 21.75769067427859, 21.800372029318982, 21.84305338435938, 21.885734739399773, 21.928416094440166, 21.97109744948056, 22.013778804520953, 22.056460159561347, 22.09914151460174, 22.141822869642134, 22.18450422468253, 22.227185579722924, 22.269866934763318, 22.31254828980371, 22.355229644844105, 22.3979109998845, 22.440592354924895, 22.48327370996529, 22.525955065005682, 22.568636420046076]], "PDF": [[0.016726888765346424, 0.025831779041570427, 0.03610163369663782, 0.04657292957077868, 0.05661154551725627, 0.06613145149329547, 0.07557224539364613, 0.08567668632332845, 0.09702446026918272, 0.10947039679339018, 0.1219855409198501, 0.13322976311199544, 0.14243396873679096, 0.14979682107765227, 0.1561800968525517, 0.16258451983732766, 0.16978195544935706, 0.17806210529696484, 0.18712772851568243, 0.19631135250035142, 0.2049413431800266, 0.2125038007074507, 0.2186611888092732, 0.22337311891724634, 0.22695755551316482, 0.22985038735997007, 0.2323420315212407, 0.23466368649924355, 0.2371874952069841, 0.24030889173647543, 0.2441661485794471, 0.2486212472659947, 0.25345141786723663, 0.2584755054229381, 0.2636773265131819, 0.2693831951185149, 0.2761630088802685, 0.28432960977206984, 0.29352905646406047, 0.3028117420586012, 0.31093167462814314, 0.3165834151852073, 0.3187543527144977, 0.3173122303408717, 0.31337649377368193, 0.30891251366193584, 0.30566918746906574, 0.3042965103907091, 0.30435933184494113, 0.30508236992310805, 0.30601899336564103, 0.3071213561718349, 0.30844097430767403, 0.3099842816758441, 0.31185218125096115, 0.3143494642497047, 0.31785180482151115, 0.3225674403532254, 0.32837737276753515, 0.3348802953812701, 0.34182176891861676, 0.3497193435623802, 0.3598265611984929, 0.3729204023691758, 0.38788513207074443, 0.4017328254992656, 0.4113007502238992, 0.41496711379070766, 0.4127629394787998, 0.40524876341579286, 0.3928687002488675, 0.3764458300369171, 0.35770535754936117, 0.33879222746393556, 0.3213008085890027, 0.30591914154310373, 0.29279367263897643, 0.28184766014024043, 0.27267400572383005, 0.2644242142128586, 0.2561077634157215, 0.24706996685642008, 0.2371852960111466, 0.22672556784492084, 0.2161350213381862, 0.20571594649235597, 0.1952099499242093, 0.1837326045964483, 0.17048393604622294, 0.15566322432210994, 0.14046843457703886, 0.12606850854244436, 0.11270851439218467, 0.09982788740777669, 0.0867667745433465, 0.07320877332586226, 0.059223514226263964, 0.04525578664589555, 0.0321250417998273, 0.020828489757048485]]}