{"output": [[18.504906786965265, 18.542466847170125, 18.580026907374982, 18.617586967579843, 18.655147027784704, 18.69270708798956, 18.73026714819442, 18.767827208399282, 18.80538726860414, 18.842947328809, 18.88050738901386, 18.918067449218718, 18.95562750942358, 18.99318756962844, 19.030747629833296, 19.068307690038157, 19.105867750243014, 19.143427810447875, 19.180987870652736, 19.218547930857593, 19.256107991062454, 19.293668051267314, 19.33122811147217, 19.368788171677032, 19.406348231881893, 19.44390829208675, 19.48146835229161, 19.51902841249647, 19.55658847270133, 19.59414853290619, 19.63170859311105, 19.669268653315907, 19.706828713520768, 19.74438877372563, 19.781948833930485, 19.819508894135346, 19.857068954340207, 19.894629014545064, 19.932189074749925, 19.969749134954785, 20.007309195159642, 20.044869255364503, 20.082429315569364, 20.11998937577422, 20.15754943597908, 20.19510949618394, 20.2326695563888, 20.27022961659366, 20.30778967679852, 20.345349737003378, 20.38290979720824, 20.420469857413096, 20.458029917617957, 20.495589977822817, 20.533150038027678, 20.570710098232535, 20.608270158437396, 20.645830218642253, 20.683390278847114, 20.720950339051974, 20.75851039925683, 20.796070459461692, 20.833630519666553, 20.87119057987141, 20.90875064007627, 20.94631070028113, 20.98387076048599, 21.02143082069085, 21.05899088089571, 21.096550941100567, 21.134111001305428, 21.17167106151029, 21.209231121715145, 21.246791181920006, 21.284351242124863, 21.321911302329724, 21.359471362534585, 21.397031422739445, 21.434591482944302, 21.472151543149163, 21.50971160335402, 21.54727166355888, 21.58483172376374, 21.622391783968602, 21.65995184417346, 21.69751190437832, 21.735071964583177, 21.772632024788038, 21.8101920849929, 21.847752145197756, 21.885312205402617, 21.922872265607477, 21.960432325812334, 21.997992386017195, 22.035552446222056, 22.073112506426913, 22.110672566631774, 22.148232626836634, 22.18579268704149, 22.223352747246352]], "PDF": [[0.06657450123484655, 0.07279417473557795, 0.07864351137938509, 0.08427584231541538, 0.08996088735016011, 0.09605954447116094, 0.1029799060754419, 0.11111767835221453, 0.12078701890179035, 0.13215052663604387, 0.14515915673139707, 0.15951347388108938, 0.17465624946398398, 0.1898026599951155, 0.20400855465149095, 0.21627038699171655, 0.2256439079560077, 0.23136418852651522, 0.23294825106654718, 0.2302640752139125, 0.22355560066175123, 0.21342129407428384, 0.200752056893506, 0.18664084564068287, 0.17227991166415893, 0.158861387014439, 0.1474933202713338, 0.13913731936045004, 0.13456738062057377, 0.13434413745806023, 0.13879620755317332, 0.14800135625519195, 0.16176455177012014, 0.17959627158419258, 0.20070043462175646, 0.22398473910493188, 0.24810530724082952, 0.27155204168894537, 0.29277223955441983, 0.31032029274019113, 0.32301365026412016, 0.33007193930254475, 0.3312181271106464, 0.3267270614335189, 0.31741555972685825, 0.3045768944829395, 0.2898690287605561, 0.27516945286456884, 0.26241039412499384, 0.25340776720243474, 0.249696798055624, 0.252387418676461, 0.2620529263712033, 0.2786648778476439, 0.3015844421097523, 0.32961478415789, 0.3611109642044269, 0.39413496743149207, 0.4266361401419132, 0.45663360622867666, 0.4823782401982017, 0.5024770803384963, 0.515970987233057, 0.5223645966633772, 0.5216141696058759, 0.5140827410094599, 0.50047307500566, 0.4817482054049601, 0.45904782782991, 0.43360722224896275, 0.40668388167253644, 0.37949538451732173, 0.35317005418025005, 0.32870970436888886, 0.3069617746534179, 0.28859710241095826, 0.2740899571121957, 0.26369879523101364, 0.2574489260798494, 0.2551209730685506, 0.2562506971066658, 0.26014575656111866, 0.2659231657456521, 0.27256795871510225, 0.27900961266769514, 0.2842090252920061, 0.28724609977577237, 0.28739688448377737, 0.284190049818053, 0.2774352099570133, 0.26721978396701, 0.2538759829599913, 0.23792415399522665, 0.22000216228095187, 0.20079204583547744, 0.18095455016338505, 0.1610795628817227, 0.1416565789388215, 0.12306506569194428, 0.10558092960989958]]}