{"S_Ks": [[0.24924756655508648]], "S_Q": [[0.73711569441577]], "S_T_Ks": [[0.24099061064608168]], "S_T_Q": [[0.7451696448755336]]}