{"S_min_Ks": [[0.6491042374146504]], "S_min_Q": [[0.30158297168621245]], "S_Ks": [[0.6780524710140301]], "S_Q": [[0.3191949767138553]], "S_max_Ks": [[0.7045157096888923]], "S_max_Q": [[0.3407146857782015]], "S_T_min_Ks": [[0.6285117802139613]], "S_T_min_Q": [[0.30180891214981204]], "S_T_Ks": [[0.6654134772070462]], "S_T_Q": [[0.3279612204156706]], "S_T_max_Ks": [[0.691669451724211]], "S_T_max_Q": [[0.3505761896265636]]}