{"S_Ks": [[0.6780524802047037]], "S_Q": [[0.3191949671306892]], "S_T_Ks": [[0.6654134860917232]], "S_T_Q": [[0.3279612116055132]]}