{"S_min_Ks": [[-0.04929276800694021]], "S_min_Q": [[0.24620110955648]], "S_Ks": [[0.12593255980417026]], "S_Q": [[0.9237251112873719]], "S_max_Ks": [[0.3550909323561354]], "S_max_Q": [[1.2628158233606812]], "S_T_min_Ks": [[-0.3051439139196812]], "S_T_min_Q": [[0.17036237399754772]], "S_T_Ks": [[0.14717945461649862]], "S_T_Q": [[0.856860698689627]], "S_T_max_Ks": [[0.38912928063854424]], "S_T_max_Q": [[1.198375625811511]]}