{"S_min_Ks": [[0.2350175441805893]], "S_min_Q": [[0.7095160532503526]], "S_Ks": [[0.24924756655508648]], "S_Q": [[0.73711569441577]], "S_max_Ks": [[0.2629459510948031]], "S_max_Q": [[0.7656639355054026]], "S_T_min_Ks": [[0.2195601353435373]], "S_T_min_Q": [[0.7145457935032326]], "S_T_Ks": [[0.24099061064608168]], "S_T_Q": [[0.7451696448755336]], "S_T_max_Ks": [[0.2586152753674169]], "S_T_max_Q": [[0.7691396260930949]]}