{"S_Ks": [[0.12593255980417026]], "S_Q": [[0.9237251112873719]], "S_T_Ks": [[0.14717945461649862]], "S_T_Q": [[0.856860698689627]]}