{"S_Ks": [[0.6780524710140301]], "S_Q": [[0.3191949767138553]], "S_T_Ks": [[0.6654134772070462]], "S_T_Q": [[0.3279612204156706]]}