{"S_min_Ks": [[0.6491042457308582]], "S_min_Q": [[0.30158296241207944]], "S_Ks": [[0.6780524802047037]], "S_Q": [[0.3191949671306892]], "S_max_Ks": [[0.7045157187483213]], "S_max_Q": [[0.340714675763534]], "S_T_min_Ks": [[0.6285117904636769]], "S_T_min_Q": [[0.30180890479591915]], "S_T_Ks": [[0.6654134860917232]], "S_T_Q": [[0.3279612116055132]], "S_T_max_Ks": [[0.6916694614120585]], "S_T_max_Q": [[0.3505761801440146]]}