{"Min": [[19.44307767536982]], "SD_min": [[20.84887313583917]], "Mean": [[21.362045486496093]], "SD_max": [[21.875217837153016]], "Max": [[22.749769670529602]]}