{"Min": [[20.34973077791667]], "SD_min": [[21.05840012087526]], "Mean": [[21.50552699122338]], "SD_max": [[21.952653861571502]], "Max": [[22.70486314823122]]}