{"Min": [[21.00278072456236]], "SD_min": [[21.336642673020158]], "Mean": [[21.703964067051434]], "SD_max": [[22.07128546108271]], "Max": [[22.484969674290564]]}