{"Min": [[19.443077726267987]], "SD_min": [[20.848873136618415]], "Mean": [[21.362045486601914]], "SD_max": [[21.875217836585414]], "Max": [[22.749769663778764]]}