{"Min": [[19.443076680623747]], "SD_min": [[20.848873122952117]], "Mean": [[21.36204549255219]], "SD_max": [[21.875217862152265]], "Max": [[22.74977040950303]]}