{"output": [[19.443077726267987, 19.47647865492971, 19.509879583591438, 19.543280512253162, 19.576681440914886, 19.610082369576613, 19.643483298238337, 19.67688422690006, 19.710285155561788, 19.743686084223512, 19.777087012885236, 19.810487941546963, 19.843888870208687, 19.87728979887041, 19.91069072753214, 19.944091656193862, 19.977492584855586, 20.010893513517313, 20.044294442179037, 20.07769537084076, 20.11109629950249, 20.144497228164212, 20.177898156825936, 20.211299085487664, 20.244700014149387, 20.27810094281111, 20.31150187147284, 20.344902800134562, 20.378303728796286, 20.411704657458014, 20.445105586119737, 20.47850651478146, 20.51190744344319, 20.545308372104913, 20.578709300766636, 20.612110229428364, 20.645511158090088, 20.67891208675181, 20.71231301541354, 20.745713944075263, 20.779114872736987, 20.812515801398714, 20.845916730060438, 20.87931765872216, 20.91271858738389, 20.946119516045613, 20.979520444707337, 21.012921373369064, 21.046322302030788, 21.07972323069251, 21.11312415935424, 21.146525088015963, 21.179926016677687, 21.213326945339414, 21.246727874001138, 21.280128802662862, 21.31352973132459, 21.346930659986313, 21.380331588648037, 21.413732517309764, 21.447133445971488, 21.480534374633212, 21.51393530329494, 21.547336231956663, 21.580737160618387, 21.614138089280114, 21.64753901794184, 21.680939946603562, 21.71434087526529, 21.747741803927013, 21.781142732588737, 21.814543661250465, 21.84794458991219, 21.881345518573912, 21.91474644723564, 21.948147375897364, 21.981548304559087, 22.014949233220815, 22.04835016188254, 22.081751090544262, 22.11515201920599, 22.148552947867714, 22.181953876529438, 22.215354805191165, 22.24875573385289, 22.282156662514613, 22.31555759117634, 22.348958519838064, 22.382359448499788, 22.415760377161515, 22.44916130582324, 22.482562234484963, 22.51596316314669, 22.549364091808414, 22.582765020470138, 22.616165949131865, 22.64956687779359, 22.682967806455313, 22.71636873511704, 22.749769663778764]], "PDF": [[0.001052256767963411, 0.0012206176874705365, 0.0012577350846777638, 0.0012220688667038421, 0.0012074972365074227, 0.001312243283975367, 0.0016306677274593902, 0.0022268580173804863, 0.003103580629964458, 0.004222307305124045, 0.005587638755761102, 0.0073388441575603135, 0.009709728365606131, 0.012788418610231677, 0.016301293998735086, 0.019737877016209045, 0.022793162572448955, 0.025709303899730775, 0.029109662294262133, 0.0334934179916886, 0.03905403132198228, 0.045964055469306694, 0.05443749481996423, 0.06430211269742288, 0.07485425754875036, 0.08553312389125513, 0.0967152304533374, 0.10950291846388199, 0.12442619061258232, 0.1405643879645411, 0.1566026557290196, 0.17279680387202326, 0.19108035844875745, 0.2130318232322299, 0.23855388969254515, 0.26658513559662356, 0.2959982999837711, 0.3257466046997363, 0.35547250826294874, 0.38643736419973734, 0.4211945850967532, 0.4621567779398204, 0.510097962831324, 0.5625736508913564, 0.6133196848264805, 0.6549020726630614, 0.6833659636632656, 0.6999228588157235, 0.7080260614584235, 0.7102392302975594, 0.7085877570649485, 0.7059964361275566, 0.7048737812547129, 0.7042993586741989, 0.7008481703765548, 0.6932443960769661, 0.6845512880930663, 0.6784068580663205, 0.6745409991082845, 0.6697470950077351, 0.662284850817313, 0.6535145725179747, 0.6455488867913319, 0.6385015528139658, 0.6299224869472764, 0.6166576058439098, 0.5979116976236046, 0.5766561621607791, 0.5574850624498694, 0.5431818956314218, 0.5334990893832536, 0.5262102508019131, 0.5183158008116755, 0.5067672586883282, 0.48953552736813927, 0.46693540964912794, 0.44169077954094127, 0.41704060627699086, 0.39452760513601554, 0.37356250384630424, 0.3526145694066461, 0.3302242125935377, 0.30527893545641255, 0.277440183691481, 0.24753070691010506, 0.21684213550013026, 0.1860314793542506, 0.15528145074888916, 0.12548213361297894, 0.0985085045879098, 0.07594706725966316, 0.05786792872960418, 0.043187245339612164, 0.031006209423475362, 0.02119200020807504, 0.013824443206162664, 0.00864432479050813, 0.0051628530179066, 0.002945282879457693, 0.0016337377944217525]]}