{"output": [[20.34973077791667, 20.373519993778434, 20.397309209640195, 20.42109842550196, 20.44488764136372, 20.468676857225486, 20.492466073087247, 20.51625528894901, 20.540044504810773, 20.563833720672537, 20.5876229365343, 20.611412152396063, 20.635201368257828, 20.65899058411959, 20.682779799981354, 20.706569015843115, 20.73035823170488, 20.75414744756664, 20.777936663428406, 20.801725879290167, 20.825515095151932, 20.849304311013693, 20.873093526875458, 20.896882742737223, 20.920671958598984, 20.94446117446075, 20.96825039032251, 20.992039606184274, 21.015828822046036, 21.0396180379078, 21.06340725376956, 21.087196469631326, 21.110985685493088, 21.134774901354852, 21.158564117216617, 21.182353333078378, 21.206142548940143, 21.229931764801904, 21.25372098066367, 21.27751019652543, 21.301299412387195, 21.325088628248956, 21.34887784411072, 21.372667059972486, 21.396456275834247, 21.42024549169601, 21.444034707557773, 21.467823923419537, 21.4916131392813, 21.515402355143063, 21.539191571004825, 21.56298078686659, 21.58677000272835, 21.610559218590115, 21.63434843445188, 21.65813765031364, 21.681926866175406, 21.705716082037167, 21.729505297898932, 21.753294513760693, 21.777083729622458, 21.80087294548422, 21.824662161345984, 21.848451377207745, 21.87224059306951, 21.896029808931274, 21.919819024793036, 21.9436082406548, 21.96739745651656, 21.991186672378326, 22.014975888240087, 22.038765104101852, 22.062554319963613, 22.086343535825378, 22.11013275168714, 22.133921967548904, 22.15771118341067, 22.18150039927243, 22.205289615134195, 22.229078830995956, 22.25286804685772, 22.276657262719482, 22.300446478581247, 22.324235694443008, 22.348024910304773, 22.371814126166534, 22.3956033420283, 22.419392557890063, 22.443181773751824, 22.46697098961359, 22.49076020547535, 22.514549421337115, 22.538338637198876, 22.56212785306064, 22.585917068922402, 22.609706284784167, 22.633495500645928, 22.657284716507693, 22.681073932369458, 22.70486314823122]], "PDF": [[0.003069601412322533, 0.0036289799438590374, 0.00383782435888175, 0.004133402529725059, 0.005395656118714565, 0.008587111015047784, 0.014169042255742961, 0.02179644039977041, 0.030765842742018136, 0.04094670423446247, 0.05327454848608916, 0.06922868531539374, 0.08965529876119654, 0.11388067916765787, 0.14005603845740486, 0.1667855630838755, 0.1946537530088685, 0.22616249385657647, 0.26399918932366884, 0.30874594011864387, 0.35764756708363493, 0.40583926272730236, 0.44989904378177265, 0.4908094706599393, 0.5323088486479568, 0.5755135092925404, 0.6167271801426671, 0.651814523287865, 0.6814253214684151, 0.7101464417004413, 0.7405560540192621, 0.7699605942280083, 0.7941452795225785, 0.8124835368199647, 0.8271249094774313, 0.8383994669509955, 0.8440866510193991, 0.8437232211201082, 0.8408675749503096, 0.8390499763056871, 0.83722178402299, 0.8313679515881264, 0.819194313241568, 0.8013887435377672, 0.7797528822848124, 0.7562168793599555, 0.7330469135965754, 0.7120174571640053, 0.6932491697255952, 0.6761530727080368, 0.6612321750811352, 0.649679511429219, 0.6414798030921756, 0.6349742997155188, 0.6284779787390652, 0.6218158645681306, 0.6159105245684484, 0.6110468582823758, 0.6058344534186972, 0.5980947187857961, 0.5872295617028858, 0.575624629004306, 0.5667268411614335, 0.5617795372154422, 0.5595401650069826, 0.5584832961515355, 0.5575773846924198, 0.5555219052581087, 0.5509083434972369, 0.543197852953843, 0.5329072852824898, 0.5208261409963815, 0.507281968295412, 0.49208930982041416, 0.47477119978901733, 0.45475034082999216, 0.43191468294519586, 0.40728730105320937, 0.3827907189292452, 0.35993482202547966, 0.3385544214132177, 0.31709288654116113, 0.29427788340823446, 0.2698031542737263, 0.24319452404450131, 0.21366792992269681, 0.1821952651844298, 0.15225443589404816, 0.12702224108156793, 0.10637954148619354, 0.08763094845671929, 0.0688738580621869, 0.05087184949102312, 0.0356878460729396, 0.024379187588651482, 0.016436397566386502, 0.010838291694299888, 0.006944612770395038, 0.0044183396136435096, 0.0028487713910557862]]}