{"output": [[19.44307767536982, 19.47647860461386, 19.509879533857898, 19.543280463101937, 19.576681392345975, 19.610082321590014, 19.643483250834052, 19.676884180078087, 19.710285109322125, 19.743686038566164, 19.777086967810202, 19.81048789705424, 19.84388882629828, 19.877289755542318, 19.910690684786356, 19.944091614030395, 19.977492543274433, 20.01089347251847, 20.04429440176251, 20.077695331006545, 20.111096260250584, 20.144497189494622, 20.17789811873866, 20.2112990479827, 20.244699977226738, 20.278100906470776, 20.311501835714814, 20.344902764958853, 20.37830369420289, 20.41170462344693, 20.44510555269097, 20.478506481935007, 20.511907411179042, 20.54530834042308, 20.57870926966712, 20.612110198911157, 20.645511128155196, 20.678912057399234, 20.712312986643273, 20.74571391588731, 20.77911484513135, 20.812515774375388, 20.845916703619427, 20.879317632863465, 20.9127185621075, 20.94611949135154, 20.979520420595577, 21.012921349839615, 21.046322279083654, 21.079723208327692, 21.11312413757173, 21.14652506681577, 21.179925996059808, 21.213326925303846, 21.246727854547885, 21.280128783791923, 21.313529713035962, 21.346930642279997, 21.380331571524035, 21.413732500768074, 21.447133430012112, 21.48053435925615, 21.51393528850019, 21.547336217744228, 21.580737146988266, 21.614138076232305, 21.647539005476343, 21.68093993472038, 21.714340863964416, 21.747741793208455, 21.781142722452493, 21.814543651696532, 21.84794458094057, 21.88134551018461, 21.914746439428647, 21.948147368672686, 21.981548297916724, 22.014949227160763, 22.0483501564048, 22.08175108564884, 22.115152014892878, 22.148552944136917, 22.18195387338095, 22.21535480262499, 22.24875573186903, 22.282156661113067, 22.315557590357106, 22.348958519601144, 22.382359448845182, 22.41576037808922, 22.44916130733326, 22.482562236577298, 22.515963165821336, 22.54936409506537, 22.58276502430941, 22.61616595355345, 22.649566882797487, 22.682967812041525, 22.716368741285564, 22.749769670529602]], "PDF": [[0.0010522563540032552, 0.0012206171944860991, 0.0012577347760843048, 0.0012220688449319592, 0.0012074974898917757, 0.0013122437693430682, 0.0016306683015608699, 0.002226858430919143, 0.00310358071272413, 0.004222307163612726, 0.005587638775639822, 0.007338844555130601, 0.00970972855029793, 0.012788417389734654, 0.016301290794436582, 0.01973787276434621, 0.022793159110653077, 0.025709302150162736, 0.029109661329392852, 0.03349341646931368, 0.039054029074145395, 0.0459640524694315, 0.054437489599718614, 0.06430210373271598, 0.07485424594635753, 0.08553311304047907, 0.09671522218904373, 0.10950290996625343, 0.124426176945765, 0.1405643689461714, 0.15660263763110743, 0.17279679148929383, 0.19108034848702382, 0.21303180911495825, 0.23855386924940022, 0.26658511020509384, 0.2959982710037982, 0.32574657521269484, 0.3554724836158193, 0.3864373470174879, 0.42119457268347643, 0.4621567639693319, 0.5100979377239655, 0.5625736052349746, 0.613319620043131, 0.654902005272795, 0.6833659119282817, 0.699922827071857, 0.7080260428491505, 0.7102392209529249, 0.7085877588361135, 0.7059964455447122, 0.7048737857557109, 0.7042993506847175, 0.7008481594894543, 0.6932443976044362, 0.6845513018359111, 0.678406868788259, 0.6745409977194166, 0.6697470887083025, 0.6622848506142736, 0.653514579627522, 0.6455488935090419, 0.6385015508936134, 0.6299224750771402, 0.6166575928314443, 0.5979116959818598, 0.5766561757632516, 0.5574850833911079, 0.5431819133463959, 0.5334990982895609, 0.5262102496119515, 0.5183157902067189, 0.506767242521374, 0.4895355136515372, 0.46693540614722157, 0.4416907871149522, 0.4170406183307234, 0.3945276142864722, 0.3735625074365431, 0.35261456815355674, 0.3302242075884528, 0.30527892907369086, 0.27744017982782543, 0.24753070700857213, 0.21684213698485402, 0.18603148034149772, 0.15528145382249647, 0.1254821425105123, 0.09850851853541395, 0.07594708107469017, 0.057867938515098055, 0.04318725197877222, 0.03100621579359644, 0.02119200709319755, 0.013824449418037245, 0.008644329595520361, 0.0051628566526024456, 0.0029452855494383635, 0.0016337394819565256]]}