{"output": [[21.00278072456236, 21.01775233011517, 21.03272393566798, 21.04769554122079, 21.0626671467736, 21.07763875232641, 21.09261035787922, 21.107581963432033, 21.12255356898484, 21.13752517453765, 21.152496780090463, 21.16746838564327, 21.18243999119608, 21.197411596748893, 21.2123832023017, 21.22735480785451, 21.242326413407323, 21.25729801896013, 21.272269624512944, 21.287241230065753, 21.302212835618562, 21.317184441171374, 21.332156046724183, 21.347127652276992, 21.362099257829804, 21.377070863382613, 21.392042468935422, 21.407014074488234, 21.421985680041043, 21.436957285593856, 21.451928891146665, 21.466900496699473, 21.481872102252286, 21.496843707805095, 21.511815313357904, 21.526786918910716, 21.541758524463525, 21.556730130016334, 21.571701735569146, 21.586673341121955, 21.601644946674767, 21.616616552227576, 21.631588157780385, 21.646559763333197, 21.661531368886006, 21.676502974438815, 21.691474579991628, 21.706446185544436, 21.721417791097245, 21.736389396650058, 21.751361002202867, 21.76633260775568, 21.781304213308488, 21.796275818861297, 21.81124742441411, 21.826219029966918, 21.841190635519727, 21.85616224107254, 21.871133846625348, 21.886105452178157, 21.90107705773097, 21.916048663283778, 21.93102026883659, 21.9459918743894, 21.960963479942208, 21.97593508549502, 21.99090669104783, 22.00587829660064, 22.02084990215345, 22.03582150770626, 22.05079311325907, 22.06576471881188, 22.08073632436469, 22.095707929917502, 22.11067953547031, 22.12565114102312, 22.140622746575932, 22.15559435212874, 22.17056595768155, 22.185537563234362, 22.20050916878717, 22.21548077433998, 22.230452379892792, 22.2454239854456, 22.260395590998414, 22.275367196551223, 22.29033880210403, 22.305310407656844, 22.320282013209653, 22.33525361876246, 22.350225224315274, 22.365196829868083, 22.38016843542089, 22.395140040973704, 22.410111646526513, 22.425083252079325, 22.440054857632134, 22.455026463184943, 22.469998068737755, 22.484969674290564]], "PDF": [[0.011229037041542442, 0.020447587932086324, 0.03642336191948808, 0.06280603072177673, 0.10371532812814305, 0.1627282120642993, 0.2414155472295697, 0.33801561665629937, 0.44717344909402595, 0.5611901168807162, 0.6721065299963821, 0.773411755086269, 0.8607963819126213, 0.9321692944062786, 0.9871729655323708, 1.0262581778866937, 1.0498172751620678, 1.058246500129747, 1.0530715867513205, 1.037997821940254, 1.018516904686093, 0.9999596690831959, 0.9853648304180616, 0.9747247745291192, 0.9659362186134842, 0.9564578906807331, 0.9444616348471505, 0.9290130270192931, 0.909685172619791, 0.8864280507275102, 0.8601732326851229, 0.8336241306491025, 0.810972057159939, 0.796036863405303, 0.7900715784431845, 0.791172042008001, 0.7958037828855571, 0.8008606844784342, 0.8043278438194859, 0.8044536056878946, 0.7991650342491411, 0.7871145474835634, 0.7696071854120146, 0.7511632047129698, 0.7373861384789997, 0.731359783196885, 0.7314636039058401, 0.7325496689835155, 0.7296638323126738, 0.721439242092487, 0.7107286846881599, 0.7023597910520949, 0.6998997815360227, 0.7035928503532545, 0.7105538201412706, 0.7168401888157881, 0.7198624013906096, 0.7194718344091304, 0.7173264440442524, 0.7155670842493239, 0.7158211854679726, 0.7185476341316448, 0.7225998418175773, 0.7256103366217016, 0.7255307981300194, 0.7222009145811751, 0.7173872205807342, 0.713371600110211, 0.7117853862116833, 0.7137130326266471, 0.7200795656041303, 0.7309218667344117, 0.7440472898443894, 0.7551297258486221, 0.7601130126722704, 0.7581621925956396, 0.7525008941042112, 0.7483092906688427, 0.7493726267643019, 0.7559115020101365, 0.764699720050769, 0.7708473180605906, 0.7699355518067327, 0.7594777719021879, 0.7391939762807932, 0.7100439520872193, 0.6725658508956517, 0.6257416052183401, 0.5675968133076001, 0.4974426249605059, 0.41798265608202656, 0.33532211061776096, 0.256712287306491, 0.18781075451168686, 0.1313469134528752, 0.08753938995951638, 0.055242873281983775, 0.032776529960764654, 0.018215856712081292, 0.009510672399627025]]}