{"output": [[19.443076680623747, 19.476477627380103, 19.50987857413646, 19.543279520892817, 19.576680467649172, 19.610081414405528, 19.643482361161887, 19.676883307918242, 19.710284254674598, 19.743685201430953, 19.777086148187312, 19.810487094943667, 19.843888041700023, 19.87728898845638, 19.910689935212737, 19.944090881969093, 19.977491828725448, 20.010892775481807, 20.044293722238162, 20.077694668994518, 20.111095615750873, 20.144496562507232, 20.177897509263587, 20.211298456019943, 20.244699402776302, 20.278100349532657, 20.311501296289013, 20.344902243045368, 20.378303189801727, 20.411704136558082, 20.445105083314438, 20.478506030070797, 20.511906976827152, 20.545307923583508, 20.578708870339863, 20.612109817096222, 20.645510763852577, 20.678911710608933, 20.71231265736529, 20.745713604121647, 20.779114550878003, 20.812515497634358, 20.845916444390717, 20.879317391147072, 20.912718337903428, 20.946119284659783, 20.979520231416142, 21.012921178172498, 21.046322124928853, 21.07972307168521, 21.113124018441567, 21.146524965197923, 21.179925911954278, 21.213326858710637, 21.246727805466993, 21.280128752223348, 21.313529698979703, 21.346930645736062, 21.380331592492418, 21.413732539248773, 21.44713348600513, 21.480534432761488, 21.513935379517843, 21.5473363262742, 21.580737273030557, 21.614138219786913, 21.647539166543268, 21.680940113299624, 21.714341060055983, 21.747742006812338, 21.781142953568693, 21.81454390032505, 21.847944847081408, 21.881345793837763, 21.91474674059412, 21.948147687350477, 21.981548634106833, 22.01494958086319, 22.048350527619544, 22.081751474375903, 22.115152421132258, 22.148553367888614, 22.18195431464497, 22.215355261401328, 22.248756208157683, 22.28215715491404, 22.315558101670398, 22.348959048426753, 22.38235999518311, 22.415760941939464, 22.449161888695823, 22.48256283545218, 22.515963782208534, 22.54936472896489, 22.582765675721248, 22.616166622477603, 22.64956756923396, 22.682968515990318, 22.716369462746673, 22.74977040950303]], "PDF": [[0.0010522549983296042, 0.0012206155846227612, 0.0012577330613290645, 0.0012220671739618834, 0.0012074957832184485, 0.0013122413186183687, 0.0016306635585506082, 0.0022268494333724455, 0.0031035660587407842, 0.004222286382013565, 0.005587610885641109, 0.007338806470437071, 0.009709676895949874, 0.01278835303955912, 0.016301220496226874, 0.019737804471336287, 0.02279309444897275, 0.025709233912806655, 0.0291095796398235, 0.03349331571584858, 0.03905390656101534, 0.04596390465105342, 0.054437316457875674, 0.0643019151986345, 0.07485405640323801, 0.08553292650991721, 0.0967150261666562, 0.10950268912497135, 0.12442593455636443, 0.14056412743605592, 0.15660241108033895, 0.17279656540602248, 0.19108009681024826, 0.2130315233274758, 0.23855356057422755, 0.2665847937070704, 0.2959979596210616, 0.32574627861488836, 0.35547219913033, 0.38643705615715923, 0.42119425293693435, 0.4621564029395046, 0.5100975429171736, 0.5625732105701283, 0.6133192764550129, 0.6549017506007392, 0.6833657477271733, 0.6999227281092507, 0.7080259837462242, 0.7102391874243252, 0.7085877403453236, 0.7059964310004055, 0.7048737700111758, 0.7042993374171955, 0.7008481525646022, 0.6932443933792027, 0.6845512925989767, 0.6784068494378547, 0.6745409666968158, 0.6697470467878752, 0.6622848018031472, 0.6535145305500712, 0.6455488486646153, 0.638501507360461, 0.6299224221929123, 0.6166575202873997, 0.5979116055913096, 0.576656083528255, 0.5574850071619076, 0.5431818596687483, 0.5334990603973011, 0.5262102116869914, 0.5183157303543343, 0.5067671378744114, 0.4895353524468414, 0.46693519835814656, 0.44169055885644637, 0.4170403913999567, 0.3945273911661225, 0.3735622751109108, 0.35261430956807954, 0.33022390602981416, 0.30527857167019035, 0.2774397671898993, 0.24753025442812204, 0.21684165975698405, 0.1860309849805744, 0.15528095062542743, 0.1254816595694547, 0.09850809205254897, 0.07594673072265987, 0.05786765827498561, 0.04318702570974947, 0.031006035243410546, 0.021191872294664373, 0.013824358316634961, 0.008644273640638524, 0.005162824848669188, 0.0029452688464910864, 0.0016337316063018798]]}