{"S_min_Ks": [[0.9442449790175655]], "S_min_Q": [[0.011724438804482575]], "S_Ks": [[0.9786134645388932]], "S_Q": [[0.014709552509206808]], "S_max_Ks": [[1.0087244480944682]], "S_max_Q": [[0.018493036248389938]], "S_T_min_Ks": [[0.957088566457053]], "S_T_min_Q": [[-0.007893944761171098]], "S_T_Ks": [[0.9861480466994016]], "S_T_Q": [[0.017014411987977776]], "S_T_max_Ks": [[1.0104063869231656]], "S_T_max_Q": [[0.03328435942031793]]}