{"S_Ks": [[0.8563418600704669]], "S_Q": [[0.14017839443086125]], "S_T_Ks": [[0.8629598979922622]], "S_T_Q": [[0.13396964474879608]]}