{"S_min_Ks": [[0.695154072495754]], "S_min_Q": [[0.24037771161536475]], "S_Ks": [[0.7262478794683326]], "S_Q": [[0.257188536212811]], "S_max_Ks": [[0.7522965789271683]], "S_max_Q": [[0.27555089886702866]], "S_T_min_Ks": [[0.6945555543965691]], "S_T_min_Q": [[0.24723148509669857]], "S_T_Ks": [[0.7229776156430623]], "S_T_Q": [[0.2765912581763076]], "S_T_max_Ks": [[0.7568041081898553]], "S_T_max_Q": [[0.30558260927881253]]}