{"S_Ks": [[0.7262478783845856]], "S_Q": [[0.25718853733383035]], "S_T_Ks": [[0.7229776145018565]], "S_T_Q": [[0.27659125937419077]]}