{"S_min_Ks": [[0.695154071527987]], "S_min_Q": [[0.24037771266240876]], "S_Ks": [[0.7262478783845856]], "S_Q": [[0.25718853733383035]], "S_max_Ks": [[0.7522965779993405]], "S_max_Q": [[0.2755509002244165]], "S_T_min_Ks": [[0.6945555528392046]], "S_T_min_Q": [[0.24723148647137316]], "S_T_Ks": [[0.7229776145018565]], "S_T_Q": [[0.27659125937419077]], "S_T_max_Ks": [[0.7568041073974929]], "S_T_max_Q": [[0.30558261055420544]]}