{"S_Ks": [[0.7262478794683326]], "S_Q": [[0.257188536212811]], "S_T_Ks": [[0.7229776156430623]], "S_T_Q": [[0.2765912581763076]]}