{"S_min_Ks": [[0.6951540787657139]], "S_min_Q": [[0.24037770232046507]], "S_Ks": [[0.7262478855693741]], "S_Q": [[0.25718852733936093]], "S_max_Ks": [[0.7522965837627485]], "S_max_Q": [[0.2755508912369128]], "S_T_min_Ks": [[0.6945555631817861]], "S_T_min_Q": [[0.24723148238924375]], "S_T_Ks": [[0.722977625181439]], "S_T_Q": [[0.2765912544508454]], "S_T_max_Ks": [[0.7568041194403995]], "S_T_max_Q": [[0.305582603276799]]}