{"S_Ks": [[0.7262478855693741]], "S_Q": [[0.25718852733936093]], "S_T_Ks": [[0.722977625181439]], "S_T_Q": [[0.2765912544508454]]}