{"S_Ks": [[0.9786134645388932]], "S_Q": [[0.014709552509206808]], "S_T_Ks": [[0.9861480466994016]], "S_T_Q": [[0.017014411987977776]]}