{"S_min_Ks": [[0.8173421309418814]], "S_min_Q": [[0.1267291218802921]], "S_Ks": [[0.8563418600704669]], "S_Q": [[0.14017839443086125]], "S_max_Ks": [[0.8896406604310393]], "S_max_Q": [[0.14962201375194473]], "S_T_min_Ks": [[0.8302307886040643]], "S_T_min_Q": [[0.11370967239301571]], "S_T_Ks": [[0.8629598979922622]], "S_T_Q": [[0.13396964474879608]], "S_T_max_Ks": [[0.8906583063087627]], "S_T_max_Q": [[0.15132557638388405]]}