{"Min": [[8.627789875703408]], "SD_min": [[18.633045068379364]], "Mean": [[20.266693940873083]], "SD_max": [[21.9003428133668]], "Max": [[50.57830313181035]]}