{"output": [[10.969889212392054, 11.798283581582757, 12.626677950773457, 13.45507231996416, 14.28346668915486, 15.111861058345562, 15.940255427536265, 16.768649796726965, 17.597044165917666, 18.42543853510837, 19.25383290429907, 20.08222727348977, 20.910621642680475, 21.739016011871172, 22.567410381061876, 23.395804750252577, 24.224199119443277, 25.05259348863398, 25.88098785782468, 26.709382227015382, 27.537776596206086, 28.366170965396787, 29.194565334587487, 30.022959703778188, 30.851354072968892, 31.679748442159593, 32.5081428113503, 33.336537180541, 34.1649315497317, 34.993325918922395, 35.8217202881131, 36.6501146573038, 37.47850902649451, 38.306903395685204, 39.13529776487591, 39.963692134066605, 40.79208650325731, 41.62048087244801, 42.44887524163872, 43.277269610829414, 44.10566398002012, 44.934058349210815, 45.76245271840152, 46.59084708759222, 47.41924145678292, 48.247635825973624, 49.07603019516432, 49.904424564355025, 50.73281893354573, 51.56121330273643, 52.38960767192713, 53.218002041117835, 54.04639641030853, 54.874790779499236, 55.70318514868994, 56.53157951788064, 57.35997388707134, 58.188368256262045, 59.01676262545274, 59.845156994643446, 60.67355136383414, 61.50194573302485, 62.33034010221555, 63.15873447140625, 63.98712884059695, 64.81552320978766, 65.64391757897835, 66.47231194816905, 67.30070631735975, 68.12910068655046, 68.95749505574116, 69.78588942493187, 70.61428379412257, 71.44267816331327, 72.27107253250396, 73.09946690169467, 73.92786127088537, 74.75625564007606, 75.58465000926677, 76.41304437845747, 77.24143874764817, 78.06983311683888, 78.89822748602958, 79.72662185522029, 80.55501622441099, 81.3834105936017, 82.2118049627924, 83.04019933198308, 83.86859370117378, 84.69698807036448, 85.52538243955519, 86.35377680874589, 87.1821711779366, 88.0105655471273, 88.838959916318, 89.66735428550871, 90.49574865469941, 91.32414302389012, 92.15253739308079, 92.9809317622715]], "PDF": [[0.0008439324084168978, 0.0018706980370405367, 0.0032007075197240395, 0.00486512841312742, 0.007231567182769555, 0.010773933110293508, 0.016794554640405593, 0.028588157670394593, 0.0520227607456454, 0.09516584666625742, 0.16080151291580866, 0.22725352519272318, 0.24644303774936688, 0.19307546690083024, 0.1051159765087239, 0.03890939070648796, 0.009914485607070554, 0.0020286741763101547, 0.000573531675742859, 0.0003104303307932288, 0.00019181951020038558, 0.00010296306070311544, 7.193091894938818e-05, 9.414971155055521e-05, 0.00011796623597838866, 0.00010701428956036926, 6.90140912121705e-05, 3.062938370552323e-05, 8.78602391985662e-06, 1.5380272421250569e-06, 1.5890499115600383e-07, 2.560220932035811e-08, 2.3960616425039424e-07, 1.9867878492311943e-06, 9.284897004175944e-06, 2.4423304648926078e-05, 3.616031372610216e-05, 3.013424927475251e-05, 1.4134777840765608e-05, 3.73179708577071e-06, 5.545586441093261e-07, 4.6384978636121433e-08, 2.1837738762558887e-09, 5.7867989711042424e-11, 8.631167574150208e-13, 7.246046641979236e-15, 3.4239950302197876e-17, 9.106794777612643e-20, 1.3633218579318525e-22, 1.1487662542578426e-25, 5.4483545927867e-29, 1.4544523040373352e-32, 2.1854155396807567e-36, 1.8482852321228642e-40, 8.798413807330285e-45, 2.357437556353794e-49, 3.5553014982922526e-54, 3.0179573463471732e-59, 1.4419499384439495e-64, 3.877820408253597e-70, 5.869831368085876e-76, 5.001082067382142e-82, 2.398295881592271e-88, 6.47354193611891e-95, 9.835163715494792e-102, 8.410496706917858e-109, 4.0482014901870364e-116, 1.096738324322473e-123, 4.263894718049982e-125, 1.748209106875414e-117, 4.034417860893262e-110, 5.24045264846378e-103, 3.831396941462552e-96, 1.5766885690746688e-89, 3.652036534965689e-83, 4.7612910703120835e-77, 3.4939346189661717e-71, 1.4431292845979016e-65, 3.355027846916682e-60, 4.390231711802641e-55, 3.233547011964066e-50, 1.3405139574093928e-45, 3.1279796913252395e-41, 4.108250652884564e-37, 3.0370389719762226e-33, 1.2637006842420468e-29, 2.959637354908978e-26, 3.9015143024211816e-23, 2.894865098351807e-20, 1.2089932634600126e-17, 2.8419723965619425e-15, 3.7602459622870933e-13, 2.8003549053924373e-11, 1.1738438290272758e-09, 2.7695422232305515e-08, 3.6779522259342623e-07, 2.749189019631013e-06, 1.1566542056346812e-05, 2.7390685771600263e-05, 3.650923170425986e-05]]}