{"output": [[10.969889212392054, 11.798283581582757, 12.626677950773457, 13.45507231996416, 14.28346668915486, 15.111861058345562, 15.940255427536265, 16.768649796726965, 17.597044165917666, 18.42543853510837, 19.25383290429907, 20.08222727348977, 20.910621642680475, 21.739016011871172, 22.567410381061876, 23.395804750252577, 24.224199119443277, 25.05259348863398, 25.88098785782468, 26.709382227015382, 27.537776596206086, 28.366170965396787, 29.194565334587487, 30.022959703778188, 30.851354072968892, 31.679748442159593, 32.5081428113503, 33.336537180541, 34.1649315497317, 34.993325918922395, 35.8217202881131, 36.6501146573038, 37.47850902649451, 38.306903395685204, 39.13529776487591, 39.963692134066605, 40.79208650325731, 41.62048087244801, 42.44887524163872, 43.277269610829414, 44.10566398002012, 44.934058349210815, 45.76245271840152, 46.59084708759222, 47.41924145678292, 48.247635825973624, 49.07603019516432, 49.904424564355025, 50.73281893354573, 51.56121330273643, 52.38960767192713, 53.218002041117835, 54.04639641030853, 54.874790779499236, 55.70318514868994, 56.53157951788064, 57.35997388707134, 58.188368256262045, 59.01676262545274, 59.845156994643446, 60.67355136383414, 61.50194573302485, 62.33034010221555, 63.15873447140625, 63.98712884059695, 64.81552320978766, 65.64391757897835, 66.47231194816905, 67.30070631735975, 68.12910068655046, 68.95749505574116, 69.78588942493187, 70.61428379412257, 71.44267816331327, 72.27107253250396, 73.09946690169467, 73.92786127088537, 74.75625564007606, 75.58465000926677, 76.41304437845747, 77.24143874764817, 78.06983311683888, 78.89822748602958, 79.72662185522029, 80.55501622441099, 81.3834105936017, 82.2118049627924, 83.04019933198308, 83.86859370117378, 84.69698807036448, 85.52538243955519, 86.35377680874589, 87.1821711779366, 88.0105655471273, 88.838959916318, 89.66735428550871, 90.49574865469941, 91.32414302389012, 92.15253739308079, 92.9809317622715]], "PDF": [[0.0008439325588478843, 0.001870698126276571, 0.0032007076125740836, 0.00486512863602419, 0.007231567531905809, 0.010773933831666672, 0.016794556384901415, 0.02858816124426784, 0.05202276700087414, 0.09516585440063625, 0.16080151411823887, 0.22725350977675296, 0.24644301289635445, 0.19307545551539398, 0.10511598476107362, 0.03890940326752749, 0.009914492054788013, 0.002028675909235783, 0.0005735319573452637, 0.00031043035972108505, 0.00019181951695806409, 0.00010296308019175596, 7.193093721491203e-05, 9.414971145167583e-05, 0.00011796622368006547, 0.00010701428061136503, 6.901409140863161e-05, 3.062938949200408e-05, 8.786028654145214e-06, 1.5380289221359134e-06, 1.5890528824759884e-07, 2.5602278272413948e-08, 2.396065561757457e-07, 1.9867895764509486e-06, 9.284899914007335e-06, 2.4423303786161147e-05, 3.6160307332244255e-05, 3.0134245927171022e-05, 1.4134780128720376e-05, 3.7317994817648404e-06, 5.545593813702283e-07, 4.638508180040555e-08, 2.1837811393737174e-09, 5.786825793117685e-11, 8.631220667478859e-13, 7.246103703824918e-15, 3.424028604776925e-17, 9.106903546191698e-20, 1.3633413383166397e-22, 1.148785601070543e-25, 5.448461386481073e-29, 1.4544851281696823e-32, 2.1854717971300227e-36, 1.8483390609284975e-40, 8.798701623818517e-45, 2.3575236222264503e-49, 3.5554455285069066e-54, 3.018092314848438e-59, 1.4420207951017204e-64, 3.878028896914328e-70, 5.870175320090449e-76, 5.0014003163174847e-82, 2.398461082741012e-88, 6.474023157843693e-95, 9.835950508362314e-102, 8.411218886533029e-109, 4.048573690997294e-116, 1.0968460518240357e-123, 4.2643185335577693e-125, 1.7483718220642867e-117, 4.034768700593989e-110, 5.240877414685039e-103, 3.831685660660084e-96, 1.5767987232431983e-89, 3.652272382230949e-83, 4.761574378204853e-77, 3.494125500501493e-71, 1.443201396971677e-65, 3.3551805473017786e-60, 4.390412877328422e-55, 3.2336673792861755e-50, 1.34055871817113e-45, 3.128072793113965e-41, 4.108358884261638e-37, 3.037109227229614e-33, 1.2637261199882004e-29, 2.959688646583132e-26, 3.901571810881896e-23, 2.894900869952485e-20, 1.2090055722520403e-17, 2.841995735888786e-15, 3.7602702194185806e-13, 2.80036861801761e-11, 1.1738479959104135e-09, 2.7695488979236722e-08, 3.6779576601818383e-07, 2.7491910876565545e-06, 1.1566544764861258e-05, 2.7390683671565073e-05, 3.6509225122293907e-05]]}