{"output": [[10.969889212392054, 11.798283581582757, 12.626677950773457, 13.45507231996416, 14.28346668915486, 15.111861058345562, 15.940255427536265, 16.768649796726965, 17.597044165917666, 18.42543853510837, 19.25383290429907, 20.08222727348977, 20.910621642680475, 21.739016011871172, 22.567410381061876, 23.395804750252577, 24.224199119443277, 25.05259348863398, 25.88098785782468, 26.709382227015382, 27.537776596206086, 28.366170965396787, 29.194565334587487, 30.022959703778188, 30.851354072968892, 31.679748442159593, 32.5081428113503, 33.336537180541, 34.1649315497317, 34.993325918922395, 35.8217202881131, 36.6501146573038, 37.47850902649451, 38.306903395685204, 39.13529776487591, 39.963692134066605, 40.79208650325731, 41.62048087244801, 42.44887524163872, 43.277269610829414, 44.10566398002012, 44.934058349210815, 45.76245271840152, 46.59084708759222, 47.41924145678292, 48.247635825973624, 49.07603019516432, 49.904424564355025, 50.73281893354573, 51.56121330273643, 52.38960767192713, 53.218002041117835, 54.04639641030853, 54.874790779499236, 55.70318514868994, 56.53157951788064, 57.35997388707134, 58.188368256262045, 59.01676262545274, 59.845156994643446, 60.67355136383414, 61.50194573302485, 62.33034010221555, 63.15873447140625, 63.98712884059695, 64.81552320978766, 65.64391757897835, 66.47231194816905, 67.30070631735975, 68.12910068655046, 68.95749505574116, 69.78588942493187, 70.61428379412257, 71.44267816331327, 72.27107253250396, 73.09946690169467, 73.92786127088537, 74.75625564007606, 75.58465000926677, 76.41304437845747, 77.24143874764817, 78.06983311683888, 78.89822748602958, 79.72662185522029, 80.55501622441099, 81.3834105936017, 82.2118049627924, 83.04019933198308, 83.86859370117378, 84.69698807036448, 85.52538243955519, 86.35377680874589, 87.1821711779366, 88.0105655471273, 88.838959916318, 89.66735428550871, 90.49574865469941, 91.32414302389012, 92.15253739308079, 92.9809317622715]], "PDF": [[0.0008439324258084776, 0.0018706980473572668, 0.003200707530458612, 0.0048651284388970635, 0.007231567223133746, 0.010773933193692515, 0.01679455484209025, 0.02858815808357603, 0.052022761468823384, 0.09516584756044785, 0.16080151305484305, 0.22725352341046098, 0.24644303487607483, 0.19307546558455463, 0.10511597746279007, 0.03890939215869197, 0.009914486352502529, 0.00202867437665665, 0.0005735317082994323, 0.0003104303341376035, 0.00019181951098165277, 0.00010296306295623347, 7.193092106109694e-05, 9.414971153912327e-05, 0.00011796623455655814, 0.00010701428852575932, 6.90140912348838e-05, 3.0629384374508365e-05, 8.786024467195897e-06, 1.5380274363539737e-06, 1.5890502550325718e-07, 2.560221729201708e-08, 2.396062095615415e-07, 1.986788048918039e-06, 9.284897340586656e-06, 2.4423304549180416e-05, 3.616031298689703e-05, 3.0134248887732794e-05, 1.4134778105280116e-05, 3.7317973627757403e-06, 5.545587293453067e-07, 4.638499056311431e-08, 2.183774715956483e-09, 5.786802072038063e-11, 8.631173712346649e-13, 7.246053238976618e-15, 3.423998911816566e-17, 9.106807352473023e-20, 1.3633241100791854e-22, 1.148768490960224e-25, 5.44836693928659e-29, 1.4544560988551475e-32, 2.1854220436293926e-36, 1.8482914552856146e-40, 8.798447081819479e-45, 2.357447506420111e-49, 3.55531814958044e-54, 3.017972949984415e-59, 1.4419581301288424e-64, 3.877844511421436e-70, 5.869871131951962e-76, 5.0011188596662844e-82, 2.3983149802059557e-88, 6.473597569180552e-95, 9.835254674784979e-102, 8.410580196203747e-109, 4.048244519228115e-116, 1.0967507783474571e-123, 4.263943713952679e-125, 1.7482279178903673e-117, 4.0344584205286684e-110, 5.240501754673888e-103, 3.831430319684687e-96, 1.576701303798474e-89, 3.652063800904444e-83, 4.761323823174202e-77, 3.493956686583211e-71, 1.4431376214521121e-65, 3.3550455005214985e-60, 4.390252656285556e-55, 3.233560927612855e-50, 1.3405191322033885e-45, 3.127990454845108e-41, 4.1082631655587376e-37, 3.0370470942265693e-33, 1.26370362488722e-29, 2.959643284784185e-26, 3.901520951032191e-23, 2.8948692339469073e-20, 1.208994686494708e-17, 2.8419750948527865e-15, 3.76024876668876e-13, 2.8003564907297274e-11, 1.1738443107672085e-09, 2.7695429949027502e-08, 3.6779528541967835e-07, 2.749189258719014e-06, 1.1566542369482917e-05, 2.739068552881158e-05, 3.650923094330722e-05]]}