{"output": [[10.969889212392054, 11.798283581582757, 12.626677950773457, 13.45507231996416, 14.28346668915486, 15.111861058345562, 15.940255427536265, 16.768649796726965, 17.597044165917666, 18.42543853510837, 19.25383290429907, 20.08222727348977, 20.910621642680475, 21.739016011871172, 22.567410381061876, 23.395804750252577, 24.224199119443277, 25.05259348863398, 25.88098785782468, 26.709382227015382, 27.537776596206086, 28.366170965396787, 29.194565334587487, 30.022959703778188, 30.851354072968892, 31.679748442159593, 32.5081428113503, 33.336537180541, 34.1649315497317, 34.993325918922395, 35.8217202881131, 36.6501146573038, 37.47850902649451, 38.306903395685204, 39.13529776487591, 39.963692134066605, 40.79208650325731, 41.62048087244801, 42.44887524163872, 43.277269610829414, 44.10566398002012, 44.934058349210815, 45.76245271840152, 46.59084708759222, 47.41924145678292, 48.247635825973624, 49.07603019516432, 49.904424564355025, 50.73281893354573, 51.56121330273643, 52.38960767192713, 53.218002041117835, 54.04639641030853, 54.874790779499236, 55.70318514868994, 56.53157951788064, 57.35997388707134, 58.188368256262045, 59.01676262545274, 59.845156994643446, 60.67355136383414, 61.50194573302485, 62.33034010221555, 63.15873447140625, 63.98712884059695, 64.81552320978766, 65.64391757897835, 66.47231194816905, 67.30070631735975, 68.12910068655046, 68.95749505574116, 69.78588942493187, 70.61428379412257, 71.44267816331327, 72.27107253250396, 73.09946690169467, 73.92786127088537, 74.75625564007606, 75.58465000926677, 76.41304437845747, 77.24143874764817, 78.06983311683888, 78.89822748602958, 79.72662185522029, 80.55501622441099, 81.3834105936017, 82.2118049627924, 83.04019933198308, 83.86859370117378, 84.69698807036448, 85.52538243955519, 86.35377680874589, 87.1821711779366, 88.0105655471273, 88.838959916318, 89.66735428550871, 90.49574865469941, 91.32414302389012, 92.15253739308079, 92.9809317622715]], "PDF": [[0.0008439324015495054, 0.001870698032966801, 0.0032007075154853065, 0.004865128402951968, 0.007231567166831222, 0.010773933077361691, 0.01679455456076716, 0.028588157507242126, 0.05202276046008797, 0.09516584631316903, 0.16080151286091332, 0.2272535258964805, 0.2464430388839409, 0.19307546742057832, 0.10511597613198742, 0.03890939013306057, 0.009914485312723783, 0.00202867409720005, 0.0005735316628873465, 0.00031043032947265933, 0.00019181950989188853, 0.00010296305981343221, 7.193091811554297e-05, 9.414971155506911e-05, 0.00011796623653982312, 0.00010701428996890288, 6.90140912032018e-05, 3.062938344136277e-05, 8.78602370373017e-06, 1.5380271654303945e-06, 1.5890497759339468e-07, 2.5602206172610365e-08, 2.3960614635850125e-07, 1.986787770381373e-06, 9.284896871338326e-06, 2.4423304688312395e-05, 3.616031401799014e-05, 3.013424942757393e-05, 1.4134777736317461e-05, 3.7317969763904475e-06, 5.54558610452417e-07, 4.638497392654148e-08, 2.183773544685564e-09, 5.786797746646987e-11, 8.631165150377652e-13, 7.24604403704154e-15, 3.4239934975049e-17, 9.106789812214869e-20, 1.3633209686333e-22, 1.1487653710581422e-25, 5.448349717563972e-29, 1.4544508055901646e-32, 2.1854129714887012e-36, 1.848282774804444e-40, 8.798400668353509e-45, 2.3574336274084217e-49, 3.5552949232626563e-54, 3.017951185001456e-59, 1.441946703827381e-64, 3.877810890739363e-70, 5.869815666705247e-76, 5.0010675393827766e-82, 2.3982883402139897e-88, 6.473519968567638e-95, 9.83512779886715e-102, 8.410463739947921e-109, 4.048184499546834e-116, 1.0967334066727652e-123, 4.2638753713195e-125, 1.7482016790744107e-117, 4.0344018453274384e-110, 5.240433258148465e-103, 3.83138376157045e-96, 1.5766835405755967e-89, 3.652025768591218e-83, 4.7612781373361944e-77, 3.4939259052217718e-71, 1.4431259926591082e-65, 3.355020876108941e-60, 4.390223441536308e-55, 3.2335415171443054e-50, 1.3405119140573667e-45, 3.1279754411721703e-41, 4.108245712047822e-37, 3.037035764770194e-33, 1.2636995230789696e-29, 2.95963501339773e-26, 3.90151167710451e-23, 2.894863465341694e-20, 1.2089927015504466e-17, 2.8419713310955314e-15, 3.760244854920852e-13, 2.8003542793946482e-11, 1.173843638803926e-09, 2.7695419185224035e-08, 3.677951977853893e-07, 2.749188925222957e-06, 1.1566541932699555e-05, 2.739068586746957e-05, 3.6509232004735246e-05]]}