{"output": [[8.627789875703408, 9.051532433845903, 9.475274991988398, 9.899017550130893, 10.322760108273386, 10.74650266641588, 11.170245224558375, 11.59398778270087, 12.017730340843364, 12.441472898985857, 12.865215457128352, 13.288958015270847, 13.712700573413342, 14.136443131555836, 14.56018568969833, 14.983928247840824, 15.407670805983319, 15.831413364125813, 16.255155922268308, 16.6788984804108, 17.102641038553294, 17.52638359669579, 17.950126154838287, 18.37386871298078, 18.797611271123273, 19.221353829265766, 19.645096387408262, 20.06883894555076, 20.492581503693252, 20.916324061835745, 21.340066619978238, 21.763809178120734, 22.18755173626323, 22.611294294405724, 23.035036852548217, 23.45877941069071, 23.882521968833206, 24.306264526975703, 24.730007085118196, 25.15374964326069, 25.57749220140318, 26.00123475954568, 26.424977317688175, 26.848719875830668, 27.27246243397316, 27.696204992115653, 28.119947550258154, 28.543690108400646, 28.96743266654314, 29.391175224685632, 29.814917782828125, 30.238660340970625, 30.66240289911312, 31.08614545725561, 31.509888015398104, 31.933630573540597, 32.3573731316831, 32.78111568982559, 33.20485824796808, 33.628600806110576, 34.05234336425307, 34.47608592239557, 34.89982848053806, 35.323571038680555, 35.74731359682305, 36.17105615496554, 36.59479871310804, 37.018541271250534, 37.44228382939303, 37.86602638753552, 38.28976894567801, 38.71351150382051, 39.137254061963006, 39.5609966201055, 39.98473917824799, 40.408481736390485, 40.83222429453298, 41.25596685267548, 41.67970941081797, 42.103451968960464, 42.52719452710296, 42.95093708524545, 43.37467964338795, 43.79842220153044, 44.222164759672935, 44.64590731781543, 45.06964987595792, 45.49339243410042, 45.917134992242914, 46.34087755038541, 46.7646201085279, 47.18836266667039, 47.61210522481289, 48.035847782955386, 48.45959034109788, 48.88333289924037, 49.30707545738287, 49.730818015525365, 50.15456057366786, 50.57830313181035]], "PDF": [[7.65780949826127e-05, 5.798751845964101e-05, 4.368548658040434e-05, 9.77762008606712e-05, 0.00020758997404208692, 0.0003049489869733623, 0.0005296692103835349, 0.0011572166834036548, 0.002020962192765454, 0.0026467902790377014, 0.002964566636200767, 0.003432026946863492, 0.004520181852416302, 0.006071058446443767, 0.007576070671289842, 0.009008171963836487, 0.01075650494357157, 0.013166878411371262, 0.016601119086207337, 0.021466860419233055, 0.027860857129914963, 0.036539094394341734, 0.04998378052493543, 0.07085861420332164, 0.10068694953171335, 0.1414609468546748, 0.19468810248749996, 0.25760587260917245, 0.3156829632266721, 0.3370424897803647, 0.29819622599241363, 0.21461903312455333, 0.12417674629894952, 0.05577939085814183, 0.018874716857695453, 0.005282501524264544, 0.001811928698870064, 0.0010803467378792024, 0.0007717919747392731, 0.00047940244622784865, 0.00035782260683299525, 0.00039453151836328567, 0.00038800430943644083, 0.00026730334220032053, 0.00014687075887947554, 0.00012275846742569173, 0.00017392490884063908, 0.00023769915539873155, 0.00022343124606747866, 0.00012308811809403207, 4.774721833594918e-05, 4.677358930523918e-05, 7.346633698085623e-05, 6.705097496452773e-05, 3.1904234435633177e-05, 8.42331828459088e-06, 6.733477758447351e-06, 3.073924049518245e-05, 8.908236953660383e-05, 0.00014196379055740992, 0.00012488332795821625, 6.053756663154088e-05, 1.6033783326246905e-05, 2.292636617233384e-06, 1.7488937866293636e-07, 7.0484532061492865e-09, 1.4902123242072844e-10, 1.6449180524647988e-12, 9.450114731780271e-15, 2.822058423619131e-17, 1.2949120775222082e-17, 4.674346458328523e-15, 8.767868716161307e-13, 8.51711858458566e-11, 4.2846649061989245e-09, 1.1162630356479148e-07, 1.5060581393227561e-06, 1.052306963397662e-05, 3.80775207741844e-05, 7.135434041972147e-05, 6.924647030144045e-05, 3.480169518009472e-05, 9.057923936231649e-06, 1.2209066316527363e-06, 8.52239675839959e-08, 3.0808216509731484e-09, 5.767623190113056e-11, 5.591813957291953e-13, 2.807592810482491e-15, 7.69313227134822e-18, 2.0374256776625958e-16, 5.471973202042602e-14, 7.611190920714185e-12, 5.482602793240641e-10, 2.0452502893351347e-08, 3.9512240383121565e-07, 3.953141506514628e-06, 2.048229319990413e-05, 5.495918824794179e-05, 7.637083749034758e-05]]}