{"output": [[8.627789875703408, 9.051532433845903, 9.475274991988398, 9.899017550130893, 10.322760108273386, 10.74650266641588, 11.170245224558375, 11.59398778270087, 12.017730340843364, 12.441472898985857, 12.865215457128352, 13.288958015270847, 13.712700573413342, 14.136443131555836, 14.56018568969833, 14.983928247840824, 15.407670805983319, 15.831413364125813, 16.255155922268308, 16.6788984804108, 17.102641038553294, 17.52638359669579, 17.950126154838287, 18.37386871298078, 18.797611271123273, 19.221353829265766, 19.645096387408262, 20.06883894555076, 20.492581503693252, 20.916324061835745, 21.340066619978238, 21.763809178120734, 22.18755173626323, 22.611294294405724, 23.035036852548217, 23.45877941069071, 23.882521968833206, 24.306264526975703, 24.730007085118196, 25.15374964326069, 25.57749220140318, 26.00123475954568, 26.424977317688175, 26.848719875830668, 27.27246243397316, 27.696204992115653, 28.119947550258154, 28.543690108400646, 28.96743266654314, 29.391175224685632, 29.814917782828125, 30.238660340970625, 30.66240289911312, 31.08614545725561, 31.509888015398104, 31.933630573540597, 32.3573731316831, 32.78111568982559, 33.20485824796808, 33.628600806110576, 34.05234336425307, 34.47608592239557, 34.89982848053806, 35.323571038680555, 35.74731359682305, 36.17105615496554, 36.59479871310804, 37.018541271250534, 37.44228382939303, 37.86602638753552, 38.28976894567801, 38.71351150382051, 39.137254061963006, 39.5609966201055, 39.98473917824799, 40.408481736390485, 40.83222429453298, 41.25596685267548, 41.67970941081797, 42.103451968960464, 42.52719452710296, 42.95093708524545, 43.37467964338795, 43.79842220153044, 44.222164759672935, 44.64590731781543, 45.06964987595792, 45.49339243410042, 45.917134992242914, 46.34087755038541, 46.7646201085279, 47.18836266667039, 47.61210522481289, 48.035847782955386, 48.45959034109788, 48.88333289924037, 49.30707545738287, 49.730818015525365, 50.15456057366786, 50.57830313181035]], "PDF": [[7.657809825015133e-05, 5.7987518289728036e-05, 4.368548150455078e-05, 9.777619646437402e-05, 0.00020758997630876424, 0.0003049489798956207, 0.0005296691799306755, 0.0011572166651373393, 0.0020209622118017583, 0.002646790303162775, 0.0029645666264927362, 0.0034320269006023474, 0.004520181818569974, 0.006071058453405982, 0.007576070678786372, 0.009008171941721658, 0.010756504898943276, 0.013166878343643636, 0.016601118986369005, 0.021466860319579933, 0.027860856988724696, 0.03653909407456521, 0.04998378001369187, 0.07085861360650697, 0.10068694879394194, 0.14146094599315168, 0.1946881017759108, 0.2576058728034383, 0.3156829657354897, 0.3370424941085541, 0.2981962291392806, 0.21461903351155917, 0.12417674470158105, 0.05577938862564318, 0.01887471526171751, 0.005282500887715515, 0.0018119285426595826, 0.001080346718225313, 0.0007717919767872104, 0.00047940243303255494, 0.0003578225948510529, 0.00039453152231082913, 0.0003880043184044612, 0.00026730334196499765, 0.00014687075150852103, 0.0001227584623100882, 0.00017392490765569024, 0.00023769916116606732, 0.00022343125284192978, 0.00012308811581552358, 4.7747212741079536e-05, 4.67735873383437e-05, 7.346633969743792e-05, 6.705097714378862e-05, 3.190423335855091e-05, 8.423316809356972e-06, 6.733476134743667e-06, 3.073923784370676e-05, 8.908236962531831e-05, 0.00014196379596089655, 0.00012488333144462834, 6.053756481541419e-05, 1.6033781106274602e-05, 2.292635927496227e-06, 1.7488928774020037e-07, 7.048447587282726e-09, 1.4902106351496224e-10, 1.6449155376423305e-12, 9.450095988961716e-15, 2.822051376353596e-17, 1.2949087572869934e-17, 4.674336922202977e-15, 8.767854896544239e-13, 8.517108614808286e-11, 4.284661378751483e-09, 1.1162624392157902e-07, 1.5060576819720544e-06, 1.0523068251662693e-05, 3.807752011275972e-05, 7.135434315227497e-05, 6.92464727692272e-05, 3.480169429808283e-05, 9.057922626008111e-06, 1.2209062381804917e-06, 8.522392000926517e-08, 3.08081902454606e-09, 5.767616239497521e-11, 5.591804920734431e-13, 2.8075869558620377e-15, 7.693112068581293e-18, 2.037420955240424e-16, 5.4719632318687357e-14, 7.611180382141248e-12, 5.482597280423333e-10, 2.0452488888906554e-08, 3.9512223698170326e-07, 3.95314064417795e-06, 2.0482291718419702e-05, 5.495918908088973e-05, 7.63708408749256e-05]]}