{"output": [[10.969889212392054, 11.798283581582757, 12.626677950773457, 13.45507231996416, 14.28346668915486, 15.111861058345562, 15.940255427536265, 16.768649796726965, 17.597044165917666, 18.42543853510837, 19.25383290429907, 20.08222727348977, 20.910621642680475, 21.739016011871172, 22.567410381061876, 23.395804750252577, 24.224199119443277, 25.05259348863398, 25.88098785782468, 26.709382227015382, 27.537776596206086, 28.366170965396787, 29.194565334587487, 30.022959703778188, 30.851354072968892, 31.679748442159593, 32.5081428113503, 33.336537180541, 34.1649315497317, 34.993325918922395, 35.8217202881131, 36.6501146573038, 37.47850902649451, 38.306903395685204, 39.13529776487591, 39.963692134066605, 40.79208650325731, 41.62048087244801, 42.44887524163872, 43.277269610829414, 44.10566398002012, 44.934058349210815, 45.76245271840152, 46.59084708759222, 47.41924145678292, 48.247635825973624, 49.07603019516432, 49.904424564355025, 50.73281893354573, 51.56121330273643, 52.38960767192713, 53.218002041117835, 54.04639641030853, 54.874790779499236, 55.70318514868994, 56.53157951788064, 57.35997388707134, 58.188368256262045, 59.01676262545274, 59.845156994643446, 60.67355136383414, 61.50194573302485, 62.33034010221555, 63.15873447140625, 63.98712884059695, 64.81552320978766, 65.64391757897835, 66.47231194816905, 67.30070631735975, 68.12910068655046, 68.95749505574116, 69.78588942493187, 70.61428379412257, 71.44267816331327, 72.27107253250396, 73.09946690169467, 73.92786127088537, 74.75625564007606, 75.58465000926677, 76.41304437845747, 77.24143874764817, 78.06983311683888, 78.89822748602958, 79.72662185522029, 80.55501622441099, 81.3834105936017, 82.2118049627924, 83.04019933198308, 83.86859370117378, 84.69698807036448, 85.52538243955519, 86.35377680874589, 87.1821711779366, 88.0105655471273, 88.838959916318, 89.66735428550871, 90.49574865469941, 91.32414302389012, 92.15253739308079, 92.9809317622715]], "PDF": [[0.0008439327092799892, 0.001870698215513281, 0.0032007077054250484, 0.004865128858922171, 0.007231567881044654, 0.010773934553043873, 0.01679455812941041, 0.02858816481816857, 0.0520227732561502, 0.09516586213507632, 0.16080151532066383, 0.2272534943606726, 0.24644298804313855, 0.19307544412988004, 0.10511599301347488, 0.038909415828656424, 0.009914498502555887, 0.0020286776421755462, 0.0005735322389501482, 0.00031043038864923405, 0.00019181952371586449, 0.00010296309968053825, 7.193095548056931e-05, 9.414971135279864e-05, 0.00011796621138165427, 0.00010701427166229427, 6.901409160509284e-05, 3.062939527852667e-05, 8.786033388469275e-06, 1.5380306021602167e-06, 1.589055853417992e-07, 2.5602347225129556e-08, 2.396069481044243e-07, 1.986791303683971e-06, 9.284902823859099e-06, 2.4423302923388698e-05, 3.6160300938341114e-05, 3.013424257956491e-05, 1.4134782416690355e-05, 3.7318018777767766e-06, 5.545601186371544e-07, 4.638518496562657e-08, 2.1837884025656043e-09, 5.7868526154398637e-11, 8.63127376149932e-13, 7.246160766512597e-15, 3.4240621798943654e-17, 9.107012316818405e-20, 1.363360819113852e-22, 1.14880494834227e-25, 5.44856818300406e-29, 1.454517953268852e-32, 2.1855280564149008e-36, 1.848392891672584e-40, 8.798989451704171e-45, 2.357609691834033e-49, 3.555589565548491e-54, 3.0182272903154554e-59, 1.4420916557293378e-64, 3.878237398220241e-70, 5.870519294618537e-76, 5.001718587696988e-82, 2.3986262964072025e-88, 6.474504418655781e-95, 9.836737369591524e-102, 8.411941133134023e-109, 4.048945928592703e-116, 1.0969537906494387e-123, 4.264742394111244e-125, 1.7485345535187847e-117, 4.035119573221079e-110, 5.241302218261837e-103, 3.831974403603204e-96, 1.5769088858662976e-89, 3.652508246351572e-83, 4.7618577049064366e-77, 3.4943163937797284e-71, 1.4432735134455828e-65, 3.355333255688637e-60, 4.390594051577988e-55, 3.233787751917976e-50, 1.3406034807357859e-45, 3.1281658983149934e-41, 4.1084671192354525e-37, 3.0371794845920843e-33, 1.2637515564214605e-29, 2.9597399394993305e-26, 3.901629320586223e-23, 2.89493664224141e-20, 1.2090178812541131e-17, 2.8420190755679216e-15, 3.7602944768734195e-13, 2.8003823308042057e-11, 1.1738521628369765e-09, 2.7695555726786918e-08, 3.6779630944746384e-07, 2.7491931556977215e-06, 1.1566547473394277e-05, 2.7390681571513794e-05, 3.6509218540281465e-05]]}