{"S_min_Ks": [[0.11074195113627938]], "S_min_Q": [[0.6503772405048533]], "S_Ks": [[0.12707078432973357]], "S_Q": [[0.9259457038592597]], "S_max_Ks": [[0.1421304706213205]], "S_max_Q": [[1.0883457513894959]], "S_T_min_Ks": [[0.07232984548196283]], "S_T_min_Q": [[0.8348460985762468]], "S_T_Ks": [[0.14547094967114463]], "S_T_Q": [[0.8953745083539981]], "S_T_max_Ks": [[0.22087684057891915]], "S_T_max_Q": [[0.9693405509146686]]}