{"S_Ks": [[0.12707078432973357]], "S_Q": [[0.9259457038592597]], "S_T_Ks": [[0.14547094967114463]], "S_T_Q": [[0.8953745083539981]]}