{"Min": [[-39.11525035327757]], "SD_min": [[5.1314506115786145]], "Mean": [[14.761272810379623]], "SD_max": [[24.39109500918063]], "Max": [[65.5508388628988]]}