{"Min": [[19.489193480753002]], "SD_min": [[20.842212668590793]], "Mean": [[21.359950861722705]], "SD_max": [[21.877689054854617]], "Max": [[22.56493959321918]]}