{"Min": [[-98.05642602815234]], "SD_min": [[14.862799412357852]], "Mean": [[20.042967364189664]], "SD_max": [[25.223135316021477]], "Max": [[28.380309087486335]]}