{"Min": [[18.823351411209984]], "SD_min": [[20.841505030135618]], "Mean": [[21.363101253441215]], "SD_max": [[21.884697476746812]], "Max": [[22.65776324129533]]}