{"Min": [[17.49415341283988]], "SD_min": [[20.821644619824017]], "Mean": [[21.35920191877981]], "SD_max": [[21.896759217735603]], "Max": [[22.975768269787153]]}