{"output": [[-39.11525035327757, -38.05801712887175, -37.00078390446592, -35.9435506800601, -34.88631745565428, -33.82908423124846, -32.77185100684264, -31.71461778243681, -30.65738455803099, -29.60015133362517, -28.542918109219347, -27.485684884813523, -26.428451660407703, -25.371218436001882, -24.31398521159606, -23.256751987190235, -22.199518762784415, -21.142285538378594, -20.08505231397277, -19.027819089566947, -17.970585865161127, -16.913352640755306, -15.856119416349483, -14.798886191943659, -13.741652967537838, -12.684419743132018, -11.627186518726194, -10.56995329432037, -9.51272006991455, -8.45548684550873, -7.398253621102906, -6.341020396697083, -5.283787172291262, -4.226553947885442, -3.169320723479622, -2.1120874990737946, -1.0548542746679743, 0.0023789497378459146, 1.0596121741436733, 2.1168453985494935, 3.1740786229553137, 4.231311847361134, 5.288545071766954, 6.3457782961727816, 7.403011520578602, 8.460244744984422, 9.51747796939025, 10.57471119379607, 11.63194441820189, 12.68917764260771, 13.74641086701353, 14.803644091419358, 15.860877315825178, 16.918110540230998, 17.975343764636825, 19.032576989042646, 20.089810213448466, 21.147043437854286, 22.204276662260106, 23.261509886665934, 24.318743111071754, 25.37597633547758, 26.4332095598834, 27.490442784289222, 28.547676008695042, 29.604909233100862, 30.662142457506683, 31.719375681912503, 32.77660890631832, 33.83384213072416, 34.89107535512998, 35.9483085795358, 37.00554180394162, 38.06277502834744, 39.12000825275326, 40.17724147715908, 41.23447470156491, 42.291707925970734, 43.348941150376554, 44.406174374782374, 45.463407599188194, 46.520640823594015, 47.577874047999835, 48.635107272405655, 49.692340496811475, 50.74957372121731, 51.80680694562313, 52.86404017002895, 53.92127339443477, 54.97850661884059, 56.03573984324641, 57.09297306765223, 58.150206292058066, 59.207439516463886, 60.264672740869706, 61.321905965275526, 62.37913918968135, 63.43637241408717, 64.493605638493, 65.5508388628988]], "PDF": [[9.456657986381647e-05, 0.00017098507150722087, 0.0001364389764049701, 5.4083111096255415e-05, 6.225978276409763e-05, 9.480854971828953e-05, 0.0001350072975608241, 0.00020592462446263757, 0.00021783418275414358, 0.00017866192560199283, 0.0002800790323842586, 0.00046612792984588783, 0.0006979163324013558, 0.0009805755198249023, 0.000972110601930955, 0.0008996592123958718, 0.001141564332443454, 0.0014314533068692265, 0.0014994747306971486, 0.0013420514524635863, 0.0012751781663828071, 0.0015441830579531405, 0.001825720281844043, 0.0019277871768954946, 0.0020777318767546, 0.002175519953766498, 0.0021687119383264715, 0.002463107430738489, 0.002559822147322725, 0.002271562914702403, 0.0021696218276661496, 0.0023444173428644674, 0.002929637376383857, 0.0037030566250512618, 0.005637472780188623, 0.009740931625484613, 0.012929457622954783, 0.01354513573765127, 0.013877751248990603, 0.014674348365467074, 0.014901662386334863, 0.015163043008659172, 0.015562895661368903, 0.015301868059145983, 0.015793390410815875, 0.017111378971819052, 0.01777071594463032, 0.01974468883223051, 0.023856761034702325, 0.030248714924555876, 0.035758912928049814, 0.03910851162891532, 0.04183074415750881, 0.045231781498692246, 0.05106287294258735, 0.061207893756352195, 0.07622343890168552, 0.08665405642127871, 0.07967633102938101, 0.05708504841994802, 0.03439856162535283, 0.01821174497120599, 0.009022649937298777, 0.00460162049490524, 0.0025768280354313377, 0.001574296980737044, 0.000725253407717999, 0.00025151543389516124, 0.00010740026960310416, 5.8309667976561224e-05, 3.60007407411948e-05, 6.335656252654545e-05, 0.00013467202293047562, 0.00015970300794276892, 9.117403309673518e-05, 4.981668118146545e-05, 7.93407419871183e-05, 0.00011293090584980434, 0.00012347489384658563, 0.00012567587336747896, 7.661933421444326e-05, 5.092027183540954e-05, 0.00010415870981429916, 0.00013175972278214187, 8.443647485835952e-05, 4.364102781846751e-05, 4.413908830505884e-05, 3.143115066524584e-05, 3.589126961765822e-05, 4.247612489790478e-05, 3.69365193720586e-05, 5.1906754436879824e-05, 5.757254019726609e-05, 5.0869238385075796e-05, 4.8842415776681995e-05, 5.495581034935911e-05, 5.246628590826375e-05, 3.4014000455432136e-05, 2.9042065769607626e-05, 4.183875126104249e-05]]}