{"output": [[-98.05642602815234, -96.77928728961054, -95.50214855106873, -94.22500981252693, -92.94787107398513, -91.67073233544332, -90.39359359690151, -89.1164548583597, -87.83931611981791, -86.5621773812761, -85.28503864273429, -84.00789990419248, -82.73076116565069, -81.45362242710888, -80.17648368856707, -78.89934495002527, -77.62220621148347, -76.34506747294166, -75.06792873439986, -73.79078999585805, -72.51365125731624, -71.23651251877445, -69.95937378023264, -68.68223504169083, -67.40509630314902, -66.12795756460721, -64.85081882606542, -63.57368008752361, -62.296541348981805, -61.019402610440004, -59.742263871898196, -58.465125133356395, -57.18798639481459, -55.91084765627278, -54.63370891773098, -53.35657017918917, -52.07943144064737, -50.80229270210556, -49.52515396356376, -48.24801522502195, -46.97087648648015, -45.69373774793834, -44.416599009396535, -43.139460270854734, -41.862321532312926, -40.585182793771125, -39.30804405522932, -38.030905316687516, -36.75376657814571, -35.4766278396039, -34.1994891010621, -32.92235036252029, -31.645211623978483, -30.36807288543669, -29.09093414689488, -27.813795408353073, -26.536656669811265, -25.259517931269457, -23.982379192727663, -22.705240454185855, -21.428101715644047, -20.15096297710224, -18.873824238560445, -17.596685500018637, -16.31954676147683, -15.042408022935021, -13.765269284393213, -12.48813054585142, -11.210991807309611, -9.933853068767803, -8.656714330225995, -7.379575591684201, -6.102436853142393, -4.825298114600585, -3.548159376058777, -2.271020637516969, -0.9938818989751752, 0.28325683956663283, 1.5603955781084409, 2.837534316650249, 4.114673055192043, 5.391811793733851, 6.668950532275659, 7.946089270817467, 9.223228009359275, 10.500366747901069, 11.777505486442877, 13.054644224984685, 14.331782963526493, 15.6089217020683, 16.886060440610095, 18.163199179151903, 19.44033791769371, 20.71747665623552, 21.994615394777313, 23.27175413331912, 24.54889287186093, 25.826031610402737, 27.103170348944545, 28.380309087486335]], "PDF": [[7.700953646640783e-05, 3.6878321426477324e-06, 4.0499629768194483e-10, 1.0199625658601888e-16, 5.890751254509644e-26, 7.802080157973416e-38, 2.369754754579984e-52, 5.228860545764397e-54, 3.2329476905829224e-39, 4.583989013290019e-27, 1.490533462073536e-17, 1.1114582769916312e-10, 1.9006312708811307e-06, 7.453474360024776e-05, 1.0798843723303607e-05, 7.693995043103012e-05, 3.314523415061747e-06, 2.5923595762048823e-06, 7.626812028047347e-05, 5.1463458843202904e-06, 7.963576793977926e-10, 2.8259901579627262e-16, 2.299780512024029e-25, 4.291959022023785e-37, 1.4871674512978746e-30, 3.1890624074554005e-20, 1.5682649504552996e-12, 1.7685979878564237e-07, 4.573958478546526e-05, 2.773648115949416e-05, 6.254878778369896e-05, 1.7524205474796158e-05, 7.657156911745429e-05, 4.782280737598742e-06, 7.067732395372248e-10, 7.902568451768154e-07, 6.831881223785576e-05, 8.872421675326913e-05, 1.092342184737769e-05, 0.0001438450571970178, 1.4441204897162496e-05, 4.850360660974882e-09, 6.185458470698125e-07, 9.48383205407753e-05, 0.00012678256769915752, 9.128957080795509e-06, 1.1362166808959009e-05, 0.0001400106016013157, 1.0751655207675832e-05, 4.333004727986379e-05, 5.922362475371678e-05, 0.0002752011385105354, 0.0001842189584254664, 7.390703395583749e-05, 0.00010002829829887013, 0.00011723812076705726, 2.243295369460374e-05, 0.0001368840570045275, 5.664479798588193e-06, 1.0815631916920028e-06, 0.0001147864609982283, 0.00011788510069310186, 8.213263880566203e-05, 0.0002961617359117641, 0.00013399095189817965, 0.0001392233710413628, 0.00013516651589110386, 0.0003060270232340308, 7.612788045057461e-05, 0.000395853559861644, 0.0003111691653601075, 0.0003614476079750446, 0.0003878742861581447, 0.0009042293310668652, 0.0006393789172947928, 0.0007656308313505394, 0.0009286664211998379, 0.0009670568408611487, 0.0011210309458497352, 0.0015428413927868806, 0.00168687702522559, 0.0010694324419380649, 0.0017557164124718083, 0.002227440766119525, 0.003134454775586361, 0.003889757780733012, 0.00469546985891359, 0.005174064493351751, 0.007091569757932857, 0.011396795581518843, 0.015017137779308945, 0.024394324439218268, 0.05740379783310451, 0.3582202983061392, 0.23723021437303626, 0.019838336891549613, 0.007187826563112314, 0.004316207747353314, 0.0008319939418934319, 0.00012146302240216123]]}