{"output": [[19.489193480753002, 19.520261623303167, 19.55132976585333, 19.582397908403493, 19.613466050953654, 19.64453419350382, 19.675602336053984, 19.706670478604146, 19.73773862115431, 19.76880676370447, 19.799874906254637, 19.830943048804798, 19.862011191354963, 19.893079333905128, 19.92414747645529, 19.955215619005454, 19.986283761555615, 20.01735190410578, 20.048420046655945, 20.079488189206106, 20.11055633175627, 20.141624474306433, 20.172692616856597, 20.20376075940676, 20.234828901956924, 20.26589704450709, 20.29696518705725, 20.328033329607415, 20.359101472157576, 20.39016961470774, 20.421237757257906, 20.452305899808067, 20.483374042358232, 20.514442184908393, 20.545510327458558, 20.57657847000872, 20.607646612558884, 20.63871475510905, 20.66978289765921, 20.700851040209375, 20.731919182759537, 20.7629873253097, 20.794055467859867, 20.825123610410028, 20.856191752960193, 20.887259895510354, 20.91832803806052, 20.949396180610684, 20.980464323160845, 21.01153246571101, 21.04260060826117, 21.073668750811336, 21.104736893361498, 21.135805035911662, 21.166873178461827, 21.19794132101199, 21.229009463562154, 21.260077606112315, 21.29114574866248, 21.322213891212645, 21.353282033762806, 21.38435017631297, 21.415418318863132, 21.446486461413297, 21.477554603963462, 21.508622746513623, 21.539690889063788, 21.57075903161395, 21.601827174164114, 21.632895316714276, 21.66396345926444, 21.695031601814605, 21.726099744364767, 21.75716788691493, 21.788236029465093, 21.819304172015258, 21.85037231456542, 21.881440457115584, 21.91250859966575, 21.94357674221591, 21.974644884766075, 22.00571302731624, 22.0367811698664, 22.067849312416566, 22.098917454966728, 22.129985597516892, 22.161053740067054, 22.19212188261722, 22.223190025167384, 22.254258167717545, 22.28532631026771, 22.31639445281787, 22.347462595368036, 22.378530737918197, 22.409598880468362, 22.440667023018527, 22.47173516556869, 22.502803308118853, 22.533871450669015, 22.56493959321918]], "PDF": [[0.0012858147025724298, 0.0014145984035348754, 0.0013643801413770985, 0.0012917832879994024, 0.0013241251045304713, 0.0014878811390787304, 0.0017950608478505981, 0.0023219727454340004, 0.0031841204035475963, 0.004475811697772985, 0.00622045801279419, 0.008303579790944711, 0.010481611817276183, 0.012590908396749199, 0.01473323519758697, 0.017158690638661718, 0.020031306922326943, 0.02329930256777325, 0.026715362800594052, 0.030234185142968616, 0.0344943014008725, 0.04044428530772023, 0.04833758874041694, 0.05752220496444744, 0.0673075730442548, 0.07770069115232155, 0.08927825679018478, 0.1027407614123981, 0.11869067300354058, 0.13732099316714153, 0.1579846846055372, 0.17933188894574167, 0.20006124472716505, 0.21964761117109793, 0.23880852475367, 0.25948835562330014, 0.28371194484176754, 0.311628363349578, 0.3409001956125608, 0.36893061944563804, 0.395734288607615, 0.42393862943861327, 0.45610506062769895, 0.4925355268172105, 0.531215619716502, 0.5691407023901746, 0.6036881938740813, 0.6331283537342951, 0.6564802647832362, 0.6736955395821367, 0.6862096459902347, 0.6967690475888332, 0.707581946442417, 0.7176302852502636, 0.7225025132226345, 0.7185207247135222, 0.7070574993182528, 0.6936692968578991, 0.6831551595155727, 0.6764081939277667, 0.6714177673330965, 0.6657459466701684, 0.65812365346159, 0.6487870600716079, 0.6383224179611009, 0.6262026936683721, 0.6116459541541233, 0.5959722423458469, 0.5821706811828067, 0.5714290416567236, 0.5617201856846575, 0.5506296013444525, 0.5382491070513954, 0.526369603072344, 0.515946555265045, 0.5067702280809298, 0.4990663875382884, 0.4933181476489643, 0.4879534995479949, 0.47936861302415107, 0.465505240324507, 0.44778031102627897, 0.4286239359714133, 0.4087220636951861, 0.38726010089482354, 0.36340231586934435, 0.33700219136173915, 0.30877755066263474, 0.2801245263499223, 0.2522729021034474, 0.2253644080070567, 0.19852754965550923, 0.17090313368380314, 0.14249837285331263, 0.11429293706215995, 0.08780074826060887, 0.06435960874052078, 0.044627593254578914, 0.028722893087580418, 0.016665081597005433]]}