{"output": [[17.49415341283988, 17.54952325987975, 17.604893106919622, 17.660262953959492, 17.715632800999366, 17.771002648039236, 17.826372495079106, 17.88174234211898, 17.93711218915885, 17.992482036198723, 18.047851883238593, 18.103221730278463, 18.158591577318337, 18.213961424358207, 18.26933127139808, 18.32470111843795, 18.38007096547782, 18.435440812517694, 18.490810659557564, 18.546180506597437, 18.601550353637307, 18.656920200677177, 18.71229004771705, 18.76765989475692, 18.823029741796795, 18.878399588836665, 18.933769435876535, 18.98913928291641, 19.04450912995628, 19.099878976996152, 19.155248824036022, 19.210618671075895, 19.265988518115766, 19.321358365155636, 19.37672821219551, 19.43209805923538, 19.487467906275253, 19.542837753315123, 19.598207600354993, 19.653577447394866, 19.708947294434736, 19.76431714147461, 19.81968698851448, 19.87505683555435, 19.930426682594224, 19.985796529634094, 20.041166376673967, 20.096536223713837, 20.151906070753707, 20.20727591779358, 20.26264576483345, 20.318015611873324, 20.373385458913194, 20.428755305953064, 20.484125152992938, 20.539495000032808, 20.59486484707268, 20.65023469411255, 20.705604541152425, 20.760974388192295, 20.816344235232165, 20.87171408227204, 20.92708392931191, 20.982453776351782, 21.037823623391652, 21.093193470431522, 21.148563317471396, 21.203933164511266, 21.25930301155114, 21.31467285859101, 21.37004270563088, 21.425412552670753, 21.480782399710623, 21.536152246750497, 21.591522093790367, 21.646891940830237, 21.70226178787011, 21.75763163490998, 21.813001481949854, 21.868371328989724, 21.923741176029594, 21.979111023069468, 22.034480870109338, 22.08985071714921, 22.14522056418908, 22.20059041122895, 22.255960258268825, 22.311330105308695, 22.36669995234857, 22.42206979938844, 22.47743964642831, 22.532809493468182, 22.588179340508052, 22.643549187547926, 22.698919034587796, 22.754288881627666, 22.80965872866754, 22.86502857570741, 22.920398422747283, 22.975768269787153]], "PDF": [[0.00034071038459896556, 0.0003046694952240268, 0.00021785442036345224, 0.00012459584400074296, 5.720016759753087e-05, 2.217992015260226e-05, 1.1944724305747674e-05, 2.15912583103495e-05, 5.5784601745525776e-05, 0.00012224580474732465, 0.00021511225753096977, 0.00030284859939850635, 0.0003414327653061594, 0.00031009589327893783, 0.00023376620953020506, 0.0001663263305509023, 0.00015296200150180227, 0.00020450095956706893, 0.00029611826953766394, 0.0003914701125336035, 0.00048479988500765186, 0.000623918867013277, 0.0008729758543750499, 0.001237754712495848, 0.0016354051985260662, 0.001952361659122619, 0.002138480656034111, 0.0022469840830534452, 0.0023831319751858367, 0.002612904938228089, 0.0029271193322952613, 0.0032984811748005827, 0.0037552636988429475, 0.004370544732699339, 0.005174651191759501, 0.006104676771445914, 0.007073572596075701, 0.008092100437721612, 0.009281524428994036, 0.010736132077799752, 0.012420964408359257, 0.014286059690442637, 0.016481435178553744, 0.019373743021455826, 0.023303629263585347, 0.028372326047240867, 0.03451308787211288, 0.04175963701138478, 0.050447763516433985, 0.061220135616616426, 0.07486348363489981, 0.09204068034033283, 0.11306383165123307, 0.13800069362183529, 0.1672155897854892, 0.20183548701473336, 0.24344297544908913, 0.29314676792005906, 0.3509631689441599, 0.4157694276545676, 0.4850312953258119, 0.5541479790123318, 0.6167061856977615, 0.6664429761886703, 0.6995951494268104, 0.7157319813473436, 0.7170119985441792, 0.7072228485007682, 0.6910366194705663, 0.6727943680789346, 0.6550259514951822, 0.6380278887078378, 0.620924458751326, 0.6030708678809257, 0.5846262761756253, 0.566272163162327, 0.5487276575191067, 0.5323771458817159, 0.5168536441859871, 0.5006863541801391, 0.4815469004145036, 0.45712330266718254, 0.4258502846994401, 0.3871164193756665, 0.341463154593219, 0.2909225600824503, 0.23880057142873073, 0.18869808438641938, 0.14353673474485223, 0.10517703265003603, 0.07444384306545895, 0.05123126896648088, 0.03466751359695989, 0.02341266202227344, 0.0160238502213215, 0.01122950375034024, 0.008032884520913483, 0.005727764981755298, 0.003914475403142298, 0.002465153775214948]]}