{"output": [[18.823351411209984, 18.862082843837108, 18.900814276464235, 18.93954570909136, 18.978277141718483, 19.017008574345606, 19.055740006972734, 19.094471439599857, 19.13320287222698, 19.171934304854105, 19.210665737481232, 19.249397170108356, 19.28812860273548, 19.326860035362607, 19.36559146798973, 19.404322900616854, 19.44305433324398, 19.481785765871106, 19.52051719849823, 19.559248631125353, 19.597980063752477, 19.636711496379604, 19.675442929006728, 19.71417436163385, 19.75290579426098, 19.791637226888103, 19.830368659515226, 19.86910009214235, 19.907831524769477, 19.9465629573966, 19.985294390023725, 20.02402582265085, 20.062757255277976, 20.1014886879051, 20.140220120532224, 20.17895155315935, 20.217682985786475, 20.2564144184136, 20.295145851040722, 20.33387728366785, 20.372608716294973, 20.411340148922097, 20.450071581549224, 20.488803014176348, 20.52753444680347, 20.566265879430595, 20.604997312057723, 20.643728744684847, 20.68246017731197, 20.721191609939094, 20.75992304256622, 20.798654475193345, 20.83738590782047, 20.876117340447593, 20.91484877307472, 20.953580205701844, 20.992311638328967, 21.031043070956095, 21.06977450358322, 21.108505936210342, 21.147237368837466, 21.185968801464593, 21.224700234091717, 21.26343166671884, 21.302163099345968, 21.340894531973092, 21.379625964600216, 21.41835739722734, 21.457088829854467, 21.49582026248159, 21.534551695108714, 21.573283127735838, 21.612014560362965, 21.65074599299009, 21.689477425617213, 21.728208858244336, 21.766940290871464, 21.805671723498588, 21.84440315612571, 21.88313458875284, 21.921866021379962, 21.960597454007086, 21.99932888663421, 22.038060319261337, 22.07679175188846, 22.115523184515585, 22.154254617142712, 22.192986049769836, 22.23171748239696, 22.270448915024083, 22.30918034765121, 22.347911780278334, 22.386643212905458, 22.42537464553258, 22.46410607815971, 22.502837510786833, 22.541568943413957, 22.58030037604108, 22.619031808668208, 22.65776324129533]], "PDF": [[0.0006507534816890147, 0.000702930946688018, 0.0007841024325949818, 0.0009693523322645058, 0.0011449582958585915, 0.0011475260390984565, 0.0009937243571153196, 0.0008384862337449684, 0.0007395883952136893, 0.000614796311575579, 0.00042677056073663614, 0.0002703543400487084, 0.00027574421268620905, 0.0005188827131735457, 0.001003024129817324, 0.0016578350608197508, 0.0023568159223319647, 0.002971217381908073, 0.003450353116548024, 0.0038662001620525153, 0.004381436106444038, 0.005187872120606296, 0.006419857327670093, 0.008084785066682164, 0.010095174322562676, 0.012293147014364122, 0.014472185632010916, 0.01654311844148613, 0.01858985924933841, 0.020686537942086813, 0.022947975986614067, 0.02588790412729074, 0.030413663459547272, 0.03717888208393081, 0.045990802988634887, 0.0559068556337626, 0.06579183145513291, 0.07503610958477872, 0.08442178628931954, 0.09617642311402314, 0.11197193077570651, 0.13074372137824197, 0.150104567486759, 0.17016082088154494, 0.193889868278171, 0.22343206350415853, 0.2579197155414722, 0.2946960274880115, 0.3314076531628849, 0.36806377161352516, 0.4076064566012851, 0.45358796604864215, 0.5073372986065333, 0.5658408011025852, 0.62070987075173, 0.6622788592844828, 0.6870275930141189, 0.6984736742351859, 0.7012767290229284, 0.6989336443205627, 0.695983989998195, 0.6960437533617622, 0.696851733220759, 0.692979198454399, 0.6844579779905096, 0.6766896273136502, 0.6715023630607084, 0.665266868836178, 0.6558949958744815, 0.6455116920490586, 0.6361482113001864, 0.6261722367327934, 0.6113026974918027, 0.5892853853798327, 0.5634927116503775, 0.540400234052553, 0.5238770666842815, 0.5129788440217071, 0.5037998612671892, 0.4922724599422916, 0.4762780893539891, 0.4562098148103242, 0.4338417252149337, 0.4107497921765071, 0.3876796731424273, 0.3646941487931534, 0.3409300936327166, 0.3147402713357964, 0.2849484452001558, 0.25106585226369826, 0.2127238500102174, 0.17112488129093298, 0.13052495169216802, 0.09591603093448081, 0.0691754329298316, 0.04870352911644694, 0.03236946753985074, 0.019527457431482608, 0.010420047190855092, 0.004877016355003725]]}