{"S_Ks": [[0.722677819031103]], "S_Q": [[0.28159977418277965]], "S_T_Ks": [[0.7250856142441007]], "S_T_Q": [[0.28132967914464446]]}