{"S_min_Ks": [[0.7018913342626775]], "S_min_Q": [[0.23355807111744792]], "S_Ks": [[0.7330170384580443]], "S_Q": [[0.25094030389484545]], "S_max_Ks": [[0.7606343925365256]], "S_max_Q": [[0.2697332089254162]], "S_T_min_Ks": [[0.7010426174906371]], "S_T_min_Q": [[0.2428403792359347]], "S_T_Ks": [[0.7309639615504299]], "S_T_Q": [[0.2719165886116936]], "S_T_max_Ks": [[0.7670572741051517]], "S_T_max_Q": [[0.29991076228316377]]}