{"S_min_Ks": [[0.13008007844044336]], "S_min_Q": [[0.15262021036403317]], "S_Ks": [[0.17187866311979655]], "S_Q": [[0.24931138101081754]], "S_max_Ks": [[0.22230309754798494]], "S_max_Q": [[0.3420652184267734]], "S_T_min_Ks": [[0.44241736811055477]], "S_T_min_Q": [[0.6259233993923756]], "S_T_Ks": [[0.7173114112388571]], "S_T_Q": [[0.8315495737705502]], "S_T_max_Ks": [[0.9752435053110333]], "S_T_max_Q": [[0.9965979312667603]]}