{"S_min_Ks": [[0.18623168865785247]], "S_min_Q": [[0.13865591035876607]], "S_Ks": [[0.2148886372335935]], "S_Q": [[0.16775165349648932]], "S_max_Ks": [[0.2434938749663662]], "S_max_Q": [[0.20876678502915239]], "S_T_min_Ks": [[0.7366741910713269]], "S_T_min_Q": [[0.7246476826858442]], "S_T_Ks": [[0.7997167439699616]], "S_T_Q": [[0.7821875873549083]], "S_T_max_Ks": [[0.8845238514596859]], "S_T_max_Q": [[0.8570271594555141]]}