{"S_Ks": [[0.17187866311979655]], "S_Q": [[0.24931138101081754]], "S_T_Ks": [[0.7173114112388571]], "S_T_Q": [[0.8315495737705502]]}