{"S_Ks": [[0.7082417154506381]], "S_Q": [[0.2919187114728407]], "S_T_Ks": [[0.7210875061277638]], "S_T_Q": [[0.29411755741066925]]}