{"S_Ks": [[0.2148886372335935]], "S_Q": [[0.16775165349648932]], "S_T_Ks": [[0.7997167439699616]], "S_T_Q": [[0.7821875873549083]]}