{"S_Ks": [[0.7330170384580443]], "S_Q": [[0.25094030389484545]], "S_T_Ks": [[0.7309639615504299]], "S_T_Q": [[0.2719165886116936]]}