{"S_min_Ks": [[0.6918139766552956]], "S_min_Q": [[0.2644975217175027]], "S_Ks": [[0.722677819031103]], "S_Q": [[0.28159977418277965]], "S_max_Ks": [[0.7423492655775004]], "S_max_Q": [[0.3033998253546545]], "S_T_min_Ks": [[0.6951293855732894]], "S_T_min_Q": [[0.2615322737674344]], "S_T_Ks": [[0.7250856142441007]], "S_T_Q": [[0.28132967914464446]], "S_T_max_Ks": [[0.7546717944001232]], "S_T_max_Q": [[0.302604720489827]]}