{"S_min_Ks": [[0.668927578269491]], "S_min_Q": [[0.26920214993063657]], "S_Ks": [[0.7082417154506381]], "S_Q": [[0.2919187114728407]], "S_max_Ks": [[0.7315396255604987]], "S_max_Q": [[0.31982663979260295]], "S_T_min_Ks": [[0.6794175893527052]], "S_T_min_Q": [[0.27126499880664223]], "S_T_Ks": [[0.7210875061277638]], "S_T_Q": [[0.29411755741066925]], "S_T_max_Ks": [[0.7524620977135956]], "S_T_max_Q": [[0.31576370625033195]]}