{"Min": [[17.397611472620614]], "SD_min": [[17.990463146023966]], "Mean": [[18.253110041374836]], "SD_max": [[18.515756936725705]], "Max": [[18.505118739701434]]}