{"Min": [[16.727013199582455]], "SD_min": [[16.841011304921754]], "Mean": [[17.54384101245075]], "SD_max": [[18.246670719979743]], "Max": [[18.504345046197674]]}