{"Min": [[17.39761148069488]], "SD_min": [[17.99046314637367]], "Mean": [[18.25311004112341]], "SD_max": [[18.51575693587315]], "Max": [[18.505118735641705]]}