{"Min": [[16.753461107406384]], "SD_min": [[16.84336194496992]], "Mean": [[17.543491975716588]], "SD_max": [[18.243622006463255]], "Max": [[18.49636534800712]]}