{"output": [[16.753461107406384, 16.771066200745786, 16.788671294085187, 16.80627638742459, 16.82388148076399, 16.841486574103392, 16.859091667442794, 16.876696760782195, 16.894301854121593, 16.911906947460995, 16.929512040800397, 16.9471171341398, 16.9647222274792, 16.9823273208186, 16.999932414158003, 17.017537507497405, 17.035142600836807, 17.052747694176208, 17.07035278751561, 17.08795788085501, 17.105562974194413, 17.123168067533815, 17.140773160873213, 17.158378254212614, 17.175983347552016, 17.193588440891418, 17.21119353423082, 17.22879862757022, 17.246403720909623, 17.264008814249024, 17.281613907588426, 17.299219000927827, 17.31682409426723, 17.33442918760663, 17.352034280946032, 17.369639374285434, 17.387244467624832, 17.404849560964234, 17.422454654303635, 17.440059747643037, 17.45766484098244, 17.47526993432184, 17.492875027661242, 17.510480121000644, 17.528085214340045, 17.545690307679447, 17.56329540101885, 17.58090049435825, 17.59850558769765, 17.616110681037053, 17.633715774376455, 17.651320867715853, 17.668925961055255, 17.686531054394656, 17.704136147734058, 17.72174124107346, 17.73934633441286, 17.756951427752263, 17.774556521091665, 17.792161614431066, 17.809766707770468, 17.82737180110987, 17.84497689444927, 17.862581987788673, 17.88018708112807, 17.897792174467472, 17.915397267806874, 17.933002361146276, 17.950607454485677, 17.96821254782508, 17.98581764116448, 18.003422734503882, 18.021027827843284, 18.038632921182685, 18.056238014522087, 18.07384310786149, 18.09144820120089, 18.109053294540292, 18.126658387879694, 18.14426348121909, 18.161868574558493, 18.179473667897895, 18.197078761237297, 18.2146838545767, 18.2322889479161, 18.2498940412555, 18.267499134594903, 18.285104227934305, 18.302709321273706, 18.320314414613108, 18.33791950795251, 18.35552460129191, 18.37312969463131, 18.39073478797071, 18.408339881310113, 18.425944974649514, 18.443550067988916, 18.461155161328318, 18.47876025466772, 18.49636534800712]], "PDF": [[1.294280041947417, 1.4678984072549506, 1.5959319568727457, 1.669081334292931, 1.6856929535381227, 1.6510558818526309, 1.5752618143344237, 1.4705687418624176, 1.3491427200732098, 1.2216141645377525, 1.0963903047683687, 0.9794050576746673, 0.8740459038294008, 0.7812282786139936, 0.6997533199514598, 0.6270405534516061, 0.560119207401337, 0.496570324432601, 0.43509881639514675, 0.37559942287188763, 0.3188342312192811, 0.2659922377866459, 0.21837016716309818, 0.17725017685031932, 0.14388452376954033, 0.11943599908416411, 0.1047825504934447, 0.10021217827113299, 0.10512707877956085, 0.11789560223914705, 0.13593910509695833, 0.15605453308725603, 0.1748962113484862, 0.18950202850456638, 0.19775610558473936, 0.19871474528910943, 0.1927571872894351, 0.181540126165389, 0.16774200344454251, 0.1546038317942003, 0.14532379604600337, 0.14242908892279335, 0.1472890801929574, 0.15990950601872433, 0.17905387379023133, 0.20261769155382492, 0.22809794540537015, 0.2529988593044856, 0.275088663997565, 0.29251772432916834, 0.3038649342899292, 0.308171713111995, 0.30497644343593744, 0.29432594466766654, 0.2767439552226463, 0.2531667184918707, 0.22487501493396955, 0.19343713796068343, 0.16064241205681495, 0.1283869379293119, 0.09849613069861153, 0.07251948235528952, 0.05157249814504498, 0.03629557140275536, 0.026947969852581955, 0.023586583208875352, 0.02623251492216968, 0.03492881286261028, 0.049640135227624047, 0.07001996769791516, 0.0951429295272839, 0.1233388585498318, 0.15225191844692937, 0.17918032600593617, 0.20165038224817108, 0.21807864374320812, 0.22831848613206657, 0.2339015083837757, 0.23787716052619975, 0.24430206042864647, 0.25757766296341106, 0.2819049225413541, 0.32105482354890846, 0.37844373332457704, 0.4572450887846106, 0.560124840693464, 0.6882973663643317, 0.8399722228615681, 1.008734729026362, 1.1827013566458076, 1.345192272076743, 1.4771485494263248, 1.560807970144298, 1.5835819836872636, 1.5409228113296782, 1.4372995841648237, 1.2850542866848402, 1.1015949680131216, 0.9058387831008774, 0.7149057269046145]]}