{"output": [[17.39761148069488, 17.40879842266404, 17.4199853646332, 17.43117230660236, 17.44235924857152, 17.45354619054068, 17.46473313250984, 17.475920074479, 17.48710701644816, 17.49829395841732, 17.509480900386478, 17.52066784235564, 17.5318547843248, 17.543041726293957, 17.554228668263118, 17.56541561023228, 17.57660255220144, 17.587789494170597, 17.598976436139758, 17.61016337810892, 17.62135032007808, 17.632537262047236, 17.643724204016397, 17.654911145985558, 17.666098087954715, 17.677285029923876, 17.688471971893037, 17.699658913862198, 17.710845855831355, 17.722032797800516, 17.733219739769677, 17.744406681738838, 17.755593623707995, 17.766780565677156, 17.777967507646316, 17.789154449615474, 17.800341391584634, 17.811528333553795, 17.822715275522956, 17.833902217492113, 17.845089159461274, 17.856276101430435, 17.867463043399596, 17.878649985368753, 17.889836927337914, 17.901023869307075, 17.912210811276232, 17.923397753245393, 17.934584695214554, 17.945771637183714, 17.95695857915287, 17.968145521122032, 17.979332463091193, 17.990519405060354, 18.00170634702951, 18.012893288998672, 18.024080230967833, 18.03526717293699, 18.04645411490615, 18.057641056875312, 18.068827998844473, 18.08001494081363, 18.09120188278279, 18.10238882475195, 18.113575766721112, 18.12476270869027, 18.13594965065943, 18.14713659262859, 18.15832353459775, 18.16951047656691, 18.18069741853607, 18.19188436050523, 18.203071302474388, 18.21425824444355, 18.22544518641271, 18.23663212838187, 18.247819070351028, 18.25900601232019, 18.27019295428935, 18.281379896258507, 18.292566838227668, 18.30375378019683, 18.31494072216599, 18.326127664135146, 18.337314606104307, 18.348501548073468, 18.35968849004263, 18.370875432011786, 18.382062373980947, 18.393249315950108, 18.404436257919265, 18.415623199888426, 18.426810141857587, 18.437997083826748, 18.449184025795905, 18.460370967765066, 18.471557909734226, 18.482744851703387, 18.493931793672544, 18.505118735641705]], "PDF": [[0.03498947169933381, 0.05297741044323618, 0.0723625543850898, 0.09080428874525313, 0.10717558164885188, 0.12228824553949326, 0.1383190595651541, 0.1571555807108853, 0.17883152498045757, 0.2015055300904782, 0.22324855064069726, 0.24392494362560158, 0.26497399283944034, 0.2870075773614968, 0.3077376031808012, 0.3227556058411045, 0.32879963414414687, 0.3264485164488921, 0.3197480147462935, 0.3134112714225205, 0.31026904928708604, 0.31064297498085247, 0.31320619954009027, 0.31617037264696735, 0.31823498757662, 0.3192006670897459, 0.3200226417826326, 0.3220858833832413, 0.3260582584990345, 0.3311940631053895, 0.335687241543219, 0.3378651396047169, 0.33741373832112115, 0.3357784299080444, 0.33536815584894974, 0.3379870543721423, 0.3435380337412527, 0.3499943146675149, 0.3548123276336354, 0.35678052149900585, 0.35673112676241775, 0.3564627970486363, 0.3569739352290273, 0.35767536277506207, 0.3570328830349144, 0.35387310356648494, 0.3485675260436617, 0.3435281940745417, 0.34232681417107247, 0.3473710514674025, 0.35766646768316446, 0.3688287115759303, 0.3757712038560564, 0.3759619744181554, 0.3706454754575446, 0.36343378060145604, 0.3578808668520819, 0.35591293225554493, 0.35760860853722454, 0.3617470010744256, 0.3666421978535494, 0.3710647211895772, 0.3748301266744675, 0.3786145210910829, 0.38311375682023413, 0.3881817561844681, 0.39263285739769216, 0.3949475574634546, 0.39435421787202285, 0.3914064252686635, 0.38771999693234105, 0.3852025096625283, 0.3851707584284396, 0.3876979902998664, 0.3916847759062595, 0.3959055702172636, 0.4007041641786665, 0.41012350313620904, 0.43519301446049036, 0.49933985887585375, 0.6444732219199182, 0.9310809203480621, 1.4223698785344137, 2.149398060981939, 3.072407022131544, 4.067547524188162, 4.95804274179654, 5.577601667668622, 5.830124547588331, 5.714803674849922, 5.310387678927236, 4.733885028839449, 4.096747633923612, 3.4769128806185585, 2.9121389098047112, 2.4077571438715495, 1.9501289340409353, 1.5225796727575158, 1.120854455130649, 0.7596578195106344]]}