{"output": [[17.397611472620614, 17.40879841471234, 17.419985356804066, 17.431172298895792, 17.442359240987518, 17.45354618307924, 17.464733125170966, 17.47592006726269, 17.487107009354418, 17.498293951446144, 17.50948089353787, 17.520667835629595, 17.53185477772132, 17.543041719813043, 17.55422866190477, 17.565415603996495, 17.57660254608822, 17.587789488179947, 17.598976430271673, 17.6101633723634, 17.621350314455125, 17.632537256546847, 17.643724198638573, 17.6549111407303, 17.666098082822025, 17.67728502491375, 17.688471967005476, 17.699658909097202, 17.710845851188928, 17.72203279328065, 17.733219735372376, 17.744406677464102, 17.755593619555828, 17.766780561647554, 17.77796750373928, 17.789154445831006, 17.80034138792273, 17.811528330014458, 17.82271527210618, 17.833902214197906, 17.84508915628963, 17.856276098381358, 17.867463040473083, 17.87864998256481, 17.889836924656535, 17.90102386674826, 17.912210808839983, 17.92339775093171, 17.934584693023435, 17.94577163511516, 17.956958577206887, 17.968145519298613, 17.97933246139034, 17.990519403482065, 18.001706345573787, 18.012893287665513, 18.02408022975724, 18.035267171848965, 18.04645411394069, 18.057641056032416, 18.068827998124142, 18.080014940215868, 18.091201882307594, 18.102388824399316, 18.113575766491042, 18.124762708582768, 18.135949650674494, 18.14713659276622, 18.158323534857946, 18.16951047694967, 18.180697419041397, 18.19188436113312, 18.203071303224846, 18.21425824531657, 18.225445187408297, 18.236632129500023, 18.24781907159175, 18.259006013683475, 18.2701929557752, 18.281379897866923, 18.29256683995865, 18.303753782050375, 18.3149407241421, 18.326127666233827, 18.337314608325553, 18.34850155041728, 18.359688492509004, 18.370875434600727, 18.382062376692453, 18.39324931878418, 18.404436260875904, 18.41562320296763, 18.426810145059356, 18.437997087151082, 18.449184029242808, 18.460370971334534, 18.471557913426256, 18.482744855517982, 18.493931797609708, 18.505118739701434]], "PDF": [[0.03498946656266028, 0.05297740349073762, 0.07236254587792848, 0.0908042790009413, 0.10717557069974233, 0.1222882329990491, 0.13831904497306613, 0.15715556421465865, 0.17883150767658298, 0.20150551343844528, 0.22324853534140454, 0.24392492918958708, 0.2649739785282669, 0.2870075636418669, 0.3077375920650236, 0.32275559953580685, 0.32879963323081157, 0.3264485193410865, 0.3197480188140878, 0.3134112745751069, 0.31026905072778066, 0.3106429749783936, 0.31320619882969997, 0.3161703719224915, 0.31823498715723775, 0.31920066679323317, 0.32002264110710993, 0.32208588193949944, 0.3260582563762268, 0.3311940608772037, 0.33568723992385935, 0.3378651390002987, 0.3374137385533424, 0.3357784303006782, 0.33536815567339184, 0.337987053372337, 0.34353803233037095, 0.34999431361219385, 0.35481232747436536, 0.35678052219741857, 0.3567311278498474, 0.3564627980673462, 0.3569739360348062, 0.3576753635241517, 0.35703288399371597, 0.3538731048861259, 0.34856752756006587, 0.34352819527682155, 0.3423268144759492, 0.3473710506452743, 0.3576664660494675, 0.36882870975600107, 0.3757712023426979, 0.37596197329100134, 0.37064547442474766, 0.3634337792536347, 0.3578808649195111, 0.35591292972442184, 0.35760860560131386, 0.36174699799822835, 0.36664219486918004, 0.3710647185099874, 0.3748301245798358, 0.37861451996066137, 0.38311375705205625, 0.3881817580786056, 0.3926328611036606, 0.39494756300156275, 0.3943542251571634, 0.39140643409813486, 0.3877200070212461, 0.3852025208272821, 0.38517077080487255, 0.387698004296425, 0.39168479181009147, 0.39590558778623525, 0.4007041824282536, 0.41012351972979016, 0.43519302380341307, 0.4993398497483755, 0.6444731789767196, 0.9310808350032715, 1.4223697679051983, 2.1493979801490006, 3.0724070497881213, 4.067547719089843, 4.958043096649738, 5.577602096953872, 5.830124922068567, 5.714803880300195, 5.310387661760179, 4.733884805657363, 4.096747269200516, 3.4769124542082244, 2.9121384934366343, 2.4077567911689775, 1.9501286775640023, 1.522579521944151, 1.120854396117817, 0.7596578215901687]]}