{"output": [[16.727013199582455, 16.744966046517963, 16.76291889345347, 16.780871740388978, 16.798824587324486, 16.81677743425999, 16.834730281195498, 16.852683128131005, 16.870635975066513, 16.88858882200202, 16.90654166893753, 16.924494515873036, 16.942447362808544, 16.960400209744048, 16.978353056679556, 16.996305903615063, 17.01425875055057, 17.03221159748608, 17.050164444421586, 17.068117291357094, 17.0860701382926, 17.104022985228106, 17.121975832163614, 17.13992867909912, 17.15788152603463, 17.175834372970137, 17.193787219905644, 17.211740066841152, 17.22969291377666, 17.247645760712167, 17.26559860764767, 17.28355145458318, 17.301504301518687, 17.319457148454195, 17.337409995389702, 17.35536284232521, 17.373315689260718, 17.391268536196225, 17.40922138313173, 17.427174230067237, 17.445127077002745, 17.463079923938253, 17.48103277087376, 17.498985617809268, 17.516938464744776, 17.534891311680283, 17.552844158615788, 17.570797005551295, 17.588749852486803, 17.60670269942231, 17.62465554635782, 17.642608393293326, 17.660561240228834, 17.67851408716434, 17.696466934099846, 17.714419781035353, 17.73237262797086, 17.75032547490637, 17.768278321841876, 17.786231168777384, 17.80418401571289, 17.8221368626484, 17.840089709583907, 17.85804255651941, 17.87599540345492, 17.893948250390427, 17.911901097325934, 17.929853944261442, 17.94780679119695, 17.965759638132457, 17.98371248506796, 18.00166533200347, 18.019618178938977, 18.037571025874485, 18.055523872809992, 18.0734767197455, 18.091429566681008, 18.109382413616515, 18.127335260552023, 18.145288107487527, 18.163240954423035, 18.181193801358543, 18.19914664829405, 18.217099495229558, 18.235052342165066, 18.253005189100573, 18.27095803603608, 18.288910882971585, 18.306863729907093, 18.3248165768426, 18.34276942377811, 18.360722270713616, 18.378675117649124, 18.39662796458463, 18.41458081152014, 18.432533658455647, 18.45048650539115, 18.46843935232666, 18.486392199262166, 18.504345046197674]], "PDF": [[0.9710726371801359, 1.1808974944809434, 1.3727962503130302, 1.52948859949624, 1.6379491977384728, 1.6915402536518453, 1.6905098034550918, 1.6408926992196204, 1.5523934589278916, 1.436075739758658, 1.3025599972237634, 1.161052352826499, 1.0191127894722263, 0.882816811062807, 0.7569501745783587, 0.6450433915462007, 0.5492654900700883, 0.47032939258359846, 0.40756278373875193, 0.3592007691992628, 0.3228377125769515, 0.29590518343374456, 0.2760474772015814, 0.2613265161348308, 0.25026198478442147, 0.241763385455955, 0.2350234941306907, 0.22942497599333694, 0.22448247645550726, 0.21981838484119917, 0.2151592429434318, 0.2103393544586322, 0.20530194310212518, 0.20009112799301373, 0.19482953100700856, 0.18967930744620312, 0.1847910072246709, 0.1802533606943993, 0.17606268038443698, 0.17212785648217643, 0.16831481904243822, 0.16451748606141112, 0.1607286588171117, 0.15708096584183368, 0.15383691713486874, 0.1513250750679655, 0.14983946934986084, 0.14953433558649457, 0.15035062255292134, 0.15200255233248094, 0.15403400444635792, 0.1559314715980238, 0.15726060795357816, 0.15778410773254742, 0.15752362769246042, 0.15674647743591308, 0.15588259444192293, 0.15539967984254982, 0.15567583918669772, 0.1569058815971917, 0.15906242718298425, 0.16191396693173074, 0.1650872000742778, 0.16815432217797402, 0.17072586421857913, 0.17253176562384948, 0.17347483010348047, 0.17364291892935665, 0.1732730395552526, 0.1726738048385497, 0.1721290311682735, 0.1718162224323127, 0.17177144032329805, 0.17191528884466337, 0.17213137391655986, 0.17237216040967468, 0.17276850264214608, 0.17373878200399265, 0.17611960441003555, 0.18135275785433902, 0.19174406683442333, 0.21075053555872345, 0.2431623950977434, 0.29496002076042604, 0.3725993275065775, 0.48157698107333063, 0.6243798293680937, 0.7982818302102342, 0.993765979504511, 1.1944143636187234, 1.3787850060343267, 1.524123558237779, 1.6110034939284879, 1.6275184709813502, 1.5717284899798323, 1.4516754611387048, 1.2831417285932902, 1.0860276083368277, 0.8804946361685105, 0.6838372189015293]]}