{"S_min_Ks": [[0.0015116315521425411]], "S_min_Q": [[0.9778433157126836]], "S_Ks": [[0.002984155274407378]], "S_Q": [[1.00349932933787]], "S_max_Ks": [[0.00445953555152022]], "S_max_Q": [[1.0286445035348197]], "S_T_min_Ks": [[-0.0077574717235695725]], "S_T_min_Q": [[0.974772904695582]], "S_T_Ks": [[0.0014585665839009817]], "S_T_Q": [[0.9973186753660477]], "S_T_max_Ks": [[0.00819017111933833]], "S_T_max_Q": [[1.0193080942131414]]}