{"S_Ks": [[0.016309400338254405]], "S_Q": [[0.966361744054168]], "S_T_Ks": [[0.019200471961915256]], "S_T_Q": [[0.9918864428437562]]}