{"S_min_Ks": [[8.615421398618095e-05]], "S_min_Q": [[0.357752420040401]], "S_Ks": [[0.019845215356063598]], "S_Q": [[0.6643242872304174]], "S_max_Ks": [[0.03768820479400257]], "S_max_Q": [[0.9138257627927016]], "S_T_min_Ks": [[-0.17145720963018293]], "S_T_min_Q": [[0.4601890741442589]], "S_T_Ks": [[0.0013041874583462959]], "S_T_Q": [[0.7606493392154016]], "S_T_max_Ks": [[0.06639923128740609]], "S_T_max_Q": [[1.0617174323820566]]}