{"S_Ks": [[0.002984155274407378]], "S_Q": [[1.00349932933787]], "S_T_Ks": [[0.0014585665839009817]], "S_T_Q": [[0.9973186753660477]]}