{"S_Ks": [[0.0163094006485304]], "S_Q": [[0.9663617433185079]], "S_T_Ks": [[0.01920047189266045]], "S_T_Q": [[0.9918864420624179]]}