{"S_min_Ks": [[0.012181332744025532]], "S_min_Q": [[0.9130480166072146]], "S_Ks": [[0.016309400338254405]], "S_Q": [[0.966361744054168]], "S_max_Ks": [[0.020893318254645257]], "S_max_Q": [[1.015824050650232]], "S_T_min_Ks": [[-0.011980563082608767]], "S_T_min_Q": [[0.9564088642452315]], "S_T_Ks": [[0.019200471961915256]], "S_T_Q": [[0.9918864428437562]], "S_T_max_Ks": [[0.055914029354284106]], "S_T_max_Q": [[1.0336770823462684]]}