{"S_min_Ks": [[0.012181333022136344]], "S_min_Q": [[0.9130480156991991]], "S_Ks": [[0.0163094006485304]], "S_Q": [[0.9663617433185079]], "S_max_Ks": [[0.020893318638490095]], "S_max_Q": [[1.0158240500024172]], "S_T_min_Ks": [[-0.01198056297921194]], "S_T_min_Q": [[0.9564088634605223]], "S_T_Ks": [[0.01920047189266045]], "S_T_Q": [[0.9918864420624179]], "S_T_max_Ks": [[0.05591402946786958]], "S_T_max_Q": [[1.0336770811278344]]}