{"S_Ks": [[0.019845215356063598]], "S_Q": [[0.6643242872304174]], "S_T_Ks": [[0.0013041874583462959]], "S_T_Q": [[0.7606493392154016]]}