{"Min": [[13.728669084472552]], "SD_min": [[14.804801196245146]], "Mean": [[15.88707621308523]], "SD_max": [[16.969351229925312]], "Max": [[17.584910151804806]]}