{"Min": [[12.174490173356832]], "SD_min": [[14.452683945496636]], "Mean": [[16.590319765440217]], "SD_max": [[18.727955585383796]], "Max": [[18.875065089420737]]}