{"Min": [[13.72866908650183]], "SD_min": [[14.804801195745421]], "Mean": [[15.887076214690547]], "SD_max": [[16.969351233635674]], "Max": [[17.58491018041937]]}