{"Min": [[12.262596656381808]], "SD_min": [[14.461564920138137]], "Mean": [[16.594535133028476]], "SD_max": [[18.727505345918814]], "Max": [[18.86118449033721]]}