{"output": [[13.728669084472552, 13.767621014445604, 13.806572944418658, 13.84552487439171, 13.884476804364764, 13.923428734337817, 13.96238066431087, 14.001332594283923, 14.040284524256975, 14.07923645423003, 14.118188384203082, 14.157140314176136, 14.196092244149188, 14.235044174122242, 14.273996104095295, 14.312948034068349, 14.351899964041401, 14.390851894014453, 14.429803823987507, 14.46875575396056, 14.507707683933614, 14.546659613906666, 14.58561154387972, 14.624563473852772, 14.663515403825825, 14.702467333798879, 14.741419263771931, 14.780371193744985, 14.819323123718037, 14.858275053691091, 14.897226983664144, 14.936178913637196, 14.97513084361025, 15.014082773583302, 15.053034703556357, 15.091986633529409, 15.130938563502463, 15.169890493475515, 15.20884242344857, 15.247794353421622, 15.286746283394674, 15.325698213367728, 15.36465014334078, 15.403602073313834, 15.442554003286887, 15.481505933259939, 15.520457863232993, 15.559409793206045, 15.5983617231791, 15.637313653152152, 15.676265583125206, 15.715217513098258, 15.754169443071312, 15.793121373044364, 15.832073303017417, 15.87102523299047, 15.909977162963523, 15.948929092936577, 15.98788102290963, 16.026832952882682, 16.065784882855738, 16.10473681282879, 16.143688742801842, 16.182640672774895, 16.221592602747947, 16.260544532721003, 16.299496462694055, 16.338448392667107, 16.37740032264016, 16.416352252613216, 16.455304182586268, 16.49425611255932, 16.533208042532372, 16.572159972505425, 16.611111902478477, 16.650063832451533, 16.689015762424585, 16.727967692397637, 16.76691962237069, 16.805871552343746, 16.844823482316798, 16.88377541228985, 16.922727342262903, 16.961679272235955, 17.00063120220901, 17.039583132182063, 17.078535062155115, 17.117486992128168, 17.156438922101223, 17.195390852074276, 17.234342782047328, 17.27329471202038, 17.312246641993433, 17.35119857196649, 17.39015050193954, 17.429102431912593, 17.468054361885645, 17.5070062918587, 17.545958221831754, 17.584910151804806]], "PDF": [[0.05606343641681388, 0.08360493260720489, 0.11513734282382658, 0.14724963094207555, 0.17618761798688434, 0.19909200152156603, 0.21478493756158484, 0.22373316986622216, 0.22739419672865527, 0.22747662878313685, 0.22549434383640388, 0.22263012543735694, 0.2197249724193694, 0.21726715523007412, 0.21539671988235312, 0.2139897894984296, 0.2128191899257567, 0.21170223198458774, 0.21054783806844746, 0.20930849187300812, 0.2079251651645182, 0.2063349327653498, 0.20452472000888974, 0.20256944333897398, 0.20062865269854938, 0.1989233498154486, 0.19770589624009036, 0.1971998851019249, 0.19749815094904857, 0.19846836061957332, 0.19974635554859238, 0.2008472075274437, 0.20134463530689634, 0.20103966756228017, 0.20006037674898988, 0.1988548446724507, 0.19805351101526128, 0.19822612376256107, 0.1996395378792397, 0.20215976107843017, 0.20537036568951375, 0.20883073926138473, 0.2122890600565348, 0.21570476863356972, 0.21911020869077974, 0.22249360306561206, 0.2258521088179384, 0.2293618037054718, 0.2334491382483037, 0.2386092720689231, 0.24505654539760957, 0.25247996880473367, 0.2601255484280761, 0.2671716890467373, 0.27312506852820306, 0.2779540492635529, 0.28190539972775186, 0.2852095664846386, 0.28793568824376486, 0.2900766805699503, 0.29171932826935615, 0.293100115307376, 0.2944948217256976, 0.29607305118889, 0.29787992355043547, 0.2999592699219946, 0.3024665113872899, 0.3056202047325008, 0.30951475778805715, 0.31397306944222175, 0.3185876096704172, 0.3229280082671172, 0.3267673176895565, 0.3301914635109089, 0.3335457254587442, 0.337256412164295, 0.34162310180785466, 0.3466901640985308, 0.35224696540381406, 0.3579059848386351, 0.3631662066035383, 0.36743913885355756, 0.37012098126127924, 0.3707981257537285, 0.36953021953363174, 0.36699675015983296, 0.3643112128515265, 0.36253219638373513, 0.3621338300949974, 0.36270894025033995, 0.36296466025756735, 0.36087320422851743, 0.3538780943275514, 0.339259402222605, 0.3148310146647594, 0.27989810299290363, 0.23602950360140768, 0.18708702541663605, 0.13829201853122342, 0.09468275995005006]]}