{"output": [[12.174490173356832, 12.242172748266569, 12.309855323176304, 12.377537898086041, 12.445220472995777, 12.512903047905514, 12.58058562281525, 12.648268197724986, 12.715950772634724, 12.783633347544459, 12.851315922454196, 12.918998497363932, 12.986681072273669, 13.054363647183404, 13.122046222093141, 13.189728797002878, 13.257411371912614, 13.325093946822351, 13.392776521732086, 13.460459096641824, 13.528141671551559, 13.595824246461296, 13.663506821371033, 13.731189396280769, 13.798871971190506, 13.866554546100243, 13.934237121009978, 14.001919695919716, 14.069602270829451, 14.137284845739188, 14.204967420648924, 14.27264999555866, 14.340332570468398, 14.408015145378133, 14.47569772028787, 14.543380295197606, 14.611062870107343, 14.678745445017078, 14.746428019926816, 14.814110594836553, 14.881793169746288, 14.949475744656025, 15.01715831956576, 15.084840894475498, 15.152523469385233, 15.22020604429497, 15.287888619204708, 15.355571194114443, 15.42325376902418, 15.490936343933916, 15.558618918843653, 15.626301493753388, 15.693984068663125, 15.761666643572863, 15.829349218482598, 15.897031793392335, 15.964714368302072, 16.032396943211808, 16.100079518121543, 16.16776209303128, 16.235444667941017, 16.303127242850753, 16.370809817760488, 16.438492392670227, 16.506174967579962, 16.573857542489698, 16.641540117399437, 16.709222692309172, 16.776905267218908, 16.844587842128647, 16.912270417038382, 16.979952991948117, 17.047635566857853, 17.115318141767588, 17.183000716677327, 17.250683291587062, 17.318365866496798, 17.386048441406537, 17.453731016316272, 17.521413591226008, 17.589096166135747, 17.656778741045482, 17.724461315955217, 17.792143890864956, 17.85982646577469, 17.927509040684427, 17.995191615594162, 18.0628741905039, 18.130556765413637, 18.198239340323372, 18.265921915233108, 18.333604490142847, 18.401287065052582, 18.468969639962317, 18.536652214872056, 18.60433478978179, 18.672017364691527, 18.739699939601266, 18.807382514511, 18.875065089420737]], "PDF": [[0.05835383840947997, 0.07374839297794575, 0.08772535263428473, 0.09898658431128012, 0.10687696985118905, 0.1114363798380309, 0.1132144648179398, 0.11298182685758708, 0.11148088563723649, 0.10929278565324596, 0.10681604580339642, 0.10430650083498703, 0.1019259484109391, 0.09977165305853317, 0.09788698708843796, 0.09626778532182202, 0.09487522265005009, 0.09365388599327824, 0.09254728659049317, 0.09150683490919101, 0.09049643671359174, 0.08949504280903217, 0.08849543862189277, 0.08749700594435193, 0.08649533237685636, 0.08547619529087605, 0.0844193334171502, 0.08330984986999052, 0.08214907606094932, 0.08095737033761215, 0.07976746998272587, 0.07861337052430382, 0.07752178329678215, 0.07651036919964563, 0.07559194541797842, 0.07478034517115656, 0.07409342254523603, 0.07355099879994359, 0.07316827309438353, 0.07294732081188367, 0.07287115485224224, 0.07290626650647346, 0.07301845377028551, 0.07320078294022968, 0.07350284831203845, 0.07404291395247943, 0.07498639957219763, 0.07648876967341658, 0.07862304694555243, 0.08132876117641566, 0.08441588237447563, 0.08762989762987176, 0.09074633685694955, 0.09364130190112836, 0.09629877915510497, 0.09875906875659066, 0.10105326829800027, 0.10317429828352516, 0.10510181543780653, 0.10685451847346694, 0.1085234795193044, 0.11025686322717806, 0.11220303100679377, 0.1144465945109108, 0.11697293342462489, 0.11967554948676226, 0.12239578092131116, 0.12497164186636305, 0.1272754831716478, 0.12923242786882724, 0.1308238746608806, 0.13208566185645043, 0.13310670122956253, 0.13402570296218183, 0.13501934189741738, 0.1362791261961766, 0.13798237171498737, 0.14026786463092167, 0.14322600536634114, 0.14690808897042393, 0.1513517099489344, 0.1566108162900881, 0.16277493159044057, 0.16996929529977198, 0.17834532640710732, 0.18808651497128206, 0.19945436894631954, 0.21287943951532476, 0.2290714816354417, 0.24908598411197377, 0.2742414569954173, 0.30574833285588005, 0.3439431435236224, 0.38720153883561303, 0.4309417325273459, 0.46745168703026085, 0.48723341294597367, 0.4819029326842874, 0.4476243433826481, 0.38732539651306835]]}