{"output": [[12.262596656381808, 12.329249058744994, 12.39590146110818, 12.462553863471365, 12.529206265834551, 12.595858668197737, 12.662511070560923, 12.729163472924109, 12.795815875287294, 12.86246827765048, 12.929120680013666, 12.995773082376852, 13.062425484740038, 13.129077887103223, 13.19573028946641, 13.262382691829597, 13.329035094192783, 13.395687496555968, 13.462339898919154, 13.52899230128234, 13.595644703645526, 13.662297106008712, 13.728949508371898, 13.795601910735083, 13.86225431309827, 13.928906715461455, 13.99555911782464, 14.062211520187827, 14.128863922551012, 14.195516324914198, 14.262168727277384, 14.32882112964057, 14.395473532003756, 14.462125934366941, 14.528778336730127, 14.595430739093313, 14.662083141456499, 14.728735543819685, 14.79538794618287, 14.862040348546056, 14.928692750909242, 14.995345153272428, 15.061997555635614, 15.1286499579988, 15.195302360361985, 15.261954762725171, 15.328607165088357, 15.395259567451543, 15.461911969814729, 15.528564372177915, 15.5952167745411, 15.661869176904286, 15.728521579267472, 15.79517398163066, 15.861826383993845, 15.928478786357031, 15.995131188720217, 16.0617835910834, 16.128435993446587, 16.195088395809773, 16.26174079817296, 16.328393200536148, 16.39504560289933, 16.46169800526252, 16.5283504076257, 16.59500280998889, 16.661655212352073, 16.728307614715263, 16.794960017078445, 16.861612419441634, 16.928264821804817, 16.994917224168006, 17.06156962653119, 17.128222028894378, 17.194874431257563, 17.26152683362075, 17.328179235983935, 17.39483163834712, 17.461484040710307, 17.528136443073493, 17.59478884543668, 17.661441247799864, 17.72809365016305, 17.794746052526236, 17.86139845488942, 17.928050857252607, 17.994703259615793, 18.06135566197898, 18.128008064342165, 18.19466046670535, 18.261312869068536, 18.327965271431722, 18.394617673794908, 18.461270076158094, 18.52792247852128, 18.594574880884466, 18.66122728324765, 18.727879685610837, 18.794532087974023, 18.86118449033721]], "PDF": [[0.06769510707384005, 0.0747588253459396, 0.08108931960361675, 0.08651646001443633, 0.09094239653555515, 0.09434413109217998, 0.0967666441141376, 0.09830892725585254, 0.09910629512934123, 0.09931236955281472, 0.09908325810019651, 0.09856509593598681, 0.09788484210795893, 0.09714349973765626, 0.09641097752844983, 0.09572249035661208, 0.09507728480404183, 0.09444104610524326, 0.09375320162078404, 0.09293939607356158, 0.09192794410896016, 0.09066758817110232, 0.08914297251700437, 0.08738427823436022, 0.08546851319901688, 0.08351173278759295, 0.08165346486089115, 0.08003626383964864, 0.07878420612811898, 0.07798411037116647, 0.07767244904133781, 0.07782963875858147, 0.07838204282070041, 0.07921090404774717, 0.08016670382322201, 0.0810870987763247, 0.08181649030965797, 0.08222528179322743, 0.08222688372495728, 0.08179055378357014, 0.08094831206027682, 0.07979458483615248, 0.07847798295838347, 0.07718567862600384, 0.0761220430229663, 0.075484289927645, 0.07543856213498523, 0.0760999891628511, 0.07751965963980495, 0.0796802761205514, 0.08250073029787958, 0.0858482874180296, 0.08955585201967088, 0.09344117866561795, 0.09732500933857427, 0.10104588172608112, 0.10447049520763597, 0.1074996777682108, 0.11007082176109888, 0.1121579450954432, 0.1137702944296147, 0.11494984682173641, 0.11576750566617013, 0.11631752284649083, 0.11670986424152299, 0.11706081622889423, 0.11748287039929596, 0.11807550148059677, 0.1189185956552836, 0.12006987897924629, 0.12156683362892165, 0.12343254438425917, 0.12568403329683936, 0.12834120179079994, 0.13143462304328918, 0.13501101980219438, 0.13913606233547202, 0.1438948064620609, 0.14939040842880894, 0.15574160833566394, 0.16307895725362323, 0.1715390995039839, 0.1812558771685992, 0.19234681971527853, 0.2048938470040288, 0.21891778899434658, 0.23434758672629205, 0.2509867087875951, 0.268481230628274, 0.28629586618225966, 0.3037055074275235, 0.3198098706346901, 0.3335770545379104, 0.34391788260169975, 0.3497871145779967, 0.3503009825167814, 0.34485464730048115, 0.3332198948720271, 0.315604118183292, 0.29265683178517765]]}