{"output": [[13.72866908650183, 13.767621016743421, 13.806572946985012, 13.845524877226604, 13.884476807468195, 13.923428737709786, 13.962380667951377, 14.001332598192969, 14.04028452843456, 14.079236458676151, 14.118188388917742, 14.157140319159334, 14.196092249400925, 14.235044179642516, 14.273996109884107, 14.3129480401257, 14.351899970367292, 14.390851900608883, 14.429803830850474, 14.468755761092066, 14.507707691333657, 14.546659621575248, 14.58561155181684, 14.62456348205843, 14.663515412300022, 14.702467342541613, 14.741419272783205, 14.780371203024796, 14.819323133266387, 14.858275063507978, 14.89722699374957, 14.93617892399116, 14.975130854232752, 15.014082784474343, 15.053034714715935, 15.091986644957526, 15.130938575199117, 15.169890505440708, 15.2088424356823, 15.247794365923891, 15.286746296165482, 15.325698226407074, 15.364650156648665, 15.403602086890256, 15.442554017131847, 15.481505947373439, 15.52045787761503, 15.559409807856621, 15.598361738098212, 15.637313668339804, 15.676265598581395, 15.715217528822988, 15.754169459064578, 15.79312138930617, 15.832073319547762, 15.871025249789353, 15.909977180030944, 15.948929110272536, 15.987881040514127, 16.026832970755716, 16.065784900997308, 16.104736831238903, 16.14368876148049, 16.182640691722085, 16.221592621963673, 16.260544552205268, 16.299496482446855, 16.33844841268845, 16.377400342930038, 16.416352273171633, 16.455304203413224, 16.494256133654815, 16.533208063896407, 16.572159994137998, 16.61111192437959, 16.65006385462118, 16.68901578486277, 16.727967715104363, 16.766919645345954, 16.805871575587545, 16.844823505829137, 16.883775436070728, 16.92272736631232, 16.96167929655391, 17.0006312267955, 17.039583157037093, 17.078535087278684, 17.117487017520276, 17.156438947761867, 17.195390878003458, 17.23434280824505, 17.27329473848664, 17.312246668728232, 17.351198598969823, 17.390150529211414, 17.429102459453006, 17.468054389694597, 17.50700631993619, 17.54595825017778, 17.58491018041937]], "PDF": [[0.05606343943845333, 0.08360493686628158, 0.11513734800075426, 0.14724963640838717, 0.17618762303192081, 0.19909200561919738, 0.21478494051368932, 0.2237331717632616, 0.22739419780386658, 0.2274766292830032, 0.22549434397175816, 0.22263012539681074, 0.2197249723915245, 0.2172671553988206, 0.21539672039720947, 0.21398979044479652, 0.21281919131396607, 0.2117022337551227, 0.21054784010133254, 0.20930849399915072, 0.20792516718603224, 0.20633493448521642, 0.2045247212600698, 0.20256944400501745, 0.20062865272584976, 0.19892334921585958, 0.19770589507365163, 0.19719988343360045, 0.1974981487965001, 0.19846835792661854, 0.1997463522037868, 0.20084720341132722, 0.20134463033736685, 0.2010396617281945, 0.20006037013855163, 0.19885483748489213, 0.1980535035227132, 0.19822611621308672, 0.19963953039086157, 0.20215975360279945, 0.20537035808434345, 0.20883073143648548, 0.2122890521080823, 0.2157047608854018, 0.21911020161156508, 0.22249359710092195, 0.22585210423000696, 0.22936180051726446, 0.23344913633061087, 0.23860927132181153, 0.24505654591422554, 0.25247997090994295, 0.26012555255890163, 0.2671716955391471, 0.27312507743046893, 0.2779540602726155, 0.28190541226587, 0.2852095798585586, 0.28793570180159606, 0.2900766937918655, 0.29171934077184003, 0.2931001267867753, 0.29449483190248543, 0.2960730598156775, 0.29787993049347, 0.299959275243977, 0.3024665153308228, 0.3056202075825893, 0.3095147597140105, 0.31397307045290673, 0.31858760971810546, 0.32292800740949273, 0.32676731618846183, 0.3301914618130067, 0.33354572408034916, 0.33725641154351316, 0.34162310219346975, 0.3466901655202821, 0.35224696771171987, 0.3579059877512608, 0.36316620971999747, 0.36743914165747316, 0.3701209831948731, 0.37079812639368354, 0.3695302187794454, 0.36699674827564305, 0.36431121027891383, 0.36253219341518195, 0.36213382660571497, 0.3627089356267925, 0.36296465350465107, 0.3608731941530465, 0.3538780797597544, 0.33925938233721187, 0.3148309894221433, 0.2798980735282293, 0.23602947225302381, 0.18708699521092262, 0.13829199228672542, 0.09468273944529905]]}