{"S_Ks": [[0.012818471310972959]], "S_Q": [[0.7804254934270777]], "S_T_Ks": [[0.0010565558280030071]], "S_T_Q": [[0.7154364380290567]]}