{"S_min_Ks": [[-0.0003645124417827637]], "S_min_Q": [[0.9731668098577833]], "S_Ks": [[0.00024748377724465406]], "S_Q": [[1.010564512131889]], "S_max_Ks": [[0.0007603535032723816]], "S_max_Q": [[1.0530425078514574]], "S_T_min_Ks": [[-0.019659753216600365]], "S_T_min_Q": [[0.9740911315960772]], "S_T_Ks": [[0.0003734025018755252]], "S_T_Q": [[0.9984475765529464]], "S_T_max_Ks": [[0.019490728038590872]], "S_T_max_Q": [[1.0314779613164853]]}