{"S_min_Ks": [[0.0020289267891322807]], "S_min_Q": [[0.1253037441833309]], "S_Ks": [[0.012818471310972959]], "S_Q": [[0.7804254934270777]], "S_max_Ks": [[0.020818452224725364]], "S_max_Q": [[1.2059932290420976]], "S_T_min_Ks": [[-0.550848900970798]], "S_T_min_Q": [[-0.029538283699549917]], "S_T_Ks": [[0.0010565558280030071]], "S_T_Q": [[0.7154364380290567]], "S_T_max_Ks": [[0.20251358117754165]], "S_T_max_Q": [[1.0261442903322064]]}