{"S_Ks": [[0.00024748377724465406]], "S_Q": [[1.010564512131889]], "S_T_Ks": [[0.0003734025018755252]], "S_T_Q": [[0.9984475765529464]]}