{"S_Ks": [[0.0017220459521247412]], "S_Q": [[0.9988216255918442]], "S_T_Ks": [[0.001979654605618031]], "S_T_Q": [[0.9962120965846549]]}