{"S_Ks": [[0.001722045717769294]], "S_Q": [[0.9988216254894688]], "S_T_Ks": [[0.001979654571108317]], "S_T_Q": [[0.9962120966772944]]}