{"S_min_Ks": [[0.0003418834443519097]], "S_min_Q": [[0.969620849487359]], "S_Ks": [[0.001722045717769294]], "S_Q": [[0.9988216254894688]], "S_max_Ks": [[0.003225915519363418]], "S_max_Q": [[1.0359655515857864]], "S_T_min_Ks": [[-0.017605620994083984]], "S_T_min_Q": [[0.9767288903206721]], "S_T_Ks": [[0.001979654571108317]], "S_T_Q": [[0.9962120966772944]], "S_T_max_Ks": [[0.02250105773797783]], "S_T_max_Q": [[1.0271117068708004]]}