{"S_min_Ks": [[0.00034188360682317403]], "S_min_Q": [[0.9696208495148859]], "S_Ks": [[0.0017220459521247412]], "S_Q": [[0.9988216255918442]], "S_max_Ks": [[0.003225915844679253]], "S_max_Q": [[1.0359655520763495]], "S_T_min_Ks": [[-0.017605620992811932]], "S_T_min_Q": [[0.9767288902685007]], "S_T_Ks": [[0.001979654605618031]], "S_T_Q": [[0.9962120965846549]], "S_T_max_Ks": [[0.02250105787155118]], "S_T_max_Q": [[1.027111706916508]]}