{"Min": [[13.635349901917762]], "SD_min": [[16.237113715000213]], "Mean": [[17.326495095816327]], "SD_max": [[18.41587647663244]], "Max": [[20.154315045886946]]}