{"Min": [[7.591841669346255]], "SD_min": [[20.1161850340025]], "Mean": [[24.584998081575815]], "SD_max": [[29.053811129149132]], "Max": [[42.22118063146438]]}