{"Min": [[13.589834110512564]], "SD_min": [[16.24869822406655]], "Mean": [[17.326058980186392]], "SD_max": [[18.403419736306233]], "Max": [[20.346643439733146]]}