{"Min": [[13.537970896101633]], "SD_min": [[16.219735832792693]], "Mean": [[17.305146788675984]], "SD_max": [[18.390557744559274]], "Max": [[21.041130049127105]]}