{"Min": [[13.637499918618161]], "SD_min": [[16.201708394942735]], "Mean": [[17.305175847903538]], "SD_max": [[18.40864330086434]], "Max": [[20.867364247114352]]}