{"output": [[-80.28935080743035, -78.80409634961116, -77.31884189179196, -75.83358743397277, -74.34833297615357, -72.86307851833438, -71.37782406051518, -69.89256960269597, -68.40731514487678, -66.92206068705758, -65.43680622923839, -63.95155177141919, -62.466297313599995, -60.9810428557808, -59.495788397961604, -58.01053394014241, -56.525279482323214, -55.04002502450402, -53.55477056668482, -52.06951610886563, -50.58426165104643, -49.09900719322724, -47.613752735408035, -46.12849827758884, -44.643243819769644, -43.15798936195045, -41.672734904131254, -40.18748044631206, -38.702225988492856, -37.21697153067366, -35.731717072854465, -34.24646261503527, -32.761208157216075, -31.27595369939688, -29.790699241577684, -28.30544478375849, -26.820190325939294, -25.33493586812009, -23.849681410300896, -22.3644269524817, -20.879172494662505, -19.39391803684331, -17.908663579024115, -16.42340912120492, -14.938154663385717, -13.452900205566522, -11.967645747747326, -10.482391289928131, -8.997136832108936, -7.5118823742897405, -6.026627916470545, -4.54137345865135, -3.0561190008321546, -1.5708645430129593, -0.08561008519376401, 1.3996443726254313, 2.884898830444641, 4.370153288263836, 5.855407746083031, 7.340662203902227, 8.825916661721422, 10.311171119540617, 11.796425577359813, 13.281680035179008, 14.766934492998203, 16.2521889508174, 17.737443408636594, 19.22269786645579, 20.707952324274984, 22.19320678209418, 23.678461239913375, 25.16371569773257, 26.648970155551766, 28.134224613370975, 29.61947907119017, 31.104733529009366, 32.58998798682856, 34.075242444647756, 35.56049690246695, 37.04575136028615, 38.53100581810534, 40.01626027592454, 41.50151473374373, 42.98676919156293, 44.47202364938212, 45.95727810720132, 47.442532565020514, 48.92778702283972, 50.41304148065892, 51.898295938478114, 53.38355039629731, 54.868804854116505, 56.3540593119357, 57.839313769754895, 59.32456822757409, 60.809822685393286, 62.29507714321248, 63.780331601031676, 65.26558605885087, 66.75084051667005]], "PDF": [[1.7782228559653947e-05, 1.4282833935959365e-05, 7.401146194403771e-06, 2.4742294760346455e-06, 5.336264739687097e-07, 7.42490935068439e-08, 6.665018229896791e-09, 3.859827809912377e-10, 1.4421507185743773e-11, 3.9940678801680075e-13, 2.647079000147789e-12, 8.688899483367395e-11, 1.843767694181654e-09, 2.52408686858748e-08, 2.2292500816867266e-07, 1.2701929046835073e-06, 4.6691408063594595e-06, 1.1072881625204902e-05, 1.6941066240568795e-05, 1.6721576554447574e-05, 1.0648050441036964e-05, 4.374408890100922e-06, 1.1593779836000919e-06, 1.9823815635511813e-07, 2.1870953589274117e-08, 1.663172364006412e-09, 2.462946627313797e-09, 3.517927500666043e-08, 3.4253573898097463e-07, 2.23055684267559e-06, 9.881694850036905e-06, 3.071497453303043e-05, 7.064792979836264e-05, 0.00012957001603301055, 0.0002024615615444078, 0.00027605379251177616, 0.0003296650179923892, 0.00035763624492450655, 0.0003819394754463359, 0.00042527136656189815, 0.00048210195830018603, 0.0005394253488688361, 0.0006122618861949893, 0.000745033873165326, 0.001037813401528988, 0.0017411549519256886, 0.003220432188837647, 0.005516574489250303, 0.007998581309228564, 0.009939829541790216, 0.011280704008739607, 0.012388046313975996, 0.0135002973635039, 0.014867094741722296, 0.017089649326229417, 0.020775352751841888, 0.02572659727885077, 0.030793886078360404, 0.0349200655153912, 0.03836096529242512, 0.042435467050429845, 0.047751745380940874, 0.052922899114258716, 0.05550025758734496, 0.05418438965333447, 0.04931643393666673, 0.04135666541442592, 0.030719536631245634, 0.019459421790963306, 0.010731428569035669, 0.005840743635663283, 0.0036178192472043516, 0.0024425365277489734, 0.001529846192324704, 0.0007860198020335491, 0.0003123674329479153, 0.0001034028835290334, 4.5104250457807014e-05, 3.880756898746169e-05, 4.319047293214607e-05, 4.5058782964203036e-05, 3.86937855005214e-05, 2.5237357332993072e-05, 1.1818569279724178e-05, 3.870929835481909e-06, 1.2302104459850576e-06, 2.1054196876426504e-06, 6.390048065180912e-06, 1.3221770998900187e-05, 1.7679061856879517e-05, 1.5251301267368222e-05, 8.488136420279826e-06, 3.048089757689072e-06, 7.126415931275777e-07, 1.797519519336276e-07, 5.437981977718214e-07, 2.4748621519314138e-06, 7.401171582165762e-06, 1.4282834593199356e-05, 1.7782228570630854e-05]]}