{"output": [[13.537970896101633, 13.61376038249583, 13.689549868890026, 13.765339355284224, 13.84112884167842, 13.916918328072617, 13.992707814466813, 14.06849730086101, 14.144286787255206, 14.220076273649404, 14.2958657600436, 14.371655246437797, 14.447444732831993, 14.52323421922619, 14.599023705620386, 14.674813192014584, 14.75060267840878, 14.826392164802977, 14.902181651197173, 14.97797113759137, 15.053760623985568, 15.129550110379764, 15.20533959677396, 15.281129083168157, 15.356918569562353, 15.43270805595655, 15.508497542350748, 15.584287028744944, 15.66007651513914, 15.735866001533337, 15.811655487927535, 15.887444974321731, 15.963234460715928, 16.039023947110124, 16.11481343350432, 16.190602919898517, 16.266392406292713, 16.34218189268691, 16.417971379081106, 16.493760865475302, 16.569550351869502, 16.6453398382637, 16.721129324657895, 16.79691881105209, 16.872708297446287, 16.948497783840484, 17.02428727023468, 17.100076756628876, 17.175866243023073, 17.25165572941727, 17.327445215811466, 17.403234702205665, 17.479024188599862, 17.554813674994058, 17.630603161388255, 17.70639264778245, 17.782182134176647, 17.857971620570844, 17.93376110696504, 18.009550593359236, 18.085340079753436, 18.16112956614763, 18.23691905254183, 18.312708538936025, 18.38849802533022, 18.464287511724418, 18.540076998118614, 18.61586648451281, 18.691655970907007, 18.767445457301204, 18.8432349436954, 18.9190244300896, 18.994813916483793, 19.070603402877992, 19.14639288927219, 19.222182375666385, 19.29797186206058, 19.373761348454778, 19.449550834848974, 19.52534032124317, 19.601129807637367, 19.676919294031563, 19.75270878042576, 19.828498266819956, 19.904287753214156, 19.980077239608352, 20.05586672600255, 20.131656212396745, 20.20744569879094, 20.283235185185138, 20.359024671579334, 20.43481415797353, 20.510603644367727, 20.586393130761923, 20.66218261715612, 20.73797210355032, 20.813761589944512, 20.889551076338712, 20.96534056273291, 21.041130049127105]], "PDF": [[0.00039340174016358866, 0.00044349897296899223, 0.0004571278140448143, 0.00046608652196640407, 0.0005198059362168633, 0.000658568778371015, 0.000894974922680326, 0.0012221061052980547, 0.0016497891969455439, 0.002251881788084061, 0.0031918823038262563, 0.00468910602379086, 0.006919938681570385, 0.009917258129816583, 0.013561167811690573, 0.017678369759088326, 0.02215586263299898, 0.026975858009515942, 0.03219415724670947, 0.03793695335839618, 0.04440711462171767, 0.051835301826228114, 0.06039615225737367, 0.07018141882653785, 0.08123913290366339, 0.09358465726814488, 0.10713771239689772, 0.12166038954900621, 0.136784179827729, 0.152111808862329, 0.16731121240518557, 0.18216320722265666, 0.19656914945437076, 0.21048153093131594, 0.2237584214582205, 0.2361432301158684, 0.2475513315271362, 0.25838208205396357, 0.26930397438569265, 0.2805219047047833, 0.291312349621622, 0.3004528592952536, 0.3071795382955351, 0.3117357475316392, 0.3150548339350091, 0.31798448645809596, 0.3208010294578875, 0.32338178716413496, 0.32574429119853493, 0.3283120442599242, 0.33155315571295213, 0.33529950298149713, 0.33841857441412715, 0.3392365272884717, 0.3364929370828235, 0.33013948408384747, 0.3213261385214999, 0.31152547676054354, 0.3015239840124928, 0.2911935986674046, 0.2801709006179147, 0.2685540595442465, 0.25677675882011847, 0.2449859391208278, 0.23290935965253234, 0.22036326325688058, 0.20753878548051763, 0.19461273504201837, 0.18134261783958333, 0.16732425037806473, 0.15256489781954352, 0.1376088705616123, 0.12314684634152366, 0.10964549719506458, 0.09729370951238442, 0.08610823751550277, 0.0760107555807192, 0.06685821748484298, 0.058463005205517456, 0.050634589022901993, 0.04325381618420213, 0.036329773092131895, 0.029979480881015718, 0.024343174452671715, 0.019498215890974457, 0.015425727829160478, 0.012048329660676262, 0.009301103581483667, 0.007162543116970993, 0.0056149463379826774, 0.0045794163716355776, 0.003892051891588114, 0.0033502309797158996, 0.0028035240541815195, 0.0022222794151066927, 0.0016827067160715122, 0.0012755152261268706, 0.001018470668513197, 0.0008487060818127623, 0.0006878078767454951]]}