{"output": [[13.637499918618161, 13.710528851229233, 13.783557783840306, 13.856586716451378, 13.929615649062452, 14.002644581673524, 14.075673514284597, 14.148702446895669, 14.221731379506743, 14.294760312117814, 14.367789244728888, 14.44081817733996, 14.513847109951033, 14.586876042562105, 14.659904975173179, 14.73293390778425, 14.805962840395324, 14.878991773006396, 14.95202070561747, 15.025049638228541, 15.098078570839615, 15.171107503450687, 15.244136436061758, 15.317165368672832, 15.390194301283906, 15.463223233894977, 15.53625216650605, 15.609281099117123, 15.682310031728194, 15.755338964339268, 15.82836789695034, 15.901396829561413, 15.974425762172485, 16.047454694783557, 16.12048362739463, 16.193512560005704, 16.266541492616778, 16.339570425227848, 16.41259935783892, 16.485628290449995, 16.55865722306107, 16.63168615567214, 16.704715088283212, 16.777744020894286, 16.850772953505356, 16.92380188611643, 16.996830818727503, 17.069859751338576, 17.14288868394965, 17.21591761656072, 17.288946549171794, 17.361975481782867, 17.435004414393937, 17.50803334700501, 17.581062279616084, 17.654091212227158, 17.727120144838228, 17.8001490774493, 17.873178010060375, 17.946206942671445, 18.01923587528252, 18.092264807893592, 18.165293740504666, 18.23832267311574, 18.31135160572681, 18.384380538337883, 18.457409470948956, 18.530438403560026, 18.6034673361711, 18.676496268782174, 18.749525201393247, 18.82255413400432, 18.89558306661539, 18.968611999226464, 19.041640931837538, 19.114669864448608, 19.18769879705968, 19.260727729670755, 19.33375666228183, 19.4067855948929, 19.479814527503972, 19.552843460115046, 19.625872392726116, 19.69890132533719, 19.771930257948263, 19.844959190559337, 19.91798812317041, 19.99101705578148, 20.064045988392554, 20.137074921003627, 20.210103853614697, 20.28313278622577, 20.356161718836844, 20.429190651447918, 20.50221958405899, 20.57524851667006, 20.648277449281135, 20.721306381892205, 20.79433531450328, 20.867364247114352]], "PDF": [[0.00041323905870214924, 0.0005336964275089406, 0.0006932351409058802, 0.0009391131470203837, 0.0013271064042730987, 0.0019010593804727565, 0.002679392666771998, 0.0036607589808476237, 0.00484450173258169, 0.0062465669422429385, 0.007898959526083526, 0.009843564664271111, 0.012137682445375806, 0.01486858941479594, 0.018156019246845397, 0.02213034276079957, 0.02689886274589139, 0.03252469163735611, 0.03903110878576037, 0.046419001481802204, 0.05466791527607595, 0.06370641609021888, 0.073381738638677, 0.08348323570276418, 0.09383451090306828, 0.10439375152827814, 0.11526738455789294, 0.12659261278857195, 0.13836426973776736, 0.15038428722725342, 0.1624469933002989, 0.1746158154311553, 0.18727634148010738, 0.2008471756158483, 0.21540112313125417, 0.23053102856731647, 0.24551534413988227, 0.2595858298002901, 0.27212898789940265, 0.28280501726528307, 0.2916115374572588, 0.29886382396881067, 0.3050503133275048, 0.31059488292237186, 0.3156406363389964, 0.31999171868814125, 0.32328931022610663, 0.32535147043015517, 0.3264294531659976, 0.32710742169719714, 0.32783944924945657, 0.32848926083162366, 0.32829928815135573, 0.3263460933097543, 0.3221241164704394, 0.3158465936831934, 0.3083147741678491, 0.30048458370581577, 0.2930081086485374, 0.2860223438784994, 0.279268633704146, 0.27237138456810017, 0.2650375506810059, 0.2570948502637237, 0.24843771361259515, 0.2389702449350806, 0.22860347743981946, 0.2173164351843871, 0.20521011541097303, 0.19247217132129701, 0.17929289535459517, 0.16584367126431504, 0.15230456012409382, 0.13882549862948115, 0.12543602829193842, 0.11206926758778518, 0.09875665223614775, 0.08581521485520704, 0.07381096656013517, 0.06328347497145101, 0.05443313997963773, 0.047011456429721765, 0.04050078451299081, 0.03444995847692417, 0.028717590037508966, 0.023462191169769296, 0.01893364026611792, 0.015266001591383036, 0.012417828395257404, 0.010237628798171566, 0.008543341244409426, 0.007159074491035728, 0.005934297700988676, 0.004773751694738567, 0.0036612969881374053, 0.0026481045859281394, 0.0018063411414027013, 0.0011791053498231968, 0.000757204000995308, 0.0004909143982613641]]}