{"output": [[13.589834110512564, 13.65808470979762, 13.726335309082677, 13.794585908367733, 13.86283650765279, 13.931087106937847, 13.999337706222903, 14.06758830550796, 14.135838904793015, 14.204089504078071, 14.272340103363128, 14.340590702648184, 14.40884130193324, 14.477091901218298, 14.545342500503354, 14.61359309978841, 14.681843699073466, 14.750094298358523, 14.818344897643579, 14.886595496928635, 14.954846096213693, 15.023096695498749, 15.091347294783805, 15.159597894068861, 15.227848493353918, 15.296099092638974, 15.36434969192403, 15.432600291209086, 15.500850890494142, 15.5691014897792, 15.637352089064256, 15.705602688349313, 15.773853287634369, 15.842103886919425, 15.910354486204481, 15.978605085489537, 16.046855684774595, 16.11510628405965, 16.183356883344707, 16.251607482629765, 16.31985808191482, 16.388108681199874, 16.456359280484932, 16.52460987976999, 16.592860479055044, 16.661111078340102, 16.729361677625157, 16.797612276910215, 16.865862876195273, 16.934113475480327, 17.002364074765385, 17.07061467405044, 17.138865273335497, 17.20711587262055, 17.27536647190561, 17.343617071190664, 17.411867670475722, 17.48011826976078, 17.548368869045834, 17.616619468330892, 17.684870067615947, 17.753120666901005, 17.821371266186063, 17.889621865471117, 17.95787246475617, 18.02612306404123, 18.094373663326287, 18.16262426261134, 18.2308748618964, 18.299125461181454, 18.367376060466512, 18.43562665975157, 18.503877259036624, 18.57212785832168, 18.640378457606737, 18.708629056891795, 18.77687965617685, 18.845130255461907, 18.91338085474696, 18.98163145403202, 19.049882053317077, 19.11813265260213, 19.186383251887186, 19.254633851172244, 19.322884450457302, 19.391135049742356, 19.459385649027414, 19.52763624831247, 19.595886847597527, 19.664137446882584, 19.73238804616764, 19.800638645452697, 19.86888924473775, 19.93713984402281, 20.005390443307867, 20.07364104259292, 20.141891641877976, 20.210142241163034, 20.27839284044809, 20.346643439733146]], "PDF": [[0.0003416346439727331, 0.00038159526559991775, 0.00039966801142985803, 0.0004105993410282249, 0.00043226427718036375, 0.0004904262954839696, 0.0006094909173541526, 0.0007902655968239501, 0.0010108413253922788, 0.0012603520833168887, 0.001569634778267765, 0.0020184731059115727, 0.002736345326323066, 0.003894555918033054, 0.005662732273388324, 0.008144919596392153, 0.01134662342537965, 0.015181149080534681, 0.0194893919521093, 0.02408504887734181, 0.028853454794258968, 0.03386891030539556, 0.03943089959130324, 0.04593727507692381, 0.053631912000073396, 0.062430551597214876, 0.07205934916487335, 0.08247122375505053, 0.0941273761297609, 0.10773656336292987, 0.12357888139304138, 0.14105361841193215, 0.15894656534146506, 0.1761978850715797, 0.19244104815272264, 0.20787587925291368, 0.2227653632717519, 0.23710177820385936, 0.25065254178785107, 0.2632955619954664, 0.2753699525126305, 0.2875368771003094, 0.29996125329190887, 0.3116135739856936, 0.3207528848008237, 0.3263606726598349, 0.3289912798269935, 0.33007924052819154, 0.33057806734475814, 0.3304762913160844, 0.329452874319718, 0.32760789266949847, 0.3254335308300248, 0.32318233711172967, 0.3203243308514868, 0.31579321277049976, 0.3091473508217502, 0.301591491981795, 0.29538218960167645, 0.291741839409612, 0.2894645258591268, 0.2859778381756667, 0.2798385966234759, 0.27197266241909246, 0.2645344806204147, 0.25895885978951, 0.25525694177471653, 0.2526757718136528, 0.25038438009069214, 0.24757760175315469, 0.24359424719741116, 0.23832952660365883, 0.2322853006860628, 0.22589256727170845, 0.2188464578472381, 0.21031844424860194, 0.19978232996990597, 0.1874450426624067, 0.17391369676055307, 0.15964910841166663, 0.14475669915935205, 0.12919679191424432, 0.11321637175673017, 0.09760070220946528, 0.08338049740466284, 0.07117932241484776, 0.060828967094472025, 0.05160401033490014, 0.04283476819672058, 0.034380860124364386, 0.0266212777526915, 0.02006147125126827, 0.014957728006764833, 0.011209151519501002, 0.008465817422916046, 0.006328961685150689, 0.004543059195543673, 0.0030562690652758107, 0.0019148152601631266, 0.0011263627343878278]]}