{"output": [[-80.28935080743035, -78.80409634961116, -77.31884189179196, -75.83358743397277, -74.34833297615357, -72.86307851833438, -71.37782406051518, -69.89256960269597, -68.40731514487678, -66.92206068705758, -65.43680622923839, -63.95155177141919, -62.466297313599995, -60.9810428557808, -59.495788397961604, -58.01053394014241, -56.525279482323214, -55.04002502450402, -53.55477056668482, -52.06951610886563, -50.58426165104643, -49.09900719322724, -47.613752735408035, -46.12849827758884, -44.643243819769644, -43.15798936195045, -41.672734904131254, -40.18748044631206, -38.702225988492856, -37.21697153067366, -35.731717072854465, -34.24646261503527, -32.761208157216075, -31.27595369939688, -29.790699241577684, -28.30544478375849, -26.820190325939294, -25.33493586812009, -23.849681410300896, -22.3644269524817, -20.879172494662505, -19.39391803684331, -17.908663579024115, -16.42340912120492, -14.938154663385717, -13.452900205566522, -11.967645747747326, -10.482391289928131, -8.997136832108936, -7.5118823742897405, -6.026627916470545, -4.54137345865135, -3.0561190008321546, -1.5708645430129593, -0.08561008519376401, 1.3996443726254313, 2.884898830444641, 4.370153288263836, 5.855407746083031, 7.340662203902227, 8.825916661721422, 10.311171119540617, 11.796425577359813, 13.281680035179008, 14.766934492998203, 16.2521889508174, 17.737443408636594, 19.22269786645579, 20.707952324274984, 22.19320678209418, 23.678461239913375, 25.16371569773257, 26.648970155551766, 28.134224613370975, 29.61947907119017, 31.104733529009366, 32.58998798682856, 34.075242444647756, 35.56049690246695, 37.04575136028615, 38.53100581810534, 40.01626027592454, 41.50151473374373, 42.98676919156293, 44.47202364938212, 45.95727810720132, 47.442532565020514, 48.92778702283972, 50.41304148065892, 51.898295938478114, 53.38355039629731, 54.868804854116505, 56.3540593119357, 57.839313769754895, 59.32456822757409, 60.809822685393286, 62.29507714321248, 63.780331601031676, 65.26558605885087, 66.75084051667005]], "PDF": [[1.7782191558176063e-05, 1.4282817241734877e-05, 7.401157792858641e-06, 2.4742446357500356e-06, 5.336331501591404e-07, 7.42506318706576e-08, 6.665223186011406e-09, 3.8599922664702126e-10, 1.4422318965578494e-11, 3.994358728165083e-13, 2.6472468356515343e-12, 8.689323616319697e-11, 1.843834252605238e-09, 2.5241504990173246e-08, 2.2292860696903647e-07, 1.270204211773921e-06, 4.669157074635686e-06, 1.1072880413248341e-05, 1.6941034405850323e-05, 1.6721546039670054e-05, 1.0648051009206974e-05, 4.374425318481576e-06, 1.1593887446755334e-06, 1.982414534540399e-07, 2.187151811839492e-08, 1.6632350176173963e-09, 2.463040712625438e-09, 3.518023413988992e-08, 3.4254207023647867e-07, 2.230582545602482e-06, 9.881757971927183e-06, 3.071506820320319e-05, 7.064802140538154e-05, 0.00012957008555591177, 0.00020246156970857589, 0.0002760536911531313, 0.0003296648824630066, 0.00035763622680277837, 0.000381939580735288, 0.0004252714347061545, 0.0004821019461855209, 0.0005394254122210216, 0.0006122621546974024, 0.0007450345691860909, 0.0010378152756267455, 0.0017411587604322914, 0.0032204364029015022, 0.005516575427332796, 0.00799857839778379, 0.009939826504293977, 0.011280703007192368, 0.012388046346421348, 0.013500298384240344, 0.014867098767115231, 0.01708965663278069, 0.02077535921571015, 0.025726597811222867, 0.030793880996552787, 0.034920061736890856, 0.038360968611382155, 0.04243547387764869, 0.04775174520870406, 0.052922886224309594, 0.05550023829835918, 0.05418437284696961, 0.04931641943994356, 0.041356651887034475, 0.03071953303824197, 0.019459434736406843, 0.010731447948349283, 0.0058407563952780316, 0.0036178238026712255, 0.002442537492414901, 0.0015298469289364118, 0.0007860211460836062, 0.0003123687394842702, 0.00010340358550478516, 4.5104470593544825e-05, 3.880760995108407e-05, 4.3190459284470154e-05, 4.505874097918097e-05, 3.869374889042604e-05, 2.5237358486884755e-05, 1.1818598043827428e-05, 3.870955569692085e-06, 1.2302260816760038e-06, 2.1054360523275456e-06, 6.39006234123624e-06, 1.3221759824439167e-05, 1.7679025499856795e-05, 1.5251279277207195e-05, 8.488144882362125e-06, 3.048105803566806e-06, 7.126498082263988e-07, 1.7975552195535575e-07, 5.438051688577057e-07, 2.4748773373021994e-06, 7.401183181989883e-06, 1.4282817899020326e-05, 1.778219156915393e-05]]}