{"output": [[-80.28935080743035, -78.80409634961116, -77.31884189179196, -75.83358743397277, -74.34833297615357, -72.86307851833438, -71.37782406051518, -69.89256960269597, -68.40731514487678, -66.92206068705758, -65.43680622923839, -63.95155177141919, -62.466297313599995, -60.9810428557808, -59.495788397961604, -58.01053394014241, -56.525279482323214, -55.04002502450402, -53.55477056668482, -52.06951610886563, -50.58426165104643, -49.09900719322724, -47.613752735408035, -46.12849827758884, -44.643243819769644, -43.15798936195045, -41.672734904131254, -40.18748044631206, -38.702225988492856, -37.21697153067366, -35.731717072854465, -34.24646261503527, -32.761208157216075, -31.27595369939688, -29.790699241577684, -28.30544478375849, -26.820190325939294, -25.33493586812009, -23.849681410300896, -22.3644269524817, -20.879172494662505, -19.39391803684331, -17.908663579024115, -16.42340912120492, -14.938154663385717, -13.452900205566522, -11.967645747747326, -10.482391289928131, -8.997136832108936, -7.5118823742897405, -6.026627916470545, -4.54137345865135, -3.0561190008321546, -1.5708645430129593, -0.08561008519376401, 1.3996443726254313, 2.884898830444641, 4.370153288263836, 5.855407746083031, 7.340662203902227, 8.825916661721422, 10.311171119540617, 11.796425577359813, 13.281680035179008, 14.766934492998203, 16.2521889508174, 17.737443408636594, 19.22269786645579, 20.707952324274984, 22.19320678209418, 23.678461239913375, 25.16371569773257, 26.648970155551766, 28.134224613370975, 29.61947907119017, 31.104733529009366, 32.58998798682856, 34.075242444647756, 35.56049690246695, 37.04575136028615, 38.53100581810534, 40.01626027592454, 41.50151473374373, 42.98676919156293, 44.47202364938212, 45.95727810720132, 47.442532565020514, 48.92778702283972, 50.41304148065892, 51.898295938478114, 53.38355039629731, 54.868804854116505, 56.3540593119357, 57.839313769754895, 59.32456822757409, 60.809822685393286, 62.29507714321248, 63.780331601031676, 65.26558605885087, 66.75084051667005]], "PDF": [[1.778207485472527e-05, 1.4282764587339779e-05, 7.401194374173892e-06, 2.474292450077336e-06, 5.336542074321073e-07, 7.425548408657092e-08, 6.665869660086986e-09, 3.8605110094057996e-10, 1.4424879623975557e-11, 3.995276203700207e-13, 2.647776259711179e-12, 8.690661470056782e-11, 1.8440441940218243e-09, 2.5243512002485692e-08, 2.229399579810659e-07, 1.270239875011541e-06, 4.669208385010738e-06, 1.1072876590100681e-05, 1.6940933998333675e-05, 1.672144979524268e-05, 1.0648052800615665e-05, 4.3744771338767995e-06, 1.159422685778954e-06, 1.9825185287744195e-07, 2.1873298741841017e-08, 1.6634326430869196e-09, 2.4633374821401746e-09, 3.5183259426509416e-08, 3.42562039848755e-07, 2.230663614892726e-06, 9.88195706210824e-06, 3.071536364356487e-05, 7.06483103391362e-05, 0.00012957030483430097, 0.0002024615954568397, 0.00027605337146413485, 0.000329664455000352, 0.00035763616964603365, 0.0003819399128172078, 0.0004252716496357362, 0.0004821019079809251, 0.0005394256120414726, 0.0006122630015760605, 0.0007450367645028186, 0.0010378211866789342, 0.0017411707726535605, 0.003220449694188268, 0.005516578386081012, 0.007998569215043893, 0.009939816923913275, 0.011280699848204163, 0.01238804644875058, 0.013500301603780773, 0.014867111463473068, 0.017089679677959692, 0.020775379602972325, 0.025726599490360692, 0.030793864968451917, 0.03492004981946259, 0.038360979079462634, 0.04243549541076684, 0.047751744665269776, 0.052922845568843135, 0.05550017745999933, 0.05418431983861689, 0.0493163737162949, 0.04135660922112594, 0.030719521705944407, 0.01945947556677576, 0.01073150907145726, 0.005840796639872634, 0.0036178381710617984, 0.002442540535136714, 0.0015298492522787665, 0.0007860253852762202, 0.0003123728603619578, 0.00010340579958580529, 4.5105164925716424e-05, 3.880773915635629e-05, 4.3190416239368505e-05, 4.505860855691348e-05, 3.86936334210701e-05, 2.523736212593215e-05, 1.1818688766496372e-05, 3.87103673680586e-06, 1.2302753980521046e-06, 2.1054876675118555e-06, 6.390107367926506e-06, 1.3221724579422738e-05, 1.767891082901434e-05, 1.525120991941232e-05, 8.488171571408918e-06, 3.0481564127727945e-06, 7.126757193076308e-07, 1.797667822863001e-07, 5.438271562886427e-07, 2.474925232553584e-06, 7.401219767624254e-06, 1.4282765244768563e-05, 1.778207486570609e-05]]}