{"output": [[7.591841669346255, 7.941632971993913, 8.291424274641571, 8.641215577289229, 8.991006879936887, 9.340798182584544, 9.690589485232202, 10.04038078787986, 10.390172090527518, 10.739963393175175, 11.089754695822833, 11.439545998470491, 11.789337301118149, 12.139128603765808, 12.488919906413464, 12.838711209061124, 13.18850251170878, 13.53829381435644, 13.888085117004096, 14.237876419651755, 14.587667722299411, 14.93745902494707, 15.287250327594727, 15.637041630242386, 15.986832932890044, 16.336624235537702, 16.686415538185358, 17.036206840833017, 17.385998143480677, 17.735789446128333, 18.08558074877599, 18.43537205142365, 18.785163354071308, 19.134954656718964, 19.48474595936662, 19.83453726201428, 20.18432856466194, 20.534119867309595, 20.88391116995725, 21.23370247260491, 21.58349377525257, 21.933285077900226, 22.283076380547882, 22.632867683195542, 22.9826589858432, 23.332450288490858, 23.682241591138517, 24.032032893786173, 24.381824196433833, 24.73161549908149, 25.08140680172915, 25.431198104376804, 25.780989407024464, 26.13078070967212, 26.48057201231978, 26.830363314967435, 27.180154617615095, 27.52994592026275, 27.87973722291041, 28.229528525558067, 28.579319828205726, 28.929111130853382, 29.27890243350104, 29.628693736148698, 29.978485038796357, 30.328276341444017, 30.678067644091673, 31.027858946739332, 31.37765024938699, 31.727441552034648, 32.07723285468231, 32.42702415732997, 32.77681545997762, 33.12660676262528, 33.47639806527293, 33.82618936792059, 34.17598067056825, 34.52577197321591, 34.87556327586357, 35.22535457851123, 35.57514588115888, 35.92493718380654, 36.274728486454194, 36.62451978910185, 36.97431109174951, 37.32410239439717, 37.67389369704483, 38.02368499969249, 38.373476302340144, 38.723267604987804, 39.073058907635456, 39.422850210283116, 39.772641512930775, 40.122432815578435, 40.472224118226094, 40.822015420873754, 41.171806723521414, 41.52159802616907, 41.87138932881672, 42.22118063146438]], "PDF": [[7.336842335902798e-05, 9.765372218120903e-05, 0.0001424670954342598, 0.00022081896082453998, 0.000326771160318849, 0.0004299493611177336, 0.0004936629123665672, 0.0005072819595866285, 0.0005070753741009931, 0.0005681210742866041, 0.0007716841766210694, 0.0011648355319305436, 0.001730835988777206, 0.002385517753821868, 0.003009161279204688, 0.0035143793591769145, 0.003919855383767922, 0.004363082760724914, 0.005020760320535111, 0.00600458214132923, 0.007320134202019482, 0.008890600900756383, 0.010607569795934932, 0.012405462616608283, 0.01432863378471116, 0.016508518172603546, 0.01905284523328018, 0.021967999585314018, 0.025176221581787013, 0.02856161271783961, 0.03200654011907902, 0.0354609308364622, 0.03901360172884851, 0.042838600710538716, 0.047017525315232435, 0.051428000504324084, 0.05580947568153605, 0.059912333823761606, 0.06362749655166408, 0.06705016344618607, 0.07038775227606257, 0.07372693909570317, 0.07691197727399841, 0.07969835959191136, 0.08198321739835232, 0.08383464506363264, 0.0853334197356218, 0.08647441625596092, 0.0872509653310759, 0.08771700894857684, 0.0878158258879184, 0.08721477100270449, 0.08554066885705064, 0.08284113397634456, 0.07966098709833419, 0.07657983579232303, 0.07375764954251014, 0.07097268672580917, 0.06796572500959672, 0.0646192497270575, 0.06089374688218121, 0.05677453298163977, 0.052326565455169664, 0.047744358659535996, 0.04331178598117715, 0.03927899583086099, 0.03572722145288062, 0.03252080273517483, 0.02939119764989662, 0.02611760476971185, 0.022709836276728342, 0.01944150338537384, 0.0166517104397637, 0.014476551058354175, 0.012772315990810561, 0.011269111163031715, 0.009765724260258445, 0.008217071057541185, 0.00670951835863913, 0.005373186525472711, 0.004291741837811767, 0.0034697245814039527, 0.0028598754066936423, 0.002400717912463518, 0.0020367126937114815, 0.0017265997310455003, 0.0014431461669412486, 0.001169034160142524, 0.0009004610901721442, 0.0006530193004855514, 0.00045250560578691734, 0.00031387231770861206, 0.00022957997186380695, 0.00017710864441154706, 0.0001360427739658071, 9.964763251850264e-05, 7.284623429721307e-05, 6.0640483904681606e-05, 5.921321546086472e-05, 5.810561633016401e-05]]}