{"output": [[13.635349901917762, 13.701198034685127, 13.767046167452493, 13.832894300219857, 13.898742432987223, 13.96459056575459, 14.030438698521955, 14.09628683128932, 14.162134964056685, 14.227983096824051, 14.293831229591417, 14.359679362358783, 14.425527495126147, 14.491375627893513, 14.557223760660879, 14.623071893428245, 14.68892002619561, 14.754768158962975, 14.82061629173034, 14.886464424497706, 14.952312557265072, 15.018160690032436, 15.084008822799802, 15.149856955567168, 15.215705088334534, 15.281553221101898, 15.347401353869264, 15.41324948663663, 15.479097619403996, 15.544945752171362, 15.610793884938726, 15.676642017706092, 15.742490150473458, 15.808338283240824, 15.87418641600819, 15.940034548775554, 16.00588268154292, 16.071730814310285, 16.13757894707765, 16.203427079845017, 16.26927521261238, 16.33512334537975, 16.400971478147113, 16.466819610914477, 16.532667743681845, 16.59851587644921, 16.664364009216577, 16.73021214198394, 16.796060274751305, 16.861908407518673, 16.927756540286037, 16.9936046730534, 17.05945280582077, 17.125300938588133, 17.1911490713555, 17.256997204122865, 17.32284533689023, 17.388693469657596, 17.45454160242496, 17.520389735192325, 17.586237867959692, 17.652086000727056, 17.717934133494424, 17.783782266261788, 17.849630399029152, 17.91547853179652, 17.981326664563884, 18.04717479733125, 18.113022930098616, 18.17887106286598, 18.244719195633348, 18.31056732840071, 18.37641546116808, 18.442263593935444, 18.508111726702808, 18.573959859470175, 18.63980799223754, 18.705656125004907, 18.77150425777227, 18.837352390539635, 18.903200523307003, 18.969048656074367, 19.034896788841735, 19.1007449216091, 19.166593054376463, 19.23244118714383, 19.298289319911195, 19.364137452678563, 19.429985585445927, 19.49583371821329, 19.56168185098066, 19.627529983748023, 19.69337811651539, 19.759226249282754, 19.82507438205012, 19.890922514817483, 19.95677064758485, 20.022618780352218, 20.088466913119582, 20.154315045886946]], "PDF": [[0.00037212002152102924, 0.00044269835121399923, 0.0005215379434817373, 0.0006315885489818933, 0.0007894307633934901, 0.0010286828465151472, 0.001410896237588057, 0.0019818796554681843, 0.002710610255397997, 0.0034921935276947006, 0.00423837490974013, 0.004986451521858477, 0.005929599097686972, 0.007330182917908423, 0.009364292605230178, 0.011997681966175146, 0.014998656666261925, 0.018129862461509674, 0.021405886246428144, 0.025181881117552162, 0.02991765679122771, 0.03573239778369651, 0.042161247205557625, 0.04849832947620306, 0.05452045643461342, 0.060838826662512495, 0.06850267874960032, 0.07832484129228605, 0.0905145990348719, 0.10468698152520815, 0.12009316770431036, 0.13595140329878955, 0.15166353845877886, 0.1668032434200375, 0.1810868330420298, 0.19449580072622516, 0.2073796593613774, 0.2203054503817944, 0.2336795926280147, 0.24745114228298268, 0.2612231402492468, 0.27464985326858876, 0.2875276851196736, 0.299357732814801, 0.3091168769381965, 0.3159538134082408, 0.3201040608005932, 0.3226337742648103, 0.3242063501139897, 0.3246208737269447, 0.3237165178016809, 0.3221813020123042, 0.32110720155917055, 0.32101316010111364, 0.3215469430256447, 0.32188987378408224, 0.32111666701444525, 0.3183159962327746, 0.31291915414168814, 0.30526752065403834, 0.29670339804183726, 0.2888390541127745, 0.2827624155087758, 0.27889193055253986, 0.2770463588423348, 0.2762174509744829, 0.2746319240129824, 0.27071363255641295, 0.2642918700553112, 0.2568455735127185, 0.2503688415115258, 0.24565817432726975, 0.24152568530043897, 0.23586005911200453, 0.22766066088970044, 0.21795520000678664, 0.20863159991522345, 0.20055929833242236, 0.19297574369560777, 0.1844096433873676, 0.17390840815289763, 0.16157608409021712, 0.14832482009244796, 0.13517159701699982, 0.1225645852757459, 0.1102529843721493, 0.09778760502819428, 0.085099210576044, 0.07256260361999241, 0.060627253023935526, 0.04956765258868223, 0.03957048080613876, 0.030853611388648818, 0.02359367134825162, 0.017816284224753183, 0.013401812579259632, 0.010127715757894604, 0.007680901999359373, 0.005720957282569638, 0.004020908481460608]]}