{"S_min_Ks": [[0.5178223548596301]], "S_min_Q": [[0.4426331990744441]], "S_Ks": [[0.5478981742342544]], "S_Q": [[0.4695073139952001]], "S_max_Ks": [[0.5712583534920201]], "S_max_Q": [[0.49523760339445466]], "S_T_min_Ks": [[0.515527194969237]], "S_T_min_Q": [[0.4375185252802609]], "S_T_Ks": [[0.5444569273865965]], "S_T_Q": [[0.4636682082054356]], "S_T_max_Ks": [[0.5778675849412158]], "S_T_max_Q": [[0.48452749576510323]]}