{"S_min_Ks": [[0.6568989418206793]], "S_min_Q": [[0.31934370032841414]], "S_Ks": [[0.6828871288865177]], "S_Q": [[0.340572965626305]], "S_max_Ks": [[0.7118226208863694]], "S_max_Q": [[0.3570014377232669]], "S_T_min_Ks": [[0.6487718441899711]], "S_T_min_Q": [[0.32054153906670185]], "S_T_Ks": [[0.6742087014715173]], "S_T_Q": [[0.34316804034893494]], "S_T_max_Ks": [[0.7052246113306595]], "S_T_max_Q": [[0.36619025619303486]]}