{"S_Ks": [[0.6480510464767633]], "S_Q": [[0.3292180484459976]], "S_T_Ks": [[0.6685544139806504]], "S_T_Q": [[0.34097032856345366]]}