{"S_Ks": [[0.6828871288865177]], "S_Q": [[0.340572965626305]], "S_T_Ks": [[0.6742087014715173]], "S_T_Q": [[0.34316804034893494]]}