{"S_Ks": [[0.5252549708092991]], "S_Q": [[0.4551392453249371]], "S_T_Ks": [[0.5412797208819562]], "S_T_Q": [[0.47101097126672686]]}