{"S_min_Ks": [[0.5021028572553208]], "S_min_Q": [[0.43397178785418644]], "S_Ks": [[0.5252549708092991]], "S_Q": [[0.4551392453249371]], "S_max_Ks": [[0.5461807886132333]], "S_max_Q": [[0.4770675075815875]], "S_T_min_Ks": [[0.5062945136295717]], "S_T_min_Q": [[0.4433462375216995]], "S_T_Ks": [[0.5412797208819562]], "S_T_Q": [[0.47101097126672686]], "S_T_max_Ks": [[0.5643506887567113]], "S_T_max_Q": [[0.4927215047049867]]}