{"S_min_Ks": [[0.028777566756875206]], "S_min_Q": [[0.9460283050088676]], "S_Ks": [[0.03542894471485402]], "S_Q": [[0.9927010557188146]], "S_max_Ks": [[0.041477691020513976]], "S_max_Q": [[1.043851340695985]], "S_T_min_Ks": [[0.0042455241572746105]], "S_T_min_Q": [[0.9346858032695433]], "S_T_Ks": [[0.03535651218142306]], "S_T_Q": [[0.978628040548968]], "S_T_max_Ks": [[0.06568084161764187]], "S_T_max_Q": [[1.0138202809621086]]}