{"S_Ks": [[0.03542894471485402]], "S_Q": [[0.9927010557188146]], "S_T_Ks": [[0.03535651218142306]], "S_T_Q": [[0.978628040548968]]}