{"S_Ks": [[0.5478981742342544]], "S_Q": [[0.4695073139952001]], "S_T_Ks": [[0.5444569273865965]], "S_T_Q": [[0.4636682082054356]]}