{"Min": [[16.265465143203485]], "SD_min": [[18.971802624563995]], "Mean": [[19.83621669469083]], "SD_max": [[20.700630764817664]], "Max": [[22.238274182440094]]}