{"Min": [[16.265465229866734]], "SD_min": [[18.97180262648616]], "Mean": [[19.836216694107254]], "SD_max": [[20.70063076172835]], "Max": [[22.23827409243559]]}