{"Min": [[19.66976090207902]], "SD_min": [[20.746314492165258]], "Mean": [[21.246913234956615]], "SD_max": [[21.747511977747973]], "Max": [[22.573498704312556]]}