{"Min": [[16.265465149381]], "SD_min": [[18.971802626611638]], "Mean": [[19.83621669398107]], "SD_max": [[20.7006307613505]], "Max": [[22.23827416851732]]}