{"Min": [[17.959650630215155]], "SD_min": [[19.742868734348345]], "Mean": [[20.457299157929253]], "SD_max": [[21.17172958151016]], "Max": [[22.184028750592123]]}