{"output": [[16.265465229866734, 16.325796632518944, 16.386128035171154, 16.446459437823368, 16.506790840475578, 16.567122243127788, 16.627453645779998, 16.687785048432207, 16.74811645108442, 16.80844785373663, 16.86877925638884, 16.92911065904105, 16.98944206169326, 17.049773464345474, 17.110104866997684, 17.170436269649894, 17.230767672302104, 17.291099074954314, 17.351430477606527, 17.411761880258737, 17.472093282910947, 17.532424685563157, 17.592756088215367, 17.65308749086758, 17.71341889351979, 17.773750296172, 17.83408169882421, 17.89441310147642, 17.954744504128634, 18.015075906780844, 18.075407309433054, 18.135738712085264, 18.196070114737473, 18.256401517389687, 18.316732920041897, 18.377064322694107, 18.437395725346317, 18.49772712799853, 18.55805853065074, 18.61838993330295, 18.67872133595516, 18.73905273860737, 18.79938414125958, 18.859715543911793, 18.920046946564003, 18.980378349216213, 19.040709751868423, 19.101041154520637, 19.161372557172847, 19.221703959825057, 19.282035362477266, 19.342366765129476, 19.402698167781686, 19.4630295704339, 19.52336097308611, 19.58369237573832, 19.64402377839053, 19.704355181042743, 19.764686583694953, 19.825017986347163, 19.885349388999373, 19.945680791651583, 20.006012194303793, 20.066343596956006, 20.126674999608216, 20.187006402260426, 20.247337804912636, 20.30766920756485, 20.36800061021706, 20.42833201286927, 20.48866341552148, 20.54899481817369, 20.6093262208259, 20.669657623478113, 20.729989026130323, 20.790320428782533, 20.850651831434742, 20.910983234086956, 20.971314636739166, 21.031646039391376, 21.091977442043586, 21.152308844695796, 21.212640247348006, 21.27297165000022, 21.33330305265243, 21.39363445530464, 21.45396585795685, 21.514297260609062, 21.574628663261272, 21.634960065913482, 21.695291468565692, 21.755622871217902, 21.815954273870112, 21.876285676522325, 21.936617079174535, 21.996948481826745, 22.057279884478955, 22.11761128713117, 22.17794268978338, 22.23827409243559]], "PDF": [[0.0006047605980147304, 0.000762092037763466, 0.0008930914060922486, 0.0010026013500987483, 0.0010818141254389994, 0.0011226031602529312, 0.0011594033429094177, 0.0012867921086392989, 0.0016360376032891323, 0.002326031766477595, 0.0033929771358703763, 0.0047262846609834016, 0.006087346782342837, 0.007238687093527422, 0.008075701488746055, 0.00864167800747168, 0.00907569455430157, 0.00961873574060232, 0.010636990422186281, 0.012507691026763492, 0.015384115825882776, 0.019065543759329635, 0.02315940388185783, 0.027437982414584953, 0.03197315005424304, 0.03682122749466688, 0.041759959652215045, 0.046575434377438496, 0.05135860764506279, 0.05618313458931301, 0.06081339163013708, 0.06521816938203755, 0.07018573322519173, 0.07698043133797461, 0.08641082847267827, 0.09843353789335926, 0.11251174927699577, 0.12811914503171634, 0.14498487795761053, 0.16296592602167181, 0.1815950874525223, 0.19990094979680115, 0.21706157569011486, 0.23331181833903317, 0.2500422551786002, 0.2689296988965289, 0.29069794126527476, 0.31422275237326547, 0.33686759550896944, 0.3564158961701135, 0.37301082846394673, 0.3887315196579391, 0.40516028067883514, 0.4218323764610287, 0.4367004686441732, 0.447212865058637, 0.451403687024181, 0.44926861150266406, 0.4433340543336693, 0.4373249942494014, 0.43383982180199393, 0.43274084458981876, 0.43137599272617394, 0.42662342182121105, 0.41707706436520037, 0.4034826027005581, 0.3877023358972716, 0.37181677383579853, 0.35771164233150293, 0.34651149183265284, 0.3381484654787842, 0.3316618945322112, 0.32564052845191027, 0.318252704000781, 0.3076426859403863, 0.29308327845010823, 0.2755131009365019, 0.2565286931294538, 0.23722201789778466, 0.21818437909424748, 0.1998068150133293, 0.1820404866570667, 0.1643429654680396, 0.14616196495022923, 0.12733068437113843, 0.10818511278668588, 0.08955872787660793, 0.07248522322441857, 0.057652806653031415, 0.04511536649491779, 0.034543432394915204, 0.025694993242293327, 0.018581790587118185, 0.013215653677705429, 0.009341444095691194, 0.006523389864750695, 0.004425099052757863, 0.0028996364072170276, 0.001856054983222042, 0.0011625849582606244]]}