{"output": [[19.66976090207902, 19.699091586950065, 19.72842227182111, 19.75775295669216, 19.787083641563203, 19.81641432643425, 19.845745011305294, 19.87507569617634, 19.904406381047387, 19.933737065918432, 19.963067750789477, 19.992398435660522, 20.02172912053157, 20.051059805402616, 20.08039049027366, 20.109721175144706, 20.13905186001575, 20.1683825448868, 20.197713229757845, 20.22704391462889, 20.256374599499935, 20.28570528437098, 20.31503596924203, 20.344366654113074, 20.37369733898412, 20.403028023855164, 20.432358708726213, 20.461689393597258, 20.491020078468303, 20.520350763339348, 20.549681448210393, 20.57901213308144, 20.608342817952487, 20.63767350282353, 20.667004187694577, 20.69633487256562, 20.72566555743667, 20.754996242307715, 20.78432692717876, 20.813657612049806, 20.84298829692085, 20.8723189817919, 20.901649666662944, 20.93098035153399, 20.960311036405034, 20.989641721276083, 21.018972406147128, 21.048303091018173, 21.07763377588922, 21.106964460760263, 21.136295145631312, 21.165625830502357, 21.194956515373402, 21.224287200244447, 21.253617885115492, 21.28294856998654, 21.312279254857586, 21.34160993972863, 21.370940624599676, 21.400271309470725, 21.42960199434177, 21.458932679212815, 21.48826336408386, 21.517594048954905, 21.546924733825954, 21.576255418697, 21.605586103568044, 21.63491678843909, 21.664247473310134, 21.693578158181182, 21.722908843052227, 21.752239527923273, 21.781570212794318, 21.810900897665363, 21.84023158253641, 21.869562267407456, 21.8988929522785, 21.928223637149546, 21.95755432202059, 21.98688500689164, 22.016215691762685, 22.04554637663373, 22.074877061504775, 22.104207746375824, 22.13353843124687, 22.162869116117914, 22.19219980098896, 22.221530485860004, 22.250861170731053, 22.280191855602098, 22.309522540473143, 22.338853225344188, 22.368183910215237, 22.39751459508628, 22.426845279957327, 22.456175964828372, 22.485506649699417, 22.514837334570466, 22.54416801944151, 22.573498704312556]], "PDF": [[0.001830899284862009, 0.002307836332776433, 0.0025679747200000095, 0.002598004742298143, 0.0025326069438449295, 0.0027548663893580613, 0.003837971274604977, 0.0061916819860060755, 0.009686839950929386, 0.013698471234202599, 0.017561088481859704, 0.021017649221646013, 0.024436227016553052, 0.02873691869201956, 0.034926471867016515, 0.043564932118181424, 0.05472719644859937, 0.06821924226388688, 0.08343745685984817, 0.09923184346633028, 0.11439283463044543, 0.12835512699663582, 0.14164307530169531, 0.15607736434048558, 0.1742853730557562, 0.1982692577267901, 0.2280468150986941, 0.261538210228824, 0.2957883683755273, 0.32858951560727195, 0.3593741531806946, 0.3888452819951856, 0.4177275033401436, 0.44600860284068533, 0.47369810579650995, 0.5017258312838869, 0.5309967436608602, 0.5609219359060693, 0.5902904809758002, 0.6196461569027145, 0.6512326712308689, 0.6855777136289839, 0.7187725520436528, 0.7440507837231538, 0.7564627517266072, 0.7567176033930839, 0.7510950712740272, 0.7469144239071294, 0.7466621997604209, 0.7461547281889653, 0.7391376620560606, 0.7235423693735119, 0.702305017413454, 0.679253423717219, 0.6568999255861818, 0.6378639621775751, 0.6250077485616541, 0.6184794517348611, 0.6140870445123057, 0.6065897756327352, 0.5948100064294031, 0.5820844094695312, 0.5713829390537317, 0.5617408066758017, 0.5503485422555331, 0.5369633308802382, 0.5250636793365427, 0.5185129383350302, 0.5179311117151228, 0.5209282693061306, 0.5244548012786334, 0.525464970283477, 0.5208176701930107, 0.5088728568295056, 0.4908894267812741, 0.46952474381846904, 0.44651009331637137, 0.42255282462599353, 0.3982368286909573, 0.3739288027529091, 0.3495291643997383, 0.32469908459088703, 0.29898381228661514, 0.27215496764144387, 0.24450181274543947, 0.21608001824608541, 0.18642244213001907, 0.15612560785890653, 0.1276737819013411, 0.10341779742245559, 0.08339808798228777, 0.06597541603692839, 0.05006919445979547, 0.036054803527036196, 0.02477736315809829, 0.016446006935990826, 0.010602709456415024, 0.00667072492534417, 0.004182574033792894, 0.0026631430197511467]]}