{"output": [[16.265465143203485, 16.32579654764022, 16.38612795207695, 16.446459356513685, 16.50679076095042, 16.567122165387154, 16.627453569823885, 16.68778497426062, 16.748116378697354, 16.808447783134085, 16.86877918757082, 16.929110592007554, 16.989441996444285, 17.04977340088102, 17.110104805317754, 17.170436209754488, 17.23076761419122, 17.291099018627953, 17.351430423064688, 17.41176182750142, 17.472093231938153, 17.532424636374888, 17.592756040811622, 17.653087445248353, 17.713418849685088, 17.773750254121822, 17.834081658558553, 17.894413062995287, 17.954744467432022, 18.015075871868753, 18.075407276305487, 18.13573868074222, 18.196070085178956, 18.256401489615687, 18.31673289405242, 18.377064298489156, 18.43739570292589, 18.49772710736262, 18.558058511799356, 18.61838991623609, 18.67872132067282, 18.739052725109556, 18.79938412954629, 18.85971553398302, 18.920046938419755, 18.98037834285649, 19.04070974729322, 19.101041151729955, 19.16137255616669, 19.221703960603424, 19.282035365040155, 19.34236676947689, 19.402698173913624, 19.46302957835036, 19.52336098278709, 19.583692387223824, 19.64402379166056, 19.70435519609729, 19.764686600534024, 19.825018004970758, 19.88534940940749, 19.945680813844223, 20.006012218280958, 20.06634362271769, 20.126675027154423, 20.187006431591158, 20.247337836027892, 20.307669240464623, 20.368000644901358, 20.428332049338092, 20.488663453774826, 20.548994858211557, 20.609326262648292, 20.669657667085026, 20.729989071521757, 20.79032047595849, 20.850651880395226, 20.910983284831957, 20.97131468926869, 21.031646093705426, 21.091977498142157, 21.15230890257889, 21.212640307015626, 21.27297171145236, 21.333303115889095, 21.393634520325826, 21.45396592476256, 21.514297329199294, 21.574628733636025, 21.63496013807276, 21.695291542509494, 21.755622946946225, 21.81595435138296, 21.876285755819694, 21.936617160256425, 21.99694856469316, 22.057279969129894, 22.117611373566625, 22.17794277800336, 22.238274182440094]], "PDF": [[0.0006047606256296014, 0.0007620920525578824, 0.0008930913685343013, 0.0010026013951456726, 0.0010818142993422135, 0.0011226032131177114, 0.0011594028664800504, 0.0012867907774934766, 0.0016360353292222218, 0.0023260289074069165, 0.003392974594313284, 0.004726283406046844, 0.006087347020881354, 0.007238688100051553, 0.008075702353999447, 0.008641678143595422, 0.009075693272336484, 0.009618732031452337, 0.010636983886942829, 0.012507682842292325, 0.015384108235050912, 0.01906553820716874, 0.023159399524372366, 0.027437977320878878, 0.031973144350430645, 0.036821223314870845, 0.04175995721329348, 0.04657543153847119, 0.051358604359725196, 0.05618313317707235, 0.06081339115686691, 0.06521816443536992, 0.0701857202162763, 0.0769804127312589, 0.08641080950321905, 0.09843352171174032, 0.11251173601677539, 0.12811913323715993, 0.14498486671161337, 0.16296591730754645, 0.18159508478337416, 0.19990095264817603, 0.21706157756808034, 0.23331181197887527, 0.2500422386386104, 0.26892967778825244, 0.2906979270093201, 0.3142227549465633, 0.336867612905708, 0.35641591352815194, 0.3730108333123684, 0.3887315152640614, 0.4051602798545968, 0.4218323882727928, 0.43670049551914825, 0.4472129034135952, 0.45140372485366215, 0.4492686332897209, 0.44333405322944724, 0.43732497765805134, 0.4338398063886393, 0.4327408451332958, 0.43137601103154766, 0.426623446364974, 0.4170770820723451, 0.4034826080505565, 0.38770232893908474, 0.37181675654612273, 0.35771161989303996, 0.34651147173765046, 0.3381484524811174, 0.33166189006663666, 0.32564053386819636, 0.31825271819092404, 0.3076427005674885, 0.29308328275326695, 0.2755130920194636, 0.2565286757122267, 0.23722199570490896, 0.21818435360743402, 0.19980678956734424, 0.18204046458017015, 0.16434294648355954, 0.14616194656619827, 0.12733066391845668, 0.1081850879181577, 0.08955869832553999, 0.07248519212709882, 0.057652778456442275, 0.04511534343512077, 0.0345434134321388, 0.025694976340057744, 0.018581775459943384, 0.013215641718215583, 0.009341435994632061, 0.0065233844957045956, 0.004425094911118968, 0.0028996330593828988, 0.0018560526612263599, 0.0011625835704791134]]}