{"output": [[17.959650630215155, 18.002321116279568, 18.044991602343984, 18.087662088408397, 18.13033257447281, 18.173003060537223, 18.21567354660164, 18.258344032666052, 18.301014518730465, 18.343685004794878, 18.386355490859295, 18.429025976923707, 18.47169646298812, 18.514366949052533, 18.55703743511695, 18.599707921181363, 18.642378407245776, 18.68504889331019, 18.727719379374605, 18.770389865439018, 18.81306035150343, 18.855730837567844, 18.89840132363226, 18.941071809696673, 18.983742295761086, 19.0264127818255, 19.069083267889916, 19.11175375395433, 19.15442424001874, 19.197094726083154, 19.23976521214757, 19.282435698211984, 19.325106184276397, 19.36777667034081, 19.410447156405226, 19.45311764246964, 19.495788128534052, 19.538458614598465, 19.58112910066288, 19.623799586727294, 19.666470072791707, 19.70914055885612, 19.751811044920537, 19.79448153098495, 19.837152017049362, 19.879822503113775, 19.922492989178192, 19.965163475242605, 20.007833961307018, 20.05050444737143, 20.093174933435847, 20.13584541950026, 20.178515905564673, 20.221186391629086, 20.263856877693502, 20.306527363757915, 20.34919784982233, 20.39186833588674, 20.434538821951158, 20.47720930801557, 20.519879794079984, 20.562550280144396, 20.605220766208813, 20.647891252273226, 20.69056173833764, 20.73323222440205, 20.775902710466468, 20.81857319653088, 20.861243682595294, 20.903914168659707, 20.946584654724123, 20.989255140788536, 21.03192562685295, 21.074596112917362, 21.11726659898178, 21.15993708504619, 21.202607571110605, 21.245278057175017, 21.287948543239434, 21.330619029303847, 21.37328951536826, 21.415960001432673, 21.45863048749709, 21.501300973561502, 21.543971459625915, 21.586641945690328, 21.629312431754744, 21.671982917819157, 21.71465340388357, 21.757323889947983, 21.7999943760124, 21.842664862076813, 21.885335348141226, 21.92800583420564, 21.970676320270055, 22.013346806334468, 22.05601729239888, 22.098687778463294, 22.14135826452771, 22.184028750592123]], "PDF": [[0.0006938494512368995, 0.0008244634668720846, 0.0009182334004306369, 0.001035296032621859, 0.0012756445878209608, 0.001750309044048578, 0.002532887616514632, 0.003614155677780324, 0.004904358280121712, 0.006299966484401931, 0.007769086543912805, 0.009378760469542414, 0.011234115449285499, 0.013400438196016431, 0.015898124165924694, 0.018736110498941118, 0.021912489448910517, 0.02543595804263462, 0.029407542145312573, 0.03405679447136792, 0.03965054246358349, 0.04632471037021441, 0.0539698233338358, 0.06233709484969067, 0.07136272157706113, 0.08133784361682105, 0.09259246097942436, 0.10501868642116587, 0.11807031700773253, 0.1312439695988436, 0.14441801701426676, 0.15775357137837284, 0.17153523461926953, 0.18620178304324808, 0.20221465127377258, 0.2196084135550396, 0.23780996711969943, 0.25613782692208803, 0.2744748806046688, 0.29345893481182844, 0.31411148798987554, 0.3370841320977101, 0.3618709293063006, 0.3866949560651103, 0.40941732105686424, 0.42871581626844707, 0.4444836441745807, 0.45737111229033883, 0.46821717296345955, 0.4778749539084248, 0.48718824855527587, 0.4965520168745819, 0.5051436530744701, 0.5109040997564143, 0.5119891864107321, 0.5086388784644283, 0.503527251153712, 0.5000008339055303, 0.49970388096923823, 0.501611188648149, 0.5029517288720903, 0.5007960906379337, 0.49320938486426386, 0.4801254248598622, 0.4639901765031223, 0.44905592168119435, 0.43888433816867056, 0.4338536151901051, 0.43094604155207517, 0.4260496185231077, 0.41679893224733144, 0.4037761566239862, 0.3896155905519614, 0.3772046659955362, 0.36824012801876194, 0.36248857551188723, 0.35780685410194696, 0.3512740979744448, 0.341067844110294, 0.32746741709234195, 0.31203196222006174, 0.2960447195571506, 0.2797425005186316, 0.26256083144915887, 0.24385279983294939, 0.22358096549071801, 0.20248830483780017, 0.18155948029946278, 0.16130979944139862, 0.1416118738807263, 0.12212961741849275, 0.10284973947314938, 0.08423229761328088, 0.06695999251591153, 0.051641560798195665, 0.038686150624555514, 0.028225131707911185, 0.020035887156775692, 0.013657018635328916, 0.00869301744567495]]}