{"output": [[16.265465149381, 16.3257965536147, 16.3861279578484, 16.446459362082102, 16.506790766315802, 16.567122170549503, 16.627453574783203, 16.687784979016904, 16.748116383250604, 16.8084477874843, 16.868779191718, 16.929110595951702, 16.989442000185402, 17.049773404419103, 17.110104808652803, 17.170436212886504, 17.230767617120204, 17.291099021353904, 17.351430425587605, 17.411761829821305, 17.472093234055006, 17.532424638288706, 17.592756042522407, 17.653087446756107, 17.713418850989807, 17.773750255223504, 17.834081659457205, 17.894413063690905, 17.954744467924606, 18.015075872158306, 18.075407276392006, 18.135738680625707, 18.196070084859407, 18.256401489093108, 18.316732893326808, 18.37706429756051, 18.43739570179421, 18.49772710602791, 18.55805851026161, 18.61838991449531, 18.67872131872901, 18.73905272296271, 18.79938412719641, 18.85971553143011, 18.92004693566381, 18.98037833989751, 19.04070974413121, 19.10104114836491, 19.16137255259861, 19.22170395683231, 19.28203536106601, 19.34236676529971, 19.402698169533412, 19.463029573767113, 19.523360978000813, 19.583692382234513, 19.644023786468214, 19.70435519070191, 19.76468659493561, 19.82501799916931, 19.885349403403012, 19.945680807636712, 20.006012211870413, 20.066343616104113, 20.126675020337814, 20.187006424571514, 20.247337828805215, 20.307669233038915, 20.368000637272615, 20.428332041506316, 20.488663445740016, 20.548994849973717, 20.609326254207417, 20.669657658441118, 20.729989062674818, 20.79032046690852, 20.85065187114222, 20.910983275375916, 20.971314679609616, 21.031646083843317, 21.091977488077017, 21.152308892310717, 21.212640296544418, 21.27297170077812, 21.33330310501182, 21.39363450924552, 21.45396591347922, 21.51429731771292, 21.57462872194662, 21.634960126180317, 21.695291530414018, 21.755622934647718, 21.81595433888142, 21.87628574311512, 21.93661714734882, 21.99694855158252, 22.05727995581622, 22.11761136004992, 22.17794276428362, 22.23827416851732]], "PDF": [[0.0006047608171071745, 0.0007620922735504259, 0.0008930915517859566, 0.0010026015464908518, 0.0010818143864600562, 0.0011226030923002048, 0.0011594023872206313, 0.001286789923827527, 0.0016360342626596982, 0.0023260279505302266, 0.003392974141910272, 0.004726283693262511, 0.0060873479034661525, 0.007238689152089174, 0.008075703218639919, 0.008641678647973052, 0.009075693180396988, 0.009618730986795318, 0.01063698184471855, 0.012507680436621229, 0.015384106484907272, 0.01906553765904669, 0.023159399591249206, 0.02743797689006176, 0.03197314330741222, 0.03682122254631843, 0.04175995679159621, 0.04657543056642842, 0.051358603031187174, 0.05618313273608887, 0.06081339112309768, 0.06521816208524987, 0.07018571372029829, 0.07698040325158792, 0.08641079960144013, 0.09843351297674585, 0.11251172865386302, 0.12811912681213364, 0.14498486111577097, 0.162965913764392, 0.1815950851701796, 0.19990095690427045, 0.2170615827063745, 0.2333118143675427, 0.2500422369124316, 0.268929674100626, 0.29069792617601514, 0.31422276090680773, 0.3368676240413191, 0.3564159227191699, 0.3730108351238786, 0.38873151178869714, 0.40516027747493294, 0.4218323914696793, 0.43670050569378127, 0.447212919147697, 0.4514037405530058, 0.44926864146773954, 0.44333405060739883, 0.43732496820304817, 0.43383979887551977, 0.4327408472665619, 0.4313760236517298, 0.4266234633213499, 0.4170770962032537, 0.4034826157157033, 0.38770232911381214, 0.3718167493094083, 0.3577116074169532, 0.3465114580119144, 0.3381484406625294, 0.3316618819800305, 0.32564053174894236, 0.31825272364497614, 0.3076427114974771, 0.2930832945873224, 0.2755131027455259, 0.2565286868262711, 0.23722200837848734, 0.21818436741829184, 0.19980680431217915, 0.18204048008029822, 0.16434296140904772, 0.1461619591488655, 0.12733067276896812, 0.1081850919698013, 0.08955869735474749, 0.07248518734170391, 0.057652771727004934, 0.04511533583214009, 0.03454340481539768, 0.025694966479043707, 0.018581765248011833, 0.013215632840551828, 0.009341429470939215, 0.00652338004424179, 0.004425091750182025, 0.0028996307730395085, 0.001856051146168897, 0.0011625826458326659]]}