{"S_Ks": [[0.5837975976754839]], "S_Q": [[0.4117216088437573]], "S_T_Ks": [[0.5986616220729783]], "S_T_Q": [[0.4017201679382096]]}