{"S_min_Ks": [[0.7538581523462625]], "S_min_Q": [[0.18878144319453552]], "S_Ks": [[0.7900302075835725]], "S_Q": [[0.20581548081844434]], "S_max_Ks": [[0.8198504888479022]], "S_max_Q": [[0.21807204918582573]], "S_T_min_Ks": [[0.7640656949560065]], "S_T_min_Q": [[0.17598556543683874]], "S_T_Ks": [[0.8010434937720583]], "S_T_Q": [[0.19835620153741854]], "S_T_max_Ks": [[0.8317844774485659]], "S_T_max_Q": [[0.21797033434406113]]}