{"S_min_Ks": [[0.553564696031139]], "S_min_Q": [[0.3839080358091595]], "S_Ks": [[0.5837975976754839]], "S_Q": [[0.4117216088437573]], "S_max_Ks": [[0.6098231781850856]], "S_max_Q": [[0.432987731812568]], "S_T_min_Ks": [[0.5540741738489114]], "S_T_min_Q": [[0.37018619060626096]], "S_T_Ks": [[0.5986616220729783]], "S_T_Q": [[0.4017201679382096]], "S_T_max_Ks": [[0.6367372671091678]], "S_T_max_Q": [[0.4285645249148483]]}