{"S_min_Ks": [[0.5535646968875271]], "S_min_Q": [[0.3839080359728702]], "S_Ks": [[0.5837975980659349]], "S_Q": [[0.41172160856200135]], "S_max_Ks": [[0.6098231781513405]], "S_max_Q": [[0.43298773160279874]], "S_T_min_Ks": [[0.5540741734453438]], "S_T_min_Q": [[0.3701861907024048]], "S_T_Ks": [[0.5986616225142073]], "S_T_Q": [[0.4017201680700996]], "S_T_max_Ks": [[0.6367372681028645]], "S_T_max_Q": [[0.428564525012049]]}