{"S_Ks": [[0.5837975980659349]], "S_Q": [[0.41172160856200135]], "S_T_Ks": [[0.5986616225142073]], "S_T_Q": [[0.4017201680700996]]}