{"S_Ks": [[0.6889881556103906]], "S_Q": [[0.3161782648067118]], "S_T_Ks": [[0.6929266212668589]], "S_T_Q": [[0.316448084573725]]}