{"S_Ks": [[0.5837975989124667]], "S_Q": [[0.41172160714295863]], "S_T_Ks": [[0.5986616234803814]], "S_T_Q": [[0.40172016679394945]]}