{"S_Ks": [[0.7900302075835725]], "S_Q": [[0.20581548081844434]], "S_T_Ks": [[0.8010434937720583]], "S_T_Q": [[0.19835620153741854]]}