{"S_min_Ks": [[0.6585228578385816]], "S_min_Q": [[0.29768303100378896]], "S_Ks": [[0.6889881556103906]], "S_Q": [[0.3161782648067118]], "S_max_Ks": [[0.7092245942084923]], "S_max_Q": [[0.3381187865266636]], "S_T_min_Ks": [[0.6622879063696052]], "S_T_min_Q": [[0.29539015270964025]], "S_T_Ks": [[0.6929266212668589]], "S_T_Q": [[0.316448084573725]], "S_T_max_Ks": [[0.721305969654993]], "S_T_max_Q": [[0.3383309253257345]]}