{"S_min_Ks": [[0.5535646973946343]], "S_min_Q": [[0.3839080344536207]], "S_Ks": [[0.5837975989124667]], "S_Q": [[0.41172160714295863]], "S_max_Ks": [[0.6098231793065587]], "S_max_Q": [[0.43298772991962975]], "S_T_min_Ks": [[0.5540741752751417]], "S_T_min_Q": [[0.37018618942297327]], "S_T_Ks": [[0.5986616234803814]], "S_T_Q": [[0.40172016679394945]], "S_T_max_Ks": [[0.6367372683539472]], "S_T_max_Q": [[0.4285645236972597]]}