{"Min": [[13.282872308787816]], "SD_min": [[13.693243295118135]], "Mean": [[14.044159882606804]], "SD_max": [[14.395076470095473]], "Max": [[15.038364241042743]]}