{"output": [[13.282872308787816, 13.300604550527765, 13.318336792267713, 13.336069034007663, 13.35380127574761, 13.37153351748756, 13.38926575922751, 13.406998000967457, 13.424730242707406, 13.442462484447354, 13.460194726187304, 13.477926967927253, 13.4956592096672, 13.51339145140715, 13.531123693147098, 13.548855934887047, 13.566588176626997, 13.584320418366945, 13.602052660106894, 13.619784901846842, 13.637517143586791, 13.65524938532674, 13.672981627066688, 13.690713868806638, 13.708446110546586, 13.726178352286535, 13.743910594026485, 13.761642835766432, 13.779375077506382, 13.79710731924633, 13.814839560986279, 13.832571802726227, 13.850304044466176, 13.868036286206125, 13.885768527946073, 13.903500769686023, 13.92123301142597, 13.93896525316592, 13.95669749490587, 13.974429736645817, 13.992161978385766, 14.009894220125714, 14.027626461865664, 14.045358703605613, 14.06309094534556, 14.08082318708551, 14.098555428825458, 14.116287670565407, 14.134019912305357, 14.151752154045305, 14.169484395785254, 14.187216637525202, 14.204948879265151, 14.2226811210051, 14.240413362745048, 14.258145604484998, 14.275877846224946, 14.293610087964895, 14.311342329704843, 14.329074571444792, 14.346806813184742, 14.36453905492469, 14.382271296664639, 14.400003538404587, 14.417735780144536, 14.435468021884486, 14.453200263624433, 14.470932505364383, 14.48866474710433, 14.50639698884428, 14.52412923058423, 14.541861472324177, 14.559593714064127, 14.577325955804074, 14.595058197544024, 14.612790439283973, 14.63052268102392, 14.64825492276387, 14.665987164503818, 14.683719406243767, 14.701451647983717, 14.719183889723665, 14.736916131463614, 14.754648373203562, 14.772380614943511, 14.79011285668346, 14.807845098423408, 14.825577340163358, 14.843309581903306, 14.861041823643255, 14.878774065383205, 14.896506307123152, 14.914238548863102, 14.93197079060305, 14.949703032342999, 14.967435274082948, 14.985167515822896, 15.002899757562846, 15.020631999302793, 15.038364241042743]], "PDF": [[0.03674566924856547, 0.06303248824845316, 0.09674959992281915, 0.1364388933628141, 0.18131523979184383, 0.23027485314038548, 0.27921712639170776, 0.32067884717980516, 0.348118362421971, 0.3616992413875721, 0.36971766971436487, 0.38322767405324387, 0.40777585912827363, 0.4394783173876521, 0.46920760765631775, 0.49096325144530545, 0.5065398283219701, 0.5230078665989931, 0.5469208777970918, 0.5805754710521503, 0.6214390009424492, 0.6639655522509783, 0.7034351627913454, 0.7390895797888292, 0.7731271866921703, 0.8073805665640155, 0.8423237543406438, 0.8783353556777355, 0.9160991975819429, 0.9561379379823747, 0.998620256652688, 1.0423350790299597, 1.0834462370292144, 1.1175603870632993, 1.1441493007591639, 1.1669899144660534, 1.1895253244051336, 1.2111333414285947, 1.2270268514824234, 1.2301001385202959, 1.2148141882732162, 1.1819711440410008, 1.1392060221492664, 1.095742600961466, 1.0570241301011079, 1.0237119268350579, 0.9940006187946034, 0.9666589087375049, 0.9423694747839907, 0.9216823602117166, 0.902177322029365, 0.8796158249445674, 0.8526066676462881, 0.8249117238606415, 0.8019164051553513, 0.7848938657786843, 0.7697163029133767, 0.7514455160235245, 0.729058722183818, 0.7052164271428175, 0.6826394057739469, 0.6613526928519644, 0.6388910050399715, 0.6131588178035011, 0.585088511157775, 0.5578334000621479, 0.533420426993732, 0.5109166209102666, 0.4878138343062437, 0.46259254010533657, 0.43590136517730954, 0.4097041306555273, 0.38531098288045745, 0.3619700858977873, 0.3377723140765234, 0.3124789853320679, 0.28887307390341194, 0.2704973178827057, 0.25846122068547156, 0.25098237056238815, 0.24535370274516624, 0.2394721470265259, 0.23175912041982807, 0.22102091867564258, 0.2074675471888661, 0.1932556155813504, 0.18070461610637156, 0.1698762601732217, 0.1586677166953005, 0.14526805493344802, 0.12990994066222863, 0.11430383622590332, 0.10000599185883656, 0.08737955491606555, 0.07553871278180234, 0.06308683733280257, 0.04935933076198933, 0.035245906065100086, 0.022638612935947194, 0.013023562985105498]]}