{"x": [[8000.0, 16000.0, 24000.0, 32000.0, 8000.0, 16000.0, 24000.0, 32000.0, 8000.0, 16000.0, 24000.0, 32000.0, 8000.0, 16000.0, 24000.0, 32000.0]], "y": [[8000.0, 8000.0, 8000.0, 8000.0, 16000.0, 16000.0, 16000.0, 16000.0, 24000.0, 24000.0, 24000.0, 24000.0, 32000.0, 32000.0, 32000.0, 32000.0]], "Correlation-YY": [[1.0, 0.9661290027820344, -0.5381714215406862, -0.4942555824672554, 0.9661290027820344, 1.0, -0.72638342711489, -0.6967885632885178, -0.5381714215406862, -0.72638342711489, 1.0, 0.9922229057066707, -0.4942555824672554, -0.6967885632885178, 0.9922229057066707, 1.0]], "Covariance": [[6.354140012915648, 7.2713052600172094, -1.4915726282424033, -0.30389395076666736, 7.2713052600172094, 8.914515309700024, -2.38457055925524, -0.5074484884761088, -1.4915726282424033, -2.38457055925524, 1.2089010822336357, 0.26610112685237514, -0.30389395076666736, -0.5074484884761088, 0.26610112685237514, 0.05949550616865933]]}