{"x": [[8000.0, 16000.0, 24000.0, 32000.0]], "Min": [[-0.9020479644148138, -1.0112588959880076, -9.804670613358068, -9.97204405691985]], "SD_min": [[1.0975176712654018, 0.17170930426657627, -9.745228521628688, -9.996607011690806]], "Mean": [[3.5332275414478707, 3.058583373009828, -8.684803073263955, -9.761350884256835]], "SD_max": [[5.968937411630339, 5.94545744175308, -7.624377624899223, -9.526094756822864]], "Max": [[12.49823591556059, 12.492737607763516, -5.243559275227055, -8.834123015507368]]}