{"S_min_Ks": [[0.5214184837988864]], "S_min_Q": [[0.05926189117254538]], "S_Ks": [[0.6448841867542926]], "S_Q": [[0.10939636003922616]], "S_max_Ks": [[0.7406634173140488]], "S_max_Q": [[0.15057459555243113]], "S_T_min_Ks": [[0.7071343440715798]], "S_T_min_Q": [[0.2432440596351113]], "S_T_Ks": [[0.8582201598605782]], "S_T_Q": [[0.3421192110514039]], "S_T_max_Ks": [[0.9552232034673205]], "S_T_max_Q": [[0.41294586539248984]]}