{"x": [[8000.0], [16000.0], [24000.0], [32000.0]], "S_Ks": [[0.5631459192497086], [0.6653516846039964], [0.9064853304173616], [0.8903200763673219]], "S_Q": [[0.15894132475072606], [0.08488869626076911], [0.035277451405057725], [0.031752757838630435]], "S_T_Ks": [[0.8157979370371934], [0.878022264475116], [0.9298118108197269], [0.9340930082811507]], "S_T_Q": [[0.43498454359655037], [0.31571168119430365], [0.06660294486162568], [0.08804930595529441]]}