{"Min": [[11.132768712189694]], "SD_min": [[11.730013905533456]], "Mean": [[12.499599949651332]], "SD_max": [[13.269185993769208]], "Max": [[13.811871486104259]]}