{"output": [[11.132768712189694, 11.15983035637065, 11.186892000551605, 11.21395364473256, 11.241015288913514, 11.26807693309447, 11.295138577275425, 11.32220022145638, 11.349261865637336, 11.376323509818292, 11.403385153999245, 11.430446798180201, 11.457508442361156, 11.484570086542112, 11.511631730723067, 11.538693374904023, 11.565755019084978, 11.592816663265932, 11.619878307446887, 11.646939951627843, 11.674001595808798, 11.701063239989754, 11.72812488417071, 11.755186528351665, 11.782248172532618, 11.809309816713574, 11.83637146089453, 11.863433105075485, 11.89049474925644, 11.917556393437396, 11.94461803761835, 11.971679681799305, 11.99874132598026, 12.025802970161216, 12.052864614342171, 12.079926258523127, 12.10698790270408, 12.134049546885036, 12.161111191065991, 12.188172835246947, 12.215234479427902, 12.242296123608858, 12.269357767789813, 12.296419411970767, 12.323481056151723, 12.350542700332678, 12.377604344513633, 12.404665988694589, 12.431727632875544, 12.4587892770565, 12.485850921237454, 12.512912565418409, 12.539974209599364, 12.56703585378032, 12.594097497961275, 12.621159142142231, 12.648220786323186, 12.67528243050414, 12.702344074685096, 12.729405718866051, 12.756467363047006, 12.783529007227962, 12.810590651408916, 12.837652295589871, 12.864713939770827, 12.891775583951782, 12.918837228132737, 12.945898872313693, 12.972960516494648, 13.000022160675602, 13.027083804856558, 13.054145449037513, 13.081207093218469, 13.108268737399424, 13.13533038158038, 13.162392025761335, 13.189453669942289, 13.216515314123244, 13.2435769583042, 13.270638602485155, 13.29770024666611, 13.324761890847066, 13.351823535028021, 13.378885179208975, 13.40594682338993, 13.433008467570886, 13.460070111751842, 13.487131755932797, 13.51419340011375, 13.541255044294708, 13.568316688475662, 13.595378332656617, 13.622439976837573, 13.649501621018528, 13.676563265199484, 13.703624909380437, 13.730686553561394, 13.757748197742348, 13.784809841923304, 13.811871486104259]], "PDF": [[0.11115892334712645, 0.15649531919999818, 0.20502556190792312, 0.25189501730895736, 0.29275286861369515, 0.32490397645842073, 0.3477581799526124, 0.36252700976719526, 0.37145944666584646, 0.3770047473105975, 0.3811818274596705, 0.3852632909398732, 0.3897528223241151, 0.39457230449892733, 0.3993526436144486, 0.4037090362613989, 0.40738632323590185, 0.41022564534670325, 0.41202931215187005, 0.4124919250442841, 0.4113154976335857, 0.40845376863526606, 0.404288423031021, 0.3995654809312876, 0.39510209442975003, 0.39145659360745394, 0.3887720700496665, 0.3868426052516758, 0.38528035412018974, 0.3836502847640318, 0.3815558232409096, 0.3787283769121908, 0.3751231623677849, 0.37095563239296286, 0.3666290675491607, 0.3625755701269373, 0.3590831271319657, 0.3561917535715857, 0.35372172418867415, 0.3514367738383803, 0.34925529594200677, 0.34736742957906286, 0.34615703534736836, 0.3459511839907214, 0.34674294855659293, 0.3480710277121449, 0.34916222434856525, 0.349288518070126, 0.34814632269055534, 0.3460279889462314, 0.34367175575439496, 0.34188641796642993, 0.3411963592634841, 0.34171259733619824, 0.34324079842320443, 0.34547089295707817, 0.34809720059761967, 0.3508454839586588, 0.35347646242880315, 0.35581965546565314, 0.3578287510603589, 0.35961890513891304, 0.36144952844993855, 0.363622605157456, 0.3662928563703525, 0.3692702991857003, 0.37199150950602783, 0.37380014688239294, 0.3744423180965745, 0.3744206522896926, 0.37485741649597054, 0.3768701506005444, 0.38087568351014645, 0.3863248177319951, 0.39204474585785076, 0.39692155643982335, 0.4004603333673536, 0.4029252981728292, 0.4050847920856597, 0.40778550342981745, 0.4115667088821981, 0.41642857022052016, 0.4218212269781132, 0.42688552394215845, 0.4308553281930611, 0.43338670230801196, 0.43459480343584644, 0.4348015114181128, 0.434223782028183, 0.4328263773758783, 0.430325043227465, 0.4261180534317415, 0.41900128075599286, 0.4068585645131583, 0.38679419967283324, 0.35604964953262563, 0.3134963692192069, 0.26090294386641066, 0.2030673605920144, 0.14649832409034913]]}