{"S_min_Ks": [[0.0003047497688645571]], "S_min_Q": [[0.9753172140993032]], "S_Ks": [[0.0012955680544758394]], "S_Q": [[1.012567156872894]], "S_max_Ks": [[0.0022532614001651006]], "S_max_Q": [[1.0471059865241692]], "S_T_min_Ks": [[-0.013785799928374708]], "S_T_min_Q": [[0.989508553933564]], "S_T_Ks": [[0.0014271091930536768]], "S_T_Q": [[1.0158702143033695]], "S_T_max_Ks": [[0.018667699397639223]], "S_T_max_Q": [[1.0420369019978257]]}