{"S_Ks": [[0.0012955680544758394]], "S_Q": [[1.012567156872894]], "S_T_Ks": [[0.0014271091930536768]], "S_T_Q": [[1.0158702143033695]]}