{"Min": [[19.95926029056237]], "SD_min": [[20.808442283800925]], "Mean": [[21.353606323775423]], "SD_max": [[21.89877036374992]], "Max": [[22.587711313406555]]}