{"Min": [[-51.12510269442404]], "SD_min": [[12.297588856625286]], "Mean": [[18.975434388564654]], "SD_max": [[25.653279920504023]], "Max": [[28.391697916082133]]}