{"output": [[-51.12510269442404, -50.32190268825731, -49.51870268209058, -48.71550267592385, -47.91230266975712, -47.10910266359039, -46.305902657423665, -45.50270265125693, -44.699502645090206, -43.89630263892347, -43.09310263275675, -42.28990262659002, -41.48670262042329, -40.68350261425656, -39.880302608089835, -39.0771026019231, -38.273902595756375, -37.47070258958964, -36.667502583422916, -35.86430257725618, -35.06110257108946, -34.25790256492273, -33.454702558756, -32.65150255258927, -31.84830254642254, -31.04510254025581, -30.241902534089085, -29.438702527922356, -28.635502521755626, -27.832302515588896, -27.02910250942217, -26.22590250325544, -25.42270249708871, -24.61950249092198, -23.81630248475525, -23.013102478588525, -22.209902472421795, -21.406702466255066, -20.603502460088336, -19.80030245392161, -18.997102447754877, -18.19390244158815, -17.390702435421424, -16.58750242925469, -15.784302423087965, -14.981102416921232, -14.177902410754506, -13.37470240458778, -12.571502398421046, -11.76830239225432, -10.965102386087587, -10.16190237992086, -9.358702373754134, -8.555502367587401, -7.752302361420675, -6.949102355253949, -6.1459023490872156, -5.342702342920489, -4.539502336753756, -3.73630233058703, -2.933102324420304, -2.1299023182535706, -1.3267023120868444, -0.5235023059201112, 0.279697700246615, 1.0828977064133412, 1.8860977125800744, 2.6892977187468006, 3.492497724913534, 4.29569773108026, 5.098897737246986, 5.902097743413719, 6.7052977495804456, 7.508497755747179, 8.311697761913905, 9.114897768080631, 9.918097774247364, 10.72129778041409, 11.524497786580817, 12.32769779274755, 13.130897798914283, 13.934097805081002, 14.737297811247736, 15.540497817414469, 16.343697823581188, 17.14689782974792, 17.950097835914654, 18.753297842081373, 19.556497848248107, 20.35969785441484, 21.162897860581573, 21.966097866748292, 22.769297872915025, 23.57249787908176, 24.375697885248478, 25.17889789141521, 25.982097897581944, 26.785297903748663, 27.588497909915397, 28.391697916082133]], "PDF": [[7.243381374706191e-05, 8.013055386086655e-05, 5.1813452298743353e-05, 1.0916360985745118e-05, 6.920610954412908e-07, 5.160702965821225e-06, 5.0995798301796353e-05, 0.00011883839935078877, 6.57348060855783e-05, 2.1508029817352734e-05, 7.89974067100615e-05, 0.00011686223022803501, 6.838076877041479e-05, 7.870269983159488e-05, 0.00010999427961638509, 0.00015979481060745648, 0.00019979900218585622, 0.0001804987400497329, 0.00015330682624545484, 0.00012975394630561671, 6.889814571466859e-05, 5.2962173541993464e-05, 0.00018546238967103557, 0.0002972710246413052, 0.00022521357333862667, 0.00016159279970766978, 0.00020889385070190094, 0.00022872466757936833, 0.0001976943163412544, 0.00033856550628930907, 0.000551052824731588, 0.0005304668763354831, 0.0004418816379911355, 0.0004458668011831703, 0.0006253881518220811, 0.0007338630812850965, 0.0005598242472203492, 0.0003711635703574906, 0.0003808852899620531, 0.0003499514085147258, 0.0002622961606250742, 0.0003359294606779609, 0.000505860634599, 0.0007204084229640069, 0.0007925120665450218, 0.0010474448941685654, 0.0012196543444821305, 0.0009205634740590946, 0.0007138548960028065, 0.0007136618580325657, 0.0006841544781237356, 0.0007911881472004427, 0.0008671257833082125, 0.0008488844704834347, 0.0011115838392480061, 0.0012043163335370484, 0.0013400345199117943, 0.0016294851073775072, 0.0016294069061146064, 0.001658959204548363, 0.0018755678996440507, 0.0016143925593427085, 0.001505377744931639, 0.0017315488005098163, 0.001985093309233501, 0.002104912435655832, 0.0021817300362678687, 0.002111695992431019, 0.0020362769325817046, 0.002036418506109887, 0.002310002885293912, 0.0028314036792584864, 0.003547501792588137, 0.0042881157115789, 0.004678693967730801, 0.004508849296312409, 0.004834498729579882, 0.005666209804455012, 0.005941944049227454, 0.006170490692900333, 0.007166577757060477, 0.009050221462816248, 0.011651019893729958, 0.019779951158094573, 0.037141106588879404, 0.0518845032008034, 0.05973788322452579, 0.07086870033131992, 0.10290806517700095, 0.17269636984608483, 0.23682121916653898, 0.20136045153624701, 0.09444383202494469, 0.03393802632168619, 0.016284071426416143, 0.010867818797486148, 0.00765539163947708, 0.004789682691516569, 0.0026327909847318805, 0.001306308093889028]]}