{"output": [[19.95926029056237, 19.98581030089413, 20.012360311225887, 20.038910321557648, 20.06546033188941, 20.092010342221165, 20.118560352552926, 20.145110362884687, 20.171660373216444, 20.198210383548204, 20.224760393879965, 20.251310404211722, 20.277860414543483, 20.304410424875243, 20.330960435207, 20.35751044553876, 20.38406045587052, 20.41061046620228, 20.43716047653404, 20.4637104868658, 20.490260497197557, 20.516810507529318, 20.54336051786108, 20.569910528192835, 20.596460538524596, 20.623010548856357, 20.649560559188114, 20.676110569519874, 20.702660579851635, 20.729210590183392, 20.755760600515153, 20.782310610846913, 20.80886062117867, 20.83541063151043, 20.86196064184219, 20.88851065217395, 20.91506066250571, 20.94161067283747, 20.968160683169227, 20.994710693500988, 21.02126070383275, 21.047810714164505, 21.074360724496266, 21.100910734828027, 21.127460745159784, 21.154010755491544, 21.180560765823305, 21.207110776155062, 21.233660786486823, 21.260210796818583, 21.28676080715034, 21.3133108174821, 21.33986082781386, 21.36641083814562, 21.39296084847738, 21.41951085880914, 21.446060869140897, 21.472610879472658, 21.49916088980442, 21.525710900136175, 21.552260910467936, 21.578810920799697, 21.605360931131454, 21.631910941463214, 21.658460951794975, 21.685010962126732, 21.711560972458493, 21.738110982790253, 21.76466099312201, 21.79121100345377, 21.817761013785532, 21.84431102411729, 21.87086103444905, 21.89741104478081, 21.923961055112567, 21.950511065444328, 21.97706107577609, 22.003611086107846, 22.030161096439606, 22.056711106771367, 22.083261117103124, 22.109811127434885, 22.136361137766645, 22.162911148098402, 22.189461158430163, 22.216011168761923, 22.24256117909368, 22.26911118942544, 22.295661199757202, 22.32221121008896, 22.34876122042072, 22.37531123075248, 22.401861241084237, 22.428411251415998, 22.45496126174776, 22.481511272079516, 22.508061282411276, 22.534611292743037, 22.561161303074794, 22.587711313406555]], "PDF": [[0.015002901661021695, 0.024848614829716467, 0.036308008279353536, 0.047788916419205296, 0.05811446634138552, 0.06706395333764875, 0.07523733343071144, 0.08363244661088286, 0.09318316303158486, 0.10422492222102502, 0.1163360120185234, 0.1289640663031945, 0.14210121467855769, 0.15613030923770582, 0.1711776031382147, 0.18666775908367028, 0.2013501243665498, 0.21407126731816092, 0.2249990238339731, 0.23586574351939912, 0.24849778916026702, 0.2632501174019026, 0.2793453469606159, 0.29641232030625225, 0.3146021853887844, 0.3327850161254099, 0.3477597682497585, 0.3567067008214879, 0.36050768879189105, 0.36370701892611307, 0.3708961070963567, 0.3836594105079745, 0.40099611802612234, 0.4214292103640101, 0.44371616391102514, 0.46643973633707214, 0.48845561576356017, 0.5096829361903528, 0.5305183666962434, 0.5505859464929357, 0.5689301088896316, 0.5856257519158338, 0.6025768314478142, 0.6222215484147348, 0.645402968080132, 0.6704733545491405, 0.6941814039170978, 0.7133062421963623, 0.7260147434042681, 0.7323357209717651, 0.7332272709149067, 0.7289796536812007, 0.7189867537690986, 0.7032547366358801, 0.6835957429849341, 0.6632269046688741, 0.645458719817769, 0.6321074718004897, 0.622172972287769, 0.612484332206285, 0.6008491501332476, 0.5885181779998488, 0.578802613310468, 0.5735345455581217, 0.5712616372636337, 0.5682998309471559, 0.5614659069962461, 0.5507189344087124, 0.5391347977791989, 0.5294317243001357, 0.5209788315960412, 0.5112797798615617, 0.49939814233650076, 0.4860180991000099, 0.47080994665580617, 0.4521998894666872, 0.4303063472516232, 0.4086106057173946, 0.3916129266194817, 0.38064200776366613, 0.3720595195103849, 0.36006921314398654, 0.3418681617591659, 0.31994321876124393, 0.299101889668401, 0.28184002630935406, 0.26701954872004846, 0.2520891574845905, 0.23536310695432655, 0.2163940668543926, 0.19550289096859902, 0.1736831957320153, 0.15235538521466896, 0.13237586404098609, 0.11333813681413342, 0.09423416735962924, 0.07468888131523418, 0.05540860943594489, 0.03776443605472245, 0.023167792489597012]]}