{"S_min_Ks": [[0.18168446945660427]], "S_min_Q": [[0.2285016246856093]], "S_Ks": [[0.22736992079227544]], "S_Q": [[0.29217903547051965]], "S_max_Ks": [[0.26699232456387434]], "S_max_Q": [[0.34166436955263413]], "S_T_min_Ks": [[0.6281601833372503]], "S_T_min_Q": [[0.6489072962089636]], "S_T_Ks": [[0.7407132605780286]], "S_T_Q": [[0.778343049211621]], "S_T_max_Ks": [[0.8217875284900529]], "S_T_max_Q": [[0.8571877046019754]]}