{"S_Ks": [[0.6882040942025452]], "S_Q": [[0.30772714290637143]], "S_T_Ks": [[0.677056455014746]], "S_T_Q": [[0.3179163058243832]]}