{"S_Ks": [[0.22736992079227544]], "S_Q": [[0.29217903547051965]], "S_T_Ks": [[0.7407132605780286]], "S_T_Q": [[0.778343049211621]]}