{"S_min_Ks": [[0.6586909489884231]], "S_min_Q": [[0.29070931166700575]], "S_Ks": [[0.6882040942025452]], "S_Q": [[0.30772714290637143]], "S_max_Ks": [[0.7146871177977129]], "S_max_Q": [[0.3296335653027471]], "S_T_min_Ks": [[0.6400194404294386]], "S_T_min_Q": [[0.29190174653099804]], "S_T_Ks": [[0.677056455014746]], "S_T_Q": [[0.3179163058243832]], "S_T_max_Ks": [[0.7035003625461075]], "S_T_max_Q": [[0.34132799378748774]]}