{"Min": [[8.946902223493645]], "SD_min": [[11.74174594276869]], "Mean": [[12.44155460873425]], "SD_max": [[13.141363274699811]], "Max": [[14.766326978084495]]}