{"Min": [[9.136323889759154]], "SD_min": [[11.751955227602489]], "Mean": [[12.443352998583624]], "SD_max": [[13.134750769564759]], "Max": [[15.132509907936173]]}