{"output": [[9.136323889759154, 9.196891425296297, 9.257458960833437, 9.31802649637058, 9.37859403190772, 9.439161567444863, 9.499729102982004, 9.560296638519146, 9.620864174056287, 9.68143170959343, 9.74199924513057, 9.802566780667712, 9.863134316204853, 9.923701851741995, 9.984269387279136, 10.044836922816279, 10.10540445835342, 10.165971993890562, 10.226539529427702, 10.287107064964845, 10.347674600501986, 10.408242136039128, 10.46880967157627, 10.529377207113411, 10.589944742650552, 10.650512278187694, 10.711079813724837, 10.771647349261977, 10.83221488479912, 10.89278242033626, 10.953349955873403, 11.013917491410544, 11.074485026947686, 11.135052562484827, 11.19562009802197, 11.25618763355911, 11.316755169096252, 11.377322704633393, 11.437890240170535, 11.498457775707678, 11.559025311244818, 11.61959284678196, 11.680160382319102, 11.740727917856244, 11.801295453393385, 11.861862988930525, 11.922430524467668, 11.98299806000481, 12.043565595541951, 12.104133131079093, 12.164700666616234, 12.225268202153377, 12.285835737690517, 12.34640327322766, 12.4069708087648, 12.467538344301943, 12.528105879839083, 12.588673415376226, 12.649240950913367, 12.709808486450509, 12.770376021987651, 12.830943557524792, 12.891511093061933, 12.952078628599075, 13.012646164136218, 13.073213699673358, 13.133781235210499, 13.194348770747641, 13.254916306284784, 13.315483841821925, 13.376051377359065, 13.436618912896208, 13.49718644843335, 13.55775398397049, 13.618321519507631, 13.678889055044774, 13.739456590581916, 13.800024126119059, 13.8605916616562, 13.92115919719334, 13.981726732730483, 14.042294268267625, 14.102861803804766, 14.163429339341906, 14.223996874879049, 14.284564410416191, 14.345131945953332, 14.405699481490473, 14.466267017027615, 14.526834552564758, 14.587402088101898, 14.647969623639039, 14.708537159176181, 14.769104694713324, 14.829672230250464, 14.890239765787605, 14.950807301324748, 15.01137483686189, 15.071942372399032, 15.132509907936173]], "PDF": [[0.0004602809770346479, 0.0005897701768116514, 0.0007326890652907761, 0.0008871160744958348, 0.0010418345061773279, 0.001190478602434857, 0.0013459476285531036, 0.001533962136065364, 0.001768180005077854, 0.0020294577502036073, 0.0022696591962696015, 0.002447073458369234, 0.002579412145026215, 0.002769968986554755, 0.0031611778857622433, 0.0038354131922213558, 0.004756552409958034, 0.005818902493242484, 0.006954158938769273, 0.00818594471899295, 0.009592929042359718, 0.011250128600886042, 0.013231958118012626, 0.015677847228459125, 0.018848481597211232, 0.023103056948656553, 0.02877362309795715, 0.03597671596110393, 0.044491597839682026, 0.05386017345765369, 0.06370472790274757, 0.07402992477537992, 0.08526450319708774, 0.09804630601299356, 0.11295795101243256, 0.13036253442207826, 0.150324034743091, 0.17257772331784207, 0.19660779880785506, 0.22186109453021563, 0.24795975539826626, 0.27472928461747403, 0.3020459180659842, 0.3296964929065893, 0.35739276261102326, 0.3848693025665787, 0.41190641551861096, 0.43827343406227126, 0.46372791159728827, 0.48806040352535396, 0.5109804157248191, 0.5318315096889272, 0.5495005424801926, 0.5627973007492085, 0.5710094122052491, 0.5740624844880483, 0.5721943025256477, 0.5656602882711146, 0.5548327854550519, 0.5403635722367574, 0.5229519970865592, 0.5029255902588742, 0.48022261058990146, 0.4548338638160727, 0.4271307596950282, 0.3977161980705562, 0.36711891526890655, 0.33578638622876095, 0.30429482867719676, 0.27336116779838376, 0.24358589818522866, 0.21527741627823274, 0.18856534619042395, 0.1636070882933182, 0.14064704565980604, 0.11993126811161117, 0.10158330777226351, 0.085506263834624, 0.07139060883358334, 0.05888143030032492, 0.047786192870192326, 0.038115626386997385, 0.029931597487085137, 0.02319194981894968, 0.01774067616442394, 0.013392879537220551, 0.00998933300528314, 0.007385776468615058, 0.005429799354587995, 0.003967737147049758, 0.002869928284357298, 0.0020447466695900324, 0.0014332014781320507, 0.0009944533783661689, 0.0006943154717920671, 0.0005027005665674162, 0.0003950870020215304, 0.0003481328925921696, 0.00033183973341536225, 0.0003122783508573121]]}