{"output": [[8.946902223493645, 9.005684291721835, 9.064466359950025, 9.123248428178217, 9.182030496406407, 9.240812564634597, 9.299594632862787, 9.358376701090977, 9.417158769319167, 9.475940837547359, 9.53472290577555, 9.59350497400374, 9.65228704223193, 9.71106911046012, 9.76985117868831, 9.828633246916501, 9.887415315144692, 9.946197383372882, 10.004979451601072, 10.063761519829262, 10.122543588057454, 10.181325656285644, 10.240107724513834, 10.298889792742024, 10.357671860970214, 10.416453929198404, 10.475235997426594, 10.534018065654786, 10.592800133882976, 10.651582202111166, 10.710364270339356, 10.769146338567547, 10.827928406795738, 10.886710475023929, 10.945492543252119, 11.004274611480309, 11.063056679708499, 11.121838747936689, 11.180620816164879, 11.239402884393071, 11.298184952621261, 11.356967020849451, 11.415749089077641, 11.474531157305833, 11.533313225534023, 11.592095293762213, 11.650877361990403, 11.709659430218593, 11.768441498446784, 11.827223566674974, 11.886005634903164, 11.944787703131356, 12.003569771359546, 12.062351839587736, 12.121133907815926, 12.179915976044118, 12.238698044272308, 12.297480112500498, 12.356262180728688, 12.415044248956878, 12.473826317185068, 12.532608385413258, 12.59139045364145, 12.65017252186964, 12.70895459009783, 12.76773665832602, 12.82651872655421, 12.885300794782403, 12.944082863010593, 13.002864931238783, 13.061646999466973, 13.120429067695163, 13.179211135923353, 13.237993204151543, 13.296775272379733, 13.355557340607925, 13.414339408836115, 13.473121477064305, 13.531903545292497, 13.590685613520687, 13.649467681748877, 13.708249749977067, 13.767031818205258, 13.825813886433448, 13.884595954661638, 13.943378022889828, 14.00216009111802, 14.06094215934621, 14.1197242275744, 14.178506295802592, 14.237288364030782, 14.296070432258972, 14.354852500487162, 14.413634568715352, 14.472416636943542, 14.531198705171732, 14.589980773399922, 14.648762841628113, 14.707544909856304, 14.766326978084495]], "PDF": [[0.00039403732138138783, 0.0004944854516081145, 0.0006604118199529772, 0.000941747894667835, 0.0013335030758215754, 0.0017567156529673662, 0.002095943592097556, 0.0022682587194729847, 0.0022657731667549558, 0.0021364412648032143, 0.0019391001424548715, 0.001735145017416599, 0.0016093511583852543, 0.0016585010973576937, 0.0019454365265697137, 0.0024830384308954074, 0.0032682634140349482, 0.004308069793212201, 0.005592886087961821, 0.007052456875261872, 0.008561658890417358, 0.010010547295882768, 0.011374483818935157, 0.012714358896807651, 0.014128038929310157, 0.015733264101050876, 0.017675692678561894, 0.020079455234116705, 0.02298209411513678, 0.02640429991341735, 0.030505028863609274, 0.0355584029153204, 0.041716115404930025, 0.048883077645103766, 0.05690393209265082, 0.06583095233142958, 0.07600250177715506, 0.0879490777158546, 0.1022116930287735, 0.11905854096321439, 0.1382127885051282, 0.15887864304504778, 0.1801791631811072, 0.20176686119848844, 0.22420837874095811, 0.24879696920738892, 0.2767202006296308, 0.3080623474356454, 0.34147166111884064, 0.3748408227307687, 0.4063932501936411, 0.43526712638342885, 0.4613709851204831, 0.48494670251700295, 0.5061447751197972, 0.5246600556463363, 0.5397338774130528, 0.5507844065411179, 0.5580729849986451, 0.5624830130941838, 0.5645812031768891, 0.5641242671832363, 0.5604990124259516, 0.5533220309213117, 0.5424653200708314, 0.5277752410318596, 0.5090958030274366, 0.4866431990675735, 0.4612706978985946, 0.4342261405057583, 0.40646631035192776, 0.378098467918299, 0.34856328270812437, 0.31749220665423766, 0.2854419057254856, 0.25383640999628854, 0.22421112626449433, 0.19737828736112564, 0.17313768738283813, 0.15074528286310296, 0.12970343396465067, 0.1101404777742314, 0.09252248856407229, 0.07713395680114825, 0.06387892023715819, 0.052488228893238856, 0.04277838556080935, 0.03465249108413103, 0.027931460047925627, 0.022302483761379804, 0.017453985214769575, 0.013223087326520264, 0.0096223703804364, 0.00676034855295136, 0.004715893586094549, 0.003428539487536352, 0.002680848469542767, 0.0021971164126800996, 0.0017741294529595214, 0.0013376922049995995]]}