{"output": [[8.946902223493645, 9.005684291721835, 9.064466359950025, 9.123248428178217, 9.182030496406407, 9.240812564634597, 9.299594632862787, 9.358376701090977, 9.417158769319167, 9.475940837547359, 9.53472290577555, 9.59350497400374, 9.65228704223193, 9.71106911046012, 9.76985117868831, 9.828633246916501, 9.887415315144692, 9.946197383372882, 10.004979451601072, 10.063761519829262, 10.122543588057454, 10.181325656285644, 10.240107724513834, 10.298889792742024, 10.357671860970214, 10.416453929198404, 10.475235997426594, 10.534018065654786, 10.592800133882976, 10.651582202111166, 10.710364270339356, 10.769146338567547, 10.827928406795738, 10.886710475023929, 10.945492543252119, 11.004274611480309, 11.063056679708499, 11.121838747936689, 11.180620816164879, 11.239402884393071, 11.298184952621261, 11.356967020849451, 11.415749089077641, 11.474531157305833, 11.533313225534023, 11.592095293762213, 11.650877361990403, 11.709659430218593, 11.768441498446784, 11.827223566674974, 11.886005634903164, 11.944787703131356, 12.003569771359546, 12.062351839587736, 12.121133907815926, 12.179915976044118, 12.238698044272308, 12.297480112500498, 12.356262180728688, 12.415044248956878, 12.473826317185068, 12.532608385413258, 12.59139045364145, 12.65017252186964, 12.70895459009783, 12.76773665832602, 12.82651872655421, 12.885300794782403, 12.944082863010593, 13.002864931238783, 13.061646999466973, 13.120429067695163, 13.179211135923353, 13.237993204151543, 13.296775272379733, 13.355557340607925, 13.414339408836115, 13.473121477064305, 13.531903545292497, 13.590685613520687, 13.649467681748877, 13.708249749977067, 13.767031818205258, 13.825813886433448, 13.884595954661638, 13.943378022889828, 14.00216009111802, 14.06094215934621, 14.1197242275744, 14.178506295802592, 14.237288364030782, 14.296070432258972, 14.354852500487162, 14.413634568715352, 14.472416636943542, 14.531198705171732, 14.589980773399922, 14.648762841628113, 14.707544909856304, 14.766326978084495]], "PDF": [[0.00039403730493595026, 0.0004944853352635612, 0.0006604116060915313, 0.0009417476863065232, 0.0013335030137955836, 0.0017567158075359297, 0.0020959439011812384, 0.0022682590388575403, 0.00226577339262682, 0.0021364413851409055, 0.0019391001585776664, 0.0017351448813654317, 0.0016093508418322014, 0.0016585006662814625, 0.0019454360792257237, 0.002483037993932691, 0.0032682629598876304, 0.004308069347858625, 0.005592885767868057, 0.007052456789305132, 0.008561659011930227, 0.010010547460692543, 0.011374483866132327, 0.012714358767729955, 0.014128038594927197, 0.015733263499882074, 0.017675691842826708, 0.020079454342755588, 0.022982093217248374, 0.026404298731252378, 0.03050502715063333, 0.03555840090923136, 0.041716113601776225, 0.048883076164356706, 0.05690393052903882, 0.06583095015042723, 0.07600249862858177, 0.08794907356254239, 0.10221168835150823, 0.11905853677856008, 0.1382127858044425, 0.15887864200079266, 0.1801791628183362, 0.2017668598043218, 0.22420837491672918, 0.24879696310639182, 0.2767201943206797, 0.3080623436429612, 0.34147166125200273, 0.37484082611010333, 0.4063932550699166, 0.43526713135103146, 0.4613709895977055, 0.4849467066658428, 0.506144779801442, 0.5246600617824112, 0.5397338847060714, 0.5507844133336429, 0.5580729900526633, 0.5624830170564696, 0.5645812076578058, 0.5641242728604934, 0.5604990187793566, 0.5533220374446562, 0.542465326870302, 0.5277752481752312, 0.5090958098350686, 0.486643204322807, 0.46127070082325755, 0.43422614163316897, 0.4064663113167956, 0.37809847002294855, 0.34856328559180205, 0.31749220853737636, 0.2854419049533661, 0.25383640636003924, 0.22421112113740105, 0.19737828266874727, 0.17313768414668707, 0.15074528057295938, 0.12970343139277388, 0.11014047428455785, 0.09252248453819102, 0.07713395298531413, 0.06387891694525955, 0.05248822592477411, 0.042778382731970585, 0.034652488564404275, 0.02793145810852625, 0.022302482400154897, 0.017453984145943614, 0.013223086222286832, 0.009622369063835961, 0.006760347078228719, 0.0047158922153697465, 0.003428538519666027, 0.0026808480133136948, 0.0021971163259100718, 0.0017741294916668524, 0.001337692193602486]]}