{"S_min_Ks": [[0.027773359628694747]], "S_min_Q": [[0.8985491340908953]], "S_Ks": [[0.03731375324192637]], "S_Q": [[0.9544922484548417]], "S_max_Ks": [[0.04457771454995729]], "S_max_Q": [[0.9888513873156202]], "S_T_min_Ks": [[0.03439140210528785]], "S_T_min_Q": [[0.915496600169363]], "S_T_Ks": [[0.06096452176021551]], "S_T_Q": [[0.9603742870474307]], "S_T_max_Ks": [[0.08040461127857515]], "S_T_max_Q": [[0.9923611057985096]]}