{"S_Ks": [[0.03731375324192637]], "S_Q": [[0.9544922484548417]], "S_T_Ks": [[0.06096452176021551]], "S_T_Q": [[0.9603742870474307]]}