{"S_min_Ks": [[0.03180839295627933]], "S_min_Q": [[0.8944477388362166]], "S_Ks": [[0.04037132873353469]], "S_Q": [[0.9459220381671916]], "S_max_Ks": [[0.048535638943836855]], "S_max_Q": [[0.9930947698553707]], "S_T_min_Ks": [[0.03554953476198833]], "S_T_min_Q": [[0.890667636956645]], "S_T_Ks": [[0.06406604984858313]], "S_T_Q": [[0.9360070088017576]], "S_T_max_Ks": [[0.09150274380845357]], "S_T_max_Q": [[0.9737099873698053]]}