{"S_Ks": [[0.04037132873353469]], "S_Q": [[0.9459220381671916]], "S_T_Ks": [[0.06406604984858313]], "S_T_Q": [[0.9360070088017576]]}