{"output": [[2.2397994206938217, 3.1982541049396165, 4.15670878918541, 5.115163473431205, 6.073618157677, 7.032072841922795, 7.990527526168589, 8.948982210414384, 9.90743689466018, 10.865891578905973, 11.824346263151767, 12.782800947397561, 13.741255631643355, 14.699710315889153, 15.658165000134947, 16.61661968438074, 17.575074368626534, 18.53352905287233, 19.491983737118122, 20.45043842136392, 21.408893105609714, 22.367347789855508, 23.3258024741013, 24.284257158347096, 25.24271184259289, 26.201166526838687, 27.15962121108448, 28.118075895330275, 29.07653057957607, 30.034985263821863, 30.99343994806766, 31.951894632313454, 32.91034931655925, 33.86880400080504, 34.827258685050836, 35.78571336929663, 36.744168053542424, 37.70262273778822, 38.66107742203402, 39.61953210627981, 40.57798679052561, 41.5364414747714, 42.494896159017195, 43.45335084326299, 44.41180552750878, 45.37026021175458, 46.32871489600037, 47.287169580246164, 48.24562426449196, 49.20407894873776, 50.16253363298355, 51.12098831722935, 52.07944300147514, 53.037897685720935, 53.99635236996673, 54.95480705421252, 55.91326173845832, 56.87171642270411, 57.830171106949905, 58.788625791195706, 59.7470804754415, 60.705535159687294, 61.66398984393309, 62.62244452817888, 63.580899212424676, 64.53935389667048, 65.49780858091627, 66.45626326516206, 67.41471794940786, 68.37317263365365, 69.33162731789945, 70.29008200214524, 71.24853668639103, 72.20699137063683, 73.16544605488262, 74.12390073912843, 75.08235542337422, 76.04081010762002, 76.99926479186581, 77.9577194761116, 78.9161741603574, 79.8746288446032, 80.83308352884899, 81.79153821309478, 82.74999289734058, 83.70844758158637, 84.66690226583216, 85.62535695007796, 86.58381163432375, 87.54226631856955, 88.50072100281534, 89.45917568706113, 90.41763037130693, 91.37608505555272, 92.33453973979852, 93.29299442404431, 94.2514491082901, 95.20990379253591, 96.1683584767817, 97.1268131610275]], "PDF": [[0.00033543369128343257, 0.0005742349161613703, 0.0008878492474738837, 0.0016182740848104658, 0.003040300032971621, 0.00591803229565543, 0.010816886669053371, 0.016987974432111832, 0.02651251478070369, 0.04873384021292327, 0.11179013565490915, 0.239716873891444, 0.31176715496321583, 0.19637179224474124, 0.0567329178581577, 0.008338195787896296, 0.001231513017861599, 0.0004632472485157922, 0.00024206322571665087, 0.00020023843824408763, 0.00020907082805467293, 0.00014750856247092124, 5.314372120147331e-05, 8.246083648768864e-06, 5.305900795216698e-07, 7.090933113713889e-07, 7.554899319058083e-06, 3.070399672170255e-05, 5.6462182777185317e-05, 7.976576966335347e-05, 8.666364188514765e-05, 4.268473842390442e-05, 7.901326110800234e-06, 5.33366984805865e-07, 1.3075954402312338e-08, 1.2155457182242553e-10, 9.203802595387895e-10, 5.8971742945051465e-08, 1.3688752410914465e-06, 1.1506670199811573e-05, 3.502687174949075e-05, 3.861170042976503e-05, 1.541353997828712e-05, 2.228187572470023e-06, 1.1664523205398835e-07, 2.2113023350956454e-09, 1.5180817066934938e-11, 3.774053554971762e-14, 3.3977143130062684e-17, 1.1077239611089013e-20, 1.3078023989288078e-24, 5.591374720764655e-29, 8.656871218463246e-34, 4.8536583667525194e-39, 9.854698491336717e-45, 7.245750368860224e-51, 1.9292534392678165e-57, 1.8602062019141262e-64, 6.495293529903502e-72, 8.213010264294154e-80, 3.7607272620106616e-88, 6.236015707823414e-97, 3.744626029781267e-106, 8.142834210496445e-116, 6.412223074581471e-126, 1.8285529545284247e-136, 1.8883059021711267e-147, 7.061598942670588e-159, 9.563120669442423e-171, 4.6898841236147426e-183, 1.3361056778153545e-190, 4.990686123123519e-178, 6.750692108468092e-166, 3.306756637621379e-154, 5.865729838062632e-143, 3.767972880486334e-132, 8.765150339791979e-122, 7.38374789371704e-112, 2.252476349925056e-102, 2.488338785139494e-93, 9.95461956465674e-85, 1.4421343287856437e-76, 7.565761593487067e-69, 1.4373597470255305e-61, 9.888813675550675e-55, 2.4637055337683273e-48, 2.222794396388731e-42, 7.262324941776017e-37, 8.59246852140614e-32, 3.68151108090962e-27, 5.712157366978354e-23, 3.2095201333726136e-19, 6.530492492481682e-16, 4.811911751875995e-13, 1.2839711418572427e-10, 1.2406770846475225e-08, 4.341383469487789e-07, 5.501275884269854e-06, 2.5244373146745505e-05, 4.1949969206240114e-05]]}