{"output": [[2.2397994206938217, 3.1982541049396165, 4.15670878918541, 5.115163473431205, 6.073618157677, 7.032072841922795, 7.990527526168589, 8.948982210414384, 9.90743689466018, 10.865891578905973, 11.824346263151767, 12.782800947397561, 13.741255631643355, 14.699710315889153, 15.658165000134947, 16.61661968438074, 17.575074368626534, 18.53352905287233, 19.491983737118122, 20.45043842136392, 21.408893105609714, 22.367347789855508, 23.3258024741013, 24.284257158347096, 25.24271184259289, 26.201166526838687, 27.15962121108448, 28.118075895330275, 29.07653057957607, 30.034985263821863, 30.99343994806766, 31.951894632313454, 32.91034931655925, 33.86880400080504, 34.827258685050836, 35.78571336929663, 36.744168053542424, 37.70262273778822, 38.66107742203402, 39.61953210627981, 40.57798679052561, 41.5364414747714, 42.494896159017195, 43.45335084326299, 44.41180552750878, 45.37026021175458, 46.32871489600037, 47.287169580246164, 48.24562426449196, 49.20407894873776, 50.16253363298355, 51.12098831722935, 52.07944300147514, 53.037897685720935, 53.99635236996673, 54.95480705421252, 55.91326173845832, 56.87171642270411, 57.830171106949905, 58.788625791195706, 59.7470804754415, 60.705535159687294, 61.66398984393309, 62.62244452817888, 63.580899212424676, 64.53935389667048, 65.49780858091627, 66.45626326516206, 67.41471794940786, 68.37317263365365, 69.33162731789945, 70.29008200214524, 71.24853668639103, 72.20699137063683, 73.16544605488262, 74.12390073912843, 75.08235542337422, 76.04081010762002, 76.99926479186581, 77.9577194761116, 78.9161741603574, 79.8746288446032, 80.83308352884899, 81.79153821309478, 82.74999289734058, 83.70844758158637, 84.66690226583216, 85.62535695007796, 86.58381163432375, 87.54226631856955, 88.50072100281534, 89.45917568706113, 90.41763037130693, 91.37608505555272, 92.33453973979852, 93.29299442404431, 94.2514491082901, 95.20990379253591, 96.1683584767817, 97.1268131610275]], "PDF": [[0.00033543369230629356, 0.0005742349088976637, 0.0008878491623122397, 0.001618273963208489, 0.003040299759464624, 0.005918031863908221, 0.010816886485102992, 0.016987973880997265, 0.026512512651169832, 0.04873383281563478, 0.11179012042538389, 0.2397168829883607, 0.3117671985757735, 0.19637179455465345, 0.05673289717561125, 0.008338188797012508, 0.001231512230125991, 0.0004632471881621967, 0.00024206318925883974, 0.00020023842882919797, 0.00020907084463395336, 0.00014750856972929943, 5.314370930520422e-05, 8.246076644861509e-06, 5.305890757503528e-07, 7.090922967795499e-07, 7.554895631556096e-06, 3.0703996375306027e-05, 5.646218351362355e-05, 7.976577137634559e-05, 8.666365465145366e-05, 4.268473498380362e-05, 7.901320393657688e-06, 5.333660428491564e-07, 1.3075912524383184e-08, 1.215539551876293e-10, 9.203766027281414e-10, 5.8971603999288155e-08, 1.3688736875180982e-06, 1.1506666653803326e-05, 3.502687609734296e-05, 3.8611706683667815e-05, 1.5413536978046988e-05, 2.2281854652133034e-06, 1.1664498811830727e-07, 2.2112943052989184e-09, 1.51807325750996e-11, 3.774023760348553e-14, 3.397678236275466e-17, 1.1077087457074819e-20, 1.3077798419939512e-24, 5.591256437234702e-29, 8.656650851325202e-34, 4.853512022720953e-39, 9.85435119952051e-45, 7.24545528120332e-51, 1.9291635275631546e-57, 1.860107838689454e-64, 6.49490676649958e-72, 8.212463219083512e-80, 3.76044872937343e-88, 6.235504889412382e-97, 3.744288416868862e-106, 8.142029708644333e-116, 6.411531628339109e-126, 1.8283385372362928e-136, 1.8880659304566968e-147, 7.060629386474977e-159, 9.561706180181612e-171, 4.68913882522226e-183, 1.3358843357830967e-190, 4.989915452570387e-178, 6.749722872702899e-166, 3.3063164287867104e-154, 5.865007962411649e-143, 3.76754557902505e-132, 8.764237582917896e-122, 7.383044515480806e-112, 2.2522808795007187e-102, 2.4881429665705603e-93, 9.953912755553432e-85, 1.4420424559902017e-76, 7.565331831631787e-69, 1.4372874545954255e-61, 9.888376773222395e-55, 2.4636107745936807e-48, 2.222720739539135e-42, 7.2621200972532785e-37, 8.59226513503535e-32, 3.681439186229119e-27, 5.712067221786514e-23, 3.209480244064263e-19, 6.530430648554699e-16, 4.811878520507404e-13, 1.2839650602602794e-10, 1.24067341038878e-08, 4.3413766062291325e-07, 5.501272612407642e-06, 2.524437306954794e-05, 4.1949977351725255e-05]]}