{"output": [[2.2397994206938217, 3.1982541049396165, 4.15670878918541, 5.115163473431205, 6.073618157677, 7.032072841922795, 7.990527526168589, 8.948982210414384, 9.90743689466018, 10.865891578905973, 11.824346263151767, 12.782800947397561, 13.741255631643355, 14.699710315889153, 15.658165000134947, 16.61661968438074, 17.575074368626534, 18.53352905287233, 19.491983737118122, 20.45043842136392, 21.408893105609714, 22.367347789855508, 23.3258024741013, 24.284257158347096, 25.24271184259289, 26.201166526838687, 27.15962121108448, 28.118075895330275, 29.07653057957607, 30.034985263821863, 30.99343994806766, 31.951894632313454, 32.91034931655925, 33.86880400080504, 34.827258685050836, 35.78571336929663, 36.744168053542424, 37.70262273778822, 38.66107742203402, 39.61953210627981, 40.57798679052561, 41.5364414747714, 42.494896159017195, 43.45335084326299, 44.41180552750878, 45.37026021175458, 46.32871489600037, 47.287169580246164, 48.24562426449196, 49.20407894873776, 50.16253363298355, 51.12098831722935, 52.07944300147514, 53.037897685720935, 53.99635236996673, 54.95480705421252, 55.91326173845832, 56.87171642270411, 57.830171106949905, 58.788625791195706, 59.7470804754415, 60.705535159687294, 61.66398984393309, 62.62244452817888, 63.580899212424676, 64.53935389667048, 65.49780858091627, 66.45626326516206, 67.41471794940786, 68.37317263365365, 69.33162731789945, 70.29008200214524, 71.24853668639103, 72.20699137063683, 73.16544605488262, 74.12390073912843, 75.08235542337422, 76.04081010762002, 76.99926479186581, 77.9577194761116, 78.9161741603574, 79.8746288446032, 80.83308352884899, 81.79153821309478, 82.74999289734058, 83.70844758158637, 84.66690226583216, 85.62535695007796, 86.58381163432375, 87.54226631856955, 88.50072100281534, 89.45917568706113, 90.41763037130693, 91.37608505555272, 92.33453973979852, 93.29299442404431, 94.2514491082901, 95.20990379253591, 96.1683584767817, 97.1268131610275]], "PDF": [[0.0003354336911999111, 0.0005742349167544903, 0.0008878492544277943, 0.0016182740947399215, 0.0030403000553049613, 0.005918032330909875, 0.010816886684073513, 0.01698797447711319, 0.02651251495459241, 0.04873384081695453, 0.11179013689848163, 0.239716873148631, 0.31176715140201056, 0.19637179205611494, 0.05673291954700104, 0.008338196358740377, 0.0012315130821846094, 0.00046324725344399167, 0.00024206322869363149, 0.00020023843901285498, 0.0002090708267008832, 0.00014750856187823442, 5.314372217286925e-05, 8.246084220676718e-06, 5.305901614852083e-07, 7.090933942184596e-07, 7.554899620162984e-06, 3.070399674998781e-05, 5.646218271705105e-05, 7.976576952347792e-05, 8.666364084270841e-05, 4.268473870480748e-05, 7.901326577636556e-06, 5.33367061721887e-07, 1.307595782188166e-08, 1.2155462217418852e-10, 9.203805581381499e-10, 5.897175429075215e-08, 1.3688753679493368e-06, 1.1506670489362674e-05, 3.502687139446458e-05, 3.861169991909938e-05, 1.5413540223273196e-05, 2.2281877445392137e-06, 1.166452519727016e-07, 2.211302990774031e-09, 1.518082396617912e-11, 3.7740559878771156e-14, 3.3977172588868284e-17, 1.107725203539397e-20, 1.307804240843886e-24, 5.591384379376406e-29, 8.656889212900671e-34, 4.853670316743119e-39, 9.854726850165628e-45, 7.245774464922416e-51, 1.9292607812384534e-57, 1.860214234042535e-64, 6.495325112281499e-72, 8.213054935155919e-80, 3.7607500066445955e-88, 6.23605742080618e-97, 3.744653599078177e-106, 8.142899906011525e-116, 6.412279538266061e-126, 1.8285704639909757e-136, 1.8883254985293937e-147, 7.06167811814998e-159, 9.5632361795166e-171, 4.689944986561962e-183, 1.336123753230177e-190, 4.990749057872337e-178, 6.750771258049396e-166, 3.3067925856838786e-154, 5.865788787106276e-143, 3.7680077741428467e-132, 8.765224875613089e-122, 7.383805331380699e-112, 2.252492311910341e-102, 2.488354775484054e-93, 9.954677281727149e-85, 1.4421418309635443e-76, 7.565796686986133e-69, 1.4373656502609315e-61, 9.888849351883101e-55, 2.4637132715374777e-48, 2.222800410983704e-42, 7.262341668714032e-37, 8.592485129235382e-32, 3.6815169515680436e-27, 5.71216472789225e-23, 3.209523390576069e-19, 6.530497542404538e-16, 4.811914465410259e-13, 1.283971638454379e-10, 1.2406773846714552e-08, 4.341384029911106e-07, 5.501276151435479e-06, 2.5244373153048995e-05, 4.194996854111639e-05]]}