{"output": [[2.2397994206938217, 3.1982541049396165, 4.15670878918541, 5.115163473431205, 6.073618157677, 7.032072841922795, 7.990527526168589, 8.948982210414384, 9.90743689466018, 10.865891578905973, 11.824346263151767, 12.782800947397561, 13.741255631643355, 14.699710315889153, 15.658165000134947, 16.61661968438074, 17.575074368626534, 18.53352905287233, 19.491983737118122, 20.45043842136392, 21.408893105609714, 22.367347789855508, 23.3258024741013, 24.284257158347096, 25.24271184259289, 26.201166526838687, 27.15962121108448, 28.118075895330275, 29.07653057957607, 30.034985263821863, 30.99343994806766, 31.951894632313454, 32.91034931655925, 33.86880400080504, 34.827258685050836, 35.78571336929663, 36.744168053542424, 37.70262273778822, 38.66107742203402, 39.61953210627981, 40.57798679052561, 41.5364414747714, 42.494896159017195, 43.45335084326299, 44.41180552750878, 45.37026021175458, 46.32871489600037, 47.287169580246164, 48.24562426449196, 49.20407894873776, 50.16253363298355, 51.12098831722935, 52.07944300147514, 53.037897685720935, 53.99635236996673, 54.95480705421252, 55.91326173845832, 56.87171642270411, 57.830171106949905, 58.788625791195706, 59.7470804754415, 60.705535159687294, 61.66398984393309, 62.62244452817888, 63.580899212424676, 64.53935389667048, 65.49780858091627, 66.45626326516206, 67.41471794940786, 68.37317263365365, 69.33162731789945, 70.29008200214524, 71.24853668639103, 72.20699137063683, 73.16544605488262, 74.12390073912843, 75.08235542337422, 76.04081010762002, 76.99926479186581, 77.9577194761116, 78.9161741603574, 79.8746288446032, 80.83308352884899, 81.79153821309478, 82.74999289734058, 83.70844758158637, 84.66690226583216, 85.62535695007796, 86.58381163432375, 87.54226631856955, 88.50072100281534, 89.45917568706113, 90.41763037130693, 91.37608505555272, 92.33453973979852, 93.29299442404431, 94.2514491082901, 95.20990379253591, 96.1683584767817, 97.1268131610275]], "PDF": [[0.00033543369168421435, 0.0005742349133152539, 0.0008878492141052793, 0.0016182740371635507, 0.003040299925804265, 0.005918032126485309, 0.010816886596977507, 0.01698797421617097, 0.026512513946294957, 0.04873383731446803, 0.11179012968757511, 0.23971687745585304, 0.3117671720517628, 0.1963717931498452, 0.05673290975418334, 0.008338193048681348, 0.001231512709205694, 0.00046324722486761625, 0.00024206321143150652, 0.0002002384345550935, 0.00020907083455087687, 0.0001475085653149466, 5.3143716540198204e-05, 8.246080904450894e-06, 5.30589686217133e-07, 7.090929138271391e-07, 7.5548978741965235e-06, 3.0703996585975115e-05, 5.646218306574135e-05, 7.976577033455e-05, 8.66636468873262e-05, 4.268473707598163e-05, 7.901323870671251e-06, 5.333666157219709e-07, 1.3075937993409621e-08, 1.215543302081342e-10, 9.203788267013658e-10, 5.897168850236613e-08, 1.3688746323598776e-06, 1.1506668810391181e-05, 3.5026873453095184e-05, 3.86117028802108e-05, 1.541353880271328e-05, 2.228186746790558e-06, 1.1664513647343868e-07, 2.211299188804198e-09, 1.5180783960730023e-11, 3.7740418806176875e-14, 3.397700177137693e-17, 1.1077179992849159e-20, 1.3077935604752405e-24, 5.591328373832494e-29, 8.656784872087173e-34, 4.853601024741671e-39, 9.854562411705086e-45, 7.245634744233398e-51, 1.9292182089705248e-57, 1.8601676599659687e-64, 6.49514198296769e-72, 8.21279591308455e-80, 3.760618123054788e-88, 6.235815550593502e-97, 3.7444937404328735e-106, 8.142518975795454e-116, 6.41195213866301e-126, 1.828468937132697e-136, 1.888211871234999e-147, 7.061219028895073e-159, 9.56256640998656e-171, 4.689592081762202e-183, 1.3360189457488385e-190, 4.990384139715496e-178, 6.750312319526441e-166, 3.3065841451050055e-154, 5.8654469773906285e-143, 3.7678054466311657e-132, 8.764792686038487e-122, 7.383472283426362e-112, 2.252399757391005e-102, 2.4882620563782186e-93, 9.954342612065169e-85, 1.4420983298826803e-76, 7.565593198449487e-69, 1.4373314204947877e-61, 9.888642483294486e-55, 2.4636684041683145e-48, 2.222765535384581e-42, 7.262244677553641e-37, 8.592388828641292e-32, 3.681482910493761e-27, 5.712122045524352e-23, 3.2095045036212654e-19, 6.530468260315974e-16, 4.81189873091433e-13, 1.283968758922328e-10, 1.2406756449739063e-08, 4.3413807802791975e-07, 5.501274602267009e-06, 2.524437311649768e-05, 4.194997239785809e-05]]}