{"output": [[2.2397994206938217, 3.1982541049396165, 4.15670878918541, 5.115163473431205, 6.073618157677, 7.032072841922795, 7.990527526168589, 8.948982210414384, 9.90743689466018, 10.865891578905973, 11.824346263151767, 12.782800947397561, 13.741255631643355, 14.699710315889153, 15.658165000134947, 16.61661968438074, 17.575074368626534, 18.53352905287233, 19.491983737118122, 20.45043842136392, 21.408893105609714, 22.367347789855508, 23.3258024741013, 24.284257158347096, 25.24271184259289, 26.201166526838687, 27.15962121108448, 28.118075895330275, 29.07653057957607, 30.034985263821863, 30.99343994806766, 31.951894632313454, 32.91034931655925, 33.86880400080504, 34.827258685050836, 35.78571336929663, 36.744168053542424, 37.70262273778822, 38.66107742203402, 39.61953210627981, 40.57798679052561, 41.5364414747714, 42.494896159017195, 43.45335084326299, 44.41180552750878, 45.37026021175458, 46.32871489600037, 47.287169580246164, 48.24562426449196, 49.20407894873776, 50.16253363298355, 51.12098831722935, 52.07944300147514, 53.037897685720935, 53.99635236996673, 54.95480705421252, 55.91326173845832, 56.87171642270411, 57.830171106949905, 58.788625791195706, 59.7470804754415, 60.705535159687294, 61.66398984393309, 62.62244452817888, 63.580899212424676, 64.53935389667048, 65.49780858091627, 66.45626326516206, 67.41471794940786, 68.37317263365365, 69.33162731789945, 70.29008200214524, 71.24853668639103, 72.20699137063683, 73.16544605488262, 74.12390073912843, 75.08235542337422, 76.04081010762002, 76.99926479186581, 77.9577194761116, 78.9161741603574, 79.8746288446032, 80.83308352884899, 81.79153821309478, 82.74999289734058, 83.70844758158637, 84.66690226583216, 85.62535695007796, 86.58381163432375, 87.54226631856955, 88.50072100281534, 89.45917568706113, 90.41763037130693, 91.37608505555272, 92.33453973979852, 93.29299442404431, 94.2514491082901, 95.20990379253591, 96.1683584767817, 97.1268131610275]], "PDF": [[0.0003354336929207692, 0.0005742349045340865, 0.0008878491111523369, 0.0016182738901574937, 0.003040299595158507, 0.005918031604541047, 0.010816886374596367, 0.01698797354992165, 0.02651251137187676, 0.04873382837180187, 0.111790111276417, 0.23971688845318842, 0.31176722477552804, 0.19637179594232998, 0.05673288475080608, 0.00833818459732054, 0.0012315117569033102, 0.0004632471519055765, 0.00024206316735722215, 0.00020023842317334995, 0.00020907085459377043, 0.00014750857408968803, 5.31437021586537e-05, 8.246072437344655e-06, 5.305884727467775e-07, 7.09091687275435e-07, 7.554893416330824e-06, 3.070399616721238e-05, 5.646218395603085e-05, 7.976577240540391e-05, 8.666366232066989e-05, 4.268473291720016e-05, 7.901316959149381e-06, 5.333654769798783e-07, 1.3075887366745218e-08, 1.2155358475260796e-10, 9.203744059466044e-10, 5.897152052931545e-08, 1.3688727542269142e-06, 1.1506664523578267e-05, 3.5026878709265974e-05, 3.8611710440629753e-05, 1.5413535175685702e-05, 2.228184199303046e-06, 1.1664484157689016e-07, 2.2112894815014195e-09, 1.518068181779099e-11, 3.7740058616716733e-14, 3.39765656376309e-17, 1.1076996053240511e-20, 1.3077662913522061e-24, 5.591185380917212e-29, 8.656518470904862e-34, 4.8534241102863615e-39, 9.854142573693223e-45, 7.245278016340082e-51, 1.9291095161172172e-57, 1.8600487505725786e-64, 6.494674433741473e-72, 8.212134605252033e-80, 3.7602814138955895e-88, 6.235198041029225e-97, 3.744085614286875e-106, 8.141546451285107e-116, 6.411116285518458e-126, 1.8282097405122376e-136, 1.8879217847708e-147, 7.060047000337173e-159, 9.560856542023984e-171, 4.688691152417392e-183, 1.3357513846398656e-190, 4.989452537994618e-178, 6.749140681964132e-166, 3.3060520063828394e-154, 5.864574346326238e-143, 3.767288905704822e-132, 8.763689300038837e-122, 7.382622001013319e-112, 2.2521634609645227e-102, 2.4880253381435093e-93, 9.953488171943603e-85, 1.4419872672401134e-76, 7.565073668695243e-69, 1.4372440274670144e-61, 9.888114318269089e-55, 2.463553850821474e-48, 2.222676492176093e-42, 7.261997041953081e-37, 8.592142955240525e-32, 3.681395996971085e-27, 5.71201306874488e-23, 3.2094562812423723e-19, 6.530393496782021e-16, 4.811858557240991e-13, 1.2839614068220699e-10, 1.2406712031237229e-08, 4.3413724832075795e-07, 5.5012706468733975e-06, 2.5244373023171475e-05, 4.194998224503443e-05]]}