{"output": [[2.2397994206938217, 3.1982541049396165, 4.15670878918541, 5.115163473431205, 6.073618157677, 7.032072841922795, 7.990527526168589, 8.948982210414384, 9.90743689466018, 10.865891578905973, 11.824346263151767, 12.782800947397561, 13.741255631643355, 14.699710315889153, 15.658165000134947, 16.61661968438074, 17.575074368626534, 18.53352905287233, 19.491983737118122, 20.45043842136392, 21.408893105609714, 22.367347789855508, 23.3258024741013, 24.284257158347096, 25.24271184259289, 26.201166526838687, 27.15962121108448, 28.118075895330275, 29.07653057957607, 30.034985263821863, 30.99343994806766, 31.951894632313454, 32.91034931655925, 33.86880400080504, 34.827258685050836, 35.78571336929663, 36.744168053542424, 37.70262273778822, 38.66107742203402, 39.61953210627981, 40.57798679052561, 41.5364414747714, 42.494896159017195, 43.45335084326299, 44.41180552750878, 45.37026021175458, 46.32871489600037, 47.287169580246164, 48.24562426449196, 49.20407894873776, 50.16253363298355, 51.12098831722935, 52.07944300147514, 53.037897685720935, 53.99635236996673, 54.95480705421252, 55.91326173845832, 56.87171642270411, 57.830171106949905, 58.788625791195706, 59.7470804754415, 60.705535159687294, 61.66398984393309, 62.62244452817888, 63.580899212424676, 64.53935389667048, 65.49780858091627, 66.45626326516206, 67.41471794940786, 68.37317263365365, 69.33162731789945, 70.29008200214524, 71.24853668639103, 72.20699137063683, 73.16544605488262, 74.12390073912843, 75.08235542337422, 76.04081010762002, 76.99926479186581, 77.9577194761116, 78.9161741603574, 79.8746288446032, 80.83308352884899, 81.79153821309478, 82.74999289734058, 83.70844758158637, 84.66690226583216, 85.62535695007796, 86.58381163432375, 87.54226631856955, 88.50072100281534, 89.45917568706113, 90.41763037130693, 91.37608505555272, 92.33453973979852, 93.29299442404431, 94.2514491082901, 95.20990379253591, 96.1683584767817, 97.1268131610275]], "PDF": [[0.000335433692053313, 0.0005742349106941602, 0.000887849183374858, 0.0016182739932837174, 0.003040299827109866, 0.005918031970690188, 0.01081688653059826, 0.016987974017302145, 0.026512513177858004, 0.048733834645171434, 0.11179012419202632, 0.23971688073846267, 0.3117671877892901, 0.19637179398335697, 0.05673290229092948, 0.008338190526034146, 0.001231512424952782, 0.000463247203089215, 0.0002420631982758327, 0.00020023843115776817, 0.00020907084053347865, 0.00014750856793411908, 5.3143712247452324e-05, 8.246078377104456e-06, 5.305893240082183e-07, 7.09092547713648e-07, 7.554896543568492e-06, 3.070399646097861e-05, 5.646218333148362e-05, 7.976577095267986e-05, 8.666365149402334e-05, 4.268473583462781e-05, 7.901321807651366e-06, 5.333662758187333e-07, 1.3075922881842262e-08, 1.2155410769672558e-10, 9.203775071485963e-10, 5.8971638364061025e-08, 1.368874071755941e-06, 1.1506667530820878e-05, 3.502687502200927e-05, 3.8611705136919646e-05, 1.5413537720082334e-05, 2.228185986391038e-06, 1.1664504844972689e-07, 2.2112962912681235e-09, 1.5180753472024656e-11, 3.774031129290888e-14, 3.3976871589281836e-17, 1.1077125088417849e-20, 1.3077854208584744e-24, 5.591285691511682e-29, 8.656705353172128e-34, 4.853548216892146e-39, 9.854437092434877e-45, 7.245528262728726e-51, 1.9291857646126915e-57, 1.8601321659195874e-64, 6.495002420731634e-72, 8.212598513813938e-80, 3.7605176156219554e-88, 6.235631223835547e-97, 3.7443719142511813e-106, 8.142228674909322e-116, 6.411702633550154e-126, 1.828391565717587e-136, 1.8881252786949475e-147, 7.06086916986277e-159, 9.562055999691048e-171, 4.68932314534759e-183, 1.3359390758550053e-190, 4.990106047820236e-178, 6.749962576278185e-166, 3.3064252981149713e-154, 5.865186492255849e-143, 3.7676512569776576e-132, 8.764463321940776e-122, 7.383218472478795e-112, 2.2523292227035996e-102, 2.4881913960229e-93, 9.95408756265722e-85, 1.442065177912333e-76, 7.565438120340299e-69, 1.437305334004113e-61, 9.888484828426188e-55, 2.4636342105959724e-48, 2.2227389565145564e-42, 7.2621707599490354e-37, 8.59231543718294e-32, 3.681456967472063e-27, 5.712089516840974e-23, 3.2094901096533724e-19, 6.530445944068199e-16, 4.811886739444352e-13, 1.283966564390415e-10, 1.2406743191249288e-08, 4.3413783036856787e-07, 5.501273421621809e-06, 2.524437308864102e-05, 4.19499753371408e-05]]}