{"output": [[2.2397994206938217, 3.1982541049396165, 4.15670878918541, 5.115163473431205, 6.073618157677, 7.032072841922795, 7.990527526168589, 8.948982210414384, 9.90743689466018, 10.865891578905973, 11.824346263151767, 12.782800947397561, 13.741255631643355, 14.699710315889153, 15.658165000134947, 16.61661968438074, 17.575074368626534, 18.53352905287233, 19.491983737118122, 20.45043842136392, 21.408893105609714, 22.367347789855508, 23.3258024741013, 24.284257158347096, 25.24271184259289, 26.201166526838687, 27.15962121108448, 28.118075895330275, 29.07653057957607, 30.034985263821863, 30.99343994806766, 31.951894632313454, 32.91034931655925, 33.86880400080504, 34.827258685050836, 35.78571336929663, 36.744168053542424, 37.70262273778822, 38.66107742203402, 39.61953210627981, 40.57798679052561, 41.5364414747714, 42.494896159017195, 43.45335084326299, 44.41180552750878, 45.37026021175458, 46.32871489600037, 47.287169580246164, 48.24562426449196, 49.20407894873776, 50.16253363298355, 51.12098831722935, 52.07944300147514, 53.037897685720935, 53.99635236996673, 54.95480705421252, 55.91326173845832, 56.87171642270411, 57.830171106949905, 58.788625791195706, 59.7470804754415, 60.705535159687294, 61.66398984393309, 62.62244452817888, 63.580899212424676, 64.53935389667048, 65.49780858091627, 66.45626326516206, 67.41471794940786, 68.37317263365365, 69.33162731789945, 70.29008200214524, 71.24853668639103, 72.20699137063683, 73.16544605488262, 74.12390073912843, 75.08235542337422, 76.04081010762002, 76.99926479186581, 77.9577194761116, 78.9161741603574, 79.8746288446032, 80.83308352884899, 81.79153821309478, 82.74999289734058, 83.70844758158637, 84.66690226583216, 85.62535695007796, 86.58381163432375, 87.54226631856955, 88.50072100281534, 89.45917568706113, 90.41763037130693, 91.37608505555272, 92.33453973979852, 93.29299442404431, 94.2514491082901, 95.20990379253591, 96.1683584767817, 97.1268131610275]], "PDF": [[0.000335433691073007, 0.0005742349176556863, 0.0008878492649936326, 0.0016182741098268497, 0.0030403000892384124, 0.005918032384475852, 0.010816886706896164, 0.016987974545488907, 0.02651251521879997, 0.04873384173471997, 0.11179013878797402, 0.23971687202001685, 0.3117671459910887, 0.19637179176952269, 0.0567329221130427, 0.008338197226085685, 0.0012315131799174766, 0.0004632472609319129, 0.00024206323321692227, 0.00020023844018091585, 0.0002090708246439251, 0.00014750856097770211, 5.314372364881523e-05, 8.246085089637634e-06, 5.305902860212125e-07, 7.090935200969068e-07, 7.554900077663923e-06, 3.0703996792964515e-05, 5.646218262568281e-05, 7.976576931094998e-05, 8.666363925881885e-05, 4.268473913161358e-05, 7.901327286950994e-06, 5.333671785886556e-07, 1.3075963017601109e-08, 1.215546986790541e-10, 9.203810118323053e-10, 5.8971771529494116e-08, 1.3688755606981307e-06, 1.150667092930867e-05, 3.5026870855035355e-05, 3.86116991431903e-05, 1.541354059550679e-05, 2.2281880059823843e-06, 1.1664528223734172e-07, 2.2113039870167675e-09, 1.5180834448945462e-11, 3.774059684453713e-14, 3.397721734883465e-17, 1.1077270912997595e-20, 1.3078070394676399e-24, 5.591399054771394e-29, 8.656916553847978e-34, 4.85368847369958e-39, 9.854769938927038e-45, 7.245811076803043e-51, 1.929271936734059e-57, 1.8602264381816272e-64, 6.495373099063738e-72, 8.213122808844136e-80, 3.760784565265734e-88, 6.236120800341515e-97, 3.7446954884514337e-106, 8.142999725255746e-116, 6.412365330539434e-126, 1.828597068313161e-136, 1.8883552737639722e-147, 7.061798419632479e-159, 9.563411689010935e-171, 4.690037463666194e-183, 1.336151217611217e-190, 4.990844682893702e-178, 6.750891520259225e-166, 3.306847206172489e-154, 5.865878355834507e-143, 3.768060792429712e-132, 8.765338127079076e-122, 7.383892603428512e-112, 2.2525165648800266e-102, 2.488379071523359e-93, 9.954764978092227e-85, 1.4421532299004352e-76, 7.56585000860834e-69, 1.4373746197249462e-61, 9.888903559001221e-55, 2.4637250284051487e-48, 2.2228095496330305e-42, 7.2623670838155334e-37, 8.592510363350156e-32, 3.6815258715058536e-27, 5.712175912135026e-23, 3.2095283396004364e-19, 6.530505215300575e-16, 4.811918588376366e-13, 1.2839723929879463e-10, 1.2406778405300658e-08, 4.34138488142238e-07, 5.501276557368845e-06, 2.5244373162626614e-05, 4.1949967530522606e-05]]}