{"S_min_Ks": [[0.07264757733630423]], "S_min_Q": [[0.6424858053890392]], "S_Ks": [[0.09388232713086886]], "S_Q": [[0.9070170376770852]], "S_max_Ks": [[0.10892178398275809]], "S_max_Q": [[1.0789414411500564]], "S_T_min_Ks": [[0.11649467506398897]], "S_T_min_Q": [[0.8591033082156516]], "S_T_Ks": [[0.2009848026889489]], "S_T_Q": [[0.9354293117847333]], "S_T_max_Ks": [[0.2762729668740044]], "S_T_max_Q": [[1.015418505818296]]}