{"Min": [[20.02021950989304]], "SD_min": [[20.81031570089962]], "Mean": [[21.350744575972048]], "SD_max": [[21.891173451044477]], "Max": [[22.578400384025898]]}