{"output": [[20.02021950989304, 20.046059720742864, 20.071899931592693, 20.097740142442518, 20.123580353292347, 20.149420564142172, 20.175260774992, 20.201100985841826, 20.226941196691655, 20.25278140754148, 20.27862161839131, 20.304461829241134, 20.33030204009096, 20.35614225094079, 20.381982461790614, 20.407822672640442, 20.433662883490268, 20.459503094340096, 20.48534330518992, 20.51118351603975, 20.537023726889576, 20.562863937739404, 20.58870414858923, 20.614544359439055, 20.640384570288884, 20.66622478113871, 20.692064991988538, 20.717905202838363, 20.743745413688192, 20.769585624538017, 20.795425835387846, 20.82126604623767, 20.8471062570875, 20.872946467937325, 20.89878667878715, 20.92462688963698, 20.950467100486804, 20.976307311336633, 21.00214752218646, 21.027987733036287, 21.053827943886112, 21.07966815473594, 21.105508365585766, 21.13134857643559, 21.15718878728542, 21.183028998135246, 21.208869208985075, 21.2347094198349, 21.26054963068473, 21.286389841534554, 21.312230052384383, 21.338070263234208, 21.363910474084037, 21.389750684933862, 21.415590895783687, 21.441431106633516, 21.46727131748334, 21.49311152833317, 21.518951739182995, 21.544791950032824, 21.57063216088265, 21.596472371732478, 21.622312582582303, 21.648152793432132, 21.673993004281957, 21.699833215131783, 21.72567342598161, 21.751513636831437, 21.777353847681265, 21.80319405853109, 21.82903426938092, 21.854874480230745, 21.880714691080573, 21.9065549019304, 21.932395112780227, 21.958235323630053, 21.984075534479878, 22.009915745329707, 22.035755956179532, 22.06159616702936, 22.087436377879186, 22.113276588729015, 22.13911679957884, 22.16495701042867, 22.190797221278494, 22.216637432128323, 22.242477642978148, 22.268317853827973, 22.294158064677802, 22.319998275527627, 22.345838486377456, 22.37167869722728, 22.39751890807711, 22.423359118926935, 22.449199329776764, 22.47503954062659, 22.50087975147642, 22.526719962326244, 22.55256017317607, 22.578400384025898]], "PDF": [[0.020931972866259203, 0.033830326910600166, 0.04834446810051824, 0.06251305295634227, 0.0751619616368154, 0.08643742613022205, 0.09741459727772361, 0.10918954354288203, 0.12213913626108001, 0.135938779706108, 0.1502217996549162, 0.1650005516062834, 0.1803558078515029, 0.19585677007178218, 0.21039074164583885, 0.2227741512918344, 0.23291013047143272, 0.24232316576118543, 0.25306907381630467, 0.2659874875073426, 0.28044436531452016, 0.2957777329161303, 0.3120634748179397, 0.32875675191960996, 0.34332559495864445, 0.35269729574352243, 0.35652441356334547, 0.35833221741001814, 0.36293665043397805, 0.37297014065555323, 0.3881156556166339, 0.40698747805928376, 0.42854081755693535, 0.451634911558767, 0.47471471553177025, 0.49682515197611665, 0.5182294599857296, 0.539375799229871, 0.5597600967378127, 0.5784633665048082, 0.5956702424660505, 0.6131220145960151, 0.6328148866049714, 0.6552642932670933, 0.6789866759814573, 0.7013736555711012, 0.7198580669683078, 0.7326901339253742, 0.7392949873715922, 0.7399050184133112, 0.7346437231586364, 0.7233477883749073, 0.706527180102062, 0.6860943821840203, 0.6650471079265557, 0.6466509098554872, 0.6332479250333781, 0.6247655466717003, 0.6185928648196403, 0.6119716432228833, 0.6045640565560436, 0.5981040609796549, 0.5939277866998203, 0.5914472839539889, 0.5883916107017776, 0.581982388358648, 0.5709056829597635, 0.5569210658386125, 0.543515783286039, 0.5322256721072623, 0.5212060910715665, 0.5078155003165309, 0.491272457059109, 0.4721594456270637, 0.4509403042454738, 0.42851511390855446, 0.4074357972430262, 0.3907505691847123, 0.37914020614096283, 0.3697974107080904, 0.358420562979071, 0.3423652373791359, 0.32237099421323145, 0.30170651148584365, 0.28345582652628665, 0.2682994919817928, 0.2547473837299796, 0.24104034522736206, 0.2263212809895725, 0.21029320367929713, 0.19274407659571735, 0.17392841597979755, 0.15486329679343425, 0.13649387786475653, 0.11865323411313758, 0.10032969480373764, 0.08092756748309958, 0.061045228114455584, 0.04224030352559285, 0.02628983931168524]]}