{"S_min_Ks": [[0.6491042549526591]], "S_min_Q": [[0.3015829519583075]], "S_Ks": [[0.6780524901938675]], "S_Q": [[0.31919495624293504]], "S_max_Ks": [[0.7045157291704277]], "S_max_Q": [[0.3407146647625277]], "S_T_min_Ks": [[0.6285118015699029]], "S_T_min_Q": [[0.30180889589330556]], "S_T_Ks": [[0.6654134964161187]], "S_T_Q": [[0.3279612020508543]], "S_T_max_Ks": [[0.6916694722757118]], "S_T_max_Q": [[0.3505761709770668]]}