{"S_Ks": [[0.6780524901938675]], "S_Q": [[0.31919495624293504]], "S_T_Ks": [[0.6654134964161187]], "S_T_Q": [[0.3279612020508543]]}