{"Min": [[18.363113461020586]], "SD_min": [[18.386821015030794]], "Mean": [[18.42307826399216]], "SD_max": [[18.459335512953526]], "Max": [[18.50482207394966]]}