{"Min": [[16.749524782872125]], "SD_min": [[18.05702994124575]], "Mean": [[18.296175082887014]], "SD_max": [[18.535320224528277]], "Max": [[18.505163383079893]]}