{"Min": [[18.30362301743151]], "SD_min": [[18.353091797465567]], "Mean": [[18.396979304194012]], "SD_max": [[18.440866810922458]], "Max": [[18.578588699137246]]}