{"Min": [[16.749522534708735]], "SD_min": [[18.05702990490818]], "Mean": [[18.296175077370588]], "SD_max": [[18.535320249832996]], "Max": [[18.505163383155182]]}