{"Min": [[16.749524860428334]], "SD_min": [[18.057029942481755]], "Mean": [[18.296175083067983]], "SD_max": [[18.53532022365421]], "Max": [[18.50516338305781]]}