{"output": [[16.749524860428334, 16.767258582879137, 16.78499230532994, 16.802726027780743, 16.820459750231546, 16.83819347268235, 16.85592719513315, 16.873660917583955, 16.891394640034758, 16.90912836248556, 16.92686208493636, 16.944595807387163, 16.962329529837966, 16.98006325228877, 16.997796974739572, 17.015530697190375, 17.033264419641178, 17.05099814209198, 17.068731864542784, 17.086465586993587, 17.10419930944439, 17.121933031895193, 17.139666754345996, 17.1574004767968, 17.1751341992476, 17.192867921698404, 17.210601644149207, 17.22833536660001, 17.246069089050813, 17.263802811501616, 17.281536533952416, 17.29927025640322, 17.31700397885402, 17.334737701304824, 17.352471423755627, 17.37020514620643, 17.387938868657233, 17.405672591108036, 17.42340631355884, 17.441140036009642, 17.458873758460445, 17.476607480911248, 17.49434120336205, 17.512074925812854, 17.529808648263657, 17.54754237071446, 17.565276093165263, 17.583009815616066, 17.60074353806687, 17.618477260517672, 17.63621098296847, 17.653944705419274, 17.671678427870077, 17.68941215032088, 17.707145872771683, 17.724879595222486, 17.74261331767329, 17.760347040124092, 17.778080762574895, 17.795814485025698, 17.8135482074765, 17.831281929927304, 17.849015652378107, 17.86674937482891, 17.884483097279713, 17.902216819730516, 17.91995054218132, 17.93768426463212, 17.955417987082924, 17.973151709533724, 17.990885431984527, 18.00861915443533, 18.026352876886133, 18.044086599336936, 18.06182032178774, 18.07955404423854, 18.097287766689345, 18.115021489140148, 18.13275521159095, 18.150488934041753, 18.168222656492556, 18.18595637894336, 18.203690101394162, 18.221423823844965, 18.23915754629577, 18.25689126874657, 18.274624991197374, 18.292358713648177, 18.310092436098977, 18.327826158549783, 18.345559881000582, 18.363293603451385, 18.38102732590219, 18.39876104835299, 18.416494770803794, 18.434228493254597, 18.4519622157054, 18.469695938156203, 18.487429660607006, 18.50516338305781]], "PDF": [[0.002312882316414116, 0.002703934308911888, 0.0026627228830101543, 0.002730634773580432, 0.00323052794780597, 0.00350236244788292, 0.0033784623056473903, 0.004151478227091145, 0.006184852224624936, 0.008484123879201699, 0.01076987083134091, 0.012573000412649445, 0.013422759917296466, 0.0152131001753075, 0.019072833359182376, 0.023130427095830696, 0.025619929145864785, 0.025726604845307702, 0.024266297723329756, 0.023657081161003582, 0.02559336251903624, 0.029981950355695224, 0.03428002844323729, 0.03650887141243301, 0.03694331780534508, 0.03564874142804273, 0.03449425259914578, 0.03577207405944647, 0.03937025255576428, 0.04402406919154478, 0.048222463816531426, 0.050751414849874325, 0.052165515646302237, 0.054847091543212136, 0.059544850906079784, 0.06379218652123836, 0.0663492924089324, 0.06887595064459826, 0.07056256811672768, 0.07054169194171993, 0.07246362441253895, 0.0775455786474137, 0.0803873179647936, 0.07764763128197594, 0.07407745052916784, 0.07693397325155482, 0.08759404418687977, 0.09941916550660411, 0.10459994239409341, 0.10178929410623926, 0.09807170733566356, 0.10179271690224462, 0.11132514495209404, 0.11906695337000407, 0.12402947384203324, 0.13263130106255372, 0.1449109756801511, 0.1510570759209204, 0.1506402591642138, 0.1538824421427642, 0.16312371579033605, 0.1746905264441078, 0.18360901967553708, 0.18519538970449068, 0.18476642141697605, 0.19071100865959983, 0.20356884838413122, 0.22091954500307864, 0.2408322553009111, 0.25848337521897585, 0.2652761127858777, 0.25829012540709395, 0.24967251628442533, 0.25769553720172095, 0.2843071745246672, 0.3111882305338065, 0.32247406186985134, 0.3263968644101468, 0.3365559325191782, 0.34711061701791984, 0.35224213985306085, 0.3572158161506453, 0.3647621193736306, 0.3788944626878868, 0.4026256897189051, 0.4344767808432459, 0.5002308572156796, 0.7224287022955309, 1.4181381848086432, 2.935672077831747, 5.024214175685491, 6.685210829741645, 7.112264908518429, 6.3677541152536525, 5.0569606987586955, 3.7313722675852925, 2.6195193805314623, 1.743932419074238, 1.0640952929710732, 0.545632349707477]]}