{"output": [[18.30362301743151, 18.30640044855985, 18.30917787968819, 18.311955310816533, 18.314732741944873, 18.317510173073213, 18.320287604201553, 18.323065035329893, 18.325842466458234, 18.328619897586577, 18.331397328714917, 18.334174759843258, 18.336952190971598, 18.339729622099938, 18.342507053228278, 18.345284484356622, 18.348061915484962, 18.350839346613302, 18.353616777741642, 18.356394208869983, 18.359171639998323, 18.361949071126666, 18.364726502255007, 18.367503933383347, 18.370281364511687, 18.373058795640027, 18.375836226768367, 18.37861365789671, 18.38139108902505, 18.38416852015339, 18.38694595128173, 18.38972338241007, 18.392500813538412, 18.395278244666756, 18.398055675795096, 18.400833106923436, 18.403610538051776, 18.406387969180116, 18.40916540030846, 18.4119428314368, 18.41472026256514, 18.41749769369348, 18.42027512482182, 18.42305255595016, 18.425829987078505, 18.428607418206845, 18.431384849335185, 18.434162280463525, 18.436939711591865, 18.439717142720205, 18.44249457384855, 18.44527200497689, 18.44804943610523, 18.45082686723357, 18.45360429836191, 18.45638172949025, 18.459159160618594, 18.461936591746934, 18.464714022875274, 18.467491454003614, 18.470268885131954, 18.473046316260294, 18.475823747388638, 18.47860117851698, 18.48137860964532, 18.48415604077366, 18.486933471902, 18.489710903030343, 18.492488334158683, 18.495265765287023, 18.498043196415363, 18.500820627543703, 18.503598058672043, 18.506375489800387, 18.509152920928727, 18.511930352057067, 18.514707783185408, 18.517485214313748, 18.520262645442088, 18.52304007657043, 18.525817507698772, 18.528594938827112, 18.531372369955452, 18.534149801083792, 18.536927232212133, 18.539704663340476, 18.542482094468816, 18.545259525597157, 18.548036956725497, 18.550814387853837, 18.553591818982177, 18.55636925011052, 18.55914668123886, 18.5619241123672, 18.56470154349554, 18.56747897462388, 18.57025640575222, 18.573033836880565, 18.575811268008906, 18.578588699137246]], "PDF": [[0.03373457655194721, 0.0660485641006679, 0.12256471453551177, 0.21102724869786327, 0.33271772056364207, 0.48314460716578356, 0.6598410796927257, 0.8780031877542456, 1.1803831206146869, 1.6171650406575928, 2.205966405564667, 2.922192175460993, 3.7329554707492387, 4.6177673559575, 5.548002299459162, 6.469989002942132, 7.330455411649538, 8.129508955399482, 8.927794802396363, 9.760772708591753, 10.556794149615355, 11.175601576865956, 11.51335880118286, 11.561811981571234, 11.397194740908052, 11.10939829207055, 10.737849551844118, 10.31056457193584, 9.903831740689723, 9.585226885592556, 9.335487451839292, 9.08241824812812, 8.771087769804993, 8.385747004416341, 7.954315366198781, 7.52627386862579, 7.124846011650803, 6.753230805356549, 6.4340444669914865, 6.191470268378649, 6.005007392419704, 5.812932280221466, 5.5663784720146685, 5.2760631664008555, 4.990004584375488, 4.725981982913565, 4.467612326620281, 4.220557720927459, 4.010760740043491, 3.8347427835311314, 3.664649667254355, 3.495366146002735, 3.3516817837968684, 3.2544775592084734, 3.204227176133844, 3.180538330594723, 3.1325554425582802, 2.9989563351699817, 2.76811454134201, 2.5024621270941414, 2.284575154180273, 2.143310619741971, 2.039129177079644, 1.9201308252729599, 1.7842762782691821, 1.678085575392278, 1.62992444159377, 1.602363756278997, 1.538168345670931, 1.4281071403261678, 1.2976900512452716, 1.163703289273394, 1.0359759217028208, 0.9261383611144784, 0.8333973697434386, 0.7421910428245061, 0.6420203281815524, 0.5414370461306008, 0.4593884563531445, 0.40724528734192394, 0.38046455773696225, 0.36288162899191784, 0.33859891702452294, 0.3012126963299317, 0.2537238307248754, 0.20489644865452109, 0.16596575396503213, 0.14416720093505167, 0.13460762193939538, 0.12272729992200576, 0.09998520548240732, 0.07247050682686786, 0.0509375513083483, 0.038973555331850894, 0.03301689748061068, 0.02840693485409702, 0.023400052497146658, 0.01883505534263909, 0.015377338897780646, 0.012197598453911655]]}