{"output": [[16.749522534708735, 16.76725628065264, 16.784990026596542, 16.802723772540446, 16.82045751848435, 16.838191264428254, 16.855925010372157, 16.87365875631606, 16.89139250225996, 16.909126248203865, 16.92685999414777, 16.944593740091673, 16.962327486035576, 16.98006123197948, 16.997794977923384, 17.015528723867288, 17.03326246981119, 17.050996215755095, 17.068729961699, 17.086463707642903, 17.104197453586806, 17.12193119953071, 17.13966494547461, 17.157398691418514, 17.175132437362418, 17.19286618330632, 17.210599929250225, 17.22833367519413, 17.246067421138033, 17.263801167081937, 17.28153491302584, 17.299268658969744, 17.317002404913648, 17.33473615085755, 17.352469896801455, 17.37020364274536, 17.38793738868926, 17.405671134633163, 17.423404880577067, 17.44113862652097, 17.458872372464874, 17.476606118408778, 17.494339864352682, 17.512073610296586, 17.52980735624049, 17.547541102184393, 17.565274848128297, 17.5830085940722, 17.600742340016104, 17.61847608596001, 17.636209831903912, 17.653943577847812, 17.671677323791716, 17.68941106973562, 17.707144815679523, 17.724878561623427, 17.74261230756733, 17.760346053511235, 17.77807979945514, 17.795813545399042, 17.813547291342946, 17.83128103728685, 17.849014783230754, 17.866748529174657, 17.884482275118557, 17.90221602106246, 17.919949767006365, 17.93768351295027, 17.955417258894173, 17.973151004838076, 17.99088475078198, 18.008618496725884, 18.026352242669788, 18.04408598861369, 18.061819734557595, 18.0795534805015, 18.097287226445403, 18.115020972389306, 18.13275471833321, 18.15048846427711, 18.168222210221014, 18.185955956164918, 18.20368970210882, 18.221423448052725, 18.23915719399663, 18.256890939940533, 18.274624685884437, 18.29235843182834, 18.310092177772244, 18.327825923716148, 18.34555966966005, 18.363293415603955, 18.381027161547856, 18.39876090749176, 18.416494653435663, 18.434228399379567, 18.45196214532347, 18.469695891267374, 18.487429637211278, 18.505163383155182]], "PDF": [[0.002312859485318992, 0.002703905589917725, 0.002662697687811978, 0.0027305990552834573, 0.003230488442224282, 0.0035023498471157366, 0.0033784365955184543, 0.004151375467868241, 0.006184696289619404, 0.008483946001810062, 0.010769689148409077, 0.012572887593858136, 0.01342265767204093, 0.015212834886505084, 0.019072448010994114, 0.023130089436451215, 0.02561975593417164, 0.025726628556510294, 0.024266358260537323, 0.0236569845566946, 0.025593025107572873, 0.02998148302417883, 0.03427968791176491, 0.03650870262251591, 0.03694330446592876, 0.0356488258897251, 0.03449420061664633, 0.03577181804768894, 0.03936986415692738, 0.04402363966404276, 0.048222120314461527, 0.050751227985226584, 0.0521653280157839, 0.054846714326742846, 0.059544394858683396, 0.06379188721004725, 0.06634906689632292, 0.06887570913692231, 0.07056248645110877, 0.07054164241666212, 0.0724632937509655, 0.0775451754689287, 0.0803873063310026, 0.07764793957554478, 0.07407752458268196, 0.07693343792598481, 0.08759314008413845, 0.09941851128314595, 0.1045998911855349, 0.101789619340438, 0.09807175598252661, 0.101792218570007, 0.11132454199747023, 0.11906661071317022, 0.12402913638301424, 0.13263062484776628, 0.14491036231958943, 0.15105699770548933, 0.15064026238852815, 0.15388208526687755, 0.1631231470304293, 0.17468995559202097, 0.18360875232074358, 0.1851954439935863, 0.184766329463274, 0.19071056547267495, 0.20356817324972723, 0.22091873771425088, 0.2408314308027607, 0.2584828295880491, 0.2652761369984131, 0.25829053472454655, 0.24967261453289574, 0.25769488451252864, 0.2843061588654014, 0.311187591377559, 0.32247392457121776, 0.3263966806949382, 0.3365555827485237, 0.34711040908304386, 0.3522420242988834, 0.3572156591554762, 0.36476188747656463, 0.3788940389038113, 0.40262512401336786, 0.43447602816216, 0.5002289830511468, 0.7224226752469302, 1.4181229021345838, 2.9356469832075174, 5.024189542856677, 6.685198588616193, 7.112266491105383, 6.367762815165549, 5.056969807406558, 3.7313788967937005, 2.6195234360596493, 1.7439345772512862, 1.0640962076667708, 0.5456324607824821]]}