{"output": [[16.749524782872125, 16.767258506106547, 16.78499222934097, 16.80272595257539, 16.82045967580981, 16.838193399044236, 16.855927122278658, 16.87366084551308, 16.8913945687475, 16.909128291981922, 16.926862015216344, 16.944595738450765, 16.962329461685187, 16.98006318491961, 16.997796908154033, 17.015530631388454, 17.033264354622876, 17.050998077857297, 17.06873180109172, 17.08646552432614, 17.10419924756056, 17.121932970794987, 17.13966669402941, 17.15740041726383, 17.17513414049825, 17.192867863732673, 17.210601586967094, 17.228335310201516, 17.246069033435937, 17.26380275667036, 17.281536479904783, 17.299270203139205, 17.317003926373626, 17.334737649608048, 17.35247137284247, 17.37020509607689, 17.387938819311312, 17.405672542545734, 17.42340626578016, 17.44113998901458, 17.458873712249, 17.476607435483423, 17.494341158717845, 17.512074881952266, 17.529808605186687, 17.54754232842111, 17.565276051655534, 17.583009774889955, 17.600743498124377, 17.6184772213588, 17.63621094459322, 17.65394466782764, 17.671678391062063, 17.689412114296484, 17.70714583753091, 17.72487956076533, 17.742613283999752, 17.760347007234174, 17.778080730468595, 17.795814453703017, 17.813548176937438, 17.83128190017186, 17.84901562340628, 17.866749346640706, 17.884483069875127, 17.90221679310955, 17.91995051634397, 17.93768423957839, 17.955417962812813, 17.973151686047235, 17.99088540928166, 18.00861913251608, 18.026352855750503, 18.044086578984924, 18.061820302219346, 18.079554025453767, 18.09728774868819, 18.11502147192261, 18.13275519515703, 18.150488918391456, 18.168222641625878, 18.1859563648603, 18.20369008809472, 18.221423811329142, 18.239157534563564, 18.256891257797985, 18.274624981032407, 18.29235870426683, 18.310092427501253, 18.327826150735675, 18.345559873970096, 18.363293597204517, 18.38102732043894, 18.39876104367336, 18.416494766907782, 18.434228490142203, 18.45196221337663, 18.46969593661105, 18.48742965984547, 18.505163383079893]], "PDF": [[0.002312881552100892, 0.0027039333475771137, 0.0026627220400768027, 0.002730633578796646, 0.0032305266261645495, 0.0035023620264113572, 0.0033784614446884667, 0.004151474786790656, 0.006184847005894267, 0.008484117927669062, 0.010769864751370735, 0.012572996635940567, 0.013422756494709196, 0.015213091299356447, 0.01907282047256365, 0.023130415810450708, 0.02561992336098119, 0.02572660564311678, 0.024266299749124618, 0.023657077932521565, 0.02559335124462134, 0.029981934744555055, 0.03428001707434886, 0.03650886577942716, 0.03694331736490818, 0.035648744264291016, 0.03449425087689878, 0.03577206550180198, 0.03937023956409387, 0.044024054843508575, 0.04822245236042373, 0.05075140862471385, 0.05216550939972391, 0.054847078975134744, 0.059544835700887366, 0.06379217654415162, 0.06634928490092394, 0.06887594260769493, 0.07056256542254029, 0.0705416903239953, 0.0724636134006043, 0.0775455652072372, 0.08038731759895552, 0.07764764160512096, 0.07407745304943507, 0.07693395544549561, 0.08759401406724379, 0.09941914370710264, 0.10459994070144195, 0.10178930496708238, 0.0980717089704506, 0.10179270029408775, 0.1113251248521864, 0.11906694194675464, 0.12402946258977535, 0.13263127851450893, 0.1449109552269465, 0.15105707330844825, 0.15064025926954772, 0.15388243024815523, 0.16312369683460787, 0.17469050741928643, 0.18360901076914832, 0.18519539152205175, 0.1847664183622327, 0.1907109938993488, 0.20356882589359562, 0.22091951810678412, 0.24083222782934594, 0.2584833570367766, 0.26527611358523817, 0.2582901390329408, 0.24967251954224196, 0.25769551543515007, 0.28430714066445006, 0.3111882092266287, 0.3224740572915997, 0.32639685829579296, 0.3365559209078023, 0.3471106101886932, 0.35224213614295063, 0.35721581106659167, 0.36476211180355034, 0.37889444878474343, 0.4026256711507226, 0.4344767560357681, 0.5002307948428288, 0.7224285006488894, 1.4181376729834694, 2.935671238604835, 5.024213355066082, 6.685210426159228, 7.1122649659631225, 6.367754406619003, 5.056961000319619, 3.7313724851680203, 2.6195195129033264, 1.743932489693245, 1.0640953235378492, 0.5456323540509183]]}