{"output": [[18.363113461020586, 18.36454486115118, 18.36597626128178, 18.367407661412376, 18.36883906154297, 18.37027046167357, 18.371701861804166, 18.37313326193476, 18.37456466206536, 18.375996062195956, 18.37742746232655, 18.37885886245715, 18.380290262587746, 18.38172166271834, 18.38315306284894, 18.384584462979536, 18.38601586311013, 18.38744726324073, 18.388878663371326, 18.390310063501925, 18.39174146363252, 18.393172863763116, 18.394604263893715, 18.39603566402431, 18.397467064154906, 18.398898464285505, 18.4003298644161, 18.401761264546696, 18.403192664677295, 18.40462406480789, 18.406055464938486, 18.407486865069085, 18.40891826519968, 18.410349665330276, 18.411781065460875, 18.41321246559147, 18.414643865722066, 18.416075265852665, 18.41750666598326, 18.418938066113856, 18.420369466244455, 18.42180086637505, 18.423232266505646, 18.424663666636246, 18.42609506676684, 18.427526466897437, 18.428957867028036, 18.43038926715863, 18.431820667289227, 18.433252067419826, 18.43468346755042, 18.43611486768102, 18.437546267811616, 18.43897766794221, 18.44040906807281, 18.441840468203406, 18.443271868334, 18.4447032684646, 18.446134668595196, 18.44756606872579, 18.44899746885639, 18.450428868986986, 18.45186026911758, 18.45329166924818, 18.454723069378776, 18.45615446950937, 18.45758586963997, 18.459017269770566, 18.46044866990116, 18.46188007003176, 18.463311470162356, 18.46474287029295, 18.46617427042355, 18.467605670554146, 18.46903707068474, 18.47046847081534, 18.471899870945936, 18.473331271076532, 18.47476267120713, 18.476194071337726, 18.477625471468322, 18.47905687159892, 18.480488271729516, 18.481919671860116, 18.48335107199071, 18.484782472121307, 18.486213872251906, 18.4876452723825, 18.489076672513097, 18.490508072643696, 18.49193947277429, 18.493370872904887, 18.494802273035486, 18.49623367316608, 18.497665073296677, 18.499096473427276, 18.50052787355787, 18.501959273688467, 18.503390673819066, 18.50482207394966]], "PDF": [[0.4177000418566709, 0.7564240265086933, 1.2858744132352555, 2.0576301355785467, 3.104537187385703, 4.422771318220311, 5.960518109992299, 7.620121636033042, 9.273650320617113, 10.786155070607876, 12.041207111777677, 12.965139865851608, 13.543102788238505, 13.815876811749877, 13.853755467741417, 13.722506817962365, 13.466334013326916, 13.118004704777215, 12.719986714170437, 12.330780183693726, 12.006907692118554, 11.774904856621419, 11.616326401085123, 11.477349833162004, 11.296355015174106, 11.033157955545752, 10.685706269433762, 10.287641652989514, 9.888596948298616, 9.527806672518913, 9.216531033530208, 8.93934182173965, 8.6706527714792, 8.393128901704069, 8.106545434328645, 7.824449015384779, 7.56309734423937, 7.330215500819248, 7.121363472167103, 6.927835161216806, 6.75050839103764, 6.605614321057693, 6.51332295315183, 6.4780671220916, 6.480502290373736, 6.489398093022898, 6.480944513113553, 6.448187596985605, 6.39690398321931, 6.336101519881716, 6.270144369385429, 6.194427103726471, 6.097133374656162, 5.970256094010195, 5.82507921354553, 5.697372714735087, 5.631588050678711, 5.652779270892611, 5.7496362312819, 5.883449991783513, 6.01388001034827, 6.119133216656875, 6.198195982943653, 6.261440260585369, 6.322440697116234, 6.39605915216387, 6.498789406992506, 6.645563107739229, 6.841291269017948, 7.0716562552683175, 7.30197157700123, 7.489550269256913, 7.603836282651928, 7.640114124781858, 7.617180722159147, 7.562963383057802, 7.500353134663548, 7.440927741754173, 7.384243852838908, 7.317297791308275, 7.214551240651996, 7.043894308645852, 6.780018193612777, 6.417846107591666, 5.975754785107759, 5.4856661161122, 4.977413533959856, 4.467920328114817, 3.9601537648433425, 3.4497519774695964, 2.934426494554419, 2.4215385598820505, 1.9299644874316901, 1.4845697414884453, 1.1062403538474028, 0.803853893381315, 0.5729147409348002, 0.4004557185498844, 0.2720398920659199, 0.17660220477848143]]}