{"S_min_Ks": [[0.010627840302910693]], "S_min_Q": [[0.8861533122189542]], "S_Ks": [[0.015106959220085925]], "S_Q": [[1.0061280687749858]], "S_max_Ks": [[0.01912278847019442]], "S_max_Q": [[1.092969460604078]], "S_T_min_Ks": [[-0.04064445499599924]], "S_T_min_Q": [[0.9346234782265805]], "S_T_Ks": [[0.01683211301847145]], "S_T_Q": [[1.0006320304984448]], "S_T_max_Ks": [[0.07431433210135281]], "S_T_max_Q": [[1.0586217979121493]]}