{"S_Ks": [[0.9307343693948579]], "S_Q": [[0.03784563863692311]], "S_T_Ks": [[0.9406059910545591]], "S_T_Q": [[0.03962316220092601]]}