{"S_Ks": [[0.7510090115563903]], "S_Q": [[0.2597564517466255]], "S_T_Ks": [[0.7333297138930379]], "S_T_Q": [[0.28004016981712265]]}