{"S_Ks": [[0.015106961652290458]], "S_Q": [[1.0061280475316694]], "S_T_Ks": [[0.016832116417715093]], "S_T_Q": [[1.0006320244156663]]}