{"S_min_Ks": [[0.7178499025158112]], "S_min_Q": [[0.242259816867746]], "S_Ks": [[0.7510090115563903]], "S_Q": [[0.2597564517466255]], "S_max_Ks": [[0.7866579722019328]], "S_max_Q": [[0.276430543959268]], "S_T_min_Ks": [[0.694189956063338]], "S_T_min_Q": [[0.24996257948877176]], "S_T_Ks": [[0.7333297138930379]], "S_T_Q": [[0.28004016981712265]], "S_T_max_Ks": [[0.7776533824871597]], "S_T_max_Q": [[0.30704974410496627]]}