{"S_min_Ks": [[0.9000028665329725]], "S_min_Q": [[0.03127511109868266]], "S_Ks": [[0.9307343693948579]], "S_Q": [[0.03784563863692311]], "S_max_Ks": [[0.9616937964946196]], "S_max_Q": [[0.043094955027868635]], "S_T_min_Ks": [[0.9125799961932237]], "S_T_min_Q": [[0.022925197106465137]], "S_T_Ks": [[0.9406059910545591]], "S_T_Q": [[0.03962316220092601]], "S_T_max_Ks": [[0.9703928810163576]], "S_T_max_Q": [[0.05982360930900911]]}