{"S_min_Ks": [[0.010627843266336152]], "S_min_Q": [[0.8861533208165511]], "S_Ks": [[0.015106961652290458]], "S_Q": [[1.0061280475316694]], "S_max_Ks": [[0.019122791327149634]], "S_max_Q": [[1.0929694437205355]], "S_T_min_Ks": [[-0.04064440266944952]], "S_T_min_Q": [[0.9346234957047397]], "S_T_Ks": [[0.016832116417715093]], "S_T_Q": [[1.0006320244156663]], "S_T_max_Ks": [[0.07431429017964031]], "S_T_max_Q": [[1.0586217576598655]]}