{"S_min_Ks": [[0.010627843156084761]], "S_min_Q": [[0.8861533205535441]], "S_Ks": [[0.015106961560532194]], "S_Q": [[1.0061280482452064]], "S_max_Ks": [[0.01912279121739343]], "S_max_Q": [[1.0929694442883924]], "S_T_min_Ks": [[-0.040644404409104946]], "S_T_min_Q": [[0.9346234951350239]], "S_T_Ks": [[0.016832116298397103]], "S_T_Q": [[1.0006320246232043]], "S_T_max_Ks": [[0.07431429156346853]], "S_T_max_Q": [[1.05862175898984]]}