{"S_Ks": [[0.015106959220085925]], "S_Q": [[1.0061280687749858]], "S_T_Ks": [[0.01683211301847145]], "S_T_Q": [[1.0006320304984448]]}