{"S_Ks": [[0.015106961560532194]], "S_Q": [[1.0061280482452064]], "S_T_Ks": [[0.016832116298397103]], "S_T_Q": [[1.0006320246232043]]}