{"Min": [[12.983182734453564]], "SD_min": [[13.711202449905137]], "Mean": [[14.047281231299147]], "SD_max": [[14.383360012693156]], "Max": [[15.215047378211736]]}