{"Min": [[13.40912371167103]], "SD_min": [[13.831368247315302]], "Mean": [[14.141113992413157]], "SD_max": [[14.450859737511012]], "Max": [[15.131269936847433]]}