{"Min": [[13.845678615169609]], "SD_min": [[14.021292254996386]], "Mean": [[14.280070124005467]], "SD_max": [[14.53884799301455]], "Max": [[14.837350854096318]]}