{"output": [[13.40912371167103, 13.426519128086953, 13.443914544502878, 13.4613099609188, 13.478705377334723, 13.496100793750648, 13.51349621016657, 13.530891626582493, 13.548287042998417, 13.56568245941434, 13.583077875830263, 13.600473292246187, 13.61786870866211, 13.635264125078033, 13.652659541493957, 13.67005495790988, 13.687450374325802, 13.704845790741725, 13.72224120715765, 13.739636623573572, 13.757032039989495, 13.77442745640542, 13.791822872821342, 13.809218289237265, 13.82661370565319, 13.844009122069112, 13.861404538485035, 13.878799954900959, 13.896195371316882, 13.913590787732804, 13.930986204148729, 13.948381620564652, 13.965777036980574, 13.983172453396499, 14.000567869812421, 14.017963286228344, 14.035358702644269, 14.052754119060191, 14.070149535476114, 14.087544951892038, 14.104940368307961, 14.122335784723884, 14.139731201139808, 14.15712661755573, 14.174522033971654, 14.191917450387578, 14.2093128668035, 14.226708283219423, 14.244103699635346, 14.26149911605127, 14.278894532467193, 14.296289948883116, 14.31368536529904, 14.331080781714963, 14.348476198130886, 14.36587161454681, 14.383267030962733, 14.400662447378656, 14.41805786379458, 14.435453280210503, 14.452848696626425, 14.47024411304235, 14.487639529458272, 14.505034945874195, 14.52243036229012, 14.539825778706042, 14.557221195121965, 14.57461661153789, 14.592012027953812, 14.609407444369735, 14.62680286078566, 14.644198277201582, 14.661593693617505, 14.678989110033427, 14.696384526449352, 14.713779942865274, 14.731175359281199, 14.748570775697122, 14.765966192113044, 14.783361608528967, 14.800757024944891, 14.818152441360814, 14.835547857776737, 14.852943274192661, 14.870338690608584, 14.887734107024507, 14.905129523440431, 14.922524939856354, 14.939920356272276, 14.957315772688201, 14.974711189104124, 14.992106605520046, 15.00950202193597, 15.026897438351893, 15.044292854767816, 15.06168827118374, 15.079083687599663, 15.096479104015586, 15.11387452043151, 15.131269936847433]], "PDF": [[0.004634620371306311, 0.007205896603048522, 0.010404787016920287, 0.014664509447131876, 0.020997756481367556, 0.030550345509403613, 0.04383197213437424, 0.06052751828323831, 0.08030770506403564, 0.10389458733949522, 0.13311514119559997, 0.16972454522994446, 0.21444977421422848, 0.26744026879928234, 0.3290556073154725, 0.3993586160442437, 0.47718640299403475, 0.5609420196104985, 0.6504431055470508, 0.7466064469940373, 0.8483026706342379, 0.9505357435674109, 1.0472487036158196, 1.135140646001248, 1.213218492194044, 1.2799965814464618, 1.3332656897371609, 1.3715765818251777, 1.3944078080997329, 1.402335312144317, 1.398228801350095, 1.3862674613409802, 1.3686691898638936, 1.345265343472686, 1.3163096499214078, 1.2832979907240858, 1.2476515621055144, 1.2114241438802351, 1.1786529492717523, 1.152973075144889, 1.1333567082251237, 1.1138169595185936, 1.088123323649702, 1.0545035673023124, 1.0156449006932826, 0.9748661524882896, 0.9332539518448678, 0.8909147641437345, 0.8505154906288783, 0.8181079592158451, 0.7988758643227059, 0.791785953206947, 0.789401561878846, 0.7835774963638492, 0.770996163146292, 0.7533034212723769, 0.7332907892643244, 0.7122934293814821, 0.6911137584541829, 0.6715239449311621, 0.6548334903213865, 0.6394336361711485, 0.6217720660439873, 0.6000251081497933, 0.5758248773093031, 0.552693761051098, 0.5335015511680071, 0.5187569261070012, 0.50630524141174, 0.4926556996790181, 0.4752276115888808, 0.45360443875852174, 0.42863980998431495, 0.4010261819050822, 0.37160850032030524, 0.34270663445664723, 0.31778706117501476, 0.2989282190459966, 0.2844375198793379, 0.2693634197621589, 0.24915451406350234, 0.22313978650279523, 0.19414637217083985, 0.1652032612420319, 0.1377088899036206, 0.11249094794832312, 0.09094980631318618, 0.07429323936244449, 0.06231079195428268, 0.05359999813220259, 0.04668211334313271, 0.040458989668341064, 0.03410779080812669, 0.027324487309221386, 0.020638046897386166, 0.015014797297432117, 0.01101141041134209, 0.00837319735980776, 0.006397238983541149, 0.004576150306448241]]}