{"output": [[12.983182734453564, 13.005726821764252, 13.02827090907494, 13.050814996385629, 13.07335908369632, 13.095903171007008, 13.118447258317696, 13.140991345628384, 13.163535432939073, 13.186079520249761, 13.20862360756045, 13.23116769487114, 13.253711782181828, 13.276255869492516, 13.298799956803204, 13.321344044113893, 13.343888131424581, 13.36643221873527, 13.38897630604596, 13.411520393356648, 13.434064480667336, 13.456608567978025, 13.479152655288713, 13.501696742599401, 13.52424082991009, 13.54678491722078, 13.569329004531468, 13.591873091842157, 13.614417179152845, 13.636961266463533, 13.659505353774222, 13.68204944108491, 13.704593528395598, 13.727137615706289, 13.749681703016977, 13.772225790327665, 13.794769877638354, 13.817313964949042, 13.83985805225973, 13.86240213957042, 13.884946226881109, 13.907490314191797, 13.930034401502486, 13.952578488813174, 13.975122576123862, 13.99766666343455, 14.020210750745239, 14.042754838055929, 14.065298925366617, 14.087843012677306, 14.110387099987994, 14.132931187298682, 14.15547527460937, 14.178019361920061, 14.20056344923075, 14.223107536541438, 14.245651623852126, 14.268195711162814, 14.290739798473503, 14.313283885784191, 14.33582797309488, 14.35837206040557, 14.380916147716258, 14.403460235026946, 14.426004322337635, 14.448548409648323, 14.471092496959011, 14.4936365842697, 14.51618067158039, 14.538724758891078, 14.561268846201767, 14.583812933512455, 14.606357020823143, 14.628901108133832, 14.65144519544452, 14.673989282755208, 14.696533370065898, 14.719077457376587, 14.741621544687275, 14.764165631997964, 14.786709719308652, 14.80925380661934, 14.83179789393003, 14.854341981240719, 14.876886068551407, 14.899430155862095, 14.921974243172784, 14.944518330483472, 14.96706241779416, 14.989606505104849, 15.012150592415539, 15.034694679726227, 15.057238767036916, 15.079782854347604, 15.102326941658292, 15.12487102896898, 15.14741511627967, 15.16995920359036, 15.192503290901048, 15.215047378211736]], "PDF": [[0.0010223227808768074, 0.0012155367418578652, 0.001480222147849366, 0.001967902938785323, 0.002831438036403671, 0.004157146389400234, 0.005919712527332518, 0.008030443208136015, 0.010492229450551926, 0.013506955220130908, 0.017365352907414505, 0.022228726597287977, 0.028139039996854385, 0.03535451238014869, 0.04463742905915212, 0.05711180865272671, 0.07384927814724251, 0.09563350198011976, 0.12295566123773517, 0.15592872431132204, 0.19412815117167884, 0.23673507017069614, 0.2829626206968958, 0.33219552975519984, 0.38370443526618153, 0.4366823767891846, 0.4909856036167377, 0.5475650683346893, 0.6075373484648959, 0.6706949087471241, 0.735273507638371, 0.7992956882955743, 0.8619257957007136, 0.923516144448285, 0.9845850518884366, 1.0446466534649705, 1.1015140096617084, 1.1514790703156075, 1.1905179598188451, 1.2160314106137426, 1.2281613672563694, 1.2297682141434692, 1.224650729966575, 1.2148198790956932, 1.1990447013049277, 1.1744337705344479, 1.1399016017911032, 1.0980221985797594, 1.0532646456457184, 1.0086483006626712, 0.9645852942793284, 0.9209152452685799, 0.8794568686167198, 0.8441670715982976, 0.8187001311558418, 0.8034094146504448, 0.7941476653694576, 0.7839902202584634, 0.7669171706741179, 0.7410072611282857, 0.709058386211344, 0.6761760812347547, 0.6458369948361384, 0.6174930337041821, 0.5879286673167173, 0.5548795128075772, 0.5190333938162683, 0.48285863776576465, 0.4484671947281653, 0.41688271095352425, 0.38846862045623753, 0.36317323490461667, 0.340412884946186, 0.31922997513390877, 0.2988021267907638, 0.2787604777383717, 0.2589883077820137, 0.23915437961771777, 0.21852812424607937, 0.19640622025719706, 0.172868085748763, 0.14910652447118095, 0.1268895388653411, 0.10756107001392971, 0.09138715358356862, 0.07764799539008904, 0.06526978979380059, 0.053520522443416964, 0.04236809188353544, 0.032342832998830215, 0.024049698695457103, 0.01771494255323291, 0.013107984024359875, 0.009801466894058595, 0.007423764511737343, 0.005699022081686337, 0.0043969359531829035, 0.0033451808697950564, 0.002462682634435409, 0.0017319181104485867]]}