{"output": [[12.983182734453564, 13.005726821764252, 13.02827090907494, 13.050814996385629, 13.07335908369632, 13.095903171007008, 13.118447258317696, 13.140991345628384, 13.163535432939073, 13.186079520249761, 13.20862360756045, 13.23116769487114, 13.253711782181828, 13.276255869492516, 13.298799956803204, 13.321344044113893, 13.343888131424581, 13.36643221873527, 13.38897630604596, 13.411520393356648, 13.434064480667336, 13.456608567978025, 13.479152655288713, 13.501696742599401, 13.52424082991009, 13.54678491722078, 13.569329004531468, 13.591873091842157, 13.614417179152845, 13.636961266463533, 13.659505353774222, 13.68204944108491, 13.704593528395598, 13.727137615706289, 13.749681703016977, 13.772225790327665, 13.794769877638354, 13.817313964949042, 13.83985805225973, 13.86240213957042, 13.884946226881109, 13.907490314191797, 13.930034401502486, 13.952578488813174, 13.975122576123862, 13.99766666343455, 14.020210750745239, 14.042754838055929, 14.065298925366617, 14.087843012677306, 14.110387099987994, 14.132931187298682, 14.15547527460937, 14.178019361920061, 14.20056344923075, 14.223107536541438, 14.245651623852126, 14.268195711162814, 14.290739798473503, 14.313283885784191, 14.33582797309488, 14.35837206040557, 14.380916147716258, 14.403460235026946, 14.426004322337635, 14.448548409648323, 14.471092496959011, 14.4936365842697, 14.51618067158039, 14.538724758891078, 14.561268846201767, 14.583812933512455, 14.606357020823143, 14.628901108133832, 14.65144519544452, 14.673989282755208, 14.696533370065898, 14.719077457376587, 14.741621544687275, 14.764165631997964, 14.786709719308652, 14.80925380661934, 14.83179789393003, 14.854341981240719, 14.876886068551407, 14.899430155862095, 14.921974243172784, 14.944518330483472, 14.96706241779416, 14.989606505104849, 15.012150592415539, 15.034694679726227, 15.057238767036916, 15.079782854347604, 15.102326941658292, 15.12487102896898, 15.14741511627967, 15.16995920359036, 15.192503290901048, 15.215047378211736]], "PDF": [[0.001022322843583674, 0.0012155365972428096, 0.001480221661240614, 0.0019679021054234886, 0.0028314370041248945, 0.004157145420133444, 0.005919711784419149, 0.008030442484231053, 0.010492228262874593, 0.013506953347075827, 0.017365350680104565, 0.02222872435080746, 0.028139037251086484, 0.03535450793829226, 0.04463742207186379, 0.05711179928068996, 0.07384926707424565, 0.09563348981886456, 0.12295564878715257, 0.15592871281333254, 0.19412814155926553, 0.23673506230896363, 0.2829626141022327, 0.3321955247445968, 0.3837044321847453, 0.43668237413661765, 0.4909855986941991, 0.5475650606441878, 0.6075373411758567, 0.6706949056059878, 0.7352735091017032, 0.7992956915808979, 0.8619257980032813, 0.9235161453925043, 0.9845850537572874, 1.044646660137232, 1.1015140246658568, 1.1514790944517197, 1.1905179898953941, 1.2160314403897547, 1.2281613904432838, 1.2297682284742317, 1.2246507395841248, 1.2148198917195772, 1.1990447209796098, 1.1744337929796556, 1.1399016182318409, 1.0980222045353059, 1.0532646447666918, 1.008648299337134, 0.9645852938531665, 0.9209152408995348, 0.8794568551016889, 0.8441670494927027, 0.8187001080283636, 0.8034094009211438, 0.7941476675047198, 0.783990236179924, 0.766917190916713, 0.7410072747842604, 0.7090583879141864, 0.6761760748375135, 0.6458369899247872, 0.6174930365946409, 0.5879286755626455, 0.554879519263993, 0.5190333944205692, 0.482858633639575, 0.44846718848854783, 0.4168827039655609, 0.388468613536846, 0.36317322928762463, 0.34041288153122923, 0.31922997358259897, 0.29880212600075784, 0.27876047710297674, 0.2589883078266108, 0.23915438134288552, 0.21852812766719407, 0.1964062235787294, 0.17286808635452652, 0.14910652100956395, 0.12688953233884137, 0.10756106292991706, 0.0913871481997667, 0.0776479924887776, 0.06526978856068229, 0.053520521251755424, 0.04236808943413594, 0.032342829135471686, 0.024049694324796138, 0.017714938744382774, 0.013107981200875715, 0.009801464884880701, 0.007423763091079734, 0.005699021168405098, 0.004396935425219083, 0.0033451805123145013, 0.0024626823037340456, 0.0017319177908061956]]}