{"output": [[13.845678615169609, 13.855695506471898, 13.865712397774189, 13.875729289076478, 13.885746180378769, 13.895763071681058, 13.905779962983349, 13.915796854285638, 13.925813745587929, 13.935830636890218, 13.945847528192509, 13.955864419494798, 13.965881310797089, 13.975898202099378, 13.985915093401669, 13.995931984703958, 14.005948876006249, 14.015965767308538, 14.025982658610829, 14.035999549913118, 14.046016441215409, 14.056033332517698, 14.066050223819989, 14.076067115122278, 14.086084006424569, 14.096100897726858, 14.106117789029149, 14.116134680331438, 14.126151571633729, 14.136168462936018, 14.146185354238309, 14.156202245540598, 14.166219136842889, 14.176236028145178, 14.186252919447469, 14.196269810749758, 14.206286702052049, 14.216303593354338, 14.226320484656629, 14.236337375958918, 14.246354267261209, 14.256371158563498, 14.266388049865789, 14.276404941168078, 14.286421832470369, 14.296438723772658, 14.306455615074949, 14.316472506377238, 14.326489397679529, 14.336506288981818, 14.346523180284109, 14.356540071586398, 14.366556962888689, 14.376573854190978, 14.386590745493269, 14.396607636795558, 14.406624528097849, 14.416641419400138, 14.426658310702429, 14.436675202004718, 14.446692093307009, 14.456708984609298, 14.466725875911589, 14.476742767213878, 14.486759658516169, 14.496776549818458, 14.506793441120749, 14.516810332423038, 14.526827223725329, 14.536844115027618, 14.546861006329909, 14.556877897632198, 14.566894788934489, 14.576911680236778, 14.586928571539069, 14.596945462841358, 14.606962354143649, 14.616979245445938, 14.626996136748229, 14.637013028050518, 14.647029919352809, 14.657046810655098, 14.667063701957389, 14.677080593259678, 14.687097484561969, 14.697114375864258, 14.707131267166549, 14.717148158468838, 14.727165049771129, 14.737181941073418, 14.747198832375709, 14.757215723677998, 14.767232614980289, 14.777249506282578, 14.787266397584869, 14.797283288887158, 14.807300180189447, 14.817317071491738, 14.827333962794029, 14.837350854096318]], "PDF": [[0.07345435146787815, 0.1285962264824686, 0.21207667747335654, 0.3296889189966585, 0.4834981458759355, 0.6699616616247147, 0.8793691084184729, 1.0969507494086363, 1.3053748943833552, 1.4879608954170795, 1.6317935776908483, 1.729976086361397, 1.782512920588277, 1.7957133417303672, 1.780351553383057, 1.7489841300957583, 1.7129123210487236, 1.6795107149673112, 1.6509616039429869, 1.6252266181710309, 1.5988481862464476, 1.5696627828690677, 1.5374523707918193, 1.502491891892266, 1.4640407592900866, 1.4207915023441635, 1.3731022579631946, 1.324785763428354, 1.2823816601848599, 1.2520017240066696, 1.2359249534571983, 1.2312828056665324, 1.2314976082118267, 1.2293148885282412, 1.2196999979899723, 1.2013982066458957, 1.1766972916818537, 1.1496119551668265, 1.123466457393675, 1.099269915730578, 1.0757628525369018, 1.0508780646142089, 1.023564513745988, 0.9948966954588649, 0.967866887741299, 0.945963949561845, 0.931366364996799, 0.9238315448998339, 0.9208265732514977, 0.9186024936892977, 0.9135626842230833, 0.9034908401370905, 0.8884026445214723, 0.8707135620354088, 0.8544498112381782, 0.8436782791894699, 0.8409088563088213, 0.8463388305976641, 0.8582292688515044, 0.8739081647040209, 0.8906545290155974, 0.9061760732762278, 0.9188723173430481, 0.9280231851499134, 0.9337771047502524, 0.9369172095845714, 0.9387063717965504, 0.9409605834341579, 0.9458734295994085, 0.9550233829829147, 0.9680108417776158, 0.9821609372061574, 0.9940783428601182, 1.0019083047448019, 1.0062496356200805, 1.009023601658761, 1.0116332237031915, 1.01417742146336, 1.0161605586017706, 1.0176576164385096, 1.0195432543691487, 1.0223278885695197, 1.0245799506669209, 1.0224924155259245, 1.0111181141521248, 0.9861727566364666, 0.9449601753512472, 0.886264720334441, 0.8102603448317578, 0.7190754505956393, 0.6173197340587653, 0.5115136851004927, 0.4084575439977166, 0.31368238910351265, 0.2308988464552432, 0.16224108266725007, 0.108518645278701, 0.06915791844110918, 0.0422126158150249, 0.024843959872138034]]}