{"output": [[12.983182734453564, 13.005726821764252, 13.02827090907494, 13.050814996385629, 13.07335908369632, 13.095903171007008, 13.118447258317696, 13.140991345628384, 13.163535432939073, 13.186079520249761, 13.20862360756045, 13.23116769487114, 13.253711782181828, 13.276255869492516, 13.298799956803204, 13.321344044113893, 13.343888131424581, 13.36643221873527, 13.38897630604596, 13.411520393356648, 13.434064480667336, 13.456608567978025, 13.479152655288713, 13.501696742599401, 13.52424082991009, 13.54678491722078, 13.569329004531468, 13.591873091842157, 13.614417179152845, 13.636961266463533, 13.659505353774222, 13.68204944108491, 13.704593528395598, 13.727137615706289, 13.749681703016977, 13.772225790327665, 13.794769877638354, 13.817313964949042, 13.83985805225973, 13.86240213957042, 13.884946226881109, 13.907490314191797, 13.930034401502486, 13.952578488813174, 13.975122576123862, 13.99766666343455, 14.020210750745239, 14.042754838055929, 14.065298925366617, 14.087843012677306, 14.110387099987994, 14.132931187298682, 14.15547527460937, 14.178019361920061, 14.20056344923075, 14.223107536541438, 14.245651623852126, 14.268195711162814, 14.290739798473503, 14.313283885784191, 14.33582797309488, 14.35837206040557, 14.380916147716258, 14.403460235026946, 14.426004322337635, 14.448548409648323, 14.471092496959011, 14.4936365842697, 14.51618067158039, 14.538724758891078, 14.561268846201767, 14.583812933512455, 14.606357020823143, 14.628901108133832, 14.65144519544452, 14.673989282755208, 14.696533370065898, 14.719077457376587, 14.741621544687275, 14.764165631997964, 14.786709719308652, 14.80925380661934, 14.83179789393003, 14.854341981240719, 14.876886068551407, 14.899430155862095, 14.921974243172784, 14.944518330483472, 14.96706241779416, 14.989606505104849, 15.012150592415539, 15.034694679726227, 15.057238767036916, 15.079782854347604, 15.102326941658292, 15.12487102896898, 15.14741511627967, 15.16995920359036, 15.192503290901048, 15.215047378211736]], "PDF": [[0.0010223227194125293, 0.0012155368836085526, 0.0014802226248189381, 0.001967903755638841, 0.0028314390482334947, 0.004157147339466494, 0.005919713255530042, 0.008030443917702301, 0.010492230614703226, 0.013506957056081917, 0.017365355090603093, 0.02222872879926924, 0.0281390426882344, 0.03535451673401902, 0.044637435908027503, 0.05711181783911216, 0.07384928900089321, 0.09563351390047219, 0.12295567344169041, 0.15592873558154371, 0.19412816059368818, 0.23673507787670328, 0.2829626271609208, 0.3321955346665343, 0.38370443828656925, 0.43668237938921084, 0.49098560844179173, 0.5475650758728406, 0.6075373556095315, 0.6706949118260113, 0.7352735062040605, 0.7992956850753303, 0.8619257934437999, 0.923516143522687, 0.9845850500566431, 1.0446466469248974, 1.1015139949547568, 1.1514790466576128, 1.1905179303379514, 1.21603138142755, 1.2281613445288047, 1.2297682000964896, 1.2246507205394939, 1.2148198667218146, 1.1990446820199807, 1.174433748533946, 1.1399015856759975, 1.0980221927420861, 1.0532646465072646, 1.0086483019618755, 0.9645852946970515, 0.9209152495511069, 0.8794568818640769, 0.8441670932659607, 0.8187001538251075, 0.8034094281077414, 0.7941476632765034, 0.783990204652432, 0.766917150832515, 0.7410072477427965, 0.7090583845422611, 0.676176087505272, 0.6458369996501478, 0.6174930308709962, 0.5879286592341528, 0.5548795064790475, 0.5190333932239443, 0.4828586418101828, 0.44846720084416863, 0.41688271780306, 0.38846862723856285, 0.3631732404103305, 0.3404128882934926, 0.3192299766544944, 0.29880212756512975, 0.2787604783611827, 0.25898830773828885, 0.23915437792673006, 0.21852812089273935, 0.19640621700145783, 0.17286808515499724, 0.1491065278642224, 0.12688954526255142, 0.10756107695761395, 0.09138715886072067, 0.07764799823393043, 0.06526979100249558, 0.053520523611476356, 0.04236809428441544, 0.0323428367856581, 0.02404970297953758, 0.017714946286633004, 0.013107986791914364, 0.009801468863437307, 0.007423765904253398, 0.005699022976876687, 0.004396936470688826, 0.003345181220194638, 0.002462682958585966, 0.0017319184237591801]]}