{"S_min_Ks": [[0.8254233225586914]], "S_min_Q": [[0.1496125049010621]], "S_Ks": [[0.862008684657492]], "S_Q": [[0.16255056651291597]], "S_max_Ks": [[0.8928094576039346]], "S_max_Q": [[0.17375794431169464]], "S_T_min_Ks": [[0.8288980881658188]], "S_T_min_Q": [[0.12685101240420985]], "S_T_Ks": [[0.8587471299147218]], "S_T_Q": [[0.15629440907025635]], "S_T_max_Ks": [[0.8922174789701338]], "S_T_max_Q": [[0.18451494289788806]]}