{"S_Ks": [[0.862008684657492]], "S_Q": [[0.16255056651291597]], "S_T_Ks": [[0.8587471299147218]], "S_T_Q": [[0.15629440907025635]]}