{"S_min_Ks": [[0.9627422747487568]], "S_min_Q": [[0.013792873081652248]], "S_Ks": [[0.9928108048043884]], "S_Q": [[0.01789637566632397]], "S_max_Ks": [[1.0231051414072914]], "S_max_Q": [[0.021777945009457997]], "S_T_min_Ks": [[0.9542857822547728]], "S_T_min_Q": [[0.002151656409271556]], "S_T_Ks": [[0.9774911808093171]], "S_T_Q": [[0.017557586449809252]], "S_T_max_Ks": [[1.0033136400267049]], "S_T_max_Q": [[0.034826112470069656]]}