{"S_Ks": [[0.9928108048043884]], "S_Q": [[0.01789637566632397]], "S_T_Ks": [[0.9774911808093171]], "S_T_Q": [[0.017557586449809252]]}