{"S_Ks": [[0.730287242034709]], "S_Q": [[0.2759210615083529]], "S_T_Ks": [[0.7141967376610022]], "S_T_Q": [[0.2746544999400872]]}