{"Min": [[13.728669090294238]], "SD_min": [[14.804801195941197]], "Mean": [[15.887076213172373]], "SD_max": [[16.969351230403547]], "Max": [[17.58491014341748]]}