{"output": [[13.728669090294238, 13.767621020123766, 13.806572949953294, 13.845524879782822, 13.884476809612348, 13.923428739441876, 13.962380669271404, 14.001332599100932, 14.04028452893046, 14.079236458759988, 14.118188388589514, 14.157140318419042, 14.19609224824857, 14.235044178078098, 14.273996107907626, 14.312948037737154, 14.35189996756668, 14.390851897396209, 14.429803827225737, 14.468755757055265, 14.507707686884793, 14.54665961671432, 14.585611546543849, 14.624563476373375, 14.663515406202903, 14.70246733603243, 14.741419265861959, 14.780371195691487, 14.819323125521013, 14.858275055350541, 14.897226985180069, 14.936178915009597, 14.975130844839125, 15.014082774668653, 15.053034704498181, 15.091986634327707, 15.130938564157235, 15.169890493986763, 15.208842423816291, 15.24779435364582, 15.286746283475347, 15.325698213304873, 15.364650143134401, 15.40360207296393, 15.442554002793457, 15.481505932622985, 15.520457862452513, 15.55940979228204, 15.598361722111568, 15.637313651941096, 15.676265581770624, 15.715217511600152, 15.75416944142968, 15.793121371259208, 15.832073301088734, 15.871025230918262, 15.90997716074779, 15.948929090577318, 15.987881020406846, 16.026832950236372, 16.0657848800659, 16.104736809895428, 16.143688739724958, 16.182640669554484, 16.22159259938401, 16.26054452921354, 16.299496459043066, 16.338448388872596, 16.377400318702122, 16.416352248531652, 16.455304178361178, 16.494256108190704, 16.533208038020234, 16.57215996784976, 16.61111189767929, 16.650063827508816, 16.689015757338343, 16.727967687167872, 16.7669196169974, 16.80587154682693, 16.844823476656455, 16.88377540648598, 16.92272733631551, 16.961679266145037, 17.000631195974567, 17.039583125804093, 17.078535055633623, 17.11748698546315, 17.156438915292675, 17.195390845122205, 17.23434277495173, 17.27329470478126, 17.312246634610787, 17.351198564440317, 17.390150494269843, 17.42910242409937, 17.4680543539289, 17.507006283758425, 17.545958213587955, 17.58491014341748]], "PDF": [[0.0560634400755306, 0.0836049374195698, 0.11513734851341972, 0.14724963701874735, 0.17618762389724077, 0.1990920068115367, 0.21478494196273978, 0.22373317328636044, 0.22739419919524773, 0.22747663039551008, 0.22549434474299856, 0.22263012582149488, 0.21972497247698344, 0.21726715513973735, 0.21539671977988595, 0.2139897894670292, 0.21281919000157776, 0.21170223216753767, 0.21054783832953017, 0.2093084921599238, 0.20792516541167677, 0.2063349329077717, 0.20452471999337937, 0.20256944312887315, 0.2006286522742102, 0.19892334917255527, 0.19770589538307887, 0.19719988403215985, 0.1974981496548639, 0.19846835907752639, 0.19974635373569544, 0.20084720543197335, 0.20134463292812813, 0.2010396649040292, 0.2000603738193623, 0.19885484149167865, 0.19805350761936646, 0.19822612019279617, 0.19963953416366054, 0.20215975722228713, 0.20537036168553152, 0.2088307351191222, 0.2122890558403384, 0.21570476448886675, 0.2191102048304756, 0.222493599700658, 0.22585210605844427, 0.22936180150148985, 0.2334491364335833, 0.23860927050300063, 0.24505654411854141, 0.2524799680793521, 0.2601255486494696, 0.2671716905382379, 0.2731250713818865, 0.27795405331161294, 0.2819054046423917, 0.28520957191497043, 0.28793569389590024, 0.29007668620627597, 0.2917193336710773, 0.2931001202564918, 0.2944948260245063, 0.29607305469501527, 0.29787992619616716, 0.29995927170584585, 0.3024665123498083, 0.30562020493638714, 0.30951475731352995, 0.31397306839299505, 0.3185876081772635, 0.32292800647880315, 0.3267673157508902, 0.3301914615394836, 0.3335457235351691, 0.33725641034284665, 0.3416231001381262, 0.3466901626410445, 0.35224696423010043, 0.3579059840212304, 0.3631662062070862, 0.3674391389286719, 0.370120981829806, 0.37079812677859897, 0.36953022088861476, 0.36699675163329554, 0.3643112142059379, 0.3625321974531985, 0.3621338308714331, 0.36270894091734107, 0.3629646611687109, 0.3608732058531271, 0.35387809717416097, 0.3392594067230484, 0.31483102101306354, 0.2798981109915176, 0.23602951261620905, 0.18708703451194714, 0.13829202674983757, 0.094682766603725]]}