{"S_Ks": [[0.0017220457673091626]], "S_Q": [[0.9988216256786272]], "S_T_Ks": [[0.001979654564752099]], "S_T_Q": [[0.9962120967328965]]}