{"S_min_Ks": [[0.0003418834458478173]], "S_min_Q": [[0.9696208495340553]], "S_Ks": [[0.0017220457673091626]], "S_Q": [[0.9988216256786272]], "S_max_Ks": [[0.003225915609207206]], "S_max_Q": [[1.035965552021556]], "S_T_min_Ks": [[-0.017605620930996137]], "S_T_min_Q": [[0.9767288904352749]], "S_T_Ks": [[0.001979654564752099]], "S_T_Q": [[0.9962120967328965]], "S_T_max_Ks": [[0.02250105771379468]], "S_T_max_Q": [[1.0271117069026394]]}