{"Min": [[-70.64719521078572]], "SD_min": [[12.7378912593136]], "Mean": [[18.2029752616336]], "SD_max": [[23.6680592639536]], "Max": [[102.7839657328464]]}