{"Min": [[14.849833289254683]], "SD_min": [[18.961051525510143]], "Mean": [[19.826455956123727]], "SD_max": [[20.69186038673731]], "Max": [[21.640384375930033]]}