{"Min": [[-207.60782241250575]], "SD_min": [[2.9803776660938563]], "Mean": [[12.536579478546141]], "SD_max": [[22.092781290998424]], "Max": [[121.07105268936465]]}