{"Min": [[16.113966842278643]], "SD_min": [[18.95508621388938]], "Mean": [[19.83398254151565]], "SD_max": [[20.712878869141917]], "Max": [[21.731871531037896]]}