{"Min": [[-101.77961939850591]], "SD_min": [[15.978455608628312]], "Mean": [[19.253548944129616]], "SD_max": [[22.52864227963092]], "Max": [[53.40822226471305]]}