{"Min": [[-136.87485746389726]], "SD_min": [[3.099001985041543]], "Mean": [[12.477715671285951]], "SD_max": [[21.85642935753036]], "Max": [[89.65628960412718]]}