{"output": [[-101.77961939850591, -100.21206544231178, -98.64451148611765, -97.07695752992352, -95.50940357372939, -93.94184961753525, -92.37429566134114, -90.806741705147, -89.23918774895287, -87.67163379275874, -86.10407983656461, -84.53652588037048, -82.96897192417634, -81.40141796798221, -79.83386401178808, -78.26631005559395, -76.69875609939982, -75.13120214320568, -73.56364818701155, -71.99609423081742, -70.42854027462329, -68.86098631842916, -67.29343236223502, -65.7258784060409, -64.15832444984677, -62.59077049365264, -61.02321653745851, -59.45566258126438, -57.888108625070245, -56.32055466887612, -54.75300071268199, -53.185446756487856, -51.617892800293724, -50.05033884409959, -48.48278488790546, -46.91523093171133, -45.3476769755172, -43.78012301932307, -42.21256906312894, -40.64501510693481, -39.077461150740675, -37.50990719454654, -35.94235323835241, -34.37479928215828, -32.807245325964146, -31.23969136977003, -29.672137413575896, -28.104583457381764, -26.537029501187632, -24.9694755449935, -23.401921588799368, -21.834367632605236, -20.266813676411104, -18.699259720216972, -17.13170576402284, -15.564151807828708, -13.996597851634576, -12.429043895440444, -10.861489939246326, -9.293935983052194, -7.726382026858062, -6.15882807066393, -4.5912741144697975, -3.0237201582756654, -1.4561662020815334, 0.11138775411259871, 1.6789417103067308, 3.246495666500863, 4.814049622694995, 6.381603578889127, 7.949157535083259, 9.516711491277377, 11.084265447471509, 12.651819403665641, 14.219373359859773, 15.786927316053905, 17.354481272248037, 18.92203522844217, 20.4895891846363, 22.057143140830433, 23.624697097024566, 25.192251053218698, 26.75980500941283, 28.32735896560696, 29.894912921801094, 31.462466877995226, 33.03002083418936, 34.59757479038349, 36.16512874657762, 37.732682702771754, 39.30023665896586, 40.86779061515999, 42.43534457135412, 44.002898527548254, 45.570452483742386, 47.13800643993652, 48.70556039613065, 50.27311435232478, 51.840668308518914, 53.40822226471305]], "PDF": [[4.456223208320144e-05, 9.620863593143419e-06, 9.681784688828606e-08, 4.5414132774044535e-11, 9.929351213241299e-16, 1.0119171623098567e-21, 4.806880138229342e-29, 1.0643289279220013e-37, 1.09845604081549e-47, 5.2842546582076215e-59, 1.184892739541202e-71, 1.2384217757099926e-85, 6.033264471862857e-101, 9.552773543843531e-108, 7.070322799212538e-92, 2.4391765937927216e-77, 3.922306139063114e-64, 2.939909580371995e-52, 1.0271188541346798e-41, 1.6726368912646195e-32, 1.269629144624108e-24, 4.4920681580151845e-18, 7.408154535066191e-13, 5.694662251017359e-09, 2.0404227231442374e-06, 3.407740953587963e-05, 2.652816668991185e-05, 9.62591918902824e-07, 3.4436503828238766e-09, 1.0289628016406988e-06, 2.7181686806746867e-05, 3.346936168588533e-05, 1.9209351230549976e-06, 5.138924986315831e-09, 4.076700199410117e-11, 8.914015444044757e-08, 9.230240277425614e-06, 4.454991430029819e-05, 1.002247499430496e-05, 1.0509869703129184e-07, 5.137062948610168e-11, 9.05199472632097e-12, 3.467228327850098e-08, 6.732801214868421e-06, 7.270665369339685e-05, 6.416472721735181e-05, 4.6246997899297826e-05, 5.354821894242903e-05, 7.057704339932238e-05, 4.911250547422925e-05, 2.960929124201168e-05, 7.564137408195633e-05, 9.649684935693921e-05, 0.00017777228275648953, 8.238411899900386e-05, 8.57210090027017e-06, 9.585657259674533e-05, 0.00022548957306638904, 0.00021849574884956737, 9.213718906745695e-05, 8.545010036983868e-05, 0.00010257585284968435, 0.00022326095576451438, 0.00033007929150498567, 0.0004032789200512653, 0.0005377531216127036, 0.0004805653175259964, 0.0004447155590789838, 0.00044133831336668383, 0.0006203226142881775, 0.0007537640464278606, 0.0012721407593084592, 0.0017792878277153594, 0.0023524395083424346, 0.0032499577256222953, 0.00808638870373974, 0.06346286468417743, 0.28072193114562655, 0.20956065375368543, 0.05569077218615512, 0.003934705242273545, 0.0006429077190500594, 0.00033277554746914396, 6.878280395896546e-05, 0.0001510557719071428, 0.000156455101390645, 0.00010307281173630135, 7.965322549176941e-05, 6.0582454110834314e-06, 2.4255861496847796e-08, 8.405284766491174e-08, 8.962309780370065e-06, 4.560600698548047e-05, 3.7970359730228004e-05, 3.3133160673385095e-05, 1.8378296803912715e-06, 4.812769143778127e-09, 9.681842333208567e-08, 9.620863593146666e-06, 4.456223208320144e-05]]}