{"output": [[-207.60782241250575, -204.2878337751131, -200.9678451377205, -197.64785650032786, -194.32786786293522, -191.0078792255426, -187.68789058814997, -184.36790195075736, -181.04791331336472, -177.72792467597208, -174.40793603857946, -171.08794740118682, -167.76795876379418, -164.44797012640157, -161.12798148900893, -157.8079928516163, -154.48800421422368, -151.16801557683104, -147.8480269394384, -144.5280383020458, -141.20804966465315, -137.8880610272605, -134.5680723898679, -131.24808375247528, -127.92809511508263, -124.60810647769, -121.28811784029737, -117.96812920290473, -114.64814056551211, -111.32815192811948, -108.00816329072686, -104.68817465333422, -101.36818601594159, -98.04819737854896, -94.72820874115632, -91.4082201037637, -88.08823146637107, -84.76824282897844, -81.4482541915858, -78.12826555419318, -74.80827691680054, -71.48828827940793, -68.16829964201528, -64.84831100462264, -61.52832236723003, -58.20833372983739, -54.88834509244478, -51.56835645505214, -48.2483678176595, -44.92837918026689, -41.60839054287425, -38.28840190548161, -34.968413268088995, -31.648424630696354, -28.328435993303714, -25.008447355911102, -21.68845871851846, -18.36847008112582, -15.048481443733209, -11.728492806340569, -8.408504168947957, -5.088515531555316, -1.768526894162676, 1.551461743229936, 4.871450380622576, 8.191439018015217, 11.511427655407829, 14.83141629280047, 18.15140493019311, 21.47139356758572, 24.791382204978362, 28.111370842370974, 31.431359479763614, 34.751348117156255, 38.07133675454887, 41.39132539194151, 44.71131402933415, 48.03130266672676, 51.3512913041194, 54.67127994151201, 57.99126857890468, 61.31125721629729, 64.6312458536899, 67.95123449108257, 71.27122312847519, 74.5912117658678, 77.91120040326047, 81.23118904065308, 84.55117767804569, 87.87116631543836, 91.19115495283097, 94.51114359022358, 97.8311322276162, 101.15112086500886, 104.47110950240148, 107.79109813979409, 111.11108677718676, 114.43107541457937, 117.75106405197198, 121.07105268936465]], "PDF": [[9.396928155189256e-06, 6.921363853946596e-06, 2.7657250480418827e-06, 5.995672100899941e-07, 7.051447753725476e-08, 4.499147792741045e-09, 1.5573770658793912e-10, 2.9246159121347862e-12, 2.9795827439953467e-14, 1.6468483558368401e-16, 4.938139096898289e-19, 8.033125937007947e-22, 7.08952895205842e-25, 3.3943899548294932e-28, 8.816934914618233e-32, 1.2424676346926887e-35, 9.498698052117046e-40, 3.939622739193928e-44, 4.2720532881779566e-47, 1.4976579729479376e-42, 2.908751591910773e-38, 3.0648708130392786e-34, 1.7519804714689965e-30, 5.4332275833757076e-27, 9.141092022653677e-24, 8.343529644822754e-21, 4.1315507707062215e-18, 1.1099104051937459e-15, 1.6176117763621174e-13, 1.2790049501376102e-11, 5.486327123586057e-10, 1.2767407522166864e-08, 1.6118895916101812e-07, 1.1040262747831685e-06, 4.102372345915304e-06, 8.269938707583087e-06, 9.044426919131039e-06, 5.366255730860561e-06, 1.7273216836779327e-06, 3.0163840299850866e-07, 2.8576669462274774e-08, 1.4689602324403136e-09, 5.696651681398783e-11, 6.645676862174851e-10, 1.4936801767641257e-08, 1.8238649596900251e-07, 1.2111824883897721e-06, 4.4211934273776514e-06, 9.366903394106682e-06, 1.4349204320319803e-05, 2.3682455376015055e-05, 4.3990374905416144e-05, 8.421044220637759e-05, 0.0001663828699949531, 0.0002959105030586997, 0.0004389150326247954, 0.000570896616198245, 0.0007558719151098608, 0.0012072674347069683, 0.002373758126689038, 0.004886121729785825, 0.008986812791749975, 0.013999391275970262, 0.01889771581382779, 0.0235949405316045, 0.029096583551199654, 0.03615107000922111, 0.043143853059630165, 0.04437658336941991, 0.035563168379430216, 0.02127640837666144, 0.009646939376225041, 0.0035239521333662025, 0.0011430815849974999, 0.0003847691984099319, 0.0001634483626137286, 7.887755688142038e-05, 3.451896100210566e-05, 1.6225424273109637e-05, 1.042406537997191e-05, 9.988199127821198e-06, 1.1771201094763242e-05, 1.4256496721800624e-05, 1.998970055294345e-05, 2.4758488160167443e-05, 2.137738778699386e-05, 1.2255750216859366e-05, 4.508266932561854e-06, 1.0055430770559502e-06, 1.2929606819458862e-07, 9.291030188607203e-09, 3.672908454975133e-10, 1.436861037476921e-11, 3.383690794477626e-10, 9.634325949980073e-09, 1.4888781786418772e-07, 1.248489657132305e-06, 5.680659448614334e-06, 1.402492825609038e-05, 1.8788437761642752e-05]]}