{"output": [[16.113966842278643, 16.170713354286313, 16.22745986629398, 16.28420637830165, 16.34095289030932, 16.397699402316988, 16.45444591432466, 16.51119242633233, 16.567938938339996, 16.624685450347666, 16.681431962355337, 16.738178474363004, 16.794924986370674, 16.851671498378344, 16.90841801038601, 16.965164522393682, 17.02191103440135, 17.07865754640902, 17.13540405841669, 17.19215057042436, 17.248897082432027, 17.305643594439697, 17.362390106447364, 17.419136618455035, 17.475883130462705, 17.532629642470372, 17.589376154478042, 17.646122666485713, 17.70286917849338, 17.75961569050105, 17.81636220250872, 17.873108714516388, 17.929855226524058, 17.98660173853173, 18.043348250539395, 18.100094762547066, 18.156841274554736, 18.213587786562403, 18.270334298570074, 18.327080810577744, 18.38382732258541, 18.44057383459308, 18.497320346600752, 18.55406685860842, 18.61081337061609, 18.667559882623756, 18.724306394631427, 18.781052906639097, 18.837799418646767, 18.894545930654434, 18.951292442662105, 19.00803895466977, 19.064785466677442, 19.121531978685113, 19.178278490692783, 19.23502500270045, 19.29177151470812, 19.348518026715787, 19.405264538723458, 19.462011050731128, 19.518757562738795, 19.575504074746465, 19.632250586754136, 19.688997098761803, 19.745743610769473, 19.802490122777144, 19.85923663478481, 19.91598314679248, 19.97272965880015, 20.02947617080782, 20.08622268281549, 20.14296919482316, 20.199715706830826, 20.256462218838497, 20.313208730846164, 20.369955242853834, 20.426701754861504, 20.483448266869175, 20.54019477887684, 20.596941290884512, 20.65368780289218, 20.71043431489985, 20.76718082690752, 20.82392733891519, 20.880673850922857, 20.937420362930528, 20.994166874938195, 21.050913386945865, 21.107659898953536, 21.164406410961206, 21.221152922968873, 21.277899434976543, 21.33464594698421, 21.39139245899188, 21.44813897099955, 21.504885483007218, 21.56163199501489, 21.61837850702256, 21.675125019030226, 21.731871531037896]], "PDF": [[0.000919215679400244, 0.0008504447367020954, 0.0006602005873436863, 0.000593148401252084, 0.0006449011747829932, 0.000699477631561655, 0.0007245979325416343, 0.000739005003492474, 0.0007888897118485381, 0.0009814118408392157, 0.0014917477944406874, 0.00241179329545906, 0.003557650564968849, 0.004627486106400149, 0.0054256498421221015, 0.005834787204439921, 0.006034023244822937, 0.006667576777304071, 0.008191429877746919, 0.010303778459446713, 0.012316849824366437, 0.013710288185871078, 0.014440212667677227, 0.015081843169793111, 0.016409634225273258, 0.018895527305086885, 0.022523225792073172, 0.02646149791452408, 0.029756761540180598, 0.03284400033951631, 0.03725800478993986, 0.0434291674304689, 0.04969399871937981, 0.0549950993894623, 0.06135909632063251, 0.07100456133066639, 0.08264571861470991, 0.0930737547567717, 0.10089340798041846, 0.10752630405120207, 0.11542527570624644, 0.12566450723128167, 0.13709110153253118, 0.14830844015464498, 0.16008274136149203, 0.1738673434460968, 0.189122399338186, 0.20459676776686145, 0.2204146887502167, 0.2375958082844464, 0.2573401206841849, 0.2802047043924413, 0.3040407902154764, 0.32441129534459556, 0.33908676325610937, 0.3501469717806162, 0.3604889248930544, 0.37166772815118054, 0.3843670319619626, 0.3967431635391394, 0.4060669950203586, 0.41320100678122407, 0.42003694941694575, 0.4250560761684065, 0.42611006472597956, 0.42495664597528815, 0.4254351617967153, 0.42868638751583477, 0.43213905255341956, 0.4311716858445532, 0.4217752028220305, 0.40456227292884117, 0.3862174651532005, 0.37419912146785267, 0.36997332208051403, 0.36885655795673855, 0.3645344885659687, 0.3537994668917701, 0.3392070533444252, 0.32660525200186935, 0.3194303738073543, 0.3159777835215239, 0.3116587567766653, 0.30258900883862677, 0.2881141869146352, 0.27090548215230265, 0.25370054548567084, 0.2365980146304971, 0.21846989225706634, 0.19901081139881113, 0.17855988326196887, 0.1578516262616709, 0.13779423905610072, 0.11833843534224481, 0.09851069269947892, 0.07811737678207475, 0.05831980528016034, 0.04044012636674179, 0.025244281695020358, 0.013459653708014024]]}