{"output": [[-70.64719521078572, -68.89536530226418, -67.14353539374265, -65.39170548522111, -63.63987557669958, -61.888045668178044, -60.13621575965651, -58.384385851134965, -56.632555942613436, -54.88072603409189, -53.128896125570364, -51.37706621704882, -49.625236308527285, -47.87340640000575, -46.12157649148421, -44.36974658296268, -42.61791667444114, -40.866086765919604, -39.11425685739807, -37.36242694887653, -35.610597040354996, -33.85876713183346, -32.106937223311924, -30.355107314790388, -28.603277406268845, -26.85144749774731, -25.099617589225772, -23.347787680704236, -21.5959577721827, -19.844127863661164, -18.092297955139628, -16.340468046618092, -14.588638138096556, -12.83680822957502, -11.084978321053484, -9.333148412531948, -7.581318504010412, -5.829488595488868, -4.0776586869673395, -2.3258287784457963, -0.5739988699242673, 1.177831038597276, 2.929660947118805, 4.681490855640348, 6.433320764161877, 8.18515067268342, 9.93698058120495, 11.688810489726492, 13.440640398248036, 15.192470306769565, 16.944300215291108, 18.696130123812637, 20.44796003233418, 22.19978994085571, 23.951619849377252, 25.70344975789878, 27.455279666420324, 29.207109574941853, 30.958939483463396, 32.710769391984925, 34.46259930050647, 36.214429209028, 37.96625911754954, 39.71808902607107, 41.46991893459261, 43.221748843114156, 44.973578751635685, 46.72540866015723, 48.47723856867876, 50.2290684772003, 51.98089838572183, 53.73272829424337, 55.4845582027649, 57.236388111286445, 58.98821801980799, 60.74004792832952, 62.491877836851046, 64.24370774537257, 65.99553765389413, 67.74736756241566, 69.49919747093719, 71.25102737945875, 73.00285728798028, 74.7546871965018, 76.50651710502333, 78.25834701354489, 80.01017692206642, 81.76200683058795, 83.51383673910948, 85.26566664763104, 87.01749655615257, 88.7693264646741, 90.52115637319562, 92.27298628171718, 94.02481619023871, 95.77664609876024, 97.5284760072818, 99.28030591580332, 101.03213582432485, 102.7839657328464]], "PDF": [[2.4371663970640348e-05, 1.4315270614066772e-05, 8.488401759013635e-06, 2.0449372586178873e-05, 2.184616490926339e-05, 7.553738023914689e-06, 2.5081573143037595e-06, 1.427903906468889e-05, 4.295696021222371e-05, 5.5150766517777e-05, 5.0186975514695665e-05, 5.362869932297325e-05, 4.646179828675556e-05, 2.087159962685843e-05, 1.7967469039016014e-05, 3.905648521314517e-05, 5.913720985971884e-05, 6.468927041509126e-05, 8.190519707341303e-05, 0.00010462988359162632, 0.00011236376871201228, 9.762458495987206e-05, 6.168288067538723e-05, 6.12921638914059e-05, 7.051704388256676e-05, 5.7880115723921305e-05, 7.747851491365205e-05, 0.00012811557501522068, 0.0001571618314462741, 0.0001751798841531286, 0.0002122284730049865, 0.00032838781977025366, 0.00041317699340781864, 0.00036855507869807444, 0.0003577612521321982, 0.0004233104787730817, 0.00043834257459357, 0.00044167039631548663, 0.0004926795934939065, 0.0006361080220689462, 0.0008064024260977379, 0.0009056214166073572, 0.0011171616257649086, 0.0015396168439795437, 0.0018810921750710022, 0.0024964960120635823, 0.006066904009155708, 0.019222225337814886, 0.04129391940106227, 0.06262257962346869, 0.08600168604833484, 0.10455170288795172, 0.10124328069518186, 0.07449378655925006, 0.04042237655387127, 0.014290885983471023, 0.0033515102810972126, 0.0010325561728468699, 0.0005125219584219935, 0.00028747149166260085, 0.00014455884655006655, 9.923553216520084e-05, 9.495334243504757e-05, 5.7652348793541666e-05, 2.7894637972135143e-05, 4.302366969465006e-05, 6.0591538434727546e-05, 6.840446649356558e-05, 6.632238782846439e-05, 3.0908647080575154e-05, 5.480337802968451e-06, 3.4251531159629495e-07, 7.237731670484225e-09, 5.0452813358203746e-11, 1.1437894023113723e-13, 8.291324288366037e-15, 5.413319195646152e-12, 1.1375963155926574e-09, 7.617195123679866e-08, 1.625115924973575e-06, 1.1047295551594926e-05, 2.392819621533781e-05, 1.6513773027352785e-05, 3.631324188141756e-06, 2.544286978755478e-07, 5.680015614149715e-09, 4.040315925479447e-11, 9.157216509532511e-14, 6.612931153357202e-17, 1.521622360405077e-20, 1.3015850874031154e-24, 3.10181816995144e-21, 1.6481571578211027e-17, 2.7903794911359983e-14, 1.5052557092564983e-11, 2.587257511163894e-09, 1.4169397739326776e-07, 2.4725523049815118e-06, 1.3747443558383727e-05, 2.435458673519955e-05]]}