{"output": [[14.849833289254683, 14.918424714372616, 14.987016139490548, 15.055607564608481, 15.124198989726414, 15.192790414844346, 15.26138183996228, 15.329973265080213, 15.398564690198146, 15.467156115316078, 15.535747540434011, 15.604338965551944, 15.672930390669876, 15.74152181578781, 15.810113240905743, 15.878704666023674, 15.947296091141608, 16.01588751625954, 16.084478941377473, 16.153070366495406, 16.22166179161334, 16.290253216731273, 16.358844641849206, 16.42743606696714, 16.49602749208507, 16.564618917203003, 16.633210342320936, 16.70180176743887, 16.770393192556803, 16.838984617674736, 16.907576042792666, 16.9761674679106, 17.044758893028533, 17.113350318146466, 17.1819417432644, 17.250533168382333, 17.319124593500263, 17.387716018618196, 17.45630744373613, 17.524898868854063, 17.593490293971996, 17.66208171908993, 17.730673144207863, 17.799264569325793, 17.867855994443726, 17.93644741956166, 18.005038844679593, 18.073630269797526, 18.14222169491546, 18.210813120033393, 18.279404545151323, 18.347995970269256, 18.41658739538719, 18.485178820505123, 18.553770245623056, 18.62236167074099, 18.690953095858923, 18.759544520976853, 18.828135946094786, 18.89672737121272, 18.965318796330653, 19.033910221448586, 19.102501646566516, 19.171093071684453, 19.239684496802383, 19.308275921920316, 19.37686734703825, 19.445458772156183, 19.514050197274116, 19.582641622392046, 19.65123304750998, 19.719824472627913, 19.788415897745846, 19.85700732286378, 19.925598747981713, 19.994190173099646, 20.062781598217576, 20.13137302333551, 20.199964448453443, 20.268555873571376, 20.33714729868931, 20.405738723807243, 20.474330148925176, 20.542921574043106, 20.61151299916104, 20.680104424278973, 20.748695849396906, 20.81728727451484, 20.88587869963277, 20.954470124750706, 21.023061549868636, 21.09165297498657, 21.160244400104503, 21.228835825222436, 21.29742725034037, 21.3660186754583, 21.434610100576236, 21.503201525694166, 21.5717929508121, 21.640384375930033]], "PDF": [[0.0003668180892236392, 0.00030081740145307737, 0.0001671410621248486, 7.161605325277617e-05, 6.1000855662470103e-05, 0.00013843374925582945, 0.0002717754707074428, 0.000368457683949731, 0.0003596886379222326, 0.00033042700618566965, 0.0004478549108741932, 0.0007420703258667755, 0.001054637514404139, 0.0012239776075104183, 0.0012085666696942197, 0.0010345841935484339, 0.0007630524070640097, 0.0005041590938326488, 0.00042186647864709463, 0.0006876531459512945, 0.001355995803516981, 0.0022830580469110975, 0.003184074663744151, 0.0037579494670093305, 0.003891688727150592, 0.0038264235976527153, 0.00391928043976006, 0.004223086750958535, 0.004532286291618312, 0.00477075900484089, 0.005034678822603773, 0.005324987436214983, 0.0055325121772357225, 0.005678061098288944, 0.006049197186941977, 0.007014737246696874, 0.008685565332170199, 0.011047627997679452, 0.014246685501604978, 0.018179232054872287, 0.022156185100554775, 0.02573890846059758, 0.02960776394844194, 0.034608924875185465, 0.04045179394935971, 0.04654210243186069, 0.05288863560917377, 0.05901990332678946, 0.0640112213280909, 0.06884474409244545, 0.07656081137513608, 0.08900810151865521, 0.10555372109998024, 0.12484579016801524, 0.14589652575572995, 0.1680928101618051, 0.19052417064359287, 0.21141867524106459, 0.22963809582582956, 0.24635429432033099, 0.26470520123049773, 0.28777570247274425, 0.31495684424545256, 0.34049933494605156, 0.35943171101611054, 0.37428641962436565, 0.39123703614612476, 0.4116456100791017, 0.43189123908499477, 0.4470584553352044, 0.4525936925759529, 0.4482355693096557, 0.43982112278133656, 0.43429753254538744, 0.43419489082192886, 0.4357847216089532, 0.43263150032500375, 0.4218917639196338, 0.4054597205698924, 0.3866748577115427, 0.36890473681404806, 0.3548363499490367, 0.3447218199080466, 0.33716346505165284, 0.3306926005831235, 0.32254492440042337, 0.30920835741545927, 0.2902129864554093, 0.26803505846222203, 0.2448245607686404, 0.22275533391158275, 0.20372152029084584, 0.18636951456213666, 0.1678581409791645, 0.14733427360819634, 0.12491607803000496, 0.10059695641312066, 0.07517829204504393, 0.05039370578677941, 0.02882596347601371]]}