{"output": [[-136.87485746389726, -134.58666405916975, -132.2984706544422, -130.0102772497147, -127.72208384498718, -125.43389044025966, -123.14569703553214, -120.85750363080462, -118.5693102260771, -116.28111682134958, -113.99292341662206, -111.70473001189454, -109.41653660716702, -107.12834320243951, -104.84014979771197, -102.55195639298447, -100.26376298825694, -97.97556958352942, -95.68737617880191, -93.39918277407438, -91.11098936934687, -88.82279596461935, -86.53460255989182, -84.24640915516432, -81.95821575043678, -79.67002234570927, -77.38182894098175, -75.09363553625423, -72.8054421315267, -70.51724872679918, -68.22905532207167, -65.94086191734415, -63.65266851261663, -61.364475107889106, -59.076281703161584, -56.788088298434076, -54.49989489370655, -52.21170148897903, -49.92350808425151, -47.63531467952399, -45.34712127479648, -43.058927870068956, -40.770734465341434, -38.48254106061391, -36.19434765588639, -33.90615425115887, -31.61796084643136, -29.329767441703837, -27.041574036976314, -24.753380632248792, -22.46518722752127, -20.17699382279376, -17.88880041806624, -15.600607013338717, -13.312413608611195, -11.024220203883672, -8.73602679915615, -6.447833394428642, -4.159639989701105, -1.8714465849735973, 0.4167468197539108, 2.7049402244814473, 4.993133629208955, 7.281327033936492, 9.569520438664, 11.857713843391508, 14.145907248119045, 16.434100652846553, 18.72229405757409, 21.010487462301597, 23.298680867029105, 25.586874271756642, 27.87506767648415, 30.163261081211687, 32.451454485939195, 34.7396478906667, 37.02784129539424, 39.31603470012175, 41.604228104849284, 43.89242150957679, 46.1806149143043, 48.46880831903184, 50.757001723759345, 53.04519512848688, 55.33338853321439, 57.621581937941926, 59.909775342669434, 62.19796874739694, 64.48616215212448, 66.77435555685199, 69.06254896157952, 71.35074236630703, 73.63893577103454, 75.92712917576208, 78.21532258048958, 80.50351598521712, 82.79170938994463, 85.07990279467214, 87.36809619939967, 89.65628960412718]], "PDF": [[1.3747918175428308e-05, 1.0074380821395718e-05, 3.964264637135405e-06, 8.376638298242537e-07, 9.504728976644662e-08, 5.791253318809922e-09, 1.8948212055420174e-10, 3.329099385581919e-12, 3.1408567888430785e-14, 1.591227803529246e-16, 4.3289187301231275e-19, 6.327367974066672e-22, 4.482838813767987e-22, 3.1627153602980687e-19, 1.199529806031364e-16, 2.4430126527414654e-14, 2.671817057081534e-12, 1.5691491667011662e-10, 4.949236645453187e-09, 8.386591691816338e-08, 7.64575176242633e-07, 3.770767908639623e-06, 1.0271576357439822e-05, 1.6586816773340182e-05, 1.8855269477800356e-05, 1.7849288976934336e-05, 1.3629757908734388e-05, 1.0344752671847365e-05, 1.2493974542925347e-05, 1.3777641387322787e-05, 8.90318653158061e-06, 3.1262394071797884e-06, 6.872496587712713e-07, 1.0264410851692625e-06, 5.3538329287714525e-06, 1.7241949243826175e-05, 3.3122994200016535e-05, 3.9037948810730795e-05, 3.156239828645417e-05, 2.5202014664573423e-05, 2.5670951613447574e-05, 2.6964269717069454e-05, 3.174836930881117e-05, 4.706799324804576e-05, 6.922277423778927e-05, 0.0001053637340740615, 0.00017911441677609483, 0.0002755919134109017, 0.0003593076467785562, 0.0004350186730291135, 0.0005070811301137881, 0.0005520560296752538, 0.0005942326917022752, 0.0007512827565118187, 0.0011533685654480886, 0.0019523709406824214, 0.0035235161885289654, 0.006217448890789153, 0.009812027789916628, 0.013789725630047291, 0.017575741418394495, 0.020805301161477673, 0.02396917117670363, 0.027654005405043897, 0.03159709031226063, 0.03617887397093399, 0.04292108015143767, 0.04974568786929241, 0.05015416604275281, 0.040996251699211395, 0.026937996742324246, 0.014732904270595346, 0.007043326698999371, 0.00312855541472408, 0.0013948236535938604, 0.0006319704731314429, 0.00027552408382158756, 0.00012354883874287815, 6.970811397852543e-05, 5.501703500731194e-05, 4.594145506214249e-05, 2.9172373122265667e-05, 1.9573928272364975e-05, 2.2991472715039605e-05, 2.511975858986639e-05, 1.8929553050110422e-05, 1.3610815526421549e-05, 1.5207731659179967e-05, 1.7845562772350056e-05, 1.8146584316383783e-05, 1.5827223128823563e-05, 9.536526210430283e-06, 3.347940110816786e-06, 6.448957679871725e-07, 7.280523626998481e-08, 9.879248075037988e-08, 8.377762579912238e-07, 3.964266449602677e-06, 1.0074380837086163e-05, 1.3747918175501253e-05]]}