{"S_Ks": [[0.025209612876848187]], "S_Q": [[0.2599003346150316]], "S_T_Ks": [[0.6051339553167098]], "S_T_Q": [[1.0048459801830536]]}