{"S_min_Ks": [[0.2947845286846611]], "S_min_Q": [[0.015396848887615777]], "S_Ks": [[0.3231122486344798]], "S_Q": [[0.05426763357674467]], "S_max_Ks": [[0.35181450881819026]], "S_max_Q": [[0.08604319436900179]], "S_T_min_Ks": [[0.8576300502271441]], "S_T_min_Q": [[0.6290211534832904]], "S_T_Ks": [[0.9244300044347068]], "S_T_Q": [[0.6607070689302963]], "S_T_max_Ks": [[0.9949726875536565]], "S_T_max_Q": [[0.6951025032800012]]}