{"S_Ks": [[0.06632141066664525]], "S_Q": [[0.32570025205426256]], "S_T_Ks": [[0.7796633672436878]], "S_T_Q": [[0.9183475851845435]]}