{"S_Ks": [[0.5883320347300681]], "S_Q": [[0.4140692591368718]], "S_T_Ks": [[0.5949087030172702]], "S_T_Q": [[0.41543686332692953]]}