{"S_Ks": [[0.3231122486344798]], "S_Q": [[0.05426763357674467]], "S_T_Ks": [[0.9244300044347068]], "S_T_Q": [[0.6607070689302963]]}