{"S_min_Ks": [[0.5581059316064982]], "S_min_Q": [[0.3889825888542721]], "S_Ks": [[0.5883320347300681]], "S_Q": [[0.4140692591368718]], "S_max_Ks": [[0.6067220521722444]], "S_max_Q": [[0.44206968182488]], "S_T_min_Ks": [[0.5603416622436238]], "S_T_min_Q": [[0.39290994175943184]], "S_T_Ks": [[0.5949087030172702]], "S_T_Q": [[0.41543686332692953]], "S_T_max_Ks": [[0.6215440194225026]], "S_T_max_Q": [[0.4363998569008231]]}