{"S_min_Ks": [[-0.041553694653950334]], "S_min_Q": [[0.060646611289635555]], "S_Ks": [[0.025209612876848187]], "S_Q": [[0.2599003346150316]], "S_max_Ks": [[0.06311774785685226]], "S_max_Q": [[0.4043227704668607]], "S_T_min_Ks": [[0.19251061909258027]], "S_T_min_Q": [[0.7207919708650845]], "S_T_Ks": [[0.6051339553167098]], "S_T_Q": [[1.0048459801830536]], "S_T_max_Ks": [[0.9296286218179972]], "S_T_max_Q": [[1.269013737200112]]}