{"S_Ks": [[0.33040403382787575]], "S_Q": [[0.05905813254610189]], "S_T_Ks": [[0.9350767482040317]], "S_T_Q": [[0.7062134517636353]]}