{"S_min_Ks": [[0.5435794334706646]], "S_min_Q": [[0.3869104583586862]], "S_Ks": [[0.573163808723263]], "S_Q": [[0.4214277412170167]], "S_max_Ks": [[0.6034655853913854]], "S_max_Q": [[0.4467286887587299]], "S_T_min_Ks": [[0.5467731763632184]], "S_T_min_Q": [[0.37987674931709775]], "S_T_Ks": [[0.5924044607251248]], "S_T_Q": [[0.4099433072682999]], "S_T_max_Ks": [[0.642063475759835]], "S_T_max_Q": [[0.4396796767743887]]}