{"S_Ks": [[0.573163808723263]], "S_Q": [[0.4214277412170167]], "S_T_Ks": [[0.5924044607251248]], "S_T_Q": [[0.4099433072682999]]}