{"S_min_Ks": [[0.036849704418896345]], "S_min_Q": [[0.2183350185674663]], "S_Ks": [[0.06632141066664525]], "S_Q": [[0.32570025205426256]], "S_max_Ks": [[0.09082983141752043]], "S_max_Q": [[0.43335202589378863]], "S_T_min_Ks": [[0.6318547212372503]], "S_T_min_Q": [[0.7895372326267236]], "S_T_Ks": [[0.7796633672436878]], "S_T_Q": [[0.9183475851845435]], "S_T_max_Ks": [[0.9071260878212983]], "S_T_max_Q": [[1.0343779019497794]]}