{"S_min_Ks": [[0.28836671431571115]], "S_min_Q": [[0.01703655263927767]], "S_Ks": [[0.33040403382787575]], "S_Q": [[0.05905813254610189]], "S_max_Ks": [[0.3663949262611367]], "S_max_Q": [[0.11928294720115289]], "S_T_min_Ks": [[0.8448089926032027]], "S_T_min_Q": [[0.6557616123715596]], "S_T_Ks": [[0.9350767482040317]], "S_T_Q": [[0.7062134517636353]], "S_T_max_Ks": [[1.023652941888435]], "S_T_max_Q": [[0.7564937560348572]]}