{"Min": [[15.733791078786675]], "SD_min": [[18.94627026993463]], "Mean": [[19.834522955171742]], "SD_max": [[20.722775640408855]], "Max": [[22.041454185171528]]}