{"output": [[15.733791078786675, 15.797504847538038, 15.861218616289399, 15.924932385040762, 15.988646153792123, 16.052359922543484, 16.116073691294847, 16.17978746004621, 16.243501228797573, 16.307214997548936, 16.370928766300295, 16.43464253505166, 16.49835630380302, 16.562070072554384, 16.625783841305743, 16.689497610057106, 16.75321137880847, 16.816925147559832, 16.880638916311195, 16.944352685062555, 17.008066453813917, 17.07178022256528, 17.135493991316643, 17.199207760068006, 17.262921528819366, 17.32663529757073, 17.39034906632209, 17.454062835073454, 17.517776603824814, 17.581490372576177, 17.64520414132754, 17.708917910078902, 17.772631678830265, 17.836345447581625, 17.900059216332988, 17.96377298508435, 18.027486753835714, 18.091200522587073, 18.154914291338436, 18.2186280600898, 18.28234182884116, 18.346055597592525, 18.409769366343884, 18.473483135095247, 18.53719690384661, 18.600910672597973, 18.664624441349332, 18.728338210100695, 18.792051978852058, 18.85576574760342, 18.919479516354784, 18.983193285106143, 19.046907053857506, 19.11062082260887, 19.174334591360232, 19.23804836011159, 19.301762128862954, 19.365475897614317, 19.42918966636568, 19.492903435117043, 19.556617203868402, 19.620330972619765, 19.684044741371128, 19.74775851012249, 19.81147227887385, 19.875186047625213, 19.938899816376576, 20.00261358512794, 20.066327353879302, 20.130041122630665, 20.193754891382024, 20.257468660133387, 20.32118242888475, 20.38489619763611, 20.448609966387473, 20.512323735138835, 20.5760375038902, 20.63975127264156, 20.703465041392924, 20.767178810144284, 20.830892578895646, 20.89460634764701, 20.95832011639837, 21.02203388514973, 21.085747653901095, 21.149461422652458, 21.21317519140382, 21.276888960155183, 21.340602728906543, 21.404316497657906, 21.46803026640927, 21.531744035160628, 21.59545780391199, 21.659171572663354, 21.722885341414717, 21.78659911016608, 21.850312878917443, 21.914026647668802, 21.977740416420165, 22.041454185171528]], "PDF": [[0.0006807047439813515, 0.0006891506984851799, 0.000629029006920498, 0.0005869870976001333, 0.0006011610315585568, 0.0006592907674105842, 0.000751531753384109, 0.0008864336462507113, 0.001060522083681379, 0.001242902690692825, 0.0014118958386824605, 0.0016017857637130183, 0.0018941249752887405, 0.0023627738417368754, 0.0030378073942548462, 0.003901377051965657, 0.00488582657647603, 0.0059040890469435146, 0.006925990743617697, 0.007971123274671024, 0.00897178385396831, 0.00976594236197199, 0.01035775701818578, 0.011043113865468536, 0.012093584668552503, 0.01347210119823723, 0.01508418223435902, 0.017147005294947004, 0.020009034978776014, 0.023649424164064875, 0.027609989405651927, 0.03147453894560398, 0.035301604647785326, 0.03957481536385719, 0.04482114487785291, 0.05130388149857016, 0.05897764259547216, 0.06759844228036171, 0.07684336357456686, 0.08639550238716247, 0.09607725409865693, 0.10605468544219968, 0.11680333021989098, 0.12870045977873462, 0.1417735727608787, 0.15596482839890533, 0.17143520250441974, 0.1884039587855668, 0.2068320843837817, 0.22659378111198236, 0.2478765917437601, 0.2707446831371532, 0.294107844961693, 0.31593773353096616, 0.334935239118529, 0.35138928023196336, 0.36621505121001474, 0.37976179772205587, 0.3917201450474261, 0.4017394135555784, 0.40971772110087573, 0.4154183491046319, 0.41844851876233075, 0.419256171382066, 0.41951731056377833, 0.4206342052972842, 0.4220300723297441, 0.42127307456910523, 0.4158908346635042, 0.405606501475002, 0.39333763159725105, 0.38340755703629353, 0.37786771562893456, 0.37461638169240563, 0.36959519716443046, 0.36075210318777384, 0.34950048771650155, 0.33840352198022206, 0.32800187457576024, 0.3162989250241831, 0.30104868253578143, 0.2818683873184813, 0.25998606606899194, 0.23663801120551964, 0.2123409592456069, 0.18748460482682003, 0.16294459962077734, 0.13979958532803893, 0.11865573015799016, 0.09947526115931193, 0.08198350400608533, 0.06608329971381705, 0.05191079516352525, 0.03967441162589821, 0.029530172306247635, 0.02149607211929342, 0.01535978115031223, 0.01069973300250931, 0.00708554678646674, 0.004287787167040535]]}