{"output": [[15.733791078786675, 15.797504847538038, 15.861218616289399, 15.924932385040762, 15.988646153792123, 16.052359922543484, 16.116073691294847, 16.17978746004621, 16.243501228797573, 16.307214997548936, 16.370928766300295, 16.43464253505166, 16.49835630380302, 16.562070072554384, 16.625783841305743, 16.689497610057106, 16.75321137880847, 16.816925147559832, 16.880638916311195, 16.944352685062555, 17.008066453813917, 17.07178022256528, 17.135493991316643, 17.199207760068006, 17.262921528819366, 17.32663529757073, 17.39034906632209, 17.454062835073454, 17.517776603824814, 17.581490372576177, 17.64520414132754, 17.708917910078902, 17.772631678830265, 17.836345447581625, 17.900059216332988, 17.96377298508435, 18.027486753835714, 18.091200522587073, 18.154914291338436, 18.2186280600898, 18.28234182884116, 18.346055597592525, 18.409769366343884, 18.473483135095247, 18.53719690384661, 18.600910672597973, 18.664624441349332, 18.728338210100695, 18.792051978852058, 18.85576574760342, 18.919479516354784, 18.983193285106143, 19.046907053857506, 19.11062082260887, 19.174334591360232, 19.23804836011159, 19.301762128862954, 19.365475897614317, 19.42918966636568, 19.492903435117043, 19.556617203868402, 19.620330972619765, 19.684044741371128, 19.74775851012249, 19.81147227887385, 19.875186047625213, 19.938899816376576, 20.00261358512794, 20.066327353879302, 20.130041122630665, 20.193754891382024, 20.257468660133387, 20.32118242888475, 20.38489619763611, 20.448609966387473, 20.512323735138835, 20.5760375038902, 20.63975127264156, 20.703465041392924, 20.767178810144284, 20.830892578895646, 20.89460634764701, 20.95832011639837, 21.02203388514973, 21.085747653901095, 21.149461422652458, 21.21317519140382, 21.276888960155183, 21.340602728906543, 21.404316497657906, 21.46803026640927, 21.531744035160628, 21.59545780391199, 21.659171572663354, 21.722885341414717, 21.78659911016608, 21.850312878917443, 21.914026647668802, 21.977740416420165, 22.041454185171528]], "PDF": [[0.0006807057735667879, 0.000689151282085177, 0.0006290288171221707, 0.0005869866025899271, 0.0006011606824879831, 0.0006592905090641515, 0.0007515313981104098, 0.0008864333043520249, 0.0010605220213106025, 0.0012429028433277056, 0.0014118957067561213, 0.001601784926279773, 0.0018941235145055414, 0.0023627721401075896, 0.0030378058317380237, 0.003901376052629416, 0.004885826349457242, 0.005904089069871702, 0.00692599048370222, 0.00797112353481354, 0.008971785650563573, 0.00976594425369989, 0.010357756243200629, 0.011043110633508432, 0.01209358195820726, 0.01347209958620285, 0.015084178713259084, 0.017146998523491552, 0.02000902832012868, 0.023649421609099944, 0.027609990557431484, 0.031474539569691845, 0.03530160105416595, 0.03957480727930942, 0.044821134647092475, 0.051303871723697554, 0.05897763488114357, 0.06759843722822935, 0.07684336116689111, 0.0863955015929461, 0.0960772519631754, 0.10605467911556665, 0.11680332062212992, 0.12870045019784854, 0.1417735639149379, 0.15596481810530455, 0.17143519014000805, 0.18840394687191622, 0.2068320738991995, 0.22659376880770593, 0.24787657798709328, 0.27074467831069543, 0.2941078579673366, 0.3159377577494105, 0.33493526013897007, 0.3513892928990654, 0.36621506104848534, 0.3797618105908612, 0.3917201610023239, 0.4017394299526997, 0.40971773928900673, 0.4154183713484771, 0.41844853781866714, 0.41925617564191536, 0.4195173020892821, 0.4206342016247479, 0.4220300896891888, 0.42127311359469094, 0.41589087679391995, 0.4056065187169222, 0.3933376109464352, 0.38340751824044583, 0.3778676955887549, 0.3746163976548669, 0.3695952308569529, 0.360752123547579, 0.34950048479841533, 0.33840351432999544, 0.3280018849740645, 0.3162989552722047, 0.30104871557854285, 0.2818684090815008, 0.2599860772984723, 0.23663801881011062, 0.21234096420942306, 0.18748460244405388, 0.1629445879467802, 0.13979956863075108, 0.11865571410866582, 0.09947524765052444, 0.08198349130062914, 0.06608328576727569, 0.051910779450843, 0.03967439460144508, 0.029530155057558842, 0.02149605659424649, 0.015359769191935622, 0.010699724695361556, 0.007085540332575324, 0.004287780807173515]]}