{"output": [[15.202907273959738, 15.273384842360114, 15.34386241076049, 15.414339979160866, 15.484817547561242, 15.555295115961618, 15.625772684361994, 15.69625025276237, 15.766727821162746, 15.837205389563122, 15.907682957963498, 15.978160526363874, 16.04863809476425, 16.119115663164624, 16.189593231565002, 16.260070799965376, 16.330548368365754, 16.40102593676613, 16.471503505166506, 16.54198107356688, 16.612458641967258, 16.682936210367632, 16.75341377876801, 16.823891347168384, 16.894368915568762, 16.964846483969136, 17.035324052369514, 17.10580162076989, 17.176279189170266, 17.24675675757064, 17.317234325971015, 17.387711894371392, 17.45818946277177, 17.528667031172144, 17.59914459957252, 17.669622167972896, 17.740099736373274, 17.81057730477365, 17.881054873174023, 17.9515324415744, 18.022010009974775, 18.092487578375152, 18.162965146775527, 18.233442715175904, 18.30392028357628, 18.374397851976656, 18.44487542037703, 18.51535298877741, 18.585830557177783, 18.65630812557816, 18.726785693978535, 18.797263262378912, 18.867740830779287, 18.938218399179664, 19.00869596758004, 19.079173535980416, 19.14965110438079, 19.220128672781165, 19.290606241181543, 19.36108380958192, 19.431561377982295, 19.50203894638267, 19.572516514783047, 19.642994083183424, 19.7134716515838, 19.783949219984173, 19.85442678838455, 19.92490435678493, 19.995381925185303, 20.065859493585677, 20.136337061986055, 20.206814630386432, 20.277292198786807, 20.34776976718718, 20.41824733558756, 20.488724903987933, 20.55920247238831, 20.629680040788685, 20.700157609189063, 20.770635177589437, 20.841112745989815, 20.91159031439019, 20.982067882790567, 21.05254545119094, 21.12302301959132, 21.193500587991693, 21.26397815639207, 21.334455724792445, 21.40493329319282, 21.475410861593197, 21.545888429993575, 21.61636599839395, 21.686843566794323, 21.7573211351947, 21.82779870359508, 21.898276271995453, 21.968753840395827, 22.039231408796205, 22.109708977196583, 22.180186545596957]], "PDF": [[0.000255284290573962, 0.00023705596181893178, 0.00019337103981359566, 0.00015992553828012173, 0.0001638563963513533, 0.00020565425336606532, 0.00026273567809646976, 0.00031277827801911147, 0.00035854803507054937, 0.00043024364907129684, 0.0005599868246026582, 0.0007512737822662251, 0.0009713758641727055, 0.0011743392423907066, 0.001338891632959052, 0.0014913173102464616, 0.0016892172977003115, 0.001977614290118463, 0.0023603248411846983, 0.002808471671152184, 0.0032816376736562705, 0.0037373778135550207, 0.004142415821248036, 0.004501027824977319, 0.004879389232151258, 0.005393911575715315, 0.006169512030006568, 0.007310900129210106, 0.008909023906501078, 0.011048927378516626, 0.013780321847768477, 0.017061121361301942, 0.020717795007901055, 0.024481595567857083, 0.02814126347497798, 0.031731730120180414, 0.035561699623077064, 0.039997151514023, 0.045195992107162436, 0.051077316866787924, 0.05756473063194306, 0.06484942443878407, 0.07340173435117867, 0.08369987292271522, 0.09589498060300164, 0.10970173634577102, 0.12462730482544111, 0.1403539623013146, 0.15694534917823807, 0.17468284830086053, 0.19365762496489555, 0.21349626945182124, 0.23349176778986777, 0.25303473223835826, 0.2720442979382, 0.2911300960493234, 0.31121956539066986, 0.3326283548898748, 0.35425349948709883, 0.37385175754127786, 0.38941188865786447, 0.40042384396128744, 0.40795804580029454, 0.413663715346065, 0.4186361789804931, 0.4229804900996745, 0.42616704026260516, 0.4276145906917121, 0.4269986040916912, 0.4243067652061976, 0.41975172142031597, 0.41346834399532345, 0.40522528359322707, 0.3946271198518733, 0.381671028794665, 0.36693018380854003, 0.3511341626505473, 0.33471167506972593, 0.3177371515700508, 0.3000927594263258, 0.28156180503528133, 0.2618923009710705, 0.24092990699845473, 0.21874226836796348, 0.195612855592892, 0.17191429421672502, 0.14801713611248796, 0.12436557033290885, 0.10163266307268404, 0.08071946294467547, 0.062491948395436474, 0.047422295096046854, 0.03542776052776554, 0.02603461571604052, 0.018696524003409282, 0.012999020120544857, 0.008667777473134613, 0.005493512458538855, 0.0032809113147715813, 0.0018329529547855272]]}