{"S_Ks": [[0.5779001142773733]], "S_Q": [[0.4225387051614802]], "S_T_Ks": [[0.5856942309467799]], "S_T_Q": [[0.42482655876881975]]}