{"S_min_Ks": [[0.5476075733805567]], "S_min_Q": [[0.3962643386528884]], "S_Ks": [[0.5779001142773733]], "S_Q": [[0.4225387051614802]], "S_max_Ks": [[0.5955022677353382]], "S_max_Q": [[0.45249894939388846]], "S_T_min_Ks": [[0.5475298004482976]], "S_T_min_Q": [[0.3979872599610247]], "S_T_Ks": [[0.5856942309467799]], "S_T_Q": [[0.42482655876881975]], "S_T_max_Ks": [[0.6174747365903582]], "S_T_max_Q": [[0.44643071389238054]]}