{"Min": [[17.198196780870916]], "SD_min": [[18.263099800100868]], "Mean": [[18.404275343244755]], "SD_max": [[18.545450886388643]], "Max": [[21.6918689789513]]}