{"output": [[17.198196780870916, 17.243587409134353, 17.288978037397793, 17.33436866566123, 17.379759293924668, 17.42514992218811, 17.470540550451545, 17.515931178714983, 17.561321806978423, 17.60671243524186, 17.652103063505297, 17.697493691768738, 17.742884320032175, 17.788274948295612, 17.83366557655905, 17.87905620482249, 17.924446833085927, 17.969837461349364, 18.015228089612805, 18.060618717876242, 18.10600934613968, 18.15139997440312, 18.196790602666557, 18.242181230929994, 18.287571859193434, 18.33296248745687, 18.37835311572031, 18.42374374398375, 18.469134372247186, 18.514525000510623, 18.559915628774064, 18.6053062570375, 18.65069688530094, 18.69608751356438, 18.741478141827816, 18.786868770091253, 18.832259398354694, 18.87765002661813, 18.923040654881568, 18.96843128314501, 19.013821911408446, 19.059212539671883, 19.104603167935323, 19.14999379619876, 19.195384424462198, 19.24077505272564, 19.286165680989075, 19.331556309252512, 19.376946937515953, 19.42233756577939, 19.467728194042827, 19.513118822306264, 19.558509450569705, 19.603900078833142, 19.64929070709658, 19.69468133536002, 19.740071963623457, 19.785462591886894, 19.830853220150335, 19.876243848413772, 19.92163447667721, 19.96702510494065, 20.012415733204087, 20.057806361467524, 20.103196989730964, 20.1485876179944, 20.19397824625784, 20.23936887452128, 20.284759502784716, 20.330150131048153, 20.37554075931159, 20.42093138757503, 20.466322015838468, 20.511712644101905, 20.557103272365346, 20.602493900628783, 20.64788452889222, 20.69327515715566, 20.738665785419098, 20.784056413682535, 20.829447041945976, 20.874837670209413, 20.92022829847285, 20.96561892673629, 21.011009554999728, 21.056400183263165, 21.101790811526605, 21.147181439790042, 21.19257206805348, 21.23796269631692, 21.283353324580357, 21.328743952843794, 21.374134581107235, 21.419525209370672, 21.46491583763411, 21.51030646589755, 21.555697094160987, 21.601087722424424, 21.646478350687865, 21.6918689789513]], "PDF": [[0.0012965937489377508, 0.0004368078118242359, 3.2359771025744776e-05, 0.0004231751685266799, 0.001296299561138455, 0.0004517544486821373, 0.0001367655146197728, 0.001747974316653517, 0.005179527248014695, 0.007998150626435772, 0.013656850240359099, 0.013829090591179366, 0.010932348428433585, 0.014736826656634368, 0.027329881117293096, 0.04701293630778586, 0.06169245619271266, 0.07166101224095929, 0.08454682051563021, 0.11637161927056104, 0.182064284690919, 0.26792242231153884, 0.3634331039977834, 0.5160007262903108, 0.8887247501125816, 2.05007220389578, 5.065899349733306, 5.859335799556355, 3.6312035300186167, 1.4629311843513448, 0.44605875074912876, 0.25433331320906366, 0.16993772052010653, 0.09811412061155039, 0.0533102727871034, 0.03714458256778025, 0.03374915040453945, 0.024535524311951912, 0.017423743763132802, 0.01749277155477963, 0.013124479669240425, 0.010714445788643404, 0.007004877782718484, 0.013230452037826242, 0.01547596426212447, 0.008048230394055526, 0.004411126140575128, 0.0033123039217000092, 0.004591444643476977, 0.0031434553584702984, 0.0006834691209305561, 0.0017395699850025234, 0.0036772029655479732, 0.0010565765451111357, 4.722429710097894e-05, 0.0003042877353323556, 0.001263791642031263, 0.0006558559899667786, 0.001207890461818953, 0.003403795350131081, 0.001797031931417024, 0.0002730857204017895, 0.0012786340904495132, 0.002337524765182871, 0.0006622773351660946, 2.640650988301678e-05, 1.3180205067537632e-07, 7.736351675584368e-11, 5.213972025322724e-15, 4.0023154102347445e-20, 3.4900201176148484e-26, 3.454276059606985e-33, 5.091442897318459e-31, 2.70330715257493e-24, 1.6285157218599064e-18, 1.1130907245256461e-13, 8.631995749530355e-10, 7.595107371855488e-07, 7.58225984794364e-05, 0.0008588265379699587, 0.0011037082623642747, 0.00016093302608244622, 2.6624294430851593e-06, 4.9975032263223784e-09, 1.0643148087312968e-12, 2.5717525113957124e-17, 7.050669325348451e-23, 3.5232951424290825e-23, 1.4320309544174165e-17, 6.603863722685777e-13, 3.45530067861567e-09, 2.051236020484801e-06, 0.0001381616366079647, 0.0010558478740729696, 0.0009154977399700318, 9.006486883777177e-05, 1.0776747970615255e-06, 1.669249020144771e-05, 0.0004367419774392265, 0.0012965937175528279]]}