{"S_min_Ks": [[0.2435963933359842]], "S_min_Q": [[0.42316530490257487]], "S_Ks": [[0.28696307827491147]], "S_Q": [[0.5864205227303075]], "S_max_Ks": [[0.320785063026008]], "S_max_Q": [[0.7039529923281131]], "S_T_min_Ks": [[0.21074848177544236]], "S_T_min_Q": [[0.6258427920025565]], "S_T_Ks": [[0.38706252594908835]], "S_T_Q": [[0.7291222185272467]], "S_T_max_Ks": [[0.5455241307753218]], "S_T_max_Q": [[0.8323974515549639]]}