{"S_Ks": [[0.28696307827491147]], "S_Q": [[0.5864205227303075]], "S_T_Ks": [[0.38706252594908835]], "S_T_Q": [[0.7291222185272467]]}