{"x": [[8000.0, 16000.0, 24000.0, 32000.0, 8000.0, 16000.0, 24000.0, 32000.0, 8000.0, 16000.0, 24000.0, 32000.0, 8000.0, 16000.0, 24000.0, 32000.0]], "y": [[8000.0, 8000.0, 8000.0, 8000.0, 16000.0, 16000.0, 16000.0, 16000.0, 24000.0, 24000.0, 24000.0, 24000.0, 32000.0, 32000.0, 32000.0, 32000.0]], "Correlation-YY": [[1.0, 0.9657093252690039, -0.5405084652612981, -0.4925785136070211, 0.9657093252690039, 1.0, -0.7289854998882741, -0.6961891748705824, -0.5405084652612981, -0.7289854998882741, 1.0, 0.9911653416741433, -0.4925785136070211, -0.6961891748705824, 0.9911653416741433, 1.0]], "Covariance": [[6.162782179782735, 7.0590376948924085, -1.4673171881208056, -0.2983866863060918, 7.0590376948924085, 8.670044641544154, -2.347267861360841, -0.5002113035149642, -1.4673171881208056, -2.347267861360841, 1.1958210428956317, 0.26448117875179233, -0.2983866863060918, -0.5002113035149642, 0.26448117875179233, 0.05954305824649308]]}