{"x": [[8000.0, 16000.0, 24000.0, 32000.0]], "Min": [[-0.303106923167495, -1.0234070667744946, -9.776511570097492, -9.968311003258341]], "SD_min": [[1.089741798649266, 0.06222858341235993, -9.74978460594783, -10.001618178216185]], "Mean": [[3.2277674754095522, 2.697582747894666, -8.626204503767195, -9.746626058563217]], "SD_max": [[5.3657931521698385, 5.332936912376972, -7.502624401586559, -9.49163393891025]], "Max": [[10.57823961311254, 10.572656898232994, -4.540663005210073, -8.506028018304269]]}