{"x": [[8000.0], [16000.0], [24000.0], [32000.0]], "S_Ks": [[0.5414140704496373], [0.6934480768318932], [1.017229674378388], [1.030586075691645]], "S_Q": [[0.22069606607897696], [0.12987670739969648], [0.023374331755790186], [0.01785438829832796]], "S_T_Ks": [[0.7935442412964707], [0.8654891808944276], [0.9226923755453552], [0.9242389648706452]], "S_T_Q": [[0.3591205967952425], [0.2541954771221926], [0.07393371202391068], [0.09632717379818001]]}