{"S_min_Ks": [[0.5642842935695676]], "S_min_Q": [[0.02277697953972041]], "S_Ks": [[0.6607020435636097]], "S_Q": [[0.15626896319765443]], "S_max_Ks": [[0.7506226960441067]], "S_max_Q": [[0.25625398117841697]], "S_T_min_Ks": [[0.6854035791069186]], "S_T_min_Q": [[0.19276415154336185]], "S_T_Ks": [[0.8424390984510962]], "S_T_Q": [[0.28030282352441893]], "S_T_max_Ks": [[0.9448003298808426]], "S_T_max_Q": [[0.37901251251591717]]}