{"Min": [[-39.57320666567548]], "SD_min": [[10.205178637428519]], "Mean": [[16.122080181723963]], "SD_max": [[22.038981726019408]], "Max": [[24.99552482503667]]}