{"Min": [[17.239452674767048]], "SD_min": [[18.00647387561748]], "Mean": [[18.26328089498437]], "SD_max": [[18.520087914351258]], "Max": [[18.632722442810483]]}