{"output": [[17.239452674767048, 17.253526106767485, 17.267599538767925, 17.281672970768362, 17.295746402768803, 17.30981983476924, 17.32389326676968, 17.337966698770117, 17.352040130770558, 17.366113562770995, 17.380186994771435, 17.394260426771872, 17.408333858772313, 17.42240729077275, 17.43648072277319, 17.450554154773627, 17.464627586774068, 17.478701018774505, 17.492774450774945, 17.506847882775382, 17.520921314775823, 17.53499474677626, 17.5490681787767, 17.563141610777137, 17.577215042777578, 17.591288474778015, 17.605361906778455, 17.619435338778892, 17.633508770779333, 17.64758220277977, 17.66165563478021, 17.675729066780647, 17.689802498781088, 17.703875930781525, 17.717949362781965, 17.732022794782402, 17.746096226782843, 17.76016965878328, 17.77424309078372, 17.788316522784157, 17.802389954784598, 17.816463386785035, 17.830536818785475, 17.844610250785912, 17.858683682786353, 17.87275711478679, 17.88683054678723, 17.900903978787667, 17.914977410788108, 17.929050842788545, 17.943124274788985, 17.957197706789422, 17.971271138789863, 17.9853445707903, 17.99941800279074, 18.013491434791177, 18.027564866791618, 18.041638298792055, 18.055711730792495, 18.069785162792932, 18.083858594793373, 18.09793202679381, 18.11200545879425, 18.126078890794687, 18.140152322795128, 18.154225754795565, 18.168299186796006, 18.182372618796443, 18.196446050796883, 18.21051948279732, 18.22459291479776, 18.238666346798198, 18.252739778798638, 18.266813210799075, 18.280886642799516, 18.294960074799953, 18.309033506800393, 18.32310693880083, 18.33718037080127, 18.351253802801708, 18.365327234802148, 18.379400666802585, 18.393474098803026, 18.407547530803463, 18.421620962803903, 18.43569439480434, 18.44976782680478, 18.463841258805218, 18.477914690805658, 18.491988122806095, 18.506061554806536, 18.520134986806973, 18.534208418807413, 18.54828185080785, 18.56235528280829, 18.576428714808728, 18.590502146809165, 18.604575578809605, 18.618649010810046, 18.632722442810483]], "PDF": [[0.008377234872662377, 0.015500186887874697, 0.025132803460932843, 0.03608576079072704, 0.046672663039312334, 0.05520473859192561, 0.06058319666158678, 0.06311263490083843, 0.0644522299257158, 0.0664964434398028, 0.07068497768124868, 0.07820868118666242, 0.08991153572258168, 0.10526265380699121, 0.12119886796726767, 0.13293296512927946, 0.13800746346055234, 0.13976817998481111, 0.1445170712569895, 0.1544638266590417, 0.16540585211532935, 0.17183169537880996, 0.17248234301996737, 0.1709664724876355, 0.17243059813115869, 0.17922813637992885, 0.18949405198316885, 0.200068775850968, 0.20903579338959835, 0.21539617972485006, 0.2196980509198515, 0.2251550385841045, 0.23459432000027702, 0.2466626204362824, 0.25800427383422325, 0.26782140014204964, 0.27766329070995266, 0.28806334984914167, 0.2974016360049292, 0.30371190364226974, 0.3065161037547168, 0.3066366582135742, 0.30534603024157475, 0.3049575607305648, 0.3087312170761995, 0.3176256389198095, 0.3284184528196849, 0.3369928542812695, 0.3414986505679334, 0.34220409268282553, 0.3417878167067706, 0.3447791080392142, 0.35321444041812583, 0.36428146437234477, 0.373968413782958, 0.38105337684412943, 0.38689644432189746, 0.39393512304560313, 0.4056168174116841, 0.4248383678714109, 0.4499752657177069, 0.47450761608797853, 0.4927088647740503, 0.5047936612098533, 0.5161919671681553, 0.5336318207096687, 0.561487201889805, 0.5981683097324746, 0.6354083871253906, 0.6644550831941307, 0.6842851814396353, 0.702825734267355, 0.73085591855253, 0.7792671512025762, 0.8672835891611728, 1.030945011844476, 1.319245891460243, 1.786813544622916, 2.485395881852741, 3.418595058300894, 4.446474037887522, 5.243636870780838, 5.460496122984528, 5.013657222880002, 4.173140110415837, 3.31510793329542, 2.6430344268978874, 2.153213574648922, 1.759734053588243, 1.395765545930125, 1.0462597418741642, 0.7354944813235644, 0.49219169725251377, 0.32296092143152627, 0.21275581660764672, 0.14048582983241653, 0.09061409873942627, 0.055347369981784814, 0.031435831192734215, 0.01654625691324845]]}