{"output": [[-39.57320666567548, -38.92099725667838, -38.268787847681295, -37.6165784386842, -36.964369029687106, -36.31215962069002, -35.65995021169292, -35.00774080269583, -34.35553139369874, -33.703321984701645, -33.05111257570455, -32.39890316670746, -31.746693757710368, -31.094484348713276, -30.442274939716185, -29.79006553071909, -29.137856121722, -28.485646712724908, -27.833437303727813, -27.18122789473072, -26.52901848573363, -25.876809076736535, -25.224599667739444, -24.572390258742352, -23.920180849745257, -23.267971440748166, -22.615762031751075, -21.963552622753983, -21.31134321375689, -20.659133804759797, -20.006924395762706, -19.35471498676561, -18.70250557776852, -18.05029616877143, -17.398086759774333, -16.745877350777242, -16.09366794178015, -15.441458532783056, -14.789249123785964, -14.137039714788873, -13.484830305791782, -12.832620896794687, -12.180411487797596, -11.528202078800504, -10.87599266980341, -10.223783260806318, -9.571573851809227, -8.919364442812132, -8.26715503381504, -7.614945624817949, -6.962736215820854, -6.310526806823766, -5.658317397826671, -5.0061079888295765, -4.353898579832489, -3.701689170835394, -3.049479761838299, -2.397270352841211, -1.7450609438441163, -1.0928515348470214, -0.44064212584993356, 0.21156728314716133, 0.8637766921442562, 1.515986101141344, 2.168195510138439, 2.820404919135534, 3.4726143281326216, 4.1248237371297165, 4.777033146126811, 5.429242555123899, 6.081451964120994, 6.733661373118089, 7.385870782115177, 8.038080191112272, 8.690289600109367, 9.342499009106454, 9.99470841810355, 10.646917827100644, 11.299127236097732, 11.951336645094827, 12.603546054091915, 13.25575546308901, 13.907964872086104, 14.560174281083192, 15.212383690080287, 15.864593099077382, 16.51680250807447, 17.169011917071565, 17.82122132606866, 18.473430735065747, 19.125640144062842, 19.777849553059937, 20.430058962057025, 21.08226837105412, 21.734477780051215, 22.386687189048303, 23.038896598045397, 23.691106007042492, 24.34331541603958, 24.99552482503667]], "PDF": [[7.843554044958233e-05, 8.80999817433462e-05, 9.887764643384936e-05, 0.00012718013273971642, 0.0001343551006604761, 0.00010764185670320028, 0.00012293315537892726, 0.00012003638628726792, 0.00015125269677424789, 0.0002277769562416105, 0.00019469109799339677, 0.0001500363496101762, 0.0002400195943603824, 0.0003021559519638336, 0.00029783762325101976, 0.0003542898712998448, 0.000293979122136026, 0.00023126006327708684, 0.0002762654904008326, 0.0002743610472812835, 0.00018786248802401702, 0.00018571052103756252, 0.0002943037712380405, 0.00029506504365105495, 0.00047570070168535215, 0.0008475723644705639, 0.0008394787033024138, 0.0004834419770338414, 0.000282477946347518, 0.0003676649628409787, 0.00047485355489407043, 0.0006127313066137654, 0.0007897187885405822, 0.0008209501183417551, 0.0007396331692566831, 0.0007876013084780666, 0.0010267806139686903, 0.0009608796590264968, 0.0006789879161993186, 0.0007431742467524803, 0.0009114108804069194, 0.0009991405357204542, 0.0010778484603100348, 0.0009774654356741075, 0.0009712813401296343, 0.001193912625255963, 0.0013773588458034188, 0.0012568680451174102, 0.0011739346124864222, 0.0012889490837233325, 0.001242885651713118, 0.0011687185396645676, 0.0011660721434402954, 0.001142469118066859, 0.0012067628336426698, 0.0013688542875071115, 0.0016725982165738476, 0.0022371684233622687, 0.002779932056373297, 0.002338493614992299, 0.001915228783498527, 0.002007727520489437, 0.002219625857541134, 0.002413119074361831, 0.0024523819975392908, 0.0029390904157563726, 0.003314734121494976, 0.0031803030965383695, 0.0032769608154900117, 0.0035693210063680535, 0.0038894701800567017, 0.004645983940818575, 0.005268131171390857, 0.005113962323718816, 0.005169321552038818, 0.005839410768981656, 0.00712251921484448, 0.008606821535541187, 0.010086465070789495, 0.011677875675091553, 0.01615845295885447, 0.02815870369168727, 0.0438115533749039, 0.05645319543681479, 0.06616415238209063, 0.07913632510160426, 0.10778190982202641, 0.170764084023562, 0.2582510277933828, 0.2690652668141889, 0.16047591884786436, 0.060154934707933205, 0.02381316618829985, 0.016739532454280524, 0.013855141592620957, 0.010890405605405707, 0.0073493320579546, 0.003740672405742368, 0.00163643829036151, 0.0006235844534209083]]}