{"S_Ks": [[0.2604923111214231]], "S_Q": [[0.23593740915044725]], "S_T_Ks": [[0.7331078615425813]], "S_T_Q": [[0.7739903160893694]]}