{"S_min_Ks": [[0.2138908512011397]], "S_min_Q": [[0.18405164201985474]], "S_Ks": [[0.2604923111214231]], "S_Q": [[0.23593740915044725]], "S_max_Ks": [[0.3069045182320198]], "S_max_Q": [[0.26590771101494054]], "S_T_min_Ks": [[0.6278596209232551]], "S_T_min_Q": [[0.6796604044871875]], "S_T_Ks": [[0.7331078615425813]], "S_T_Q": [[0.7739903160893694]], "S_T_max_Ks": [[0.8310146517422066]], "S_T_max_Q": [[0.8861170343053116]]}