{"S_min_Ks": [[0.05378414994284589]], "S_min_Q": [[0.8552990464080534]], "S_Ks": [[0.062047347002297824]], "S_Q": [[0.905455182912482]], "S_max_Ks": [[0.0688699710487459]], "S_max_Q": [[0.9586124064509338]], "S_T_min_Ks": [[0.04865623734716605]], "S_T_min_Q": [[0.905388941249158]], "S_T_Ks": [[0.08660609977755028]], "S_T_Q": [[0.9481340196581036]], "S_T_max_Ks": [[0.1264624232286182]], "S_T_max_Q": [[0.9932781976220721]]}