{"S_Ks": [[0.062047347002297824]], "S_Q": [[0.905455182912482]], "S_T_Ks": [[0.08660609977755028]], "S_T_Q": [[0.9481340196581036]]}