{"Min": [[11.144915222023933]], "SD_min": [[14.233180754183566]], "Mean": [[16.42976078905576]], "SD_max": [[18.626340823927954]], "Max": [[18.518910212738483]]}