{"output": [[11.144915222023933, 11.219400019909939, 11.293884817795943, 11.36836961568195, 11.442854413567956, 11.51733921145396, 11.591824009339966, 11.666308807225972, 11.740793605111977, 11.815278402997983, 11.889763200883989, 11.964247998769993, 12.038732796656, 12.113217594542006, 12.18770239242801, 12.262187190314016, 12.336671988200022, 12.411156786086027, 12.485641583972033, 12.560126381858039, 12.634611179744043, 12.70909597763005, 12.783580775516056, 12.85806557340206, 12.932550371288066, 13.007035169174072, 13.081519967060077, 13.156004764946083, 13.230489562832087, 13.304974360718093, 13.3794591586041, 13.453943956490104, 13.52842875437611, 13.602913552262116, 13.67739835014812, 13.751883148034127, 13.826367945920133, 13.900852743806137, 13.975337541692143, 14.04982233957815, 14.124307137464154, 14.19879193535016, 14.273276733236166, 14.34776153112217, 14.422246329008177, 14.496731126894183, 14.571215924780187, 14.645700722666193, 14.7201855205522, 14.794670318438204, 14.86915511632421, 14.943639914210216, 15.01812471209622, 15.092609509982227, 15.167094307868233, 15.241579105754237, 15.316063903640243, 15.39054870152625, 15.465033499412254, 15.53951829729826, 15.614003095184266, 15.68848789307027, 15.762972690956277, 15.837457488842283, 15.911942286728287, 15.986427084614293, 16.0609118825003, 16.135396680386304, 16.209881478272308, 16.284366276158316, 16.35885107404432, 16.433335871930325, 16.507820669816333, 16.582305467702337, 16.65679026558834, 16.73127506347435, 16.805759861360354, 16.880244659246358, 16.954729457132366, 17.02921425501837, 17.103699052904375, 17.178183850790383, 17.252668648676387, 17.32715344656239, 17.4016382444484, 17.476123042334404, 17.550607840220408, 17.625092638106416, 17.69957743599242, 17.774062233878425, 17.848547031764433, 17.923031829650437, 17.99751662753644, 18.07200142542245, 18.146486223308454, 18.220971021194458, 18.295455819080466, 18.36994061696647, 18.444425414852475, 18.518910212738483]], "PDF": [[0.026940853946928602, 0.03591979353032018, 0.04470676663869648, 0.05238939136532248, 0.05834896460587438, 0.062382719355853634, 0.06466580323389284, 0.06560405145418886, 0.0656604555445117, 0.06522358929616177, 0.06455058822155561, 0.06378121699484156, 0.06299238567369043, 0.06225083391889001, 0.06163191751977943, 0.061200875744828784, 0.06098057472397911, 0.06093575623406922, 0.06098677837589285, 0.061044248625832284, 0.061046659835633184, 0.06098601901606816, 0.06091290147345212, 0.0609194692492566, 0.06110818260141812, 0.06156150655911647, 0.062326361508809644, 0.06341568425654685, 0.0648175683416416, 0.06650006995610701, 0.06840772893730561, 0.07045593482450531, 0.07253241410805047, 0.07450935454014565, 0.0762614299908264, 0.07768251047769649, 0.07869835594168707, 0.07927692051184224, 0.0794356963916792, 0.07924013134067197, 0.07878756289409462, 0.07817972703747302, 0.07749575062969125, 0.07677806991227586, 0.07603625805658286, 0.07526493895541873, 0.07446649357356556, 0.0736676677740378, 0.07292163511793753, 0.0722946957996761, 0.07184778598232494, 0.07162919555122024, 0.0716867639006813, 0.07208707889695906, 0.07291514094415084, 0.07424124845734728, 0.07607642205790273, 0.07835755401044664, 0.08098064152316238, 0.08385343218953724, 0.08691840706011578, 0.0901282076751828, 0.09340525227760128, 0.0966312744477036, 0.09967866284982667, 0.1024549000528245, 0.10492659173891086, 0.10711669626139114, 0.10909071396184615, 0.110943969964763, 0.11278729290107374, 0.11472500846555908, 0.11682852495768498, 0.11911586305695718, 0.12154492776781357, 0.12402354822738056, 0.126438785082656, 0.12870530116427692, 0.13081913630714243, 0.1328862672632039, 0.13509546252719476, 0.13763327999459088, 0.14058138125675426, 0.14386145236758777, 0.14727708500739736, 0.150652074021128, 0.15402424935127235, 0.1578724892896937, 0.16342612218562994, 0.17312869648310744, 0.1911487704310773, 0.22340383983510326, 0.27616845849847027, 0.35261204005768143, 0.44806325328192953, 0.5468704708636186, 0.6244788932342753, 0.6559349012275784, 0.6272451377357096, 0.5427395766817088]]}