{"S_Ks": [[0.0004365960378250028]], "S_Q": [[1.017891920931654]], "S_T_Ks": [[0.00038362000410770624]], "S_T_Q": [[1.0153142626939002]]}