{"S_min_Ks": [[-9.588808154622531e-05]], "S_min_Q": [[0.9840584798072587]], "S_Ks": [[0.0004365960378250028]], "S_Q": [[1.017891920931654]], "S_max_Ks": [[0.0010453074426806101]], "S_max_Q": [[1.0579114116444726]], "S_T_min_Ks": [[-0.02397735893602453]], "S_T_min_Q": [[0.9878674975681458]], "S_T_Ks": [[0.00038362000410770624]], "S_T_Q": [[1.0153142626939002]], "S_T_max_Ks": [[0.029130514929435334]], "S_T_max_Q": [[1.0453069918810984]]}