{"Min": [[7.5793583434165654]], "SD_min": [[14.753071437063921]], "Mean": [[16.68574001619388]], "SD_max": [[18.61840859532384]], "Max": [[18.521922767717847]]}