{"Min": [[12.419498513433034]], "SD_min": [[14.390906578776669]], "Mean": [[15.079722577739323]], "SD_max": [[15.768538576701978]], "Max": [[16.93875341156643]]}