{"Min": [[12.58935642627494]], "SD_min": [[14.392504705453298]], "Mean": [[15.079549582187061]], "SD_max": [[15.766594458920824]], "Max": [[16.74539210776816]]}