{"Min": [[12.419498552841098]], "SD_min": [[14.390906589038913]], "Mean": [[15.07972258076634]], "SD_max": [[15.768538572493767]], "Max": [[16.938753426879423]]}