{"output": [[12.419498513433034, 12.46514755280812, 12.510796592183203, 12.556445631558288, 12.602094670933374, 12.647743710308458, 12.693392749683543, 12.739041789058627, 12.784690828433712, 12.830339867808798, 12.875988907183881, 12.921637946558967, 12.967286985934052, 13.012936025309136, 13.058585064684221, 13.104234104059307, 13.14988314343439, 13.195532182809476, 13.24118122218456, 13.286830261559645, 13.33247930093473, 13.378128340309814, 13.4237773796849, 13.469426419059985, 13.515075458435069, 13.560724497810154, 13.606373537185238, 13.652022576560324, 13.697671615935409, 13.743320655310495, 13.788969694685578, 13.834618734060664, 13.880267773435747, 13.925916812810833, 13.971565852185918, 14.017214891561002, 14.062863930936087, 14.108512970311171, 14.154162009686257, 14.199811049061342, 14.245460088436428, 14.291109127811511, 14.336758167186597, 14.38240720656168, 14.428056245936766, 14.473705285311851, 14.519354324686935, 14.56500336406202, 14.610652403437104, 14.65630144281219, 14.701950482187275, 14.74759952156236, 14.793248560937444, 14.83889760031253, 14.884546639687613, 14.930195679062699, 14.975844718437784, 15.021493757812868, 15.067142797187953, 15.112791836563037, 15.158440875938123, 15.204089915313208, 15.249738954688294, 15.295387994063377, 15.341037033438463, 15.386686072813546, 15.432335112188632, 15.477984151563717, 15.523633190938801, 15.569282230313886, 15.61493126968897, 15.660580309064056, 15.706229348439141, 15.751878387814227, 15.79752742718931, 15.843176466564396, 15.88882550593948, 15.934474545314565, 15.98012358468965, 16.025772624064736, 16.07142166343982, 16.117070702814903, 16.16271974218999, 16.208368781565074, 16.25401782094016, 16.29966686031524, 16.345315899690327, 16.390964939065412, 16.436613978440498, 16.482263017815583, 16.52791205719067, 16.573561096565754, 16.619210135940836, 16.66485917531592, 16.710508214691007, 16.756157254066093, 16.801806293441174, 16.84745533281626, 16.893104372191345, 16.93875341156643]], "PDF": [[0.0007163267515221207, 0.0007859825131377578, 0.0007552539055033659, 0.0007087222137771393, 0.0007738905191785161, 0.0010303784341735788, 0.0014476149442783908, 0.0019180995794016223, 0.002363785726334202, 0.0028049347420733887, 0.003322493413283888, 0.003981168735200955, 0.004812194965614205, 0.005847117817356846, 0.007135207972121705, 0.008731475583723306, 0.01068664999573261, 0.013055651369265446, 0.015917461927955606, 0.019390593924563986, 0.023635084813895042, 0.028852282941751694, 0.03529531868914485, 0.04325739016240454, 0.0529736199686946, 0.06446517649913434, 0.07750304868039894, 0.09179337821599647, 0.10716995157956591, 0.1235069042244355, 0.14044837221693363, 0.15732819597604028, 0.173414425489216, 0.18827342469657196, 0.20202951323321114, 0.21538607079556757, 0.22926205022015989, 0.24411960681055497, 0.2595660652583091, 0.27476200781251864, 0.28923442717636605, 0.30315638417739105, 0.31693745247248706, 0.3308010832963318, 0.34462435576415024, 0.357814658753048, 0.3694590026333402, 0.3790660406057728, 0.38727890492391936, 0.39566234140302364, 0.40562763435029, 0.41736130677542804, 0.4296380620923344, 0.44078972267706257, 0.4500992408838298, 0.45844531848220954, 0.46765113159648797, 0.4789589884793702, 0.4918302535420341, 0.504345830795124, 0.5150278071031725, 0.5240838481364766, 0.5326197039458879, 0.5408880991503148, 0.5475700978620333, 0.5505579530884073, 0.5484383784452664, 0.5417376843205427, 0.5328561692159561, 0.5242731812182824, 0.5164901833157636, 0.5076718365776908, 0.49499795367041327, 0.47622253417649973, 0.45059029086809504, 0.4193035659992209, 0.385426106736544, 0.352527039001687, 0.3224056329714357, 0.29389700368620125, 0.26421316585181454, 0.23167213942263135, 0.1972351969633807, 0.1636538092304164, 0.13343134740863355, 0.10761289973411672, 0.08609033533937578, 0.06844037151804849, 0.054207914567058826, 0.04273532487069143, 0.0332339074279367, 0.025154900035400943, 0.01835785537068292, 0.012921222076991583, 0.008893408000432687, 0.0061763125289648006, 0.004501894292413579, 0.0034807084421105933, 0.0027338367411538604, 0.00203469545326986]]}