{"output": [[7.5793583434165654, 7.689889297197387, 7.800420250978208, 7.910951204759028, 8.02148215853985, 8.13201311232067, 8.242544066101491, 8.353075019882313, 8.463605973663133, 8.574136927443954, 8.684667881224776, 8.795198835005596, 8.905729788786418, 9.016260742567239, 9.126791696348059, 9.237322650128881, 9.347853603909702, 9.458384557690522, 9.568915511471344, 9.679446465252164, 9.789977419032986, 9.900508372813807, 10.011039326594627, 10.12157028037545, 10.23210123415627, 10.342632187937092, 10.453163141717912, 10.563694095498732, 10.674225049279555, 10.784756003060375, 10.895286956841197, 11.005817910622017, 11.116348864402838, 11.22687981818366, 11.33741077196448, 11.447941725745302, 11.558472679526123, 11.669003633306943, 11.779534587087763, 11.890065540868585, 12.000596494649407, 12.111127448430228, 12.221658402211048, 12.332189355991868, 12.44272030977269, 12.553251263553511, 12.663782217334333, 12.774313171115153, 12.884844124895974, 12.995375078676796, 13.105906032457616, 13.216436986238438, 13.326967940019259, 13.437498893800079, 13.5480298475809, 13.658560801361721, 13.769091755142544, 13.879622708923364, 13.990153662704184, 14.100684616485005, 14.211215570265827, 14.321746524046649, 14.43227747782747, 14.54280843160829, 14.65333938538911, 14.763870339169932, 14.874401292950754, 14.984932246731574, 15.095463200512395, 15.205994154293215, 15.316525108074037, 15.427056061854858, 15.53758701563568, 15.6481179694165, 15.75864892319732, 15.869179876978142, 15.979710830758963, 16.090241784539785, 16.200772738320605, 16.311303692101426, 16.42183464588225, 16.532365599663066, 16.64289655344389, 16.75342750722471, 16.86395846100553, 16.974489414786355, 17.08502036856717, 17.195551322347995, 17.306082276128816, 17.416613229909636, 17.527144183690456, 17.637675137471277, 17.7482060912521, 17.85873704503292, 17.96926799881374, 18.07979895259456, 18.190329906375382, 18.300860860156206, 18.411391813937026, 18.521922767717847]], "PDF": [[0.0004432558329773803, 0.0005259585566904186, 0.000627120579755888, 0.0008166934219045731, 0.00106228459996501, 0.001289457232121232, 0.0014955385174095842, 0.0017185992418104017, 0.001970080197542211, 0.002250805022512419, 0.0025645777674418164, 0.0029019053911543916, 0.0032471424128905405, 0.0036008151890284225, 0.00399549747075729, 0.004481247937039304, 0.005064186286399648, 0.005685247770415645, 0.006279016520409866, 0.0068114532125676955, 0.00729564865130803, 0.00781273060674762, 0.008427870593628553, 0.009092036212800471, 0.009745501689679737, 0.010420782120159148, 0.01110418017883537, 0.011655336625969704, 0.01201626452521256, 0.012381089050387142, 0.013056175430771403, 0.014149656685632745, 0.015376128751340668, 0.01628529315704924, 0.016785424563134022, 0.01722535059542724, 0.0179091048953386, 0.018807093664224308, 0.019686481904609088, 0.02030968198912259, 0.020636099776609133, 0.020917624782099766, 0.02147824453602732, 0.022406210407515, 0.023532756997577047, 0.024673113404693022, 0.02580109348044512, 0.026979404208759095, 0.028276396521470504, 0.029830304455360935, 0.031820693575450275, 0.03431247183620277, 0.03727053950742562, 0.040703375365986214, 0.04459337513790314, 0.04865077956739933, 0.05233755834488596, 0.055298491127569495, 0.05762777981990806, 0.059585770700480725, 0.0612841468424684, 0.06274075842759182, 0.06404717178657314, 0.06536436484235346, 0.06676325577292103, 0.0682336027408678, 0.06991476527258694, 0.07206279638053367, 0.07478143882136849, 0.07820544289618621, 0.0829218224908882, 0.08955952682491117, 0.09788623686457538, 0.1069863774302168, 0.1162634759021801, 0.12551084877121482, 0.1342594112452238, 0.1420617660361373, 0.14934379665986766, 0.1571096879193113, 0.16584713909992496, 0.17516021277737256, 0.18410540366122646, 0.19178798137480926, 0.1981643559599058, 0.20410493140001673, 0.2105268441816952, 0.2178934138894511, 0.2260749868076766, 0.23404271109631494, 0.24042258390391227, 0.24486864492519977, 0.24903362687208042, 0.2588290537312143, 0.28941963874361976, 0.36270257447002807, 0.4786566222399732, 0.5786794852987184, 0.5732864874750399, 0.43893684807419076]]}