{"output": [[12.58935642627494, 12.63133658467386, 12.673316743072782, 12.715296901471703, 12.757277059870624, 12.799257218269547, 12.841237376668468, 12.88321753506739, 12.92519769346631, 12.967177851865232, 13.009158010264153, 13.051138168663075, 13.093118327061996, 13.135098485460919, 13.17707864385984, 13.219058802258761, 13.261038960657682, 13.303019119056604, 13.344999277455525, 13.386979435854446, 13.428959594253367, 13.47093975265229, 13.512919911051211, 13.554900069450133, 13.596880227849054, 13.638860386247975, 13.680840544646896, 13.722820703045818, 13.764800861444739, 13.806781019843662, 13.848761178242583, 13.890741336641504, 13.932721495040425, 13.974701653439347, 14.016681811838268, 14.058661970237189, 14.10064212863611, 14.142622287035032, 14.184602445433955, 14.226582603832876, 14.268562762231797, 14.310542920630718, 14.35252307902964, 14.39450323742856, 14.436483395827482, 14.478463554226405, 14.520443712625326, 14.562423871024247, 14.604404029423169, 14.64638418782209, 14.688364346221011, 14.730344504619932, 14.772324663018853, 14.814304821417775, 14.856284979816696, 14.898265138215619, 14.94024529661454, 14.982225455013461, 15.024205613412382, 15.066185771811304, 15.108165930210225, 15.150146088609148, 15.19212624700807, 15.23410640540699, 15.276086563805912, 15.318066722204833, 15.360046880603754, 15.402027039002675, 15.444007197401596, 15.485987355800518, 15.527967514199439, 15.56994767259836, 15.611927830997283, 15.653907989396204, 15.695888147795126, 15.737868306194047, 15.779848464592968, 15.82182862299189, 15.863808781390812, 15.905788939789733, 15.947769098188655, 15.989749256587576, 16.031729414986497, 16.07370957338542, 16.11568973178434, 16.15766989018326, 16.199650048582182, 16.241630206981103, 16.283610365380024, 16.325590523778946, 16.36757068217787, 16.40955084057679, 16.451530998975713, 16.493511157374634, 16.535491315773555, 16.577471474172476, 16.619451632571398, 16.66143179097032, 16.70341194936924, 16.74539210776816]], "PDF": [[0.0021753057934919147, 0.002202031393595195, 0.002185759210712358, 0.0021679425285802954, 0.0022031722019317085, 0.002352430078305632, 0.0026756429193777343, 0.003225173267916416, 0.004041549651004829, 0.005152210530224366, 0.0065734778455820726, 0.008315463382552426, 0.010389145611904602, 0.012814423491944501, 0.015627591917685823, 0.018886494625527207, 0.022671735931927665, 0.02708288259194386, 0.03222955868157446, 0.038218558588723604, 0.04513924340150184, 0.05305014371357491, 0.06196956195212923, 0.07187200558421523, 0.08269077867058186, 0.094325550011034, 0.10665275486297474, 0.11953657772571215, 0.13283890654110847, 0.14642759787570991, 0.16018310440178335, 0.1740036555515253, 0.18780881194488214, 0.20154074538808237, 0.21516252214345583, 0.2286532305251848, 0.2420007977635319, 0.25519424033849863, 0.2682173311493214, 0.2810450586319671, 0.29364313823146637, 0.3059698908228287, 0.3179795874033546, 0.32962691284465445, 0.34087296373583176, 0.35169335781737804, 0.36208811030453186, 0.37209118418189746, 0.3817760160929972, 0.3912530294532179, 0.40065685077501095, 0.41012434138895465, 0.4197683618113097, 0.4296546425093142, 0.4397888057835481, 0.45011711072841704, 0.4605389921590062, 0.4709243023602682, 0.48112604722782354, 0.49098201905176003, 0.5003055335352844, 0.5088734682387319, 0.5164246058447131, 0.5226793743282869, 0.52738292951989, 0.5303605156513722, 0.5315632752657193, 0.5310802144817135, 0.5291007673533791, 0.5258302762254328, 0.5213810912380765, 0.5156762875041186, 0.5084042861955224, 0.4990489204390117, 0.4869948739528778, 0.4716819586261714, 0.45276365924376355, 0.4302229032341899, 0.4044119837671307, 0.37600824357791973, 0.34590285399100185, 0.31505753763100314, 0.2843683155953426, 0.25456692947129106, 0.2261746027486211, 0.1995059842907777, 0.17470888929609968, 0.15182032127113262, 0.13082075831393153, 0.11167447101913429, 0.09435085479398052, 0.07882808845543957, 0.06508455515542795, 0.0530850423245203, 0.04276814045346527, 0.03403922882919751, 0.026770817858831595, 0.02080957599287006, 0.01598765963947821, 0.012135260406386203]]}