{"output": [[12.419498552841098, 12.465147591972798, 12.5107966311045, 12.556445670236199, 12.602094709367899, 12.6477437484996, 12.6933927876313, 12.739041826763, 12.7846908658947, 12.8303399050264, 12.8759889441581, 12.9216379832898, 12.967287022421502, 13.012936061553201, 13.058585100684901, 13.104234139816603, 13.149883178948302, 13.195532218080002, 13.241181257211704, 13.286830296343403, 13.332479335475103, 13.378128374606803, 13.423777413738504, 13.469426452870204, 13.515075492001904, 13.560724531133605, 13.606373570265305, 13.652022609397005, 13.697671648528704, 13.743320687660406, 13.788969726792105, 13.834618765923807, 13.880267805055507, 13.925916844187206, 13.971565883318906, 14.017214922450608, 14.062863961582307, 14.108513000714007, 14.154162039845708, 14.199811078977408, 14.245460118109108, 14.291109157240808, 14.336758196372509, 14.382407235504209, 14.42805627463591, 14.47370531376761, 14.51935435289931, 14.56500339203101, 14.610652431162709, 14.65630147029441, 14.70195050942611, 14.747599548557812, 14.793248587689511, 14.838897626821211, 14.88454666595291, 14.930195705084612, 14.975844744216312, 15.021493783348012, 15.067142822479713, 15.112791861611413, 15.158440900743113, 15.204089939874812, 15.249738979006514, 15.295388018138214, 15.341037057269915, 15.386686096401615, 15.432335135533314, 15.477984174665014, 15.523633213796716, 15.569282252928415, 15.614931292060115, 15.660580331191817, 15.706229370323516, 15.751878409455216, 15.797527448586916, 15.843176487718617, 15.888825526850317, 15.934474565982018, 15.980123605113718, 16.025772644245418, 16.071421683377118, 16.117070722508817, 16.162719761640517, 16.20836880077222, 16.25401783990392, 16.29966687903562, 16.34531591816732, 16.39096495729902, 16.436613996430722, 16.48226303556242, 16.52791207469412, 16.57356111382582, 16.61921015295752, 16.66485919208922, 16.71050823122092, 16.756157270352624, 16.80180630948432, 16.847455348616023, 16.893104387747723, 16.938753426879423]], "PDF": [[0.0007163262896434538, 0.000785982006144739, 0.0007552538082752405, 0.0007087227821372049, 0.0007738915455132916, 0.0010303793592012955, 0.0014476153473779922, 0.0019180995935161873, 0.002363785867170822, 0.0028049353342039013, 0.0033224943706309574, 0.003981169895466894, 0.00481219636811304, 0.005847119596255098, 0.007135210189520961, 0.00873147824868363, 0.010686653177079952, 0.013055655268617052, 0.01591746685079726, 0.01939060017952788, 0.023635092686083384, 0.028852292791565412, 0.0352953308859366, 0.04325740455636533, 0.05297363538839399, 0.06446519131262607, 0.07750306219110295, 0.09179339091714003, 0.107169963528882, 0.12350691381316146, 0.14044837724163686, 0.15732819566691683, 0.17341442129982032, 0.18827341969544284, 0.20202951082362242, 0.2153860727171369, 0.22926205478233358, 0.24411961009445574, 0.25956606527396237, 0.27476200663049866, 0.28923442802735655, 0.30315638790920474, 0.31693745792615324, 0.33080108884333437, 0.34462435899454086, 0.3578146576396402, 0.36945899913761, 0.3790660409393765, 0.38727891456262936, 0.395662360279869, 0.40562765649885174, 0.4173613246591606, 0.42963807291198564, 0.4407897311196042, 0.45009925542441614, 0.4584453444911318, 0.46765116622772357, 0.4789590216491562, 0.49183027649382144, 0.5043458448422384, 0.5150278213592305, 0.5240838679982631, 0.5326197248164807, 0.5408881116266401, 0.5475700960015807, 0.5505579387797028, 0.5484383614289043, 0.5417376759757523, 0.5328561721593007, 0.5242731859126302, 0.5164901764165368, 0.5076718107413998, 0.4949979096540979, 0.47622247825373826, 0.45059023327632514, 0.4193035185215026, 0.3854260753713199, 0.3525270172838649, 0.3224056065238565, 0.2938969642277889, 0.26421311981942786, 0.23167210206084787, 0.19723517900946227, 0.16365380989640502, 0.13343135870483425, 0.10761291489779902, 0.08609035186984476, 0.0684403881777241, 0.054207929137409225, 0.042735335853736955, 0.03323391574288768, 0.025154907637825907, 0.018357863175058536, 0.012921229787526889, 0.008893414911008441, 0.00617631789266867, 0.004501897573994948, 0.0034807097421079504, 0.0027338368732729612, 0.0020346954474324197]]}