{"S_Ks": [[0.004995320929110385]], "S_Q": [[0.995104524351669]], "S_T_Ks": [[0.00574656177555815]], "S_T_Q": [[0.9845391568173677]]}