{"S_min_Ks": [[0.0009999658066401212]], "S_min_Q": [[0.9339977645251338]], "S_Ks": [[0.00871622552611447]], "S_Q": [[1.0918897282420301]], "S_max_Ks": [[0.014881005842029916]], "S_max_Q": [[1.2234241460797692]], "S_T_min_Ks": [[-0.08265683774449982]], "S_T_min_Q": [[0.9377680702817612]], "S_T_Ks": [[0.0035468258768358058]], "S_T_Q": [[1.0455670400903248]], "S_T_max_Ks": [[0.08336345029584251]], "S_T_max_Q": [[1.167755687634652]]}