{"S_Ks": [[0.00871622552611447]], "S_Q": [[1.0918897282420301]], "S_T_Ks": [[0.0035468258768358058]], "S_T_Q": [[1.0455670400903248]]}