{"S_min_Ks": [[0.0024902987828760662]], "S_min_Q": [[0.9495334879499622]], "S_Ks": [[0.004995322554724317]], "S_Q": [[0.9951045227769016]], "S_max_Ks": [[0.007451089444653067]], "S_max_Q": [[1.0436359038100385]], "S_T_min_Ks": [[-0.020277692966821425]], "S_T_min_Q": [[0.9487510422365295]], "S_T_Ks": [[0.00574656312569745]], "S_T_Q": [[0.9845391547577015]], "S_T_max_Ks": [[0.03377155365233181]], "S_T_max_Q": [[1.0184917996082827]]}