{"S_Ks": [[0.00029147243999227344]], "S_Q": [[1.0026520760727171]], "S_T_Ks": [[0.00038483340577184994]], "S_T_Q": [[0.9904454736392075]]}