{"S_min_Ks": [[0.0024902975310359112]], "S_min_Q": [[0.9495334895040846]], "S_Ks": [[0.004995320929110385]], "S_Q": [[0.995104524351669]], "S_max_Ks": [[0.007451087606200024]], "S_max_Q": [[1.0436359056208722]], "S_T_min_Ks": [[-0.02027769421186968]], "S_T_min_Q": [[0.9487510446111707]], "S_T_Ks": [[0.00574656177555815]], "S_T_Q": [[0.9845391568173677]], "S_T_max_Ks": [[0.033771551441107925]], "S_T_max_Q": [[1.0184918012242075]]}