{"S_min_Ks": [[-0.00026520604862389325]], "S_min_Q": [[0.9300362034544913]], "S_Ks": [[0.00029147243999227344]], "S_Q": [[1.0026520760727171]], "S_max_Ks": [[0.0008879504901489533]], "S_max_Q": [[1.079894354407544]], "S_T_min_Ks": [[-0.05470683053098468]], "S_T_min_Q": [[0.9313253249029336]], "S_T_Ks": [[0.00038483340577184994]], "S_T_Q": [[0.9904454736392075]], "S_T_max_Ks": [[0.036903158800546204]], "S_T_max_Q": [[1.0341576748586059]]}