{"S_Ks": [[0.004995322554724317]], "S_Q": [[0.9951045227769016]], "S_T_Ks": [[0.00574656312569745]], "S_T_Q": [[0.9845391547577015]]}