{"Min": [[-0.7087093620222955]], "SD_min": [[18.285051411134933]], "Mean": [[20.747718283543282]], "SD_max": [[23.21038515595163]], "Max": [[47.33054204536788]]}