{"Min": [[15.202907273959738]], "SD_min": [[18.952393265808446]], "Mean": [[19.83592170618748]], "SD_max": [[20.719450146566516]], "Max": [[22.180186545596957]]}