{"Min": [[15.227795597094863]], "SD_min": [[18.961989695054022]], "Mean": [[19.83652321668873]], "SD_max": [[20.711056738323435]], "Max": [[22.1681491743193]]}