{"Min": [[15.477523411389932]], "SD_min": [[18.960794999862745]], "Mean": [[19.836240481603735]], "SD_max": [[20.711685963344724]], "Max": [[22.51067321629995]]}