{"Min": [[15.004087564773174]], "SD_min": [[18.953656488361503]], "Mean": [[19.835455097022344]], "SD_max": [[20.717253705683184]], "Max": [[22.410020321941566]]}