{"output": [[-70.64719521078572, -68.89536530226418, -67.14353539374265, -65.39170548522111, -63.63987557669958, -61.888045668178044, -60.13621575965651, -58.384385851134965, -56.632555942613436, -54.88072603409189, -53.128896125570364, -51.37706621704882, -49.625236308527285, -47.87340640000575, -46.12157649148421, -44.36974658296268, -42.61791667444114, -40.866086765919604, -39.11425685739807, -37.36242694887653, -35.610597040354996, -33.85876713183346, -32.106937223311924, -30.355107314790388, -28.603277406268845, -26.85144749774731, -25.099617589225772, -23.347787680704236, -21.5959577721827, -19.844127863661164, -18.092297955139628, -16.340468046618092, -14.588638138096556, -12.83680822957502, -11.084978321053484, -9.333148412531948, -7.581318504010412, -5.829488595488868, -4.0776586869673395, -2.3258287784457963, -0.5739988699242673, 1.177831038597276, 2.929660947118805, 4.681490855640348, 6.433320764161877, 8.18515067268342, 9.93698058120495, 11.688810489726492, 13.440640398248036, 15.192470306769565, 16.944300215291108, 18.696130123812637, 20.44796003233418, 22.19978994085571, 23.951619849377252, 25.70344975789878, 27.455279666420324, 29.207109574941853, 30.958939483463396, 32.710769391984925, 34.46259930050647, 36.214429209028, 37.96625911754954, 39.71808902607107, 41.46991893459261, 43.221748843114156, 44.973578751635685, 46.72540866015723, 48.47723856867876, 50.2290684772003, 51.98089838572183, 53.73272829424337, 55.4845582027649, 57.236388111286445, 58.98821801980799, 60.74004792832952, 62.491877836851046, 64.24370774537257, 65.99553765389413, 67.74736756241566, 69.49919747093719, 71.25102737945875, 73.00285728798028, 74.7546871965018, 76.50651710502333, 78.25834701354489, 80.01017692206642, 81.76200683058795, 83.51383673910948, 85.26566664763104, 87.01749655615257, 88.7693264646741, 90.52115637319562, 92.27298628171718, 94.02481619023871, 95.77664609876024, 97.5284760072818, 99.28030591580332, 101.03213582432485, 102.7839657328464]], "PDF": [[2.4371604632452827e-05, 1.4315284577316636e-05, 8.488450087288704e-06, 2.0449344028306067e-05, 2.1846123032787263e-05, 7.553764966125861e-06, 2.508190878866655e-06, 1.4279087034750107e-05, 4.295691485572934e-05, 5.515072339573492e-05, 5.018700520947672e-05, 5.362867575782095e-05, 4.6461742792133406e-05, 2.0871661404438885e-05, 1.7967524945592508e-05, 3.905648131079421e-05, 5.913716692421345e-05, 6.468930623743992e-05, 8.19052101628441e-05, 0.00010462984784515657, 0.00011236372352046154, 9.762451817001648e-05, 6.168298319434915e-05, 6.129218589497809e-05, 7.051697082877657e-05, 5.7880201450421904e-05, 7.747859750704549e-05, 0.00012811550450576918, 0.0001571618166702046, 0.0001751799014544704, 0.00021222869366351442, 0.00032838775162697314, 0.0004131766453072883, 0.0003685551810900144, 0.0003577614712221138, 0.00042331030865732836, 0.0004383425610369196, 0.0004416704975089926, 0.0004926798088181484, 0.0006361081083992517, 0.0008064021917769138, 0.0009056216651494931, 0.0011171622139184633, 0.0015396165242698766, 0.0018810924540899813, 0.0024965012545247593, 0.006066925786326927, 0.01922224790412546, 0.04129391290199649, 0.06262258731725395, 0.08600167795183457, 0.10455165266986993, 0.10124322590737991, 0.07449377217443497, 0.040422394224477756, 0.014290922412515766, 0.003351528174272728, 0.0010325589400874845, 0.0005125224934350377, 0.0002874716169091387, 0.00014455908513572702, 9.923562597736453e-05, 9.495323941528684e-05, 5.765236891283802e-05, 2.7894755598359672e-05, 4.302366422290965e-05, 6.059151311754065e-05, 6.840445835748857e-05, 6.632229201544753e-05, 3.0908682646164276e-05, 5.480384753487712e-06, 3.425225802005255e-07, 7.238016912190427e-09, 5.045600479836791e-11, 1.143895539742595e-13, 8.292195527764498e-15, 5.413713862488359e-12, 1.1376493235628362e-09, 7.617392513702456e-08, 1.625133570640002e-06, 1.1047311341289947e-05, 2.39281394369656e-05, 1.6513763971105408e-05, 3.6313492540442744e-06, 2.544337814998519e-07, 5.68023534774202e-09, 4.040570536180255e-11, 9.158067923433368e-14, 6.613781347697815e-17, 1.5218807049602175e-20, 1.3018686876194036e-24, 3.1023690761860224e-21, 1.648380320513897e-17, 2.790655247870178e-14, 1.5053578787358587e-11, 2.587367609380548e-09, 1.4169721655238077e-07, 2.4725740473672047e-06, 1.3747448418733498e-05, 2.4354526828855183e-05]]}