{"output": [[-0.7087093620222955, -0.22346439831128362, 0.26178056539972827, 0.7470255291107402, 1.232270492821752, 1.7175154565327642, 2.202760420243776, 2.6880053839547875, 3.1732503476657996, 3.6584953113768117, 4.143740275087824, 4.628985238798835, 5.114230202509847, 5.599475166220859, 6.0847201299318705, 6.569965093642883, 7.055210057353895, 7.540455021064906, 8.025699984775919, 8.51094494848693, 8.996189912197943, 9.481434875908954, 9.966679839619966, 10.451924803330979, 10.93716976704199, 11.422414730753001, 11.907659694464014, 12.392904658175025, 12.878149621886037, 13.36339458559705, 13.84863954930806, 14.333884513019074, 14.819129476730085, 15.304374440441096, 15.789619404152107, 16.274864367863124, 16.760109331574135, 17.245354295285146, 17.730599258996158, 18.21584422270717, 18.70108918641818, 19.18633415012919, 19.671579113840203, 20.156824077551214, 20.642069041262225, 21.127314004973236, 21.612558968684255, 22.097803932395266, 22.583048896106277, 23.068293859817288, 23.5535388235283, 24.03878378723931, 24.524028750950322, 25.009273714661333, 25.494518678372344, 25.979763642083356, 26.465008605794367, 26.950253569505385, 27.435498533216396, 27.920743496927408, 28.40598846063842, 28.89123342434943, 29.37647838806044, 29.861723351771452, 30.346968315482464, 30.832213279193475, 31.317458242904486, 31.802703206615497, 32.28794817032651, 32.77319313403752, 33.25843809774854, 33.74368306145955, 34.22892802517056, 34.71417298888157, 35.19941795259258, 35.684662916303594, 36.169907880014605, 36.65515284372562, 37.14039780743663, 37.62564277114764, 38.11088773485866, 38.59613269856967, 39.08137766228068, 39.56662262599169, 40.0518675897027, 40.537112553413714, 41.022357517124725, 41.507602480835736, 41.99284744454675, 42.47809240825776, 42.96333737196877, 43.44858233567979, 43.9338272993908, 44.41907226310181, 44.90431722681282, 45.38956219052383, 45.874807154234844, 46.360052117945855, 46.84529708165687, 47.33054204536788]], "PDF": [[6.795821494185135e-05, 5.663728654772902e-05, 5.000736997822794e-05, 6.631321650303306e-05, 7.057408007237956e-05, 6.605174116932895e-05, 8.334022948816663e-05, 0.00010328012750303035, 9.883912526476234e-05, 7.512736953020701e-05, 7.034825812990139e-05, 0.0001052470790009985, 0.00014915853332760404, 0.00020415997891952417, 0.0003058689311252745, 0.0004036530487686971, 0.0004126899983383949, 0.0003486332992239683, 0.00031232787305990485, 0.0003818533340264201, 0.0005097198338067221, 0.0006014575167109493, 0.0007083001249637622, 0.0009527840291378365, 0.0012176357766920357, 0.0012938668726767547, 0.0013699075602155405, 0.0017127499841586022, 0.0022626033015182663, 0.0030046691657189405, 0.004031289322669715, 0.00549208370123726, 0.0075011210361785085, 0.009922237264497976, 0.01275774668046661, 0.016703940095819672, 0.022526357376339044, 0.03056502779643679, 0.0423701109705546, 0.0623139868060857, 0.09507048019409281, 0.14034784961931426, 0.1908431936904416, 0.2315265263935647, 0.24637818363157757, 0.23022167070572863, 0.18968242839511795, 0.14016797683488, 0.09752643613931519, 0.06730081837915673, 0.047029333181144384, 0.033657322988243685, 0.02491760661728505, 0.018817444447070827, 0.014359031606885552, 0.011146532521409302, 0.008852249658055101, 0.00715108927282535, 0.005831493096313953, 0.004882991336547192, 0.004095626154977588, 0.0033601520073475014, 0.0026705372930158487, 0.0019688071799701446, 0.0014418630279046183, 0.0013125125721856247, 0.0013780831209698255, 0.0012561464588568235, 0.0009592023090611665, 0.0006745066750363729, 0.0004486274599614067, 0.0003532532490135622, 0.0004098094771462682, 0.0004738821588763662, 0.0004393060506200521, 0.0003564422219723754, 0.00028553490015951143, 0.0002160159971294661, 0.0001470290947883197, 0.00010533136217918773, 0.0001131753518162222, 0.00014910860741620862, 0.0001744265649166621, 0.00019811866880677234, 0.0002225721988121328, 0.0002005015901626876, 0.00011846758543863144, 4.093985181684909e-05, 7.81378055806736e-06, 8.008333529148551e-07, 4.345495470613428e-08, 1.2390606729537126e-09, 2.4923533103609193e-11, 4.68087379577082e-10, 1.7584186640835247e-08, 3.417436171282156e-07, 3.435008809572565e-06, 1.785683971942532e-05, 4.800988300407984e-05, 6.675841188213213e-05]]}