{"output": [[15.477523411389932, 15.548565328611245, 15.619607245832558, 15.690649163053871, 15.761691080275185, 15.832732997496498, 15.903774914717811, 15.974816831939124, 16.045858749160438, 16.116900666381753, 16.187942583603064, 16.25898450082438, 16.33002641804569, 16.401068335267006, 16.472110252488317, 16.543152169709632, 16.614194086930944, 16.68523600415226, 16.75627792137357, 16.827319838594885, 16.898361755816197, 16.96940367303751, 17.040445590258823, 17.11148750748014, 17.18252942470145, 17.253571341922765, 17.324613259144076, 17.39565517636539, 17.466697093586703, 17.537739010808018, 17.608780928029333, 17.679822845250644, 17.750864762471956, 17.82190667969327, 17.892948596914586, 17.963990514135897, 18.03503243135721, 18.106074348578524, 18.17711626579984, 18.24815818302115, 18.319200100242465, 18.390242017463777, 18.461283934685092, 18.532325851906403, 18.60336776912772, 18.67440968634903, 18.745451603570345, 18.816493520791656, 18.88753543801297, 18.958577355234283, 19.029619272455598, 19.10066118967691, 19.171703106898224, 19.242745024119536, 19.31378694134085, 19.384828858562162, 19.455870775783477, 19.52691269300479, 19.597954610226104, 19.66899652744742, 19.74003844466873, 19.811080361890042, 19.882122279111357, 19.953164196332672, 20.024206113553983, 20.095248030775295, 20.16628994799661, 20.237331865217925, 20.308373782439237, 20.379415699660548, 20.450457616881863, 20.521499534103178, 20.59254145132449, 20.663583368545805, 20.734625285767116, 20.80566720298843, 20.876709120209743, 20.947751037431058, 21.01879295465237, 21.089834871873684, 21.160876789094996, 21.23191870631631, 21.302960623537622, 21.374002540758937, 21.44504445798025, 21.516086375201564, 21.587128292422875, 21.65817020964419, 21.729212126865505, 21.800254044086817, 21.871295961308128, 21.942337878529443, 22.013379795750758, 22.08442171297207, 22.15546363019338, 22.226505547414696, 22.29754746463601, 22.368589381857323, 22.439631299078634, 22.51067321629995]], "PDF": [[0.0002960599789873242, 0.0002888132716161224, 0.0002674885745489378, 0.00028385235692210447, 0.00036010842223542787, 0.0004929511943262552, 0.0006853235755914292, 0.0009322226313011039, 0.0011701358868447425, 0.0012922934975873762, 0.001254047021693441, 0.0011528804484824651, 0.001188225452973944, 0.0015329884071771677, 0.0022092699655665393, 0.0030550365489227754, 0.003828550640773833, 0.004385973410158475, 0.004764106039769222, 0.005086684083982832, 0.005426376617844057, 0.005779045704115253, 0.006124363752241058, 0.0064859555419981086, 0.0069854559911649355, 0.007864147741733553, 0.00940742197900356, 0.011813706381419485, 0.01510688105337369, 0.019121732709640946, 0.02360098678274207, 0.028398292323454172, 0.03356658353258242, 0.03920042513750238, 0.04526310814436648, 0.05155277643965676, 0.057753861254490765, 0.06375255009331185, 0.07020114596535067, 0.07855501367990189, 0.09016120108279065, 0.10532310878812379, 0.12331858632428866, 0.14306660545883168, 0.1635715582132761, 0.18390242159600165, 0.20322391925419986, 0.22131940144044898, 0.23913526192096332, 0.2584268548221663, 0.2803626165838143, 0.3041788692547171, 0.32750910659177335, 0.3486103574821307, 0.36807426319459263, 0.38770788136287726, 0.4079097482995951, 0.42660349638888484, 0.44048588253189913, 0.4473049752691138, 0.4476369250322584, 0.4446662044122051, 0.44171949050359155, 0.43957897016169895, 0.4360909686820423, 0.4283937754900641, 0.4154516840091937, 0.3986136168087813, 0.3804610340170796, 0.3635076668915946, 0.3493324344081617, 0.3380487156975156, 0.3282189300594632, 0.3173631328442703, 0.30312311454937313, 0.2846151586289445, 0.2627954959756801, 0.2395096843225537, 0.21639092916158692, 0.19436841919876657, 0.17353179552109776, 0.15332999750398582, 0.13314936627171745, 0.1128454107699805, 0.09292691761210065, 0.0743651442268272, 0.05807638736068394, 0.04442451667180854, 0.033200062740639975, 0.024051132476664717, 0.01684502609036659, 0.011579994277148797, 0.00805521659566173, 0.005773061731905059, 0.004186413773128526, 0.0029695665846277957, 0.0020358059374323556, 0.0013741465838164532, 0.0009327026504541709, 0.00062773791697808]]}