{"output": [[15.004087564773174, 15.078894966360734, 15.153702367948293, 15.228509769535853, 15.303317171123412, 15.378124572710972, 15.452931974298531, 15.52773937588609, 15.60254677747365, 15.67735417906121, 15.75216158064877, 15.826968982236329, 15.901776383823888, 15.976583785411448, 16.05139118699901, 16.12619858858657, 16.201005990174128, 16.275813391761687, 16.350620793349247, 16.425428194936806, 16.500235596524366, 16.575042998111925, 16.649850399699485, 16.724657801287044, 16.799465202874604, 16.874272604462163, 16.949080006049723, 17.023887407637282, 17.098694809224842, 17.1735022108124, 17.24830961239996, 17.32311701398752, 17.39792441557508, 17.47273181716264, 17.5475392187502, 17.62234662033776, 17.697154021925318, 17.771961423512877, 17.846768825100437, 17.921576226687996, 17.996383628275556, 18.071191029863115, 18.145998431450675, 18.220805833038234, 18.295613234625794, 18.370420636213353, 18.445228037800913, 18.520035439388472, 18.594842840976032, 18.66965024256359, 18.74445764415115, 18.81926504573871, 18.89407244732627, 18.96887984891383, 19.04368725050139, 19.11849465208895, 19.193302053676508, 19.268109455264067, 19.342916856851627, 19.417724258439186, 19.492531660026746, 19.567339061614305, 19.642146463201865, 19.716953864789424, 19.791761266376984, 19.866568667964543, 19.941376069552103, 20.016183471139662, 20.09099087272722, 20.16579827431478, 20.24060567590234, 20.3154130774899, 20.39022047907746, 20.46502788066502, 20.53983528225258, 20.614642683840138, 20.689450085427698, 20.764257487015257, 20.839064888602817, 20.913872290190376, 20.988679691777936, 21.063487093365495, 21.138294494953055, 21.213101896540614, 21.287909298128174, 21.362716699715733, 21.437524101303293, 21.512331502890852, 21.58713890447841, 21.66194630606597, 21.73675370765353, 21.81156110924109, 21.88636851082865, 21.96117591241621, 22.03598331400377, 22.110790715591328, 22.185598117178888, 22.260405518766447, 22.335212920354007, 22.410020321941566]], "PDF": [[0.00022485150192602514, 0.00020583431848173362, 0.00015815407980180707, 0.00010338088910935587, 6.214501547139594e-05, 4.695418235798803e-05, 6.395645428176463e-05, 0.00011655327945201729, 0.00020437307349741612, 0.0003196590313534895, 0.00044823306610044747, 0.0005771946769202774, 0.0007024162485287779, 0.0008282431764819398, 0.0009612485022420491, 0.001106197991296118, 0.001267571790180899, 0.0014533831043741063, 0.0016779242655193358, 0.001960632694569801, 0.002317461029425143, 0.002747584489081945, 0.003227886562026396, 0.003724111448588688, 0.004213833982378833, 0.004710351227942722, 0.005277923257497639, 0.006028076887029637, 0.007091389465377699, 0.008575935447004938, 0.010538419422400377, 0.012987317692746064, 0.015905878596275017, 0.019260333598417747, 0.02298882524565018, 0.027014872971197004, 0.031307047380530445, 0.035930578923031274, 0.04102782225591074, 0.04675257273216919, 0.053253201128680004, 0.06074769812472806, 0.06959701796350093, 0.08022582574170974, 0.09288435805361918, 0.10746441232804234, 0.12358566852863186, 0.14089544460815717, 0.15928695433822915, 0.17883314071760067, 0.19954400729287253, 0.2212148207659062, 0.24349355989940832, 0.26608369773476964, 0.28891397728036444, 0.3120912598855929, 0.3355312274903667, 0.35849392827375626, 0.3795537643806797, 0.3972329526806874, 0.41080776703453126, 0.42056837571258954, 0.42737275099672606, 0.43197000102969957, 0.4346226935670575, 0.43515951846356055, 0.4332558070019764, 0.42869871638866897, 0.42148844655863293, 0.41174755647892364, 0.3995918242799082, 0.38518045852545413, 0.368917412692501, 0.3515215723459711, 0.3338207733042094, 0.3164448828076042, 0.2996405282449934, 0.2832402384561468, 0.26673255519400974, 0.24943689405383235, 0.23077623699728142, 0.2105292697377787, 0.18890731556454676, 0.16642817664184756, 0.14371746130902074, 0.12138306614462857, 0.09999194956473133, 0.08008673746778384, 0.062182872235172514, 0.04672631881349023, 0.0340192665902297, 0.024140338083290636, 0.01689869497152121, 0.011857775627618663, 0.008438530411367577, 0.006070693690288451, 0.004326434607426195, 0.002972712255149652, 0.001927221415241898, 0.0011667570138434416]]}