{"output": [[15.227795597094863, 15.297900178682989, 15.368004760271115, 15.43810934185924, 15.508213923447366, 15.57831850503549, 15.648423086623616, 15.718527668211742, 15.788632249799868, 15.858736831387994, 15.92884141297612, 15.998945994564245, 16.06905057615237, 16.139155157740497, 16.209259739328623, 16.27936432091675, 16.349468902504874, 16.419573484093, 16.489678065681126, 16.559782647269248, 16.629887228857374, 16.6999918104455, 16.770096392033626, 16.84020097362175, 16.910305555209877, 16.980410136798003, 17.05051471838613, 17.120619299974255, 17.19072388156238, 17.260828463150506, 17.330933044738632, 17.401037626326758, 17.471142207914884, 17.54124678950301, 17.611351371091136, 17.68145595267926, 17.751560534267384, 17.82166511585551, 17.891769697443635, 17.96187427903176, 18.031978860619887, 18.102083442208013, 18.17218802379614, 18.242292605384264, 18.31239718697239, 18.382501768560516, 18.452606350148642, 18.522710931736768, 18.592815513324894, 18.66292009491302, 18.733024676501145, 18.80312925808927, 18.873233839677397, 18.943338421265523, 19.01344300285365, 19.083547584441774, 19.1536521660299, 19.223756747618022, 19.29386132920615, 19.363965910794274, 19.4340704923824, 19.504175073970526, 19.57427965555865, 19.644384237146777, 19.714488818734903, 19.78459340032303, 19.854697981911155, 19.92480256349928, 19.994907145087407, 20.065011726675532, 20.135116308263658, 20.20522088985178, 20.275325471439906, 20.345430053028032, 20.415534634616158, 20.485639216204284, 20.55574379779241, 20.625848379380535, 20.69595296096866, 20.766057542556787, 20.836162124144913, 20.90626670573304, 20.976371287321165, 21.04647586890929, 21.116580450497416, 21.186685032085542, 21.256789613673668, 21.326894195261794, 21.39699877684992, 21.467103358438045, 21.53720794002617, 21.607312521614297, 21.677417103202423, 21.74752168479055, 21.81762626637867, 21.887730847966797, 21.957835429554923, 22.02794001114305, 22.098044592731174, 22.1681491743193]], "PDF": [[0.00027219339785271545, 0.00025552809893023427, 0.0002158206506233361, 0.00019587565380605856, 0.0002197735205204094, 0.00027777170387843086, 0.000351575848328134, 0.0004565175063516237, 0.000648273565828633, 0.0009676660618351143, 0.00137151156001252, 0.0017337012640320413, 0.0019304348779620323, 0.0019225325241950416, 0.0017568344831211879, 0.0015141410306768177, 0.0012757814697148169, 0.0011190344813072064, 0.0011025737311509765, 0.0012373944338359183, 0.0014843994987095966, 0.0017985667115390034, 0.002183711538036098, 0.002712186768191069, 0.003500792077522268, 0.00465395551589141, 0.006191484129532065, 0.008012946894943935, 0.009958690910533887, 0.011945580572607238, 0.014058855230262679, 0.016487637763607677, 0.019331661066875616, 0.0224750417542387, 0.025697925084581578, 0.02893821667691584, 0.03245505205119168, 0.03677345987587231, 0.042424076107235156, 0.049565637735697596, 0.057832586954542416, 0.06675845592469788, 0.07640494031152938, 0.08734937240235223, 0.09997311089718684, 0.11398604602275357, 0.12879873051281718, 0.14421442566177844, 0.1605266235771527, 0.17788718231044, 0.19574919182145065, 0.21315595083439046, 0.22963519765409882, 0.24572374094462568, 0.2626681725533322, 0.28178255475856756, 0.30394746018868657, 0.3291549019887367, 0.3560462983303436, 0.38196268240537773, 0.40394368093338134, 0.4201180358269494, 0.4303281572716079, 0.43558073524923835, 0.43712050864959473, 0.43606033175784376, 0.4334640763776265, 0.4301567059465649, 0.4262933802906068, 0.421411072613656, 0.41501521491497206, 0.4069903406950058, 0.39751287818367437, 0.3868208428632981, 0.3751559127547038, 0.3627821656641403, 0.3499351150012051, 0.33674993411266624, 0.3231303300362613, 0.308496433037814, 0.2917629566268313, 0.27189185678504096, 0.2485945348900401, 0.2224866908885293, 0.1947375463683159, 0.16674938887890745, 0.13998115526770957, 0.11565627363861071, 0.09442254056986778, 0.07631557613556497, 0.06102785046487984, 0.04815372055763607, 0.037294203981446776, 0.028131388222320336, 0.020476875282786147, 0.014241188621392216, 0.009366862446726769, 0.005773943710028603, 0.0033179034512923387, 0.0017763419513916528]]}