{"output": [[-70.64719521078572, -68.89536530226418, -67.14353539374265, -65.39170548522111, -63.63987557669958, -61.888045668178044, -60.13621575965651, -58.384385851134965, -56.632555942613436, -54.88072603409189, -53.128896125570364, -51.37706621704882, -49.625236308527285, -47.87340640000575, -46.12157649148421, -44.36974658296268, -42.61791667444114, -40.866086765919604, -39.11425685739807, -37.36242694887653, -35.610597040354996, -33.85876713183346, -32.106937223311924, -30.355107314790388, -28.603277406268845, -26.85144749774731, -25.099617589225772, -23.347787680704236, -21.5959577721827, -19.844127863661164, -18.092297955139628, -16.340468046618092, -14.588638138096556, -12.83680822957502, -11.084978321053484, -9.333148412531948, -7.581318504010412, -5.829488595488868, -4.0776586869673395, -2.3258287784457963, -0.5739988699242673, 1.177831038597276, 2.929660947118805, 4.681490855640348, 6.433320764161877, 8.18515067268342, 9.93698058120495, 11.688810489726492, 13.440640398248036, 15.192470306769565, 16.944300215291108, 18.696130123812637, 20.44796003233418, 22.19978994085571, 23.951619849377252, 25.70344975789878, 27.455279666420324, 29.207109574941853, 30.958939483463396, 32.710769391984925, 34.46259930050647, 36.214429209028, 37.96625911754954, 39.71808902607107, 41.46991893459261, 43.221748843114156, 44.973578751635685, 46.72540866015723, 48.47723856867876, 50.2290684772003, 51.98089838572183, 53.73272829424337, 55.4845582027649, 57.236388111286445, 58.98821801980799, 60.74004792832952, 62.491877836851046, 64.24370774537257, 65.99553765389413, 67.74736756241566, 69.49919747093719, 71.25102737945875, 73.00285728798028, 74.7546871965018, 76.50651710502333, 78.25834701354489, 80.01017692206642, 81.76200683058795, 83.51383673910948, 85.26566664763104, 87.01749655615257, 88.7693264646741, 90.52115637319562, 92.27298628171718, 94.02481619023871, 95.77664609876024, 97.5284760072818, 99.28030591580332, 101.03213582432485, 102.7839657328464]], "PDF": [[2.4371633666590243e-05, 1.431527774511433e-05, 8.488426440281786e-06, 2.0449358001662803e-05, 2.184614352293117e-05, 7.553751783320522e-06, 2.5081744557019914e-06, 1.4279063563027475e-05, 4.29569370486399e-05, 5.515074449534394e-05, 5.018699067984965e-05, 5.3628687288258697e-05, 4.6461769945609955e-05, 2.0871631176697344e-05, 1.796749759050031e-05, 3.9056483220209486e-05, 5.91371879325285e-05, 6.468928870959335e-05, 8.190520375818229e-05, 0.00010462986533590485, 0.0001123637456327166, 9.762455085023314e-05, 6.168293303188508e-05, 6.12921751286276e-05, 7.051700657392352e-05, 5.788015950447747e-05, 7.747855709413145e-05, 0.00012811553900597098, 0.0001571618239001883, 0.00017517989298881768, 0.0002122285856954123, 0.0003283877849694988, 0.00041317681563274604, 0.0003685551309897006, 0.00035776136402155927, 0.0004233103918947823, 0.0004383425676702512, 0.00044167044799497084, 0.0004926797034599667, 0.000636108066157934, 0.0008064023064298687, 0.0009056215435377541, 0.0011171619261352577, 0.001539616680703446, 0.0018810923175650264, 0.0024964986893829325, 0.006066915130753128, 0.019222236862435505, 0.04129391608197128, 0.06262258355269718, 0.08600168191346581, 0.10455167724158458, 0.10124325271505531, 0.07449377921293499, 0.04042238557824445, 0.014290904587786462, 0.003351519419133226, 0.0010325575860721768, 0.0005125222316527763, 0.00028747155562577746, 0.00014455896839579919, 9.923558007506412e-05, 9.495328982277226e-05, 5.765235906847715e-05, 2.7894698043883846e-05, 4.302366690019513e-05, 6.059152550523084e-05, 6.840446233852714e-05, 6.632233889669506e-05, 3.090866524396601e-05, 5.4803617805913145e-06, 3.4251902365972096e-07, 7.237877342276167e-09, 5.0454443204364396e-11, 1.143843605563417e-13, 8.29176921968578e-15, 5.413520748773437e-12, 1.1376233865041935e-09, 7.617295930315754e-08, 1.6251249366099335e-06, 1.1047303615420378e-05, 2.3928167218591034e-05, 1.6513768402343408e-05, 3.631336989304762e-06, 2.5443129407478186e-07, 5.680127831241022e-09, 4.0404459533965984e-11, 9.157651317506993e-14, 6.61336533473152e-17, 1.5217542917260337e-20, 1.3017299145712916e-24, 3.1020995060455414e-21, 1.6482711234379966e-17, 2.790520316949616e-14, 1.5053078864380714e-11, 2.5873137378414833e-09, 1.416956316257254e-07, 2.4725634088174436e-06, 1.374744604058933e-05, 2.4354556140993593e-05]]}