{"output": [[15.202907273959738, 15.273384842360114, 15.34386241076049, 15.414339979160866, 15.484817547561242, 15.555295115961618, 15.625772684361994, 15.69625025276237, 15.766727821162746, 15.837205389563122, 15.907682957963498, 15.978160526363874, 16.04863809476425, 16.119115663164624, 16.189593231565002, 16.260070799965376, 16.330548368365754, 16.40102593676613, 16.471503505166506, 16.54198107356688, 16.612458641967258, 16.682936210367632, 16.75341377876801, 16.823891347168384, 16.894368915568762, 16.964846483969136, 17.035324052369514, 17.10580162076989, 17.176279189170266, 17.24675675757064, 17.317234325971015, 17.387711894371392, 17.45818946277177, 17.528667031172144, 17.59914459957252, 17.669622167972896, 17.740099736373274, 17.81057730477365, 17.881054873174023, 17.9515324415744, 18.022010009974775, 18.092487578375152, 18.162965146775527, 18.233442715175904, 18.30392028357628, 18.374397851976656, 18.44487542037703, 18.51535298877741, 18.585830557177783, 18.65630812557816, 18.726785693978535, 18.797263262378912, 18.867740830779287, 18.938218399179664, 19.00869596758004, 19.079173535980416, 19.14965110438079, 19.220128672781165, 19.290606241181543, 19.36108380958192, 19.431561377982295, 19.50203894638267, 19.572516514783047, 19.642994083183424, 19.7134716515838, 19.783949219984173, 19.85442678838455, 19.92490435678493, 19.995381925185303, 20.065859493585677, 20.136337061986055, 20.206814630386432, 20.277292198786807, 20.34776976718718, 20.41824733558756, 20.488724903987933, 20.55920247238831, 20.629680040788685, 20.700157609189063, 20.770635177589437, 20.841112745989815, 20.91159031439019, 20.982067882790567, 21.05254545119094, 21.12302301959132, 21.193500587991693, 21.26397815639207, 21.334455724792445, 21.40493329319282, 21.475410861593197, 21.545888429993575, 21.61636599839395, 21.686843566794323, 21.7573211351947, 21.82779870359508, 21.898276271995453, 21.968753840395827, 22.039231408796205, 22.109708977196583, 22.180186545596957]], "PDF": [[0.00025528509722174975, 0.00023705642895907635, 0.00019337084896505134, 0.00015992485017547834, 0.000163855705236762, 0.00020565398935136158, 0.0002627358406508119, 0.0003127783977041343, 0.000358547591485248, 0.00043024260078206543, 0.0005599857036365006, 0.0007512732625572758, 0.0009713761984109711, 0.0011743399825749387, 0.0013388918940126255, 0.001491316503512461, 0.0016892156672990222, 0.001977612612909446, 0.0023603236991857506, 0.00280847123615221, 0.0032816379826473394, 0.0037373787429886046, 0.004142416720015328, 0.004501027563714703, 0.004879386891020078, 0.005393907031279793, 0.006169505696334139, 0.007310892246873938, 0.008909014510696103, 0.011048917034579823, 0.013780312161761597, 0.017061114710132885, 0.020717793229147654, 0.024481597754091634, 0.028141265121291618, 0.03173172608195736, 0.035561688818600466, 0.03999713793054505, 0.045195980330128824, 0.051077306848116684, 0.05756471733549467, 0.06484940258610859, 0.07340170369862975, 0.08369983947740205, 0.0958949524529819, 0.10970171732591359, 0.12462729162936041, 0.14035394774637666, 0.15694532909374553, 0.17468282618407865, 0.1936576095109994, 0.2134962668891699, 0.23349177641010266, 0.25303474254477526, 0.27204429721453, 0.2911300778387851, 0.3112195403340457, 0.3326283492558319, 0.35425353483025185, 0.3738518296744676, 0.38941196966815167, 0.40042390483775864, 0.4079580764041883, 0.41366372639914434, 0.4186361888690115, 0.42298051008519855, 0.42616707069638, 0.4276146267710754, 0.42699864029961565, 0.4243067972658973, 0.41975175060381675, 0.41346837748748705, 0.4052253249005548, 0.3946271615280316, 0.38167105982350247, 0.36693020148245853, 0.3511341729113229, 0.3347116843501552, 0.3177371629961062, 0.30009277465566103, 0.2815618248275601, 0.261892323635522, 0.24092992848524286, 0.2187422847440507, 0.19561286537251354, 0.17191429772902445, 0.14801713223788365, 0.12436555486552334, 0.10163263163764909, 0.08071941597969037, 0.06249189301900862, 0.047422241424241715, 0.03542771555349195, 0.02603458048100927, 0.01869649590342115, 0.012998996623889524, 0.0086677575166979, 0.005493495855542234, 0.0032808981140333556, 0.0018329431793455088]]}