{"output": [[-70.64719521078572, -68.89536530226418, -67.14353539374265, -65.39170548522111, -63.63987557669958, -61.888045668178044, -60.13621575965651, -58.384385851134965, -56.632555942613436, -54.88072603409189, -53.128896125570364, -51.37706621704882, -49.625236308527285, -47.87340640000575, -46.12157649148421, -44.36974658296268, -42.61791667444114, -40.866086765919604, -39.11425685739807, -37.36242694887653, -35.610597040354996, -33.85876713183346, -32.106937223311924, -30.355107314790388, -28.603277406268845, -26.85144749774731, -25.099617589225772, -23.347787680704236, -21.5959577721827, -19.844127863661164, -18.092297955139628, -16.340468046618092, -14.588638138096556, -12.83680822957502, -11.084978321053484, -9.333148412531948, -7.581318504010412, -5.829488595488868, -4.0776586869673395, -2.3258287784457963, -0.5739988699242673, 1.177831038597276, 2.929660947118805, 4.681490855640348, 6.433320764161877, 8.18515067268342, 9.93698058120495, 11.688810489726492, 13.440640398248036, 15.192470306769565, 16.944300215291108, 18.696130123812637, 20.44796003233418, 22.19978994085571, 23.951619849377252, 25.70344975789878, 27.455279666420324, 29.207109574941853, 30.958939483463396, 32.710769391984925, 34.46259930050647, 36.214429209028, 37.96625911754954, 39.71808902607107, 41.46991893459261, 43.221748843114156, 44.973578751635685, 46.72540866015723, 48.47723856867876, 50.2290684772003, 51.98089838572183, 53.73272829424337, 55.4845582027649, 57.236388111286445, 58.98821801980799, 60.74004792832952, 62.491877836851046, 64.24370774537257, 65.99553765389413, 67.74736756241566, 69.49919747093719, 71.25102737945875, 73.00285728798028, 74.7546871965018, 76.50651710502333, 78.25834701354489, 80.01017692206642, 81.76200683058795, 83.51383673910948, 85.26566664763104, 87.01749655615257, 88.7693264646741, 90.52115637319562, 92.27298628171718, 94.02481619023871, 95.77664609876024, 97.5284760072818, 99.28030591580332, 101.03213582432485, 102.7839657328464]], "PDF": [[2.4371639057170782e-05, 1.4315276476622022e-05, 8.48842204989761e-06, 2.0449360596003944e-05, 2.18461473272014e-05, 7.553749335753996e-06, 2.5081714065287872e-06, 1.4279059205184986e-05, 4.295694116905267e-05, 5.5150748412767475e-05, 5.01869879822256e-05, 5.362868942903552e-05, 4.646177498702177e-05, 2.0871625564510285e-05, 1.7967492511665676e-05, 3.905648357471882e-05, 5.913719183300661e-05, 6.46892854553102e-05, 8.190520256907257e-05, 0.00010462986858329409, 0.00011236374973814378, 9.76245569177612e-05, 6.168292371854501e-05, 6.129217312971245e-05, 7.05170132104994e-05, 5.788015171664992e-05, 7.7478549590931e-05, 0.00012811554541140632, 0.0001571618252425193, 0.00017517989141707942, 0.00021222856564967805, 0.0003283877911599769, 0.00041317684725595324, 0.0003685551216879004, 0.00035776134411832466, 0.0004233104073489563, 0.0004383425689018051, 0.00044167043880204404, 0.0004926796838988309, 0.000636108058315252, 0.0008064023277167558, 0.0009056215209589384, 0.001117161872704428, 0.0015396167097474825, 0.0018810922922175336, 0.002496498213131535, 0.006066913152405579, 0.01922223481239824, 0.04129391667238004, 0.06262258285375227, 0.08600168264899062, 0.10455168180364405, 0.10124325769226344, 0.07449378051972862, 0.04042238397295729, 0.014290901278388118, 0.0033515177936269984, 0.0010325573346822309, 0.0005125221830495102, 0.0002874715442477598, 0.00014455894672148035, 9.923557155269524e-05, 9.495329918160791e-05, 5.765235724073871e-05, 2.7894687358124758e-05, 4.302366739727645e-05, 6.0591527805171716e-05, 6.840446307764791e-05, 6.632234760083327e-05, 3.090866201300778e-05, 5.480357515370056e-06, 3.425183633434558e-07, 7.2378514295130695e-09, 5.0454153278442815e-11, 1.143833963533661e-13, 8.291690072182992e-15, 5.4134848953328564e-12, 1.1376185709999556e-09, 7.617277998424049e-08, 1.62512333358893e-06, 1.1047302181004306e-05, 2.3928172376624888e-05, 1.651376922505806e-05, 3.631334712191871e-06, 2.544308322529608e-07, 5.680107869557248e-09, 4.04042282332384e-11, 9.157573971013368e-14, 6.613288099124097e-17, 1.5217308225389322e-20, 1.3017041510888687e-24, 3.1020494592467135e-21, 1.6482508503060754e-17, 2.7904952658996886e-14, 1.5052986048678836e-11, 2.5873037359775725e-09, 1.4169533736436446e-07, 2.472561433629718e-06, 1.3747445599050052e-05, 2.4354561583188275e-05]]}