{"S_min_Ks": [[0.5631167239077695]], "S_min_Q": [[0.38814519642758816]], "S_Ks": [[0.5895154680340556]], "S_Q": [[0.41842726877069736]], "S_max_Ks": [[0.61162206248029]], "S_max_Q": [[0.44520738350854205]], "S_T_min_Ks": [[0.5514852313272794]], "S_T_min_Q": [[0.403741240489119]], "S_T_Ks": [[0.5912510318630011]], "S_T_Q": [[0.43466259032507154]], "S_T_max_Ks": [[0.6232216846881485]], "S_T_max_Q": [[0.4619553485269756]]}