{"S_Ks": [[0.5895154680340556]], "S_Q": [[0.41842726877069736]], "S_T_Ks": [[0.5912510318630011]], "S_T_Q": [[0.43466259032507154]]}