{"S_min_Ks": [[0.5440487327018051]], "S_min_Q": [[0.39181178832889985]], "S_Ks": [[0.5745724174864417]], "S_Q": [[0.423697626011327]], "S_max_Ks": [[0.6019538555240779]], "S_max_Q": [[0.44707598677962973]], "S_T_min_Ks": [[0.5440045435880719]], "S_T_min_Q": [[0.38008792650942397]], "S_T_Ks": [[0.5898036761163602]], "S_T_Q": [[0.4106633825676999]], "S_T_max_Ks": [[0.632160173621063]], "S_T_max_Q": [[0.4382468759959733]]}