{"S_Ks": [[0.5922746322096449]], "S_Q": [[0.4207684723915823]], "S_T_Ks": [[0.590968098388711]], "S_T_Q": [[0.4318249089055553]]}