{"S_min_Ks": [[0.5348128353754634]], "S_min_Q": [[0.38418972962535]], "S_Ks": [[0.5647567329713351]], "S_Q": [[0.41164511545189614]], "S_max_Ks": [[0.6007086623060478]], "S_max_Q": [[0.44068230821514726]], "S_T_min_Ks": [[0.53923374591314]], "S_T_min_Q": [[0.38686271310114223]], "S_T_Ks": [[0.5733708032002455]], "S_T_Q": [[0.41435579127888417]], "S_T_max_Ks": [[0.6135000228343902]], "S_T_max_Q": [[0.44183857167648694]]}