{"S_min_Ks": [[0.06453217760647421]], "S_min_Q": [[0.8628872403190124]], "S_Ks": [[0.07512708776414577]], "S_Q": [[0.9841152810876371]], "S_max_Ks": [[0.0829029590378399]], "S_max_Q": [[1.0793696899246767]], "S_T_min_Ks": [[0.007630615227604193]], "S_T_min_Q": [[0.8495391054169342]], "S_T_Ks": [[0.08177409599826053]], "S_T_Q": [[0.9202413971332665]], "S_T_max_Ks": [[0.15596751017166022]], "S_T_max_Q": [[0.9826738787774992]]}