{"S_Ks": [[0.07512708776414577]], "S_Q": [[0.9841152810876371]], "S_T_Ks": [[0.08177409599826053]], "S_T_Q": [[0.9202413971332665]]}