{"S_Ks": [[0.5647567329713351]], "S_Q": [[0.41164511545189614]], "S_T_Ks": [[0.5733708032002455]], "S_T_Q": [[0.41435579127888417]]}