{"S_min_Ks": [[0.5652861042872142]], "S_min_Q": [[0.39158357367172947]], "S_Ks": [[0.5922746322096449]], "S_Q": [[0.4207684723915823]], "S_max_Ks": [[0.6136706552518201]], "S_max_Q": [[0.44741328052085383]], "S_T_min_Ks": [[0.556624147462175]], "S_T_min_Q": [[0.40077684620938075]], "S_T_Ks": [[0.590968098388711]], "S_T_Q": [[0.4318249089055553]], "S_T_max_Ks": [[0.6209723104486345]], "S_T_max_Q": [[0.4590247024848607]]}