{"S_Ks": [[0.5745724174864417]], "S_Q": [[0.423697626011327]], "S_T_Ks": [[0.5898036761163602]], "S_T_Q": [[0.4106633825676999]]}