{"y": [16000.0, 16000.0, 16000.0, 16000.0, 8000.0, 16000.0, 24000.0, 32000.0, 0.9654958489527268, 1.0, -0.7392106816518375, -0.7066765588820967, 6.880472700111446, 8.498060961965344, -2.3554919150739866, -0.5005538609296721], "x": [8000.0, 8000.0, 8000.0, 8000.0, 8000.0, 16000.0, 24000.0, 32000.0, 1.0, 0.9654958489527268, -0.5527531531609969, -0.5048597048724214, 5.976072918455953, 6.880472700111446, -1.477041288776203, -0.29988093890971085], "Covariance": [32000.0, 32000.0, 32000.0, 32000.0, 8000.0, 16000.0, 24000.0, 32000.0, -0.5048597048724214, -0.7066765588820967, 0.9914181352626484, 1.0, -0.29988093890971085, -0.5005538609296721, 0.2633179896130913, 0.059039193703539085], "Correlation-YY": [24000.0, 24000.0, 24000.0, 24000.0, 8000.0, 16000.0, 24000.0, 32000.0, -0.5527531531609969, -0.7392106816518375, 1.0, 0.9914181352626484, -1.477041288776203, -2.3554919150739866, 1.1948322215820257, 0.2633179896130913]}