{"SD_max": [-0.4670455641747351, -9.711030395959519, 5.671180754719395, -4.869556210180992], "Min": [16000.0, -9.97384083351613, 2.765967064747371, -9.4674187096713], "Max": [-1.0198707492093577, -9.997634828951643, 5.606405384681963, -8.671404225915973], "SD_min": [24000.0, 0.999396332641048, -8.560839590775604, 12.479935911285043], "x": [8000.0, -9.81351404710843, 3.3352885436802215, -7.41064878559169], "Mean": [32000.0, -0.07447125518722109, -9.732526769311471, 12.475318879888338]}