{"S_Q": [0.16494114071178126], "S_T_min_Q": [0.17904799607885524], "S_max_Q": [0.242134598798258], "S_T_max_Ks": [0.9600046988398165], "S_T_min_Ks": [0.7028175498216772], "S_min_Ks": [0.5126344305865311], "S_min_Q": [0.09901454116386652], "S_T_Ks": [0.8294019541104546], "S_T_Q": [0.2991105558446356], "S_max_Ks": [0.6796622499892769], "S_T_max_Q": [0.39423132305914343], "S_Ks": [0.5941892470790416]}