{"S_Q": [24000.0, 0.39504848254108693, 0.8776367848791103, 0.04042363115652923], "x": [8000.0, 0.23884522129465255, 0.8459572466769846, 0.07011063585043513], "S_T_Q": [0.4916612928410629, 0.13407295909495068, 0.8965533369235781, 0.10517718133152781], "S_Ks": [16000.0, 0.7894504974480179, 0.269935199305527, 0.8521438282843637], "S_T_Ks": [32000.0, 0.6190361067152962, 0.04199536408943233, 0.9000564254918556]}