{"Min": [[6.800966005878003]], "SD_min": [[14.538281188728934]], "Mean": [[16.33882385619206]], "SD_max": [[18.139366523655188]], "Max": [[18.30253055517793]]}