{"output": [[6.800966005878003, 6.917143425567901, 7.0333208452577995, 7.149498264947698, 7.265675684637596, 7.381853104327494, 7.498030524017392, 7.6142079437072905, 7.730385363397189, 7.846562783087087, 7.962740202776986, 8.078917622466884, 8.195095042156781, 8.31127246184668, 8.427449881536578, 8.543627301226477, 8.659804720916375, 8.775982140606274, 8.892159560296172, 9.008336979986069, 9.124514399675968, 9.240691819365866, 9.356869239055765, 9.473046658745663, 9.589224078435562, 9.70540149812546, 9.821578917815359, 9.937756337505256, 10.053933757195153, 10.170111176885053, 10.28628859657495, 10.40246601626485, 10.518643435954747, 10.634820855644646, 10.750998275334544, 10.867175695024443, 10.98335311471434, 11.099530534404238, 11.215707954094137, 11.331885373784036, 11.448062793473934, 11.564240213163831, 11.680417632853729, 11.796595052543628, 11.912772472233527, 12.028949891923425, 12.145127311613322, 12.261304731303222, 12.37748215099312, 12.493659570683018, 12.609836990372916, 12.726014410062813, 12.842191829752712, 12.958369249442612, 13.07454666913251, 13.190724088822407, 13.306901508512306, 13.423078928202205, 13.539256347892103, 13.655433767582, 13.771611187271898, 13.887788606961797, 14.003966026651696, 14.120143446341594, 14.236320866031491, 14.35249828572139, 14.46867570541129, 14.584853125101187, 14.701030544791085, 14.817207964480984, 14.933385384170881, 15.04956280386078, 15.165740223550678, 15.281917643240577, 15.398095062930475, 15.514272482620372, 15.630449902310271, 15.746627322000169, 15.862804741690068, 15.978982161379966, 16.095159581069865, 16.211337000759762, 16.32751442044966, 16.443691840139557, 16.559869259829455, 16.676046679519356, 16.792224099209253, 16.908401518899154, 17.024578938589052, 17.14075635827895, 17.256933777968847, 17.373111197658744, 17.48928861734864, 17.60546603703854, 17.72164345672844, 17.837820876418338, 17.95399829610824, 18.070175715798136, 18.186353135488034, 18.30253055517793]], "PDF": [[0.00036566504237054126, 0.00040604129877882134, 0.00036808138217427067, 0.00036477092346955364, 0.0004986046400058869, 0.0007282662784428612, 0.0009214136376698121, 0.0010400547700612104, 0.0011684828999503558, 0.0013450292992511059, 0.001533011172748666, 0.0017340415517049824, 0.0019674002287391815, 0.0022233037923188315, 0.00249616958465588, 0.0027941730677058466, 0.003102883638755155, 0.0034027302557343582, 0.00373550789586323, 0.004140940513279122, 0.004583413879033172, 0.005034549272559202, 0.0055029158884703135, 0.005956026440168718, 0.006365216052641347, 0.006811845842254263, 0.007359900913074921, 0.007916731234625544, 0.008414651296592399, 0.008955512074344118, 0.009591433277409656, 0.010181859121212316, 0.010610080113109132, 0.010953072742128726, 0.011393873134754842, 0.012084380469501863, 0.013039860433174752, 0.014035104144711041, 0.014805207136893664, 0.015477042058313076, 0.016417591561372784, 0.017664245447802488, 0.018938406270247257, 0.019945911688602064, 0.020470633491170117, 0.02058634159613876, 0.02072658794956343, 0.02129802906762001, 0.022338513171188703, 0.023604543541963854, 0.024935669179655943, 0.02639343301089645, 0.028056697609930407, 0.030033067731216008, 0.03251028159450448, 0.035437187652529, 0.038439049260826724, 0.04124637753845309, 0.04394281738273183, 0.046785973794111854, 0.05002466074435473, 0.05369611053383332, 0.05756303541662671, 0.06150865372459783, 0.06563079462987728, 0.06994651175844377, 0.07450709094251616, 0.07951043280407386, 0.08504367949553224, 0.09093026513821191, 0.09698205879686092, 0.10336518996670639, 0.11040845695899844, 0.11802977903027342, 0.12588103157015174, 0.133933840489037, 0.1423477391809709, 0.15122455757090522, 0.16085295793660975, 0.17148718692645598, 0.18283202381907868, 0.19436553679935453, 0.2059310426100341, 0.21788734719311853, 0.2308154164187337, 0.24469354810249364, 0.2587672361660037, 0.27258581289487566, 0.2864793110902145, 0.3007048535195244, 0.3146362296439528, 0.3273545102124368, 0.338593785123756, 0.34853979370271554, 0.35697192515355397, 0.36269634483444807, 0.3623723495462227, 0.34593653966371596, 0.29632097420888204, 0.20951989555576064]]}