{"S_min_Ks": [[-0.0002421114253447241]], "S_min_Q": [[0.9262579754476044]], "S_Ks": [[1.3656675447493634e-05]], "S_Q": [[1.0054754756058983]], "S_max_Ks": [[0.0003127900190768612]], "S_max_Q": [[1.0891359237265532]], "S_T_min_Ks": [[-0.0596202269820314]], "S_T_min_Q": [[0.9249586451019955]], "S_T_Ks": [[-1.7766517479960096e-05]], "S_T_Q": [[0.9895040722245995]], "S_T_max_Ks": [[0.03759012049462286]], "S_T_max_Q": [[1.035702496169817]]}