{"S_Ks": [[1.3656675447493634e-05]], "S_Q": [[1.0054754756058983]], "S_T_Ks": [[-1.7766517479960096e-05]], "S_T_Q": [[0.9895040722245995]]}