{"Min": [[0.9474923460709785]], "SD_min": [[11.724948712215062]], "Mean": [[13.146200980265384]], "SD_max": [[14.567453248315706]], "Max": [[15.205856469793437]]}