{"Min": [[0.9475035248099655]], "SD_min": [[11.724948824707813]], "Mean": [[13.14620099897469]], "SD_max": [[14.567453173241567]], "Max": [[15.20585576747367]]}