{"Min": [[0.9474866534508717]], "SD_min": [[11.724948694243732]], "Mean": [[13.146200982907368]], "SD_max": [[14.567453271571004]], "Max": [[15.205856935293971]]}