{"Min": [[0.9474980395660193]], "SD_min": [[11.724948764785745]], "Mean": [[13.146200988332552]], "SD_max": [[14.567453211879359]], "Max": [[15.205856099176847]]}