{"output": [[0.9474923460709785, 1.0915162261085791, 1.2355401061461797, 1.3795639861837803, 1.5235878662213809, 1.6676117462589815, 1.811635626296582, 1.9556595063341826, 2.099683386371783, 2.243707266409384, 2.3877311464469844, 2.5317550264845847, 2.6757789065221855, 2.8198027865597863, 2.9638266665973867, 3.107850546634987, 3.251874426672588, 3.3958983067101887, 3.539922186747789, 3.6839460667853894, 3.82796994682299, 3.971993826860591, 4.116017706898191, 4.260041586935792, 4.4040654669733925, 4.548089347010993, 4.692113227048594, 4.836137107086194, 4.980160987123795, 5.124184867161396, 5.268208747198996, 5.412232627236596, 5.556256507274197, 5.700280387311798, 5.844304267349399, 5.988328147386999, 6.1323520274245995, 6.2763759074622, 6.4203997874998, 6.564423667537401, 6.708447547575002, 6.852471427612603, 6.996495307650203, 7.140519187687803, 7.284543067725404, 7.428566947763005, 7.572590827800605, 7.716614707838206, 7.8606385878758065, 8.004662467913407, 8.148686347951008, 8.292710227988607, 8.436734108026208, 8.580757988063809, 8.72478186810141, 8.86880574813901, 9.012829628176611, 9.156853508214212, 9.300877388251813, 9.444901268289414, 9.588925148327013, 9.732949028364613, 9.876972908402214, 10.020996788439815, 10.165020668477416, 10.309044548515017, 10.453068428552617, 10.597092308590218, 10.741116188627819, 10.885140068665418, 11.029163948703019, 11.17318782874062, 11.31721170877822, 11.461235588815821, 11.605259468853422, 11.749283348891023, 11.893307228928622, 12.037331108966223, 12.181354989003824, 12.325378869041424, 12.469402749079025, 12.613426629116626, 12.757450509154227, 12.901474389191828, 13.045498269229428, 13.189522149267027, 13.333546029304628, 13.477569909342229, 13.62159378937983, 13.76561766941743, 13.909641549455031, 14.053665429492632, 14.197689309530231, 14.341713189567832, 14.485737069605433, 14.629760949643034, 14.773784829680634, 14.917808709718235, 15.061832589755836, 15.205856469793437]], "PDF": [[0.0002076303385620512, 0.00015677752047457135, 6.749362121559718e-05, 1.656638030509628e-05, 2.3183472307080767e-06, 1.849759633858375e-07, 8.414689733849711e-09, 2.1836780733473156e-10, 1.540122264575734e-11, 6.952268329752778e-10, 2.2638108713785085e-08, 4.2050552541398144e-07, 4.460652780092768e-06, 2.7123125096384248e-05, 9.567541874079575e-05, 0.00020300264391103585, 0.00028372951320630783, 0.0003004198727234304, 0.00025289248849536623, 0.000152107779630771, 6.747401264579207e-05, 6.724836465750481e-05, 0.00016580131031815443, 0.0003305422495408946, 0.0005115082652589161, 0.000658137433764687, 0.0007136988152383406, 0.0007531378095347877, 0.0009360431981653905, 0.0012893331119600768, 0.001733366703813064, 0.0021000063531953703, 0.002218123165472092, 0.00205658792880336, 0.0018468741282513614, 0.002054238135990809, 0.002737441048796136, 0.0033514526121950937, 0.0038055138005381925, 0.004654511909778975, 0.0057228556877704055, 0.006451177268481819, 0.0071065612278539345, 0.0077504749658158685, 0.007811269734583066, 0.007640488960911231, 0.008349593605247799, 0.009752220027113455, 0.0107253623416546, 0.011001099415207936, 0.01110798328376305, 0.011540628095785242, 0.012465260474939344, 0.013727213121050703, 0.014546621954701994, 0.01443747534520502, 0.014374066449986133, 0.015487642003861922, 0.01747725649085553, 0.019472467550175065, 0.021709066762787003, 0.02444279477655419, 0.026836855161022164, 0.028532862635966376, 0.02975326327021619, 0.030302396545078433, 0.030272551196391304, 0.030754373738218453, 0.032586686307606326, 0.03563320573950183, 0.039391947286437363, 0.043585713400332134, 0.048789077473217604, 0.05505894796152471, 0.0613314207151361, 0.0668700615520185, 0.07146165427240142, 0.07636803470002426, 0.08454229786295332, 0.09761272845778145, 0.11414883132511698, 0.1338530238098697, 0.1626050726544269, 0.20611705181712286, 0.2640080741160543, 0.33827761194667527, 0.4340624651489821, 0.5426208926256253, 0.6315076728793407, 0.6621650741076761, 0.620054730100343, 0.5218519737535108, 0.39928905559291444, 0.2817085472491663, 0.18608468988915716, 0.11634853718631447, 0.06848008227074255, 0.03683991513831664, 0.017279143139396127, 0.006665552561176898]]}