{"output": [[0.9474866534508717, 1.091510595691711, 1.2355345379325504, 1.3795584801733898, 1.5235824224142291, 1.6676063646550685, 1.811630306895908, 1.9556542491367475, 2.0996781913775866, 2.2437021336184264, 2.3877260758592653, 2.531750018100105, 2.6757739603409445, 2.819797902581784, 2.9638218448226232, 3.1078457870634626, 3.251869729304302, 3.3958936715451413, 3.5399176137859807, 3.68394155602682, 3.8279654982676594, 3.971989440508499, 4.116013382749339, 4.2600373249901775, 4.404061267231017, 4.548085209471857, 4.692109151712696, 4.836133093953535, 4.980157036194375, 5.124180978435214, 5.2682049206760535, 5.412228862916892, 5.556252805157732, 5.700276747398572, 5.844300689639411, 5.988324631880251, 6.13234857412109, 6.2763725163619295, 6.420396458602768, 6.564420400843608, 6.708444343084447, 6.852468285325287, 6.996492227566126, 7.140516169806966, 7.284540112047805, 7.428564054288644, 7.572587996529483, 7.716611938770323, 7.860635881011163, 8.004659823252002, 8.14868376549284, 8.29270770773368, 8.43673164997452, 8.58075559221536, 8.7247795344562, 8.868803476697039, 9.012827418937878, 9.156851361178717, 9.300875303419556, 9.444899245660396, 9.588923187901235, 9.732947130142074, 9.876971072382913, 10.020995014623754, 10.165018956864593, 10.309042899105432, 10.453066841346272, 10.597090783587111, 10.74111472582795, 10.88513866806879, 11.02916261030963, 11.173186552550469, 11.317210494791308, 11.461234437032147, 11.605258379272987, 11.749282321513826, 11.893306263754665, 12.037330205995504, 12.181354148236345, 12.325378090477184, 12.469402032718023, 12.613425974958863, 12.757449917199702, 12.901473859440541, 13.04549780168138, 13.18952174392222, 13.33354568616306, 13.477569628403899, 13.621593570644738, 13.765617512885578, 13.909641455126417, 14.053665397367256, 14.197689339608095, 14.341713281848936, 14.485737224089775, 14.629761166330614, 14.773785108571454, 14.917809050812293, 15.061832993053132, 15.205856935293971]], "PDF": [[0.00020763048859633452, 0.00015677753206547055, 6.749349486230426e-05, 1.6566295561125836e-05, 2.3183248445652914e-06, 1.849730973609713e-07, 8.414499315396371e-09, 2.183610116221504e-10, 1.5399681518854997e-11, 6.95159880964187e-10, 2.263634000223338e-08, 4.204797637527054e-07, 4.460448795479185e-06, 2.712226785865744e-05, 9.567358914548522e-05, 0.00020300083789359037, 0.00028372895715685374, 0.00030042043838751626, 0.00025289387973654356, 0.00015210926948506248, 6.747441409484064e-05, 6.724706008776632e-05, 0.000165798465160791, 0.00033053876881018626, 0.0005115048275374848, 0.000658135154613444, 0.0007136978912935377, 0.0007531350854865081, 0.0009360366074220381, 0.0012893234100126037, 0.001733356618881528, 0.002100000217867066, 0.0022181234179633647, 0.0020565926650863626, 0.0018468741964987575, 0.002054225894714728, 0.002737424712607557, 0.003351442056971721, 0.0038054992379597937, 0.004654487241882728, 0.005722835395569497, 0.0064511629050415355, 0.0071065444699055375, 0.007750465974270608, 0.0078112736251874666, 0.007640483111482746, 0.008349566799342317, 0.009752193652396735, 0.010725351248744243, 0.011001097080797119, 0.011107978381103221, 0.011540615034212682, 0.01246523898628479, 0.013727192621968738, 0.014546618478016502, 0.014437481927588744, 0.014374058831944331, 0.015487614570625896, 0.017477225088260925, 0.019472436990410683, 0.021709028962138537, 0.024442757822408647, 0.02683682960653355, 0.028532845849415595, 0.029753255088289136, 0.030302397770460322, 0.030272551304227444, 0.030754360431265573, 0.032586659781491965, 0.03563317126499166, 0.03939191039582725, 0.04358567194040592, 0.04878902667029426, 0.05505889617692844, 0.061331376312881214, 0.06687002732396669, 0.07146162574674515, 0.07636799357116915, 0.08454223018826743, 0.09761264244174667, 0.11414874018015819, 0.1338529080824482, 0.16260490509481404, 0.20611684539097735, 0.26400784108675057, 0.3382773437389679, 0.43406219521594336, 0.5426207138721015, 0.6315076540135158, 0.6621651760719403, 0.6200548468705583, 0.5218520246699475, 0.3992890193919466, 0.2817084488685242, 0.18608456851471142, 0.11634842249935966, 0.06847998629538722, 0.03683984136743902, 0.017279094103896688, 0.006665526346550534]]}