{"output": [[0.9475035248099655, 1.0915272848368716, 1.2355510448637776, 1.3795748048906837, 1.5235985649175898, 1.667622324944496, 1.8116460849714022, 1.9556698449983083, 2.099693605025214, 2.2437173650521203, 2.3877411250790264, 2.5317648851059324, 2.675788645132839, 2.819812405159745, 2.963836165186651, 3.1078599252135573, 3.2518836852404633, 3.3959074452673694, 3.5399312052942755, 3.6839549653211816, 3.8279787253480877, 3.972002485374994, 4.116026245401899, 4.2600500054288055, 4.4040737654557125, 4.548097525482619, 4.692121285509525, 4.836145045536431, 4.980168805563337, 5.124192565590243, 5.268216325617149, 5.412240085644055, 5.556263845670961, 5.700287605697867, 5.844311365724773, 5.9883351257516795, 6.132358885778586, 6.276382645805492, 6.420406405832398, 6.564430165859304, 6.70845392588621, 6.852477685913116, 6.996501445940022, 7.140525205966928, 7.284548965993834, 7.42857272602074, 7.5725964860476465, 7.7166202460745525, 7.8606440061014595, 8.004667766128366, 8.148691526155272, 8.292715286182178, 8.436739046209084, 8.58076280623599, 8.724786566262896, 8.868810326289802, 9.012834086316708, 9.156857846343614, 9.30088160637052, 9.444905366397427, 9.588929126424333, 9.732952886451239, 9.876976646478145, 10.02100040650505, 10.165024166531957, 10.309047926558863, 10.45307168658577, 10.597095446612675, 10.741119206639581, 10.885142966666487, 11.029166726693393, 11.1731904867203, 11.317214246747206, 11.461238006774112, 11.605261766801018, 11.749285526827924, 11.89330928685483, 12.037333046881736, 12.181356806908642, 12.325380566935548, 12.469404326962454, 12.61342808698936, 12.757451847016267, 12.901475607043173, 13.045499367070079, 13.189523127096985, 13.333546887123891, 13.477570647150797, 13.621594407177703, 13.76561816720461, 13.909641927231515, 14.053665687258421, 14.197689447285327, 14.341713207312234, 14.48573696733914, 14.629760727366046, 14.773784487392954, 14.91780824741986, 15.061832007446766, 15.20585576747367]], "PDF": [[0.00020763080096761666, 0.00015677774685195052, 6.74935601055159e-05, 1.6566300438436062e-05, 2.318323345225177e-06, 1.849727539070504e-07, 8.41447124719886e-09, 2.1835993296753144e-10, 1.5402401484566794e-11, 6.952969321217625e-10, 2.264015909536884e-08, 4.20538634542202e-07, 4.4609441984061866e-06, 2.712449207634154e-05, 9.567869051542621e-05, 0.00020300625719351097, 0.0002837307130940545, 0.00030041884527870364, 0.0002528902222665782, 0.00015210510502912966, 6.747290891366001e-05, 6.725032626264399e-05, 0.00016580624103448933, 0.0003305482074449563, 0.0005115140482889545, 0.0006581420117777838, 0.000713701091669578, 0.0007531424717110687, 0.0009360549858931284, 0.0012893510382435821, 0.001733386163843637, 0.0021000191628689456, 0.0022181236528633227, 0.002056579030232336, 0.0018468717532863542, 0.0020542578026742637, 0.0027374713519931954, 0.0033514739027325907, 0.0038055398910970847, 0.004654557709049434, 0.005722895809162436, 0.006451203498453067, 0.007106593137085811, 0.007750498118658001, 0.00781126519433266, 0.007640492895955319, 0.008349638350613513, 0.009752272216323899, 0.010725387046527647, 0.01100110539002556, 0.011107993154210417, 0.011540652185928015, 0.012465299495584798, 0.013727255768104216, 0.014546638673001423, 0.014437468180216345, 0.014374077366032252, 0.015487690536091477, 0.01747731616971298, 0.01947252085867468, 0.021709132740738372, 0.024442868031063412, 0.02683690968787149, 0.028532901510975695, 0.029753291483159142, 0.03030240532390336, 0.030272550175013267, 0.030754392580843514, 0.03258673442094456, 0.035633273632416605, 0.03939202241142374, 0.04358579381355901, 0.0487891763039059, 0.05505905650729683, 0.06133151915948543, 0.06687014242744452, 0.07146171650684605, 0.07636810333654993, 0.08454241219485463, 0.09761289465324548, 0.11414901555373082, 0.13385321925017926, 0.16260534320328426, 0.20611742668848088, 0.26400850712471485, 0.33827809591502844, 0.4340630347354509, 0.5426215096187089, 0.6315081923665591, 0.6621653534272758, 0.6200547631975452, 0.5218518651682785, 0.3992889161931187, 0.28170844515546273, 0.1860846443737639, 0.11634853923952708, 0.06848011112288085, 0.036839948094503625, 0.017279164413312963, 0.006665559377832486]]}