{"output": [[0.9474980395660193, 1.091521858349967, 1.2355456771339148, 1.3795694959178626, 1.5235933147018104, 1.6676171334857581, 1.811640952269706, 1.9556647710536537, 2.0996885898376014, 2.2437124086215494, 2.387736227405497, 2.5317600461894445, 2.6757838649733925, 2.8198076837573405, 2.963831502541288, 3.1078553213252356, 3.2518791401091836, 3.3959029588931315, 3.539926777677079, 3.6839505964610266, 3.8279744152449746, 3.9719982340289226, 4.11602205281287, 4.260045871596818, 4.404069690380766, 4.548093509164714, 4.692117327948662, 4.836141146732609, 4.980164965516557, 5.124188784300505, 5.268212603084452, 5.4122364218684, 5.556260240652348, 5.700284059436296, 5.844307878220244, 5.988331697004191, 6.132355515788139, 6.276379334572087, 6.420403153356034, 6.564426972139982, 6.70845079092393, 6.852474609707878, 6.996498428491826, 7.140522247275773, 7.284546066059721, 7.428569884843669, 7.572593703627616, 7.716617522411564, 7.860641341195512, 8.00466515997946, 8.148688978763408, 8.292712797547356, 8.436736616331302, 8.580760435115252, 8.724784253899198, 8.868808072683146, 9.012831891467094, 9.156855710251042, 9.30087952903499, 9.444903347818938, 9.588927166602884, 9.732950985386832, 9.87697480417078, 10.020998622954728, 10.165022441738676, 10.309046260522624, 10.453070079306572, 10.59709389809052, 10.741117716874468, 10.885141535658414, 11.029165354442362, 11.17318917322631, 11.317212992010258, 11.461236810794206, 11.605260629578154, 11.749284448362102, 11.893308267146049, 12.037332085929997, 12.181355904713945, 12.325379723497893, 12.46940354228184, 12.613427361065789, 12.757451179849737, 12.901474998633685, 13.045498817417633, 13.189522636201579, 13.333546454985527, 13.477570273769475, 13.621594092553423, 13.76561791133737, 13.909641730121319, 14.053665548905267, 14.197689367689213, 14.34171318647316, 14.485737005257109, 14.629760824041057, 14.773784642825005, 14.917808461608953, 15.0618322803929, 15.205856099176847]], "PDF": [[0.00020763070001360206, 0.00015677767751664495, 6.749353915873967e-05, 1.6566298938873473e-05, 2.3183238488761218e-06, 1.8497286728577125e-07, 8.414480474293711e-09, 2.1836028700398406e-10, 1.540151620098625e-11, 6.952523225625183e-10, 2.2638916014242506e-08, 4.2051947372442536e-07, 4.460782991927398e-06, 2.7123768857797447e-05, 9.56770368071705e-05, 0.00020300452540559987, 0.00028373021809234203, 0.00030041943707599254, 0.0002528913956927254, 0.00015210637689625972, 6.747333743257493e-05, 6.724924875306661e-05, 0.00016580376143788294, 0.00033054531606353186, 0.0005115113142217998, 0.0006581399143484791, 0.0007136999863108581, 0.0007531399889903503, 0.0009360490115544783, 0.0012893421635400604, 0.001733376748945041, 0.0021000132166612813, 0.0022181237969601617, 0.0020565834894792764, 0.0018468723831383696, 0.002054247609428678, 0.0027374567667056648, 0.00335146378476393, 0.0038055265211698703, 0.004654534998817133, 0.005722876778865738, 0.006451190811018037, 0.007106577425450336, 0.007750487438491574, 0.007811267722044812, 0.007640489901500319, 0.008349615706291676, 0.00975224737667027, 0.010725375879464982, 0.011001102607845101, 0.01110798776328544, 0.01154063971464733, 0.012465279936690752, 0.013727235369157272, 0.01454663148139207, 0.014437471297725348, 0.014374070290312105, 0.015487665658664147, 0.017477287210494727, 0.019472494761919024, 0.021709099918622278, 0.024442832660108434, 0.02683688379260614, 0.02853288267862589, 0.02975327792028732, 0.030302401365385107, 0.030272549919978235, 0.03075438163328286, 0.03258670923683641, 0.03563323925762168, 0.039391984910790115, 0.04358575284508789, 0.04878912609006884, 0.055059002925010904, 0.06133147127674705, 0.06687010349380676, 0.07146168542020605, 0.076368065385571, 0.08454234951059457, 0.09761280822219338, 0.11414892121590414, 0.13385311194831903, 0.1626051910711513, 0.20611722387694548, 0.26400827280247247, 0.3382778274469606, 0.4340627305294567, 0.5426212186068625, 0.631507997438122, 0.6621652987719923, 0.6200548155032843, 0.5218519545030988, 0.3992889883729053, 0.2817084791740695, 0.18608464481697612, 0.11634851945016308, 0.06848008301291014, 0.036839921049489695, 0.017279145342517097, 0.006665550024772119]]}