{"S_min_Ks": [[0.08212700162745051]], "S_min_Q": [[0.7755103072882339]], "S_Ks": [[0.09287842548753353]], "S_Q": [[0.8508551236320487]], "S_max_Ks": [[0.10392742581731476]], "S_max_Q": [[0.9207487152870325]], "S_T_min_Ks": [[0.06256566771678082]], "S_T_min_Q": [[0.8598418906869401]], "S_T_Ks": [[0.13748041095988695]], "S_T_Q": [[0.9194817478435323]], "S_T_max_Ks": [[0.1874419511804305]], "S_T_max_Q": [[0.9657878944712253]]}