{"S_Ks": [[0.09287842772330175]], "S_Q": [[0.8508551070089183]], "S_T_Ks": [[0.13748041976355646]], "S_T_Q": [[0.9194817459607942]]}