{"S_min_Ks": [[0.08212700337706014]], "S_min_Q": [[0.7755102799726225]], "S_Ks": [[0.09287842772330175]], "S_Q": [[0.8508551070089183]], "S_max_Ks": [[0.1039274281091098]], "S_max_Q": [[0.9207487035185733]], "S_T_min_Ks": [[0.06256567238998895]], "S_T_min_Q": [[0.8598418805168149]], "S_T_Ks": [[0.13748041976355646]], "S_T_Q": [[0.9194817459607942]], "S_T_max_Ks": [[0.18744196280607045]], "S_T_max_Q": [[0.9657878946412539]]}