{"S_Ks": [[0.09287842548753353]], "S_Q": [[0.8508551236320487]], "S_T_Ks": [[0.13748041095988695]], "S_T_Q": [[0.9194817478435323]]}