{"S_min_Ks": [[0.0821270070822356]], "S_min_Q": [[0.7755103197454241]], "S_Ks": [[0.09287843152992853]], "S_Q": [[0.8508551243972566]], "S_max_Ks": [[0.10392743202356278]], "S_max_Q": [[0.9207487109387889]], "S_T_min_Ks": [[0.06256568091288489]], "S_T_min_Q": [[0.8598418928768043]], "S_T_Ks": [[0.13748041868073532]], "S_T_Q": [[0.9194817410353663]], "S_T_max_Ks": [[0.18744195231185243]], "S_T_max_Q": [[0.9657878858695382]]}