{"S_min_Ks": [[0.08212701426871763]], "S_min_Q": [[0.7755103277653591]], "S_Ks": [[0.09287843956996063]], "S_Q": [[0.8508551208848578]], "S_max_Ks": [[0.10392744028065103]], "S_max_Q": [[0.9207487024305249]], "S_T_min_Ks": [[0.06256569841369466]], "S_T_min_Q": [[0.8598418928472034]], "S_T_Ks": [[0.1374804305467667]], "S_T_Q": [[0.9194817321465935]], "S_T_max_Ks": [[0.18744195682002246]], "S_T_max_Q": [[0.9657878753221192]]}