{"S_Ks": [[0.09287843956996063]], "S_Q": [[0.8508551208848578]], "S_T_Ks": [[0.1374804305467667]], "S_T_Q": [[0.9194817321465935]]}