{"S_Ks": [[0.09287843152992853]], "S_Q": [[0.8508551243972566]], "S_T_Ks": [[0.13748041868073532]], "S_T_Q": [[0.9194817410353663]]}