{"x": [[8000.0, 16000.0, 24000.0, 32000.0, 8000.0, 16000.0, 24000.0, 32000.0, 8000.0, 16000.0, 24000.0, 32000.0, 8000.0, 16000.0, 24000.0, 32000.0]], "y": [[8000.0, 8000.0, 8000.0, 8000.0, 16000.0, 16000.0, 16000.0, 16000.0, 24000.0, 24000.0, 24000.0, 24000.0, 32000.0, 32000.0, 32000.0, 32000.0]], "Correlation-YY": [[1.0, 0.9720845231166935, -0.5703016812374667, -0.5239069263234595, 0.9720845231166935, 1.0, -0.7376157599297617, -0.704018902275093, -0.5703016812374667, -0.7376157599297617, 1.0, 0.9913430839888986, -0.5239069263234595, -0.704018902275093, 0.9913430839888986, 1.0]], "Covariance": [[5.870145631990297, 6.810061303286462, -1.50511751889146, -0.3098316502990773, 6.810061303286462, 8.360747540339453, -2.3232399288981753, -0.4968829296751276, -1.50511751889146, -2.3232399288981753, 1.1865407063060738, 0.263580030822771, -0.3098316502990773, -0.4968829296751276, 0.263580030822771, 0.05957916394406286]]}