{"x": [[8000.0, 16000.0, 24000.0, 32000.0]], "Min": [[-0.1411008448873523, -0.9215067713034242, -9.807330581777462, -9.972559078097161]], "SD_min": [[1.011128764284603, 0.03466980589709889, -9.697761196147466, -9.991061335057012]], "Mean": [[3.4788882092614752, 2.9922073616104323, -8.599392246137777, -9.742875529250487]], "SD_max": [[5.9466476542383475, 5.949744917323766, -7.501023296128087, -9.494689723443962]], "Max": [[11.620105680580615, 11.917679896410394, -5.433932396778443, -8.91532284444821]]}