{"S_min_Ks": [[0.6077905013037708]], "S_min_Q": [[0.08786684329563532]], "S_Ks": [[0.713998944406162]], "S_Q": [[0.14733011582955696]], "S_max_Ks": [[0.8213730241033236]], "S_max_Q": [[0.19609967672529138]], "S_T_min_Ks": [[0.7513143842312061]], "S_T_min_Q": [[0.22143390951395175]], "S_T_Ks": [[0.8681355318026623]], "S_T_Q": [[0.31248714867715405]], "S_T_max_Ks": [[0.9737398168042057]], "S_T_max_Q": [[0.3896052259152436]]}