{"x": [[8000.0], [16000.0], [24000.0], [32000.0]], "S_Ks": [[0.623727773540503], [0.7337668803409141], [0.9590859986389673], [0.9553355835753511]], "S_Q": [[0.21421360096190656], [0.12191321782959975], [0.02913075947995465], [0.026925971126003978]], "S_T_Ks": [[0.8206084206879726], [0.886717609503434], [0.9484562862163701], [0.9626656534465449]], "S_T_Q": [[0.40616955367048124], [0.2903019823791399], [0.06786035385436341], [0.07320000738561759]]}