{"Min": [[7.480135572550854]], "SD_min": [[8.89323683086273]], "Mean": [[10.188293747440458]], "SD_max": [[11.483350664018186]], "Max": [[13.542788665351555]]}