{"output": [[7.480135572550854, 7.541374492680154, 7.602613412809454, 7.663852332938753, 7.7250912530680536, 7.786330173197354, 7.847569093326654, 7.908808013455953, 7.9700469335852535, 8.031285853714554, 8.092524773843854, 8.153763693973154, 8.215002614102454, 8.276241534231755, 8.337480454361053, 8.398719374490353, 8.459958294619653, 8.521197214748954, 8.582436134878254, 8.643675055007554, 8.704913975136854, 8.766152895266154, 8.827391815395455, 8.888630735524753, 8.949869655654053, 9.011108575783354, 9.072347495912654, 9.133586416041954, 9.194825336171254, 9.256064256300554, 9.317303176429855, 9.378542096559155, 9.439781016688453, 9.501019936817755, 9.562258856947054, 9.623497777076354, 9.684736697205654, 9.745975617334954, 9.807214537464255, 9.868453457593555, 9.929692377722855, 9.990931297852153, 10.052170217981455, 10.113409138110754, 10.174648058240054, 10.235886978369354, 10.297125898498654, 10.358364818627955, 10.419603738757255, 10.480842658886555, 10.542081579015854, 10.603320499145156, 10.664559419274454, 10.725798339403754, 10.787037259533054, 10.848276179662355, 10.909515099791655, 10.970754019920955, 11.031992940050255, 11.093231860179554, 11.154470780308856, 11.215709700438154, 11.276948620567454, 11.338187540696754, 11.399426460826055, 11.460665380955355, 11.521904301084655, 11.583143221213955, 11.644382141343254, 11.705621061472556, 11.766859981601854, 11.828098901731154, 11.889337821860455, 11.950576741989755, 12.011815662119055, 12.073054582248355, 12.134293502377655, 12.195532422506954, 12.256771342636256, 12.318010262765554, 12.379249182894855, 12.440488103024155, 12.501727023153455, 12.562965943282755, 12.624204863412055, 12.685443783541356, 12.746682703670654, 12.807921623799956, 12.869160543929254, 12.930399464058556, 12.991638384187855, 13.052877304317155, 13.114116224446455, 13.175355144575756, 13.236594064705056, 13.297832984834354, 13.359071904963656, 13.420310825092955, 13.481549745222257, 13.542788665351555]], "PDF": [[0.013493690459913209, 0.02269262631269473, 0.03444235464846334, 0.04754852638816459, 0.06021464764821739, 0.07081938136134155, 0.07882169872727374, 0.08514504127522368, 0.0916548309347099, 0.10004327274744075, 0.11092138644581992, 0.12365780945121245, 0.13687486082216213, 0.1491718878774991, 0.1596378202951061, 0.16791351225643103, 0.1739696204647223, 0.17803809703005627, 0.1808526417578024, 0.18376343291918634, 0.18821743551842832, 0.19485108612713548, 0.20310236497534814, 0.2117727519547577, 0.2198903414681891, 0.22703737546362449, 0.2331578436215543, 0.23835798014859727, 0.24283857124218658, 0.2468405701444113, 0.25065117982914015, 0.25463542006599255, 0.2590805158105688, 0.26395232126842655, 0.2689629180217563, 0.2739476735165619, 0.279022038392648, 0.28425210137538737, 0.2893434208660799, 0.2939196985248412, 0.2980063769771799, 0.3018113827832618, 0.3049219702813529, 0.3061525879186403, 0.304502551395397, 0.30003084050389145, 0.2935726612646396, 0.2859127246322313, 0.2775576834399557, 0.26902289948352087, 0.2608089351862948, 0.25303165956153245, 0.2454313341183351, 0.23793466435370844, 0.23101817188947366, 0.22533876974628195, 0.22109377388315107, 0.2177888579163003, 0.21447332854379433, 0.21021081981905318, 0.20457157718799654, 0.19775127828482342, 0.19013975310979847, 0.1818649773223389, 0.17289679654876913, 0.16355791180708437, 0.1547934172233971, 0.14779791844421453, 0.1432262879105336, 0.14060195514819315, 0.13844601413336302, 0.13523439258426515, 0.13057641103543818, 0.125505133671187, 0.12147096647660648, 0.11902285184821879, 0.11742849163151016, 0.11534488520562079, 0.11171082390867952, 0.10625138842770264, 0.09954144213746297, 0.09265920348159544, 0.08655174603115252, 0.08157588785227188, 0.07753528883217503, 0.07395156732362351, 0.07023930551642074, 0.06587781232608639, 0.06069997317778927, 0.05503411470649519, 0.049437858695826696, 0.04425760894074657, 0.039465771704542976, 0.03484234841428602, 0.03018393104797303, 0.025356713766168597, 0.02032539991933958, 0.015253583599641768, 0.010527631724775433, 0.006585541336223419]]}