{"S_Ks": [[0.6031272691225666]], "S_Q": [[0.4570929015097665]], "S_T_Ks": [[0.5758331475356219]], "S_T_Q": [[0.438676062584907]]}