{"S_min_Ks": [[0.5795254302713818]], "S_min_Q": [[0.43563511717248427]], "S_Ks": [[0.6031272691225666]], "S_Q": [[0.4570929015097665]], "S_max_Ks": [[0.6283125827976566]], "S_max_Q": [[0.479089116223312]], "S_T_min_Ks": [[0.5485353186991575]], "S_T_min_Q": [[0.41063046797560004]], "S_T_Ks": [[0.5758331475356219]], "S_T_Q": [[0.438676062584907]], "S_T_max_Ks": [[0.6115064720887734]], "S_T_max_Q": [[0.461923991229262]]}