{"Min": [[11.400975269956966]], "SD_min": [[14.218432357080014]], "Mean": [[16.424829302125126]], "SD_max": [[18.63122624717024]], "Max": [[18.48702573740956]]}