{"Min": [[11.1449152054958]], "SD_min": [[14.23318075095911]], "Mean": [[16.429760788168082]], "SD_max": [[18.626340825377053]], "Max": [[18.518910209034054]]}