{"Min": [[11.144915205766488]], "SD_min": [[14.233180745184576]], "Mean": [[16.429760785451712]], "SD_max": [[18.62634082571885]], "Max": [[18.51891010936253]]}