{"Min": [[11.14491526727442]], "SD_min": [[14.233180760440058]], "Mean": [[16.429760790276998]], "SD_max": [[18.62634082011394]], "Max": [[18.518910179123672]]}