{"output": [[11.144915205766488, 11.219400002772508, 11.293884799778528, 11.36836959678455, 11.44285439379057, 11.51733919079659, 11.591823987802611, 11.666308784808631, 11.740793581814653, 11.815278378820674, 11.889763175826694, 11.964247972832714, 12.038732769838735, 12.113217566844757, 12.187702363850777, 12.262187160856797, 12.336671957862817, 12.411156754868838, 12.48564155187486, 12.56012634888088, 12.6346111458869, 12.70909594289292, 12.783580739898941, 12.858065536904963, 12.932550333910983, 13.007035130917004, 13.081519927923024, 13.156004724929044, 13.230489521935066, 13.304974318941087, 13.379459115947107, 13.453943912953127, 13.528428709959147, 13.60291350696517, 13.67739830397119, 13.75188310097721, 13.82636789798323, 13.90085269498925, 13.975337491995273, 14.049822289001291, 14.124307086007313, 14.198791883013334, 14.273276680019354, 14.347761477025376, 14.422246274031394, 14.496731071037416, 14.571215868043437, 14.645700665049457, 14.720185462055479, 14.794670259061498, 14.86915505606752, 14.94363985307354, 15.01812465007956, 15.09260944708558, 15.1670942440916, 15.241579041097623, 15.316063838103643, 15.390548635109663, 15.465033432115685, 15.539518229121704, 15.614003026127726, 15.688487823133746, 15.762972620139767, 15.837457417145789, 15.911942214151807, 15.98642701115783, 16.06091180816385, 16.13539660516987, 16.209881402175892, 16.28436619918191, 16.358850996187932, 16.433335793193955, 16.507820590199973, 16.582305387205995, 16.656790184212014, 16.731274981218036, 16.805759778224058, 16.880244575230076, 16.954729372236095, 17.029214169242117, 17.10369896624814, 17.17818376325416, 17.25266856026018, 17.327153357266198, 17.40163815427222, 17.476122951278242, 17.550607748284264, 17.625092545290283, 17.6995773422963, 17.774062139302323, 17.848546936308345, 17.923031733314367, 17.997516530320386, 18.072001327326404, 18.146486124332426, 18.22097092133845, 18.29545571834447, 18.36994051535049, 18.444425312356508, 18.51891010936253]], "PDF": [[0.026940856516899356, 0.03591979693453963, 0.04470677073413424, 0.05238939586547093, 0.058348969163305786, 0.06238272365885837, 0.0646658070623929, 0.06560405467621348, 0.0656604580814541, 0.06522359110064777, 0.064550589286767, 0.0637812173757382, 0.06299238548276721, 0.06225083327507557, 0.061631916466766426, 0.06120087418789231, 0.060980572436369965, 0.060935752948270125, 0.060986773920139785, 0.061044243028991474, 0.06104665333429515, 0.060986011955030714, 0.06091289415661517, 0.06091946182461049, 0.06110817503639283, 0.06156149870973051, 0.06232635324697162, 0.06341567560735387, 0.06481755958578779, 0.06650006166222107, 0.06840772190596305, 0.07045592994851246, 0.0725324121765365, 0.07450935603328532, 0.07626143492537457, 0.0776825183624622, 0.07869836587569391, 0.07927693140881409, 0.07943570726290644, 0.07924014153968105, 0.07878757223534821, 0.07817973574475656, 0.07749575913172259, 0.07677807856079207, 0.076036266872763, 0.07526494749966124, 0.07446650098385794, 0.07366767295035104, 0.072921636973382, 0.07229469347840865, 0.07184777897003988, 0.07162918366900876, 0.07168674724479328, 0.0720870578160641, 0.07291511610006439, 0.07424122092257916, 0.07607639334664869, 0.07835752598113835, 0.08098061619498616, 0.083853411569038, 0.08691839300792926, 0.09012820172790578, 0.09340525532716477, 0.09663128632761607, 0.09967868205651981, 0.1024549238460526, 0.1049266166712963, 0.10711671893989214, 0.109090731741673, 0.11094398136465218, 0.11278729769517311, 0.11472500752121546, 0.11682851991286407, 0.11911585590865856, 0.12154492042670845, 0.12402354210462424, 0.12643878080294094, 0.12870529851375434, 0.1308191344841333, 0.1328862653807438, 0.1350954601606565, 0.1376332774824072, 0.1405813795501476, 0.14386145247513668, 0.14727708733683315, 0.15065207798069724, 0.1540242533540066, 0.15787249094241648, 0.1634261182322156, 0.17312868226727263, 0.19114873928697942, 0.22340378359441843, 0.2761683705108093, 0.3526119209203476, 0.44806311681432665, 0.5468703454817239, 0.6244788147350882, 0.6559348982700149, 0.6272452177040168, 0.5427397211711389]]}