{"output": [[11.1449152054958, 11.219400003511337, 11.293884801526875, 11.368369599542413, 11.442854397557952, 11.51733919557349, 11.591823993589026, 11.666308791604564, 11.740793589620102, 11.81527838763564, 11.889763185651178, 11.964247983666716, 12.038732781682254, 12.113217579697793, 12.18770237771333, 12.262187175728869, 12.336671973744405, 12.411156771759943, 12.485641569775481, 12.56012636779102, 12.634611165806557, 12.709095963822095, 12.783580761837634, 12.858065559853172, 12.93255035786871, 13.007035155884248, 13.081519953899786, 13.156004751915322, 13.230489549930862, 13.304974347946398, 13.379459145961937, 13.453943943977475, 13.528428741993013, 13.60291354000855, 13.677398338024089, 13.751883136039627, 13.826367934055163, 13.900852732070703, 13.97533753008624, 14.049822328101778, 14.124307126117316, 14.198791924132854, 14.273276722148392, 14.34776152016393, 14.422246318179468, 14.496731116195006, 14.571215914210544, 14.64570071222608, 14.72018551024162, 14.794670308257157, 14.869155106272695, 14.943639904288233, 15.018124702303771, 15.092609500319309, 15.167094298334847, 15.241579096350385, 15.316063894365923, 15.390548692381461, 15.465033490396998, 15.539518288412538, 15.614003086428074, 15.688487884443614, 15.76297268245915, 15.837457480474688, 15.911942278490226, 15.986427076505764, 16.060911874521302, 16.13539667253684, 16.20988147055238, 16.284366268567915, 16.358851066583455, 16.43333586459899, 16.507820662614527, 16.582305460630067, 16.656790258645607, 16.731275056661143, 16.80575985467668, 16.88024465269222, 16.954729450707756, 17.029214248723296, 17.103699046738832, 17.178183844754372, 17.25266864276991, 17.327153440785445, 17.401638238800984, 17.476123036816524, 17.55060783483206, 17.625092632847597, 17.699577430863137, 17.774062228878673, 17.848547026894213, 17.92303182490975, 17.99751662292529, 18.072001420940826, 18.146486218956362, 18.2209710169719, 18.29545581498744, 18.369940613002978, 18.444425411018514, 18.518910209034054]], "PDF": [[0.02694085406952285, 0.035919793699284365, 0.04470676678653719, 0.05238939141487078, 0.058348964511246076, 0.06238271912802249, 0.0646658029323244, 0.06560405115122649, 0.06566045528835572, 0.06522358909552846, 0.06455058805552867, 0.06378121683342249, 0.06299238549139821, 0.0622508336938809, 0.06163191722369243, 0.06120087533494829, 0.06098057414695145, 0.06093575544243283, 0.060986777349602776, 0.06104424738587202, 0.061046658439731456, 0.06098601753673146, 0.06091289996985559, 0.06091946774794311, 0.061108181094595905, 0.06156150501917936, 0.062326359911601334, 0.06341568260503233, 0.06481756668312547, 0.06650006838762788, 0.06840772759605664, 0.0704559338637346, 0.07253241366313477, 0.074509354693245, 0.0762614307447273, 0.07768251174873281, 0.07869835757658933, 0.0792769223252482, 0.07943569821304239, 0.0792401330550695, 0.07878756446277586, 0.07817972849067055, 0.07749575203417339, 0.07677807132555779, 0.07603625948511182, 0.07526494033241742, 0.0744664947642646, 0.07366766860489447, 0.07292163541707586, 0.07229469543217437, 0.07184778486817545, 0.07162919366432866, 0.07168676125914568, 0.07208707555938441, 0.07291513701910385, 0.07424124411821399, 0.07607641754689838, 0.07835754962266835, 0.08098063757791181, 0.08385342900362348, 0.08691840492677748, 0.09012820683493024, 0.09340525286667671, 0.09663127643330242, 0.09967866598815518, 0.10245490390717005, 0.10492659576439234, 0.10711669992525803, 0.10909071685268223, 0.11094397185746316, 0.11278729376992785, 0.11472500845594802, 0.11682852433167475, 0.11911586212520318, 0.12154492681793616, 0.1240235474605553, 0.12643878457410634, 0.12870530086395046, 0.13081913608805446, 0.1328862670044353, 0.13509546219514307, 0.1376332796772499, 0.14058138112487883, 0.14386145257906985, 0.1472770856090881, 0.15065207490599045, 0.15402425028997083, 0.1578724900024577, 0.16342612239453583, 0.17312869591054164, 0.19114876877144016, 0.22340383677752135, 0.27616845386996386, 0.3526120340681106, 0.44806324672522313, 0.5468704650670574, 0.6244788896527679, 0.655934900829704, 0.6272451405367808, 0.5427395817358723]]}