{"output": [[11.14491526727442, 11.219400064363807, 11.293884861453193, 11.36836965854258, 11.442854455631966, 11.517339252721353, 11.59182404981074, 11.666308846900126, 11.740793643989512, 11.815278441078897, 11.889763238168284, 11.96424803525767, 12.038732832347057, 12.113217629436443, 12.18770242652583, 12.262187223615216, 12.336672020704603, 12.411156817793989, 12.485641614883376, 12.560126411972762, 12.634611209062149, 12.709096006151535, 12.783580803240921, 12.858065600330306, 12.932550397419693, 13.00703519450908, 13.081519991598466, 13.156004788687852, 13.230489585777239, 13.304974382866625, 13.379459179956012, 13.453943977045398, 13.528428774134785, 13.602913571224171, 13.677398368313558, 13.751883165402944, 13.82636796249233, 13.900852759581717, 13.975337556671104, 14.04982235376049, 14.124307150849877, 14.198791947939263, 14.27327674502865, 14.347761542118034, 14.42224633920742, 14.496731136296807, 14.571215933386194, 14.64570073047558, 14.720185527564967, 14.794670324654353, 14.86915512174374, 14.943639918833126, 15.018124715922513, 15.0926095130119, 15.167094310101284, 15.24157910719067, 15.316063904280057, 15.390548701369443, 15.46503349845883, 15.539518295548216, 15.614003092637603, 15.68848788972699, 15.762972686816376, 15.837457483905762, 15.911942280995149, 15.986427078084535, 16.06091187517392, 16.135396672263308, 16.209881469352695, 16.28436626644208, 16.358851063531468, 16.433335860620854, 16.50782065771024, 16.582305454799627, 16.656790251889014, 16.7312750489784, 16.805759846067787, 16.88024464315717, 16.95472944024656, 17.029214237335943, 17.103699034425333, 17.178183831514716, 17.252668628604106, 17.32715342569349, 17.40163822278288, 17.47612301987226, 17.550607816961648, 17.625092614051034, 17.69957741114042, 17.774062208229807, 17.848547005319194, 17.92303180240858, 17.997516599497967, 18.072001396587353, 18.14648619367674, 18.220970990766126, 18.295455787855513, 18.3699405849449, 18.444425382034286, 18.518910179123672]], "PDF": [[0.026940854689672417, 0.035919794492522694, 0.04470676797103854, 0.05238939318619048, 0.058348966907930226, 0.062382721967457776, 0.06466580587014342, 0.06560405382814964, 0.0656604574691899, 0.06522359072332518, 0.06455058921458673, 0.06378121767294789, 0.06299238616698336, 0.06225083434879269, 0.06163191799536253, 0.061200876359931884, 0.06098057554821119, 0.06093575730044673, 0.06098677967257382, 0.06104425009894422, 0.06104666140603505, 0.060986020605233594, 0.06091290302719615, 0.060919470748391435, 0.06110818405637879, 0.06156150799424387, 0.06232636294449533, 0.0634156856944406, 0.06481756975500846, 0.06650007128691776, 0.06840773010204661, 0.07045593572925334, 0.07253241467003899, 0.07450935470973673, 0.07626142976659861, 0.0776825099093568, 0.07869835511971018, 0.07927691954707076, 0.07943569539074187, 0.0792401303840223, 0.07878756202300173, 0.07817972625412592, 0.07749574991045181, 0.07677806922907891, 0.07603625739824112, 0.07526493834068142, 0.07446649305134964, 0.07366766741172717, 0.07292163498340797, 0.07229469594504527, 0.07184778643558706, 0.07162919631667596, 0.07168676496330476, 0.07208708022411764, 0.0729151424822612, 0.07424125012752839, 0.0760764237568715, 0.07835755561832292, 0.08098064291385473, 0.08385343323933718, 0.08691840765602199, 0.09012820772915951, 0.09340525174924334, 0.09663127336796828, 0.09967866133164925, 0.10245489827790474, 0.10492658992145383, 0.1071166946009791, 0.10909071260180729, 0.11094396896849376, 0.11278729225095287, 0.11472500808141399, 0.1168285247277294, 0.11911586287296669, 0.12154492755667051, 0.12402354797065068, 0.12643878481595425, 0.12870530095224214, 0.1308191362002954, 0.13288626725548805, 0.13509546253865395, 0.13763327989480925, 0.1405813809218605, 0.14386145173974255, 0.14727708411708593, 0.15065207294830815, 0.15402424812716675, 0.15787248775205032, 0.16342611978812396, 0.17312869206432507, 0.19114876203666506, 0.22340382486777385, 0.27616843458886947, 0.35261200680090043, 0.4480632142207247, 0.5468704342522149, 0.6244788701607343, 0.6559349011921104, 0.6272451639297344, 0.5427396240326563]]}