{"output": [[11.400975269956966, 11.472551537304971, 11.544127804652978, 11.615704072000984, 11.68728033934899, 11.758856606696996, 11.830432874045002, 11.902009141393007, 11.973585408741014, 12.04516167608902, 12.116737943437027, 12.188314210785032, 12.259890478133038, 12.331466745481045, 12.40304301282905, 12.474619280177055, 12.546195547525063, 12.617771814873068, 12.689348082221073, 12.76092434956908, 12.832500616917086, 12.904076884265091, 12.975653151613098, 13.047229418961104, 13.11880568630911, 13.190381953657116, 13.261958221005122, 13.333534488353127, 13.405110755701134, 13.47668702304914, 13.548263290397145, 13.619839557745152, 13.691415825093157, 13.762992092441163, 13.83456835978917, 13.906144627137175, 13.977720894485183, 14.049297161833188, 14.120873429181193, 14.1924496965292, 14.264025963877206, 14.335602231225213, 14.407178498573218, 14.478754765921224, 14.55033103326923, 14.621907300617236, 14.693483567965242, 14.765059835313249, 14.836636102661254, 14.90821237000926, 14.979788637357267, 15.051364904705272, 15.122941172053277, 15.194517439401285, 15.26609370674929, 15.337669974097295, 15.409246241445302, 15.480822508793308, 15.552398776141313, 15.62397504348932, 15.695551310837326, 15.767127578185331, 15.838703845533338, 15.910280112881344, 15.981856380229349, 16.053432647577356, 16.12500891492536, 16.196585182273367, 16.268161449621374, 16.33973771696938, 16.411313984317385, 16.482890251665392, 16.5544665190134, 16.626042786361403, 16.69761905370941, 16.769195321057417, 16.84077158840542, 16.912347855753428, 16.983924123101435, 17.05550039044944, 17.127076657797446, 17.198652925145453, 17.27022919249346, 17.341805459841463, 17.41338172718947, 17.484957994537474, 17.55653426188548, 17.62811052923349, 17.699686796581496, 17.7712630639295, 17.842839331277506, 17.91441559862551, 17.985991865973517, 18.057568133321524, 18.12914440066953, 18.200720668017535, 18.272296935365542, 18.343873202713546, 18.415449470061553, 18.48702573740956]], "PDF": [[0.06621728982948967, 0.07162502537690542, 0.07446508200538061, 0.07483224784555195, 0.07315754468764811, 0.07004750521146887, 0.06610613146873101, 0.061802428951022975, 0.057422210497875215, 0.05310793264469752, 0.04895719928873396, 0.04512944408937986, 0.04190865014338263, 0.03969012012368784, 0.03889443970354225, 0.03984567234750579, 0.04266550549117714, 0.047222639355639515, 0.05314604950164071, 0.059882225332049406, 0.0667674255626818, 0.0730980961237806, 0.07820160706042101, 0.08151758687713576, 0.08269068220838932, 0.08165735417605711, 0.07869760694745485, 0.07442577415004091, 0.06970920388278905, 0.06552104345493581, 0.06274868100884501, 0.061994020500503746, 0.06341552163839481, 0.06666670054874442, 0.07096928721094199, 0.07531776498245385, 0.07875965279289385, 0.08065937254069765, 0.080854903357731, 0.07965722394354913, 0.07770267390765091, 0.0757196582129852, 0.07429401204550691, 0.07370838336645999, 0.07389904191461266, 0.07453189415992793, 0.07516115100631138, 0.07541032092126834, 0.07511345155048987, 0.07437454744557148, 0.07353518244987911, 0.07307009187219281, 0.07344752583205659, 0.07499420792382039, 0.07779913544070388, 0.08168038908762797, 0.0862241022244895, 0.09088379851942882, 0.09510678128411712, 0.09844406897324653, 0.10061112970198612, 0.10149526788649404, 0.10113493436925221, 0.09970643782105931, 0.09753638405106473, 0.0951244051800552, 0.09313370135918171, 0.092307570623961, 0.09330339315152703, 0.09648615876756635, 0.10176335355646839, 0.10854581372969033, 0.11587648275040904, 0.12269707723488639, 0.12815640891338437, 0.13183949123719757, 0.13383002657235302, 0.13459592047708868, 0.1347684960154076, 0.13492789752000164, 0.13548836285857369, 0.1367113452295237, 0.138802745916776, 0.1420155143989783, 0.14669866103589072, 0.15329088824604287, 0.16230979899721268, 0.17439531979060455, 0.19041390892708537, 0.21154148359529557, 0.23917235784726448, 0.2745109089218757, 0.31782634381698205, 0.3675616270804585, 0.4196873450908386, 0.46774622457513765, 0.5038519203517159, 0.5205157030705183, 0.5127478215487751, 0.4796527103768293]]}