{"S_min_Ks": [[-0.009005645070920536]], "S_min_Q": [[0.42833790055645515]], "S_Ks": [[0.002542614753695058]], "S_Q": [[1.1438522425840614]], "S_max_Ks": [[0.011521376891600571]], "S_max_Q": [[1.6834950694111392]], "S_T_min_Ks": [[-0.5492267671576414]], "S_T_min_Q": [[0.4544335606588188]], "S_T_Ks": [[0.004920466197107393]], "S_T_Q": [[1.0675596537893133]], "S_T_max_Ks": [[0.23687094502708037]], "S_T_max_Q": [[1.3692432997451096]]}