{"S_min_Ks": [[-9.588812682025083e-05]], "S_min_Q": [[0.984058479557973]], "S_Ks": [[0.0004365960408557437]], "S_Q": [[1.0178919211050494]], "S_max_Ks": [[0.0010453073994808333]], "S_max_Q": [[1.057911412230336]], "S_T_min_Ks": [[-0.02397735900236221]], "S_T_min_Q": [[0.987867497556969]], "S_T_Ks": [[0.00038361996135915214]], "S_T_Q": [[1.0153142627168346]], "S_T_max_Ks": [[0.029130515083271337]], "S_T_max_Q": [[1.0453069920121107]]}