{"S_Ks": [[0.002542614753695058]], "S_Q": [[1.1438522425840614]], "S_T_Ks": [[0.004920466197107393]], "S_T_Q": [[1.0675596537893133]]}