{"S_Ks": [[0.00043659595044185685]], "S_Q": [[1.017891921499221]], "S_T_Ks": [[0.00038362011311507215]], "S_T_Q": [[1.0153142627266007]]}