{"S_Ks": [[0.0004365960408557437]], "S_Q": [[1.0178919211050494]], "S_T_Ks": [[0.00038361996135915214]], "S_T_Q": [[1.0153142627168346]]}