{"S_Ks": [[0.0004365959899602488]], "S_Q": [[1.017891920631349]], "S_T_Ks": [[0.0003836201872294348]], "S_T_Q": [[1.0153142626355824]]}