{"S_min_Ks": [[-9.588830371819537e-05]], "S_min_Q": [[0.9840584789079696]], "S_Ks": [[0.00043659595044185685]], "S_Q": [[1.017891921499221]], "S_max_Ks": [[0.0010453071679044326]], "S_max_Q": [[1.057911413682548]], "S_T_min_Ks": [[-0.02397735852320868]], "S_T_min_Q": [[0.9878674981402347]], "S_T_Ks": [[0.00038362011311507215]], "S_T_Q": [[1.0153142627266007]], "S_T_max_Ks": [[0.029130515980134143]], "S_T_max_Q": [[1.0453069924819336]]}