{"S_min_Ks": [[-9.588803580093744e-05]], "S_min_Q": [[0.9840584802028642]], "S_Ks": [[0.0004365959899602488]], "S_Q": [[1.017891920631349]], "S_max_Ks": [[0.0010453074591334915]], "S_max_Q": [[1.057911410682307]], "S_T_min_Ks": [[-0.02397735854460609]], "S_T_min_Q": [[0.9878674978543005]], "S_T_Ks": [[0.0003836201872294348]], "S_T_Q": [[1.0153142626355824]], "S_T_max_Ks": [[0.029130514902858253]], "S_T_max_Q": [[1.0453069917295967]]}