{"Min": [[20.011958599755317]], "SD_min": [[21.04284091001162]], "Mean": [[21.507545070405946]], "SD_max": [[21.972249230800273]], "Max": [[22.75020770990397]]}