{"output": [[20.011958599755317, 20.03961768167601, 20.067276763596706, 20.094935845517398, 20.12259492743809, 20.150254009358786, 20.17791309127948, 20.20557217320017, 20.233231255120867, 20.26089033704156, 20.28854941896225, 20.316208500882947, 20.34386758280364, 20.371526664724332, 20.399185746645028, 20.42684482856572, 20.454503910486412, 20.482162992407105, 20.5098220743278, 20.537481156248493, 20.565140238169185, 20.59279932008988, 20.620458402010573, 20.648117483931266, 20.67577656585196, 20.703435647772654, 20.731094729693346, 20.758753811614042, 20.786412893534735, 20.814071975455427, 20.841731057376123, 20.869390139296815, 20.897049221217507, 20.924708303138203, 20.952367385058896, 20.980026466979588, 21.007685548900284, 21.035344630820976, 21.06300371274167, 21.090662794662364, 21.118321876583057, 21.14598095850375, 21.173640040424445, 21.201299122345137, 21.22895820426583, 21.256617286186525, 21.284276368107218, 21.31193545002791, 21.339594531948606, 21.3672536138693, 21.39491269578999, 21.422571777710687, 21.45023085963138, 21.47788994155207, 21.505549023472764, 21.53320810539346, 21.56086718731415, 21.588526269234844, 21.61618535115554, 21.643844433076232, 21.671503514996925, 21.69916259691762, 21.726821678838313, 21.754480760759005, 21.7821398426797, 21.809798924600393, 21.837458006521086, 21.86511708844178, 21.892776170362474, 21.920435252283166, 21.948094334203862, 21.975753416124554, 22.003412498045247, 22.031071579965943, 22.058730661886635, 22.086389743807327, 22.114048825728023, 22.141707907648716, 22.169366989569408, 22.1970260714901, 22.224685153410796, 22.25234423533149, 22.28000331725218, 22.307662399172877, 22.33532148109357, 22.36298056301426, 22.390639644934957, 22.41829872685565, 22.445957808776342, 22.473616890697038, 22.50127597261773, 22.528935054538422, 22.55659413645912, 22.58425321837981, 22.611912300300503, 22.6395713822212, 22.66723046414189, 22.694889546062583, 22.72254862798328, 22.75020770990397]], "PDF": [[0.0018470300143556132, 0.0021492229274598976, 0.0022514644468191254, 0.002308733283050013, 0.002265705853814433, 0.0020083656459908422, 0.001637759718387559, 0.0015636355241051688, 0.0024373875158110736, 0.004732881624898671, 0.008195681239779132, 0.01202642967923996, 0.01570355283589066, 0.019157210269000257, 0.022360274069678866, 0.02553171567802792, 0.029583198639502387, 0.0357605760176558, 0.044842716689067565, 0.056966974013409596, 0.07186607697895245, 0.08858076706806041, 0.10557485601678425, 0.12230492922273324, 0.1400761026322428, 0.16096876588656284, 0.18735920439598877, 0.221841265518993, 0.26567283797253677, 0.31765557406451955, 0.3745656229543575, 0.4319100599072829, 0.4854112134360825, 0.5329951202119626, 0.5745969746233764, 0.6111427829959549, 0.6457479273640937, 0.6826904912612054, 0.7215896462813541, 0.7552912913928653, 0.7788594706905835, 0.7977117536426199, 0.8184243487622461, 0.8368226591016207, 0.8449469274125425, 0.8435297877501691, 0.8383564981030962, 0.8290603019405886, 0.8104681390566302, 0.7826869126928819, 0.7531470484083559, 0.7291068534650004, 0.7109935174695641, 0.6930425084163467, 0.6700972815339633, 0.6444648756157001, 0.6250761666273205, 0.618122987554343, 0.619655687379871, 0.6202761174423314, 0.6162068114378295, 0.610752876255446, 0.6052254317472556, 0.5950969334404429, 0.5781337186580737, 0.5618236937129248, 0.556304346525647, 0.561723229749777, 0.5684770147225205, 0.5674005312981149, 0.5555648424966374, 0.5349389490415396, 0.5105422349693002, 0.4896021129569795, 0.4765969525442183, 0.4691095101707897, 0.46196374059070167, 0.4505617440058216, 0.4290282526066427, 0.39414363662598634, 0.3521234948610113, 0.3143553540209508, 0.28702286391603526, 0.26889524590251346, 0.25557778083734534, 0.2412331744446774, 0.2201953226337994, 0.19245376543939918, 0.16498558468602978, 0.14409928426456653, 0.12865338849842675, 0.11209638608498276, 0.08935113135023472, 0.06170965459932849, 0.03581022354489476, 0.01760776604498017, 0.007911239433244316, 0.003772840144593774, 0.002154259739401116, 0.0014063104528456703]]}