{"S_Ks": [[0.860120951727974]], "S_Q": [[0.1255674971183972]], "S_T_Ks": [[0.8829109553024925]], "S_T_Q": [[0.12784712227287598]]}