{"S_min_Ks": [[0.8163975083488632]], "S_min_Q": [[0.10719580447913699]], "S_Ks": [[0.860120951727974]], "S_Q": [[0.1255674971183972]], "S_max_Ks": [[0.894905838639183]], "S_max_Q": [[0.13702043986237195]], "S_T_min_Ks": [[0.8409607922557474]], "S_T_min_Q": [[0.10623899277699417]], "S_T_Ks": [[0.8829109553024925]], "S_T_Q": [[0.12784712227287598]], "S_T_max_Ks": [[0.9110872590835059]], "S_T_max_Q": [[0.14880490010337055]]}