{"Min": [[8.95932664781451]], "SD_min": [[18.698097371151743]], "Mean": [[20.246134738343063]], "SD_max": [[21.794172105534383]], "Max": [[22.81149948566365]]}