{"Min": [[8.959328772907089]], "SD_min": [[18.69809737203689]], "Mean": [[20.24613473166452]], "SD_max": [[21.794172091292147]], "Max": [[22.811499137816487]]}