{"Min": [[8.95933368219396]], "SD_min": [[18.698097246900613]], "Mean": [[20.246134670169607]], "SD_max": [[21.7941720934386]], "Max": [[22.811498375810903]]}