{"Min": [[8.959325313633077]], "SD_min": [[18.69809737081392]], "Mean": [[20.246134742618874]], "SD_max": [[21.79417211442383]], "Max": [[22.811499703151117]]}