{"Min": [[8.959328236074203]], "SD_min": [[18.698097363121835]], "Mean": [[20.246134730206123]], "SD_max": [[21.79417209729041]], "Max": [[22.81149922901516]]}