{"output": [[8.95933368219396, 9.099254537685042, 9.23917539317612, 9.379096248667201, 9.519017104158282, 9.658937959649363, 9.798858815140441, 9.938779670631522, 10.078700526122603, 10.218621381613683, 10.358542237104762, 10.498463092595843, 10.638383948086924, 10.778304803578003, 10.918225659069083, 11.058146514560164, 11.198067370051245, 11.337988225542325, 11.477909081033404, 11.617829936524485, 11.757750792015566, 11.897671647506645, 12.037592502997725, 12.177513358488806, 12.317434213979887, 12.457355069470966, 12.597275924962046, 12.737196780453127, 12.877117635944206, 13.017038491435287, 13.156959346926367, 13.296880202417448, 13.436801057908529, 13.576721913399608, 13.716642768890688, 13.856563624381767, 13.996484479872848, 14.136405335363929, 14.27632619085501, 14.41624704634609, 14.55616790183717, 14.69608875732825, 14.83600961281933, 14.975930468310409, 15.11585132380149, 15.25577217929257, 15.395693034783651, 15.535613890274732, 15.67553474576581, 15.815455601256891, 15.95537645674797, 16.09529731223905, 16.23521816773013, 16.375139023221212, 16.515059878712293, 16.654980734203374, 16.794901589694454, 16.93482244518553, 17.074743300676616, 17.214664156167693, 17.354585011658774, 17.494505867149854, 17.634426722640935, 17.774347578132016, 17.914268433623093, 18.054189289114177, 18.194110144605254, 18.334031000096335, 18.473951855587416, 18.613872711078496, 18.753793566569577, 18.893714422060654, 19.03363527755174, 19.173556133042815, 19.313476988533896, 19.453397844024977, 19.593318699516058, 19.733239555007138, 19.873160410498215, 20.0130812659893, 20.153002121480377, 20.292922976971457, 20.432843832462538, 20.57276468795362, 20.7126855434447, 20.852606398935777, 20.99252725442686, 21.132448109917938, 21.272368965409022, 21.4122898209001, 21.55221067639118, 21.69213153188226, 21.83205238737334, 21.971973242864422, 22.1118940983555, 22.251814953846583, 22.39173580933766, 22.53165666482874, 22.671577520319822, 22.811498375810903]], "PDF": [[0.00045556180430968287, 0.0004133824386690577, 0.00018665116150112736, 4.146877390923802e-05, 4.4973870406283035e-06, 1.1907469166601557e-06, 1.2256773710634117e-05, 7.212018102519668e-05, 0.0001961740621508257, 0.0002468766461312949, 0.0001498680746041859, 0.0001018535607448354, 0.0002956961743392236, 0.0006649278582794665, 0.0008431036271881856, 0.0008396569156649749, 0.000944641102359854, 0.0010518116080212088, 0.001032840759636936, 0.0010510525969265035, 0.0012086126817214221, 0.001309185964205237, 0.0011029273379344203, 0.0008195333168776656, 0.000885977012367464, 0.0014676900515937122, 0.002394323897027182, 0.002909742451813308, 0.002681343858108772, 0.0023993493810226174, 0.002649597847359276, 0.0031528850930151787, 0.003921806359408154, 0.004719783112348408, 0.004567569046293807, 0.003916148319790649, 0.004037921242462177, 0.0050286375151639045, 0.006287540666569348, 0.00738547462940715, 0.00896497533927166, 0.01080746911707236, 0.01118249321807398, 0.009787682457048398, 0.008800940885159123, 0.00936839860424358, 0.010852626345826037, 0.012461452030559428, 0.012896157547623436, 0.013079168378518677, 0.014141053488293705, 0.014873672495841046, 0.014837326458303298, 0.015215484947692053, 0.017026786978571618, 0.01921366228706848, 0.0202544713247748, 0.02184233927128828, 0.025099328455167085, 0.028095128653425606, 0.030246872012748206, 0.0320696818721955, 0.03446683172154144, 0.03907651030968126, 0.0449690596866179, 0.050345954070340766, 0.05602360357117819, 0.06269486534723757, 0.06986703214926132, 0.07700216414035597, 0.08582198884650521, 0.09803124313833653, 0.11232179472371759, 0.12901303440153566, 0.14939274098339328, 0.16924434037895864, 0.18563441844818435, 0.20226026834949334, 0.22245944811216606, 0.2468240281131167, 0.27155115717894607, 0.29383506444931234, 0.31554561987307206, 0.3358659755313286, 0.35701044315640557, 0.37987120410847114, 0.39237982696951157, 0.38406974031635316, 0.36050489224487603, 0.3343243619677993, 0.3043273899000214, 0.26393094847766857, 0.2164813849027378, 0.16894430546693118, 0.12455585594805535, 0.08398883445051188, 0.04972550559813747, 0.025306171547055372, 0.011084387930533129, 0.00401015695849286]]}