{"output": [[8.959328772907089, 9.09924968568395, 9.239170598460815, 9.379091511237677, 9.519012424014539, 9.658933336791401, 9.798854249568265, 9.938775162345127, 10.07869607512199, 10.218616987898852, 10.358537900675715, 10.498458813452578, 10.63837972622944, 10.778300639006304, 10.918221551783166, 11.058142464560028, 11.19806337733689, 11.337984290113752, 11.477905202890616, 11.617826115667478, 11.75774702844434, 11.897667941221204, 12.037588853998066, 12.177509766774929, 12.31743067955179, 12.457351592328655, 12.597272505105517, 12.737193417882379, 12.877114330659243, 13.017035243436105, 13.156956156212967, 13.29687706898983, 13.436797981766691, 13.576718894543555, 13.716639807320417, 13.856560720097281, 13.996481632874143, 14.136402545651006, 14.276323458427868, 14.41624437120473, 14.556165283981592, 14.696086196758456, 14.836007109535318, 14.975928022312182, 15.115848935089044, 15.255769847865906, 15.395690760642768, 15.53561167341963, 15.675532586196494, 15.815453498973357, 15.95537441175022, 16.095295324527083, 16.235216237303945, 16.375137150080807, 16.51505806285767, 16.65497897563453, 16.794899888411393, 16.93482080118826, 17.074741713965118, 17.214662626741983, 17.354583539518845, 17.494504452295708, 17.63442536507257, 17.774346277849432, 17.914267190626298, 18.054188103403156, 18.194109016180022, 18.334029928956884, 18.473950841733746, 18.61387175451061, 18.75379266728747, 18.893713580064336, 19.033634492841195, 19.17355540561806, 19.313476318394923, 19.453397231171785, 19.593318143948647, 19.73323905672551, 19.873159969502375, 20.013080882279233, 20.1530017950561, 20.29292270783296, 20.432843620609823, 20.572764533386685, 20.712685446163547, 20.852606358940413, 20.99252727171727, 21.132448184494137, 21.272369097270996, 21.41229001004786, 21.552210922824724, 21.692131835601586, 21.832052748378448, 21.97197366115531, 22.111894573932176, 22.251815486709035, 22.3917363994859, 22.531657312262762, 22.671578225039624, 22.811499137816487]], "PDF": [[0.0004555616250571673, 0.0004133831458063317, 0.00018665164546938196, 4.1468846295057826e-05, 4.497377609145319e-06, 1.1906876526561538e-06, 1.2256291775657432e-05, 7.211860053172002e-05, 0.00019617257178952444, 0.0002468775163875879, 0.00014986939220279182, 0.00010185186937520025, 0.00029569007505813536, 0.000664922362443812, 0.0008431036154629032, 0.0008396566997601382, 0.0009446383857351176, 0.0010518094925310252, 0.001032838007798138, 0.001051045731460786, 0.001208605695691964, 0.0013091873442307184, 0.0011029356683283683, 0.0008195360245716875, 0.0008859710156525772, 0.0014676732834465354, 0.002394306717522332, 0.0029097379593458397, 0.0026813429450447835, 0.002399338078184996, 0.0026495875983877665, 0.0031528748057329525, 0.003921783924821662, 0.004719771965828822, 0.004567580896861167, 0.003916152129387858, 0.004037902027787056, 0.00502860526270822, 0.006287514240900811, 0.007385441907451452, 0.008964923966094674, 0.010807443538413706, 0.011182520835178275, 0.009787719231001536, 0.00880094288907391, 0.009368379151925094, 0.010852590300147853, 0.01246142729005469, 0.012896150005474494, 0.013079137872206254, 0.014141031763868273, 0.014873685261930341, 0.014837335993549881, 0.015215465843911083, 0.017026751964401798, 0.01921365031233569, 0.020254471463867316, 0.021842300587739883, 0.025099272551091387, 0.028095093899430816, 0.03024684488633506, 0.03206965442008982, 0.03446680356465456, 0.03907648007712721, 0.044969031728158054, 0.05034591761488478, 0.056023552155694635, 0.06269480731826288, 0.06986698353644655, 0.07700211653215078, 0.08582191397744866, 0.09803115173665455, 0.11232170095661669, 0.12901292739887077, 0.14939264366594082, 0.16924427724302257, 0.1856343618896831, 0.20226020269452363, 0.22245937436638105, 0.24682396023902786, 0.27155110916072794, 0.2938350293244741, 0.31554560374262963, 0.33586596013657793, 0.3570104183429343, 0.3798712078218223, 0.39237985128498937, 0.3840697307555662, 0.3605048240456686, 0.3343242821967944, 0.3043273202528378, 0.26393087582294605, 0.21648130352345793, 0.16894420413266725, 0.12455572622250817, 0.08398868295831585, 0.049725362506105646, 0.025306071460637618, 0.011084338093451265, 0.004010137003463906]]}