{"output": [[8.959325313633077, 9.099246267062552, 9.239167220492027, 9.379088173921502, 9.519009127350976, 9.658930080780452, 9.798851034209928, 9.938771987639402, 10.078692941068878, 10.218613894498354, 10.358534847927828, 10.498455801357304, 10.638376754786778, 10.778297708216254, 10.918218661645728, 11.058139615075204, 11.19806056850468, 11.337981521934154, 11.47790247536363, 11.617823428793105, 11.75774438222258, 11.897665335652055, 12.037586289081531, 12.177507242511005, 12.31742819594048, 12.457349149369955, 12.597270102799431, 12.737191056228905, 12.877112009658381, 13.017032963087857, 13.156953916517331, 13.296874869946807, 13.436795823376283, 13.576716776805757, 13.716637730235231, 13.856558683664709, 13.996479637094183, 14.136400590523657, 14.276321543953133, 14.416242497382608, 14.556163450812083, 14.696084404241558, 14.836005357671034, 14.975926311100508, 15.115847264529984, 15.25576821795946, 15.395689171388934, 15.535610124818408, 15.675531078247884, 15.81545203167736, 15.955372985106834, 16.095293938536308, 16.235214891965786, 16.37513584539526, 16.515056798824737, 16.65497775225421, 16.794898705683686, 16.93481965911316, 17.074740612542634, 17.21466156597211, 17.35458251940159, 17.494503472831063, 17.634424426260537, 17.77434537969001, 17.914266333119485, 18.054187286548963, 18.194108239978437, 18.334029193407915, 18.47395014683739, 18.613871100266863, 18.753792053696337, 18.89371300712581, 19.03363396055529, 19.173554913984763, 19.31347586741424, 19.453396820843714, 19.59331777427319, 19.733238727702663, 19.87315968113214, 20.013080634561614, 20.153001587991092, 20.292922541420566, 20.43284349485004, 20.572764448279514, 20.71268540170899, 20.852606355138466, 20.99252730856794, 21.132448261997418, 21.27236921542689, 21.412290168856366, 21.55221112228584, 21.692132075715314, 21.83205302914479, 21.97197398257427, 22.111894936003743, 22.251815889433217, 22.39173684286269, 22.531657796292166, 22.671578749721643, 22.811499703151117]], "PDF": [[0.0004555611312865187, 0.0004133826337690985, 0.0001866516472230777, 4.1468963087765e-05, 4.497410567722868e-06, 1.190688057690932e-06, 1.2256227299351545e-05, 7.211818880421361e-05, 0.0001961717514366195, 0.00024687734207378044, 0.00014986998920172028, 0.00010185159377535007, 0.0002956875218492514, 0.0006649189200079053, 0.0008431025210270984, 0.0008396559533949977, 0.000944636328396956, 0.0010518081236390653, 0.0010328376100783346, 0.0010510439287653272, 0.0012086026040216255, 0.0013091864201275275, 0.0011029389935777118, 0.000819538053396868, 0.0008859677791723522, 0.001467662983029735, 0.002394294232195859, 0.0029097337184768447, 0.0026813460374787287, 0.0023993370033429475, 0.0026495811749366813, 0.003152866926745953, 0.003921770411889899, 0.004719762338940386, 0.00456758696971456, 0.003916157646192324, 0.004037893777162905, 0.005028587234265897, 0.006287496900931065, 0.007385424927074839, 0.008964896376923142, 0.010807421096178374, 0.011182526597775883, 0.009787740866545073, 0.008800948215576521, 0.009368367467399422, 0.010852568879019923, 0.012461409179439806, 0.012896147697439719, 0.013079128772154358, 0.014141017571679515, 0.014873684047643922, 0.014837339591811426, 0.015215458846555138, 0.017026730606470353, 0.019213634022105564, 0.020254468358669533, 0.021842282531881578, 0.025099239981799023, 0.028095070914012792, 0.03024682825212715, 0.03206964041178101, 0.03446678854468603, 0.03907645265779995, 0.044969000129746105, 0.05034588977734816, 0.05602352018773489, 0.06269477057718789, 0.0698669481043128, 0.0770020866126488, 0.0858218756881607, 0.09803109857591168, 0.1123216467909417, 0.12901287046447146, 0.14939257469709477, 0.16924421762982864, 0.18563432289094914, 0.2022601692091264, 0.22245933905789597, 0.24682391636534617, 0.27155106833698006, 0.2938350052564837, 0.3155455841064053, 0.335865951767433, 0.3570104176441299, 0.3798711829296122, 0.3923798009224612, 0.3840696791529272, 0.36050478786706763, 0.3343242313811191, 0.30432723758720204, 0.26393078510645723, 0.21648121748951826, 0.16894411576214974, 0.12455562856010718, 0.0839885867419468, 0.04972528877158215, 0.025306029560601555, 0.011084320547749256, 0.004010132621836534]]}