{"output": [[8.959328236074203, 9.09924915519482, 9.239170074315435, 9.37909099343605, 9.519011912556666, 9.658932831677282, 9.798853750797898, 9.938774669918512, 10.078695589039128, 10.218616508159744, 10.35853742728036, 10.498458346400977, 10.638379265521591, 10.778300184642207, 10.918221103762823, 11.05814202288344, 11.198062942004054, 11.33798386112467, 11.477904780245286, 11.617825699365902, 11.757746618486518, 11.897667537607134, 12.037588456727748, 12.177509375848365, 12.31743029496898, 12.457351214089595, 12.597272133210211, 12.737193052330827, 12.877113971451443, 13.01703489057206, 13.156955809692676, 13.29687672881329, 13.436797647933906, 13.576718567054522, 13.716639486175136, 13.856560405295753, 13.996481324416369, 14.136402243536985, 14.2763231626576, 14.416244081778217, 14.556165000898831, 14.696085920019447, 14.836006839140063, 14.975927758260678, 15.115848677381294, 15.25576959650191, 15.395690515622526, 15.535611434743142, 15.675532353863758, 15.815453272984374, 15.955374192104989, 16.095295111225603, 16.23521603034622, 16.375136949466835, 16.51505786858745, 16.654978787708068, 16.794899706828684, 16.9348206259493, 17.074741545069912, 17.214662464190532, 17.354583383311144, 17.494504302431764, 17.634425221552377, 17.774346140672993, 17.91426705979361, 18.054187978914225, 18.19410889803484, 18.334029817155454, 18.473950736276073, 18.613871655396686, 18.753792574517306, 18.893713493637918, 19.033634412758534, 19.17355533187915, 19.313476250999766, 19.453397170120382, 19.593318089240995, 19.733239008361615, 19.873159927482227, 20.013080846602847, 20.15300176572346, 20.292922684844076, 20.43284360396469, 20.572764523085308, 20.712685442205924, 20.852606361326536, 20.992527280447156, 21.13244819956777, 21.27236911868839, 21.412290037809, 21.552210956929617, 21.692131876050233, 21.83205279517085, 21.971973714291465, 22.111894633412078, 22.251815552532697, 22.39173647165331, 22.53165739077393, 22.671578309894542, 22.81149922901516]], "PDF": [[0.0004555613066495049, 0.0004133828205619492, 0.00018665169373021108, 4.146895230900993e-05, 4.497406044965374e-06, 1.1906988980336508e-06, 1.2256342649109821e-05, 7.211866427516564e-05, 0.00019617241168035107, 0.00024687728357605137, 0.00014986949118131403, 0.0001018521019268974, 0.00029569000424931583, 0.0006649217014014182, 0.0008431031842394551, 0.0008396566438222002, 0.000944638051764005, 0.0010518091772319532, 0.0010328381287714858, 0.0010510458679577799, 0.0012086053624125502, 0.001309186757594572, 0.0011029358673434637, 0.0008195366259151851, 0.0008859709863657233, 0.001467672136859095, 0.002394304417189761, 0.002909736587819178, 0.002681343754191604, 0.0023993390467675394, 0.0026495868144404714, 0.0031528737234782565, 0.003921782162384554, 0.004719769494528602, 0.00456758119413608, 0.003916153923385468, 0.0040379019110094935, 0.00502860312665541, 0.006287511450246824, 0.007385440280666846, 0.008964920845796448, 0.01080743847854478, 0.011182518921645228, 0.00978772255886329, 0.008800945352563705, 0.009368378140524488, 0.010852587568378915, 0.012461423363028832, 0.012896149742430904, 0.013079138518968936, 0.014141029346303497, 0.01487368341901256, 0.014837336549320422, 0.015215466567486131, 0.017026749325996685, 0.019213645906580045, 0.02025447111492241, 0.021842300169210974, 0.02509926781612208, 0.028095089831660657, 0.03024684232269921, 0.032069653066325456, 0.03446680351951416, 0.039076476246129366, 0.04496902505983149, 0.050345913377819, 0.05602354840872563, 0.06269480244079052, 0.06986697772665118, 0.07700211344895458, 0.0858219121972165, 0.09803114595353374, 0.11232169531300995, 0.12901292358827485, 0.14939263252901994, 0.16924426353915306, 0.18563435630082334, 0.20226020146903978, 0.22245937393333687, 0.24682395412836175, 0.2715511000056201, 0.2938350257690133, 0.31554559868281024, 0.33586595968501043, 0.3570104223628593, 0.3798711937856461, 0.39237982086610856, 0.3840697067327275, 0.36050481881427987, 0.33432427233395423, 0.3043272956715447, 0.2639308524755758, 0.21648128739696967, 0.1689441910040645, 0.12455571282656665, 0.0839886732787024, 0.04972536082554887, 0.02530607518668636, 0.011084342102654103, 0.004010140123426816]]}