{"output": [[8.95932664781451, 9.099247585570563, 9.239168523326613, 9.379089461082666, 9.519010398838718, 9.65893133659477, 9.798852274350821, 9.938773212106874, 10.078694149862926, 10.218615087618979, 10.35853602537503, 10.498456963131082, 10.638377900887134, 10.778298838643185, 10.918219776399237, 11.05814071415529, 11.198061651911342, 11.337982589667392, 11.477903527423445, 11.617824465179497, 11.757745402935548, 11.8976663406916, 12.037587278447653, 12.177508216203705, 12.317429153959756, 12.457350091715808, 12.59727102947186, 12.737191967227911, 12.877112904983964, 13.017033842740016, 13.156954780496068, 13.296875718252121, 13.436796656008172, 13.576717593764222, 13.716638531520275, 13.856559469276327, 13.99648040703238, 14.136401344788432, 14.276322282544484, 14.416243220300535, 14.556164158056587, 14.696085095812638, 14.83600603356869, 14.975926971324743, 15.115847909080795, 15.255768846836848, 15.395689784592898, 15.53561072234895, 15.675531660105001, 15.815452597861054, 15.955373535617106, 16.09529447337316, 16.23521541112921, 16.375136348885263, 16.515057286641316, 16.654978224397365, 16.794899162153417, 16.93482009990947, 17.07474103766552, 17.21466197542157, 17.354582913177623, 17.494503850933675, 17.634424788689728, 17.77434572644578, 17.914266664201833, 18.054187601957885, 18.194108539713937, 18.33402947746999, 18.473950415226042, 18.613871352982095, 18.753792290738144, 18.893713228494196, 19.03363416625025, 19.173555104006297, 19.31347604176235, 19.453396979518402, 19.593317917274454, 19.733238855030507, 19.87315979278656, 20.01308073054261, 20.153001668298664, 20.292922606054717, 20.43284354381077, 20.57276448156682, 20.71268541932287, 20.852606357078923, 20.992527294834975, 21.132448232591027, 21.272369170347076, 21.41229010810313, 21.55221104585918, 21.692131983615234, 21.832052921371286, 21.97197385912734, 22.11189479688339, 22.251815734639443, 22.391736672395496, 22.531657610151548, 22.671578547907597, 22.81149948566365]], "PDF": [[0.00045556167460742043, 0.00041338308267744667, 0.00018665150701033836, 4.1468778318656334e-05, 4.497364514028675e-06, 1.190675820275734e-06, 1.2256194076692667e-05, 7.211824691354376e-05, 0.00019617216287037896, 0.0002468776296060719, 0.00014986969218038754, 0.00010185138217559825, 0.0002956882426751604, 0.0006649205382882415, 0.0008431032085490734, 0.0008396560382553239, 0.0009446371232255141, 0.001051808848758661, 0.001032837709637505, 0.0010510444213967679, 0.0012086038538215167, 0.0013091872172497823, 0.0011029378255912044, 0.0008195367995358783, 0.0008859683835158776, 0.0014676664382566793, 0.0023942996086255943, 0.002909736397009365, 0.002681344907683325, 0.002399336630671201, 0.002649583423367822, 0.003152869620530083, 0.003921775439385246, 0.004719767431497544, 0.004567585348409592, 0.003916154385418921, 0.004037895856658519, 0.0050285938489163275, 0.006287503980351394, 0.00738543077533399, 0.008964906485287616, 0.010807431720094523, 0.011182526881281147, 0.009787731844356218, 0.008800944012060639, 0.009368370945476948, 0.010852576804112338, 0.012461417971825048, 0.012896148930311692, 0.013079130842503447, 0.014141023611576063, 0.014873685638380551, 0.014837337684022366, 0.015215459538919184, 0.017026738261496067, 0.01921364221811992, 0.020254468797384344, 0.021842286979489776, 0.025099253174562516, 0.028095080912335448, 0.030246835070237194, 0.032069645321238585, 0.03446679125768796, 0.0390764615238386, 0.0449690133861335, 0.05034590005145936, 0.05602353120354886, 0.06269478409116293, 0.06986696216330601, 0.07700209614810924, 0.08582188584316597, 0.09803111686023744, 0.11232166508343978, 0.12901288708522768, 0.14939260217181288, 0.16924424587700757, 0.1856343374244792, 0.2022601776287277, 0.22245934702805278, 0.24682393298758298, 0.2715510879708289, 0.29383501459687833, 0.3155455940217493, 0.3358659542332495, 0.35701041393238875, 0.3798712055337174, 0.3923798477018128, 0.3840697186922425, 0.3605048028225202, 0.33432425494814266, 0.3043272835638499, 0.2639308288424471, 0.21648125008002025, 0.16894414547159517, 0.12455566165580399, 0.08398861615675196, 0.04972530466927668, 0.025306032776343943, 0.011084318622712513, 0.004010129386186386]]}