{"S_min_Ks": [[0.13369040506028645]], "S_min_Q": [[0.7710777797424344]], "S_Ks": [[0.14893336851819067]], "S_Q": [[0.8455079002670216]], "S_max_Ks": [[0.16112394962540436]], "S_max_Q": [[0.9244991011206041]], "S_T_min_Ks": [[0.0935307318103919]], "S_T_min_Q": [[0.8093411835234984]], "S_T_Ks": [[0.15853919922953802]], "S_T_Q": [[0.8624651944318901]], "S_T_max_Ks": [[0.20883528537856594]], "S_T_max_Q": [[0.9055735510828052]]}