{"S_Ks": [[0.14893337342631469]], "S_Q": [[0.8455078953600084]], "S_T_Ks": [[0.1585392061125946]], "S_T_Q": [[0.8624651902568258]]}