{"S_Ks": [[0.14893329460559449]], "S_Q": [[0.8455080013102148]], "S_T_Ks": [[0.1585391032097066]], "S_T_Q": [[0.8624652556452587]]}