{"S_Ks": [[0.14893336851819067]], "S_Q": [[0.8455079002670216]], "S_T_Ks": [[0.15853919922953802]], "S_T_Q": [[0.8624651944318901]]}