{"S_min_Ks": [[0.13369040989807]], "S_min_Q": [[0.7710777729271403]], "S_Ks": [[0.14893337342631469]], "S_Q": [[0.8455078953600084]], "S_max_Ks": [[0.16112395488311107]], "S_max_Q": [[0.924499101410614]], "S_T_min_Ks": [[0.09353073159889719]], "S_T_min_Q": [[0.8093411781121207]], "S_T_Ks": [[0.1585392061125946]], "S_T_Q": [[0.8624651902568258]], "S_T_max_Ks": [[0.20883529313366006]], "S_T_max_Q": [[0.9055735463941803]]}