{"S_Ks": [[0.14893336082337116]], "S_Q": [[0.8455079078846734]], "S_T_Ks": [[0.15853918842291964]], "S_T_Q": [[0.862465200980406]]}