{"S_min_Ks": [[0.1336903974688646]], "S_min_Q": [[0.7710777904435371]], "S_Ks": [[0.14893336082337116]], "S_Q": [[0.8455079078846734]], "S_max_Ks": [[0.16112394137486452]], "S_max_Q": [[0.9244991003975203]], "S_T_min_Ks": [[0.09353073226832878]], "S_T_min_Q": [[0.8093411920574973]], "S_T_Ks": [[0.15853918842291964]], "S_T_Q": [[0.862465200980406]], "S_T_max_Ks": [[0.20883527317050757]], "S_T_max_Q": [[0.905573558434769]]}