{"S_min_Ks": [[0.13369033459498114]], "S_min_Q": [[0.7710778741434484]], "S_Ks": [[0.14893329460559449]], "S_Q": [[0.8455080013102148]], "S_max_Ks": [[0.16112387367287426]], "S_max_Q": [[0.9244991982081671]], "S_T_min_Ks": [[0.0935306860545772]], "S_T_min_Q": [[0.8093412442332028]], "S_T_Ks": [[0.1585391032097066]], "S_T_Q": [[0.8624652556452587]], "S_T_max_Ks": [[0.20883519061784678]], "S_T_max_Q": [[0.9055736212366393]]}