{"S_min_Ks": [[0.1336903963005183]], "S_min_Q": [[0.7710777917578634]], "S_Ks": [[0.14893335946923603]], "S_Q": [[0.8455079111263315]], "S_max_Ks": [[0.16112394014754883]], "S_max_Q": [[0.9244991073582489]], "S_T_min_Ks": [[0.09353072893506006]], "S_T_min_Q": [[0.8093411921099994]], "S_T_Ks": [[0.15853918704891817]], "S_T_Q": [[0.8624652020165141]], "S_T_max_Ks": [[0.2088352725515369]], "S_T_max_Q": [[0.9055735596950802]]}