{"S_Ks": [[0.14893335946923603]], "S_Q": [[0.8455079111263315]], "S_T_Ks": [[0.15853918704891817]], "S_T_Q": [[0.8624652020165141]]}