{"Min": [[13.63534990101211]], "SD_min": [[16.237113714947746]], "Mean": [[17.326495095661368]], "SD_max": [[18.41587647637499]], "Max": [[20.154315045914604]]}