{"output": [[13.589834110512564, 13.65808470979762, 13.726335309082677, 13.794585908367733, 13.86283650765279, 13.931087106937847, 13.999337706222903, 14.06758830550796, 14.135838904793015, 14.204089504078071, 14.272340103363128, 14.340590702648184, 14.40884130193324, 14.477091901218298, 14.545342500503354, 14.61359309978841, 14.681843699073466, 14.750094298358523, 14.818344897643579, 14.886595496928635, 14.954846096213693, 15.023096695498749, 15.091347294783805, 15.159597894068861, 15.227848493353918, 15.296099092638974, 15.36434969192403, 15.432600291209086, 15.500850890494142, 15.5691014897792, 15.637352089064256, 15.705602688349313, 15.773853287634369, 15.842103886919425, 15.910354486204481, 15.978605085489537, 16.046855684774595, 16.11510628405965, 16.183356883344707, 16.251607482629765, 16.31985808191482, 16.388108681199874, 16.456359280484932, 16.52460987976999, 16.592860479055044, 16.661111078340102, 16.729361677625157, 16.797612276910215, 16.865862876195273, 16.934113475480327, 17.002364074765385, 17.07061467405044, 17.138865273335497, 17.20711587262055, 17.27536647190561, 17.343617071190664, 17.411867670475722, 17.48011826976078, 17.548368869045834, 17.616619468330892, 17.684870067615947, 17.753120666901005, 17.821371266186063, 17.889621865471117, 17.95787246475617, 18.02612306404123, 18.094373663326287, 18.16262426261134, 18.2308748618964, 18.299125461181454, 18.367376060466512, 18.43562665975157, 18.503877259036624, 18.57212785832168, 18.640378457606737, 18.708629056891795, 18.77687965617685, 18.845130255461907, 18.91338085474696, 18.98163145403202, 19.049882053317077, 19.11813265260213, 19.186383251887186, 19.254633851172244, 19.322884450457302, 19.391135049742356, 19.459385649027414, 19.52763624831247, 19.595886847597527, 19.664137446882584, 19.73238804616764, 19.800638645452697, 19.86888924473775, 19.93713984402281, 20.005390443307867, 20.07364104259292, 20.141891641877976, 20.210142241163034, 20.27839284044809, 20.346643439733146]], "PDF": [[0.00034163426070920683, 0.0003815949853334604, 0.00039966792120467475, 0.00041059946425915926, 0.0004322647317769736, 0.0004904270854536566, 0.0006094917185544309, 0.0007902660818305849, 0.0010108416390517095, 0.0012603527793803248, 0.0015696364709454106, 0.0020184764191174373, 0.0027363508285064165, 0.0038945636172800354, 0.005662741308400385, 0.008144928687364425, 0.011346631414437642, 0.015181155040082746, 0.019489395474769244, 0.024085050828392435, 0.028853457622598836, 0.03386891701309863, 0.0394309115664263, 0.045937290323152684, 0.05363192604813262, 0.06243056172082886, 0.0720593583344707, 0.08247123897918127, 0.09412740102556778, 0.10773659231611243, 0.12357890252279959, 0.1410536234390087, 0.15894655648457245, 0.1761978718203617, 0.19244103801738294, 0.20787587277697125, 0.22276535663416452, 0.2371017682786825, 0.25065252988694137, 0.26329555442726543, 0.27536995419168836, 0.2875368817640647, 0.2999612445534223, 0.31161354172144734, 0.3207528387470152, 0.3263606344135036, 0.3289912612052036, 0.3300792343652537, 0.33057806015871033, 0.3304762792218965, 0.32945286354715897, 0.3276078888135483, 0.3254335308048237, 0.32318233024497284, 0.3203243092840671, 0.3157931843516939, 0.3091473380807698, 0.30159150999746914, 0.2953822246674278, 0.29174185811980213, 0.2894645093437725, 0.2859778021403103, 0.2798385736350613, 0.2719726687478312, 0.2645345056181106, 0.2589588839853757, 0.25525695574688906, 0.25267577542436903, 0.25038437357068083, 0.24757758640568553, 0.24359423041137837, 0.23832951693056384, 0.232285297252135, 0.2258925597571059, 0.21884643893127242, 0.21031841824861913, 0.19978230701114627, 0.18744502794915607, 0.17391368802684398, 0.15964910075079178, 0.1447566904932783, 0.12919678600522783, 0.11321637599717775, 0.09760072012423601, 0.08338052357133055, 0.07117934619079362, 0.06082898108103388, 0.05160401540140289, 0.04283477153578632, 0.03438086867985977, 0.026621293056626243, 0.02006148985566636, 0.014957745218144644, 0.011209164137524038, 0.008465824834788842, 0.006328965831673687, 0.004543062828492301, 0.0030562734414730903, 0.0019148197619788425, 0.001126366355285863]]}