{"output": [[13.63534990101211, 13.701198033788904, 13.767046166565697, 13.83289429934249, 13.898742432119283, 13.964590564896076, 14.030438697672867, 14.09628683044966, 14.162134963226453, 14.227983096003246, 14.29383122878004, 14.359679361556832, 14.425527494333625, 14.491375627110418, 14.557223759887211, 14.623071892664004, 14.688920025440797, 14.754768158217589, 14.820616290994382, 14.886464423771175, 14.952312556547968, 15.01816068932476, 15.084008822101554, 15.149856954878347, 15.21570508765514, 15.281553220431933, 15.347401353208724, 15.413249485985517, 15.47909761876231, 15.544945751539103, 15.610793884315896, 15.67664201709269, 15.742490149869482, 15.808338282646275, 15.874186415423068, 15.940034548199861, 16.005882680976654, 16.071730813753447, 16.13757894653024, 16.203427079307033, 16.269275212083826, 16.33512334486062, 16.400971477637412, 16.466819610414205, 16.532667743191, 16.598515875967788, 16.66436400874458, 16.730212141521374, 16.796060274298167, 16.86190840707496, 16.927756539851753, 16.993604672628546, 17.05945280540534, 17.125300938182132, 17.191149070958925, 17.256997203735718, 17.32284533651251, 17.388693469289304, 17.454541602066097, 17.52038973484289, 17.586237867619683, 17.652086000396476, 17.717934133173266, 17.78378226595006, 17.849630398726852, 17.915478531503645, 17.981326664280438, 18.04717479705723, 18.113022929834024, 18.178871062610817, 18.24471919538761, 18.310567328164403, 18.376415460941196, 18.44226359371799, 18.508111726494782, 18.573959859271575, 18.639807992048368, 18.70565612482516, 18.771504257601954, 18.837352390378747, 18.90320052315554, 18.969048655932333, 19.034896788709126, 19.10074492148592, 19.166593054262712, 19.232441187039505, 19.2982893198163, 19.36413745259309, 19.429985585369884, 19.495833718146674, 19.561681850923467, 19.62752998370026, 19.693378116477053, 19.759226249253846, 19.82507438203064, 19.890922514807432, 19.956770647584225, 20.022618780361018, 20.08846691313781, 20.154315045914604]], "PDF": [[0.00037212054103776795, 0.0004426980690388913, 0.0005215368514046258, 0.000631586983764599, 0.0007894281140306834, 0.001028677974571535, 0.0014108896040821864, 0.0019818740675283525, 0.0027106085013145005, 0.0034921951083999522, 0.0042383753298836915, 0.0049864451399843435, 0.005929583358713251, 0.007330160824384013, 0.009364271677081402, 0.011997669455412136, 0.014998653011931503, 0.01812985863308738, 0.021405869696028552, 0.025181847577279582, 0.029917618330431408, 0.03573237607800857, 0.04216125177591462, 0.048498342774515125, 0.054520447698690105, 0.06083878025496857, 0.06850260380827922, 0.07832475935765106, 0.09051453077326636, 0.10468693960770234, 0.12009315289758171, 0.13595140856978333, 0.1516635579781368, 0.16680327297965689, 0.18108686363808263, 0.19449581907485153, 0.2073796573376306, 0.22030543361604288, 0.23367957794012226, 0.24745114244352834, 0.26122315251660744, 0.27464987084422404, 0.2875277185225149, 0.29935780309415017, 0.30911697932386395, 0.3159539070682448, 0.32010411405877365, 0.3226338035168931, 0.3242063895091028, 0.32462092143418664, 0.32371654059316024, 0.3221812845161084, 0.32110716569554215, 0.3210131376854744, 0.3215469494001337, 0.3218899115421374, 0.3211167364815589, 0.31831608690204216, 0.31291923373176256, 0.305267552412844, 0.29670337266825814, 0.2888389917969918, 0.2827623395325584, 0.27889185973153785, 0.27704632195110607, 0.2762174770883228, 0.2746320073845006, 0.2707137225346889, 0.26429190645598877, 0.2568455369762723, 0.2503687753726231, 0.24565815172036498, 0.24152574079894118, 0.23586015149000455, 0.22766071452982362, 0.21795518354888693, 0.20863155224811397, 0.2005592796772916, 0.19297577867694188, 0.18440971208573426, 0.17390847248338323, 0.1615761153950328, 0.14832481486445565, 0.13517157621139986, 0.12256457462799085, 0.11025299083747422, 0.0977876139734655, 0.08509920552865657, 0.07256258257409812, 0.06062722311510145, 0.04956761681583032, 0.03957043737136288, 0.030853561600450115, 0.023593620769103273, 0.01781623785094149, 0.013401773719354592, 0.010127687649122816, 0.007680885870238352, 0.005720949125172576, 0.004020901025425624]]}