{"output": [[13.63534990101211, 13.701198033788904, 13.767046166565697, 13.83289429934249, 13.898742432119283, 13.964590564896076, 14.030438697672867, 14.09628683044966, 14.162134963226453, 14.227983096003246, 14.29383122878004, 14.359679361556832, 14.425527494333625, 14.491375627110418, 14.557223759887211, 14.623071892664004, 14.688920025440797, 14.754768158217589, 14.820616290994382, 14.886464423771175, 14.952312556547968, 15.01816068932476, 15.084008822101554, 15.149856954878347, 15.21570508765514, 15.281553220431933, 15.347401353208724, 15.413249485985517, 15.47909761876231, 15.544945751539103, 15.610793884315896, 15.67664201709269, 15.742490149869482, 15.808338282646275, 15.874186415423068, 15.940034548199861, 16.005882680976654, 16.071730813753447, 16.13757894653024, 16.203427079307033, 16.269275212083826, 16.33512334486062, 16.400971477637412, 16.466819610414205, 16.532667743191, 16.598515875967788, 16.66436400874458, 16.730212141521374, 16.796060274298167, 16.86190840707496, 16.927756539851753, 16.993604672628546, 17.05945280540534, 17.125300938182132, 17.191149070958925, 17.256997203735718, 17.32284533651251, 17.388693469289304, 17.454541602066097, 17.52038973484289, 17.586237867619683, 17.652086000396476, 17.717934133173266, 17.78378226595006, 17.849630398726852, 17.915478531503645, 17.981326664280438, 18.04717479705723, 18.113022929834024, 18.178871062610817, 18.24471919538761, 18.310567328164403, 18.376415460941196, 18.44226359371799, 18.508111726494782, 18.573959859271575, 18.639807992048368, 18.70565612482516, 18.771504257601954, 18.837352390378747, 18.90320052315554, 18.969048655932333, 19.034896788709126, 19.10074492148592, 19.166593054262712, 19.232441187039505, 19.2982893198163, 19.36413745259309, 19.429985585369884, 19.495833718146674, 19.561681850923467, 19.62752998370026, 19.693378116477053, 19.759226249253846, 19.82507438203064, 19.890922514807432, 19.956770647584225, 20.022618780361018, 20.08846691313781, 20.154315045914604]], "PDF": [[0.00037212000365039697, 0.0004426983597323534, 0.0005215379787457572, 0.0006315885999132793, 0.0007894308503093671, 0.0010286830069810584, 0.0014108964558006525, 0.0019818798378202543, 0.0027106103093455136, 0.0034921934701734707, 0.004238374890199654, 0.004986451727082264, 0.00592959961103524, 0.007330183637707239, 0.009364293280433564, 0.011997682356353304, 0.014998656758868587, 0.0181298625582983, 0.02140588676335061, 0.025181882192341888, 0.029917658018567835, 0.03573239844343098, 0.04216124698737849, 0.048498328970584356, 0.054520456665152164, 0.060838828142238205, 0.06850268116524796, 0.07832484392100253, 0.09051460118713055, 0.10468698278105511, 0.12009316804269356, 0.13595140296006175, 0.15166353764434853, 0.1668032422773571, 0.1810868318755603, 0.19449579997785524, 0.2073796592973892, 0.22030545081159453, 0.2336795929940654, 0.2474511421665749, 0.2612231397436161, 0.2746498525909783, 0.28752768390639605, 0.2993577303637063, 0.3091168734249878, 0.31595381021396124, 0.32010405899033423, 0.3226337732928226, 0.3242063488412526, 0.3246208722083249, 0.32371651712737814, 0.3221813026753602, 0.3211072028239908, 0.3210131609168264, 0.3215469428889637, 0.3218898726059926, 0.32111666477860434, 0.3183159932915493, 0.3129191515811199, 0.30526751970808036, 0.29670339901868936, 0.28883905632599044, 0.28276241816845377, 0.2788919330287264, 0.2770463601804103, 0.27621745020271327, 0.27463192131022407, 0.27071362960249923, 0.26429186886453665, 0.25684557474844805, 0.25036884373937796, 0.24565817510279056, 0.24152568345579203, 0.2358600560119151, 0.2276606590586783, 0.21795520050287046, 0.20863160145320853, 0.20055929890754487, 0.19297574248203397, 0.18440964104203117, 0.17390840594168486, 0.16157608297084666, 0.14832482018902285, 0.13517159763823108, 0.12256458556672072, 0.11025298409944073, 0.09778760467685248, 0.08509921069444847, 0.07256260427662692, 0.06062725398313662, 0.04956765375166807, 0.03957048223258145, 0.030853613033535312, 0.02359367302419342, 0.017816285763370354, 0.013401813869088513, 0.01012771669054818, 0.00768090253375984, 0.005720957552195726, 0.004020908728445709]]}