{"S_min_Ks": [[0.6217389802932461]], "S_min_Q": [[0.3108388093596401]], "S_Ks": [[0.6480510464767633]], "S_Q": [[0.3292180484459976]], "S_max_Ks": [[0.6714210884564924]], "S_max_Q": [[0.34690522225665843]], "S_T_min_Ks": [[0.6331251180089169]], "S_T_min_Q": [[0.3156077191794333]], "S_T_Ks": [[0.6685544139806504]], "S_T_Q": [[0.34097032856345366]], "S_T_max_Ks": [[0.6951004810942126]], "S_T_max_Q": [[0.3603425929529363]]}