{"S_Ks": [[0.6828871286198407]], "S_Q": [[0.34057296590514374]], "S_T_Ks": [[0.674208701208785]], "S_T_Q": [[0.34316804061591544]]}