{"S_min_Ks": [[0.6568989415387295]], "S_min_Q": [[0.3193437005945615]], "S_Ks": [[0.6828871286198407]], "S_Q": [[0.34057296590514374]], "S_max_Ks": [[0.7118226206333723]], "S_max_Q": [[0.3570014380101808]], "S_T_min_Ks": [[0.6487718439398247]], "S_T_min_Q": [[0.32054153933810503]], "S_T_Ks": [[0.674208701208785]], "S_T_Q": [[0.34316804061591544]], "S_T_max_Ks": [[0.7052246110779082]], "S_T_max_Q": [[0.3661902564752751]]}