{"y": [16000.0, 16000.0, 16000.0, 16000.0, 8000.0, 16000.0, 24000.0, 32000.0, 0.9665388117659532, 1.0, -0.732648086942237, -0.7009716550967828, 7.257218455004813, 8.887627245398638, -2.386980610284539, -0.5072487920505334], "x": [8000.0, 8000.0, 8000.0, 8000.0, 8000.0, 16000.0, 24000.0, 32000.0, 1.0, 0.9665388117659532, -0.5470974856631677, -0.5005942656785607, 6.343310422664861, 7.257218455004813, -1.5058553519071611, -0.306035284568483], "Covariance": [32000.0, 32000.0, 32000.0, 32000.0, 8000.0, 16000.0, 24000.0, 32000.0, -0.5005942656785607, -0.7009716550967828, 0.991986885062014, 1.0, -0.306035284568483, -0.5072487920505334, 0.26314440146959106, 0.05891899054169075], "Correlation-YY": [24000.0, 24000.0, 24000.0, 24000.0, 8000.0, 16000.0, 24000.0, 32000.0, -0.5470974856631677, -0.732648086942237, 1.0, 0.991986885062014, -1.5058553519071611, -2.386980610284539, 1.1943211161122904, 0.26314440146959106]}