{"SD_max": [0.5905730567670013, -9.81257188196475, 6.864615368623307, -5.678415796664446], "Min": [16000.0, -9.962488582703708, 3.5095904286575297, -9.554895795286752], "Max": [-1.0294766831940128, -10.00590582735857, 6.841842309646653, -9.008285271291578], "SD_min": [24000.0, 1.0174139092815615, -8.779971706726398, 15.348558775759132], "x": [8000.0, -9.738459447809397, 3.941014638952434, -7.747371531488045], "Mean": [32000.0, 0.1773385476684064, -9.78040081132266, 15.345506100929846]}