{"S_Q": [24000.0, 0.39505771068959267, 1.1717396020609818, 0.0470791019835554], "x": [8000.0, 0.13583513516261078, 0.9254847897178984, 0.06461339198345231], "S_T_Q": [0.5800094316697126, 0.062483612998798836, 0.994460309042947, 0.07967696693030518], "S_Ks": [16000.0, 0.8299598197835417, 0.2808613314498454, 1.2115304993652545], "S_T_Ks": [32000.0, 0.7675076877357466, 0.05061143508002488, 1.0014426630571631]}