{"S_Q": [0.08957410001968209], "S_T_min_Q": [0.2004936805007792], "S_max_Q": [0.14832869746324664], "S_T_max_Ks": [1.0296948783682307], "S_T_min_Ks": [0.7578111581176998], "S_min_Ks": [0.6045316779388034], "S_min_Q": [0.024448110482586577], "S_T_Ks": [0.8945177939178035], "S_T_Q": [0.30720886637896677], "S_max_Ks": [0.8539008170791315], "S_T_max_Q": [0.3993888590818224], "S_Ks": [0.7284438125562134]}