{"Min": [[-65.55338556699384]], "SD_min": [[9.495253675077848]], "Mean": [[15.010826482602527]], "SD_max": [[20.526399290127205]], "Max": [[26.204461965029395]]}