{"Min": [[12.482555736842418]], "SD_min": [[18.002204964844246]], "Mean": [[18.299382922578005]], "SD_max": [[18.596560880311763]], "Max": [[20.245866943572633]]}