{"Min": [[15.603137367841049]], "SD_min": [[18.01304546820409]], "Mean": [[18.309761512944252]], "SD_max": [[18.606477557684414]], "Max": [[23.53840064510136]]}