{"output": [[-73.40152959322579, -72.07713597610244, -70.75274235897909, -69.42834874185574, -68.1039551247324, -66.77956150760903, -65.45516789048568, -64.13077427336233, -62.806380656238986, -61.48198703911564, -60.15759342199229, -58.83319980486894, -57.50880618774559, -56.18441257062224, -54.860018953498894, -53.53562533637554, -52.21123171925219, -50.88683810212884, -49.562444485005486, -48.23805086788214, -46.91365725075879, -45.58926363363544, -44.26487001651209, -42.94047639938874, -41.616082782265394, -40.29168916514204, -38.96729554801869, -37.64290193089534, -36.31850831377199, -34.994114696648644, -33.66972107952529, -32.34532746240194, -31.02093384527859, -29.696540228155243, -28.372146611031894, -27.04775299390854, -25.72335937678519, -24.39896575966184, -23.074572142538493, -21.750178525415144, -20.42578490829179, -19.10139129116844, -17.77699767404509, -16.452604056921743, -15.128210439798394, -13.803816822675046, -12.47942320555169, -11.155029588428341, -9.830635971304993, -8.506242354181637, -7.181848737058289, -5.85745511993494, -4.5330615028115915, -3.208667885688243, -1.8842742685648943, -0.5598806514415458, 0.7645129656818028, 2.0889065828051514, 3.4133001999285, 4.737693817051863, 6.062087434175211, 7.38648105129856, 8.710874668421908, 10.035268285545257, 11.359661902668606, 12.684055519791954, 14.008449136915303, 15.332842754038651, 16.657236371162, 17.98162998828535, 19.30602360540871, 20.63041722253206, 21.95481083965541, 23.279204456778757, 24.603598073902106, 25.927991691025454, 27.252385308148803, 28.57677892527215, 29.9011725423955, 31.22556615951885, 32.54995977664221, 33.87435339376556, 35.19874701088891, 36.52314062801226, 37.847534245135606, 39.171927862258954, 40.4963214793823, 41.82071509650565, 43.145108713629, 44.46950233075235, 45.7938959478757, 47.11828956499906, 48.44268318212241, 49.76707679924576, 51.091470416369106, 52.415864033492454, 53.7402576506158, 55.064651267739166, 56.389044884862514, 57.71343850198586]], "PDF": [[7.718740416866242e-05, 2.895595477097471e-06, 1.4976011908210158e-09, 8.176125712459744e-06, 6.995864858585727e-05, 8.42399639963368e-07, 7.473359731016129e-09, 1.7062571109917462e-05, 6.03637256298e-05, 7.488600194793564e-05, 1.441033681170936e-06, 3.915389081340878e-11, 1.4971285916707452e-18, 8.056124934877493e-29, 3.9400653611859586e-25, 8.462437272972434e-16, 2.5578225176728057e-09, 1.0879984026201333e-05, 6.512828509080031e-05, 2.8128807431342182e-06, 7.684533287572355e-05, 3.6702571159029484e-06, 2.4669390910935923e-10, 2.3334761284792095e-17, 5.312931680548635e-15, 8.179199195276768e-09, 1.81238013306922e-05, 0.0001333135647663991, 0.00013536419869153188, 3.513019283264224e-05, 0.00012424697694520703, 7.690080942008962e-06, 0.0001531374257859198, 1.4541644598718491e-05, 0.00015695398746622556, 6.868510657593698e-05, 0.000155751036701698, 6.415356304288515e-05, 0.00011525047141376882, 0.00017219653680941043, 9.584754931490593e-05, 0.00028551776419810177, 0.0003716987888597261, 0.0002625974365374487, 0.00020334093512471916, 0.0001839616455734729, 0.0005430133912864286, 0.0004734261196698991, 0.00031911933954205347, 0.000412462766797006, 0.0007311414242861646, 0.0005478074811567763, 0.0006379752273473248, 0.0006215580376953536, 0.0008576402110051901, 0.0014470691342291864, 0.001678805004253081, 0.0019893011478997187, 0.0022332653010566084, 0.0026124440346040867, 0.00274019645999174, 0.003536918442083097, 0.003576704207501546, 0.0046252215326191785, 0.006699178761742597, 0.010031886937147627, 0.015569185315660537, 0.023670884006128885, 0.0679412112436652, 0.47087450555006183, 0.11639107664178829, 0.009632623708155517, 0.0012529090719238072, 0.00020768507473254607, 0.0001247810798065089, 0.0002682945961586637, 0.00010588837072146301, 3.316047914599908e-05, 3.538586042151258e-05, 5.943203303199868e-05, 2.3995200348677027e-05, 0.00010849159512236533, 2.796959718462842e-05, 2.549454032585188e-08, 3.347009249195814e-14, 6.185862515064222e-23, 1.6088988880751272e-34, 5.888981369384801e-49, 3.033433770045919e-66, 2.198931809691719e-86, 2.2432202354102805e-109, 4.323141781865477e-96, 1.054211311752497e-74, 3.6177518353504852e-56, 1.747160412179322e-40, 1.1874345920518486e-27, 1.1357154135902737e-17, 1.5286647492756834e-10, 2.8955954767862206e-06, 7.718740416866242e-05]]}