{"output": [[12.482555736842418, 12.560973021758885, 12.639390306675352, 12.717807591591818, 12.796224876508285, 12.874642161424752, 12.953059446341218, 13.031476731257685, 13.109894016174152, 13.18831130109062, 13.266728586007087, 13.345145870923552, 13.42356315584002, 13.501980440756487, 13.580397725672952, 13.65881501058942, 13.737232295505887, 13.815649580422354, 13.894066865338822, 13.972484150255287, 14.050901435171754, 14.129318720088222, 14.207736005004687, 14.286153289921154, 14.364570574837622, 14.442987859754089, 14.521405144670556, 14.599822429587022, 14.678239714503489, 14.756656999419956, 14.835074284336422, 14.913491569252889, 14.991908854169356, 15.070326139085823, 15.14874342400229, 15.227160708918756, 15.305577993835223, 15.38399527875169, 15.462412563668156, 15.540829848584623, 15.61924713350109, 15.697664418417558, 15.776081703334025, 15.85449898825049, 15.932916273166958, 16.011333558083425, 16.08975084299989, 16.16816812791636, 16.246585412832825, 16.32500269774929, 16.40341998266576, 16.481837267582225, 16.56025455249869, 16.63867183741516, 16.717089122331625, 16.79550640724809, 16.87392369216456, 16.95234097708103, 17.030758261997494, 17.10917554691396, 17.18759283183043, 17.266010116746894, 17.34442740166336, 17.42284468657983, 17.501261971496294, 17.57967925641276, 17.65809654132923, 17.736513826245695, 17.81493111116216, 17.89334839607863, 17.971765680995095, 18.05018296591156, 18.12860025082803, 18.207017535744498, 18.285434820660964, 18.36385210557743, 18.442269390493898, 18.520686675410364, 18.59910396032683, 18.677521245243298, 18.755938530159764, 18.83435581507623, 18.912773099992698, 18.991190384909164, 19.06960766982563, 19.148024954742098, 19.226442239658564, 19.30485952457503, 19.3832768094915, 19.461694094407967, 19.540111379324433, 19.6185286642409, 19.696945949157367, 19.775363234073833, 19.8537805189903, 19.932197803906767, 20.010615088823233, 20.0890323737397, 20.167449658656167, 20.245866943572633]], "PDF": [[0.0008490674312117502, 0.00021091131952063577, 3.2327566061191823e-06, 3.0574653202335483e-09, 1.7842901755967957e-13, 6.425173234279171e-19, 1.4276429713832102e-25, 1.9573558775478263e-33, 1.65590489424302e-42, 2.2988813347023483e-46, 8.033255245158227e-37, 1.732136663864912e-28, 2.304560720223182e-21, 1.891949626140981e-15, 9.583990958396252e-11, 2.995702172832822e-07, 5.77785031128571e-05, 0.0006876213470381053, 0.0005049493623064535, 2.288030018853407e-05, 6.397221062403734e-08, 1.1787081088717792e-09, 1.6916162634218434e-06, 0.00015121624062992522, 0.0008340852376088383, 0.0002838819928703795, 5.962947517571594e-06, 1.634820809807185e-06, 0.00014814591852368872, 0.0008323037595255181, 0.0002885289772907426, 6.173559743426869e-06, 2.2350749263494514e-06, 0.00017665536446820465, 0.00101763501035472, 0.0011468441182137129, 0.0009222848808423506, 0.0005362039109711709, 0.00010831153336814559, 0.0011761103391871128, 0.002100980028289441, 0.0031709864123542018, 0.0017033004943666575, 0.0007776339255856829, 0.0016112261850521, 0.004121786892851622, 0.003976322678988439, 0.004547818766153418, 0.007187274444715318, 0.005613479198013072, 0.004861831644185034, 0.004114583769785996, 0.006268850402541113, 0.011767173531184253, 0.012336401787999333, 0.012423636947129084, 0.011956048781528512, 0.011129604719869996, 0.015917579067703077, 0.022881552272298693, 0.026665815426104335, 0.035635427476648045, 0.042089188293781436, 0.04233582390477568, 0.05469680882029859, 0.07188321848792095, 0.08282051843618116, 0.10439962396270983, 0.12764870199825806, 0.17156054728530307, 0.22675502720062657, 0.29423952405745485, 0.4255022419283332, 0.6223130553207765, 1.4871381991406003, 4.229157279902987, 3.4119936593687172, 0.8834705924072226, 0.1328739392144055, 0.04719821301783961, 0.025237209292470638, 0.01374312628089285, 0.006684762792214701, 0.005899354218328813, 0.005397916946070924, 0.0030612369981875597, 0.003931856617081475, 0.0021863954277183263, 0.0007760450858514108, 0.0011166702255067825, 0.001574282167037046, 0.0008266435097422917, 4.623602638758525e-05, 1.8735350263380775e-07, 4.864611944421825e-11, 1.7921462368622092e-13, 3.0574653202343304e-09, 3.2327566061191823e-06, 0.00021091131952064889, 0.0008490674312117502]]}