{"output": [[15.603137367841049, 15.683291542358829, 15.76344571687661, 15.84359989139439, 15.923754065912172, 16.003908240429954, 16.084062414947734, 16.164216589465514, 16.244370763983294, 16.324524938501078, 16.404679113018858, 16.484833287536638, 16.564987462054418, 16.645141636572202, 16.725295811089982, 16.805449985607762, 16.885604160125542, 16.965758334643326, 17.045912509161106, 17.126066683678886, 17.206220858196666, 17.286375032714446, 17.36652920723223, 17.44668338175001, 17.52683755626779, 17.606991730785573, 17.687145905303353, 17.767300079821133, 17.847454254338913, 17.927608428856693, 18.007762603374477, 18.087916777892257, 18.168070952410037, 18.248225126927817, 18.3283793014456, 18.40853347596338, 18.48868765048116, 18.56884182499894, 18.64899599951672, 18.729150174034505, 18.809304348552285, 18.889458523070065, 18.96961269758785, 19.04976687210563, 19.12992104662341, 19.21007522114119, 19.29022939565897, 19.370383570176752, 19.450537744694532, 19.530691919212313, 19.610846093730096, 19.691000268247876, 19.771154442765656, 19.851308617283436, 19.931462791801216, 20.011616966318996, 20.09177114083678, 20.17192531535456, 20.25207948987234, 20.332233664390124, 20.412387838907904, 20.492542013425684, 20.572696187943464, 20.652850362461244, 20.733004536979028, 20.813158711496808, 20.893312886014588, 20.97346706053237, 21.05362123505015, 21.13377540956793, 21.21392958408571, 21.29408375860349, 21.374237933121275, 21.454392107639055, 21.534546282156835, 21.614700456674615, 21.6948546311924, 21.77500880571018, 21.85516298022796, 21.93531715474574, 22.01547132926352, 22.095625503781303, 22.175779678299083, 22.255933852816863, 22.336088027334647, 22.416242201852427, 22.496396376370207, 22.576550550887987, 22.656704725405767, 22.73685889992355, 22.81701307444133, 22.89716724895911, 22.977321423476894, 23.057475597994674, 23.137629772512454, 23.217783947030235, 23.297938121548015, 23.378092296065795, 23.45824647058358, 23.53840064510136]], "PDF": [[0.0010013611862804742, 0.00016147649745737921, 0.0008121537860986642, 0.00039491819763218884, 3.355054342721324e-06, 1.1256011445859886e-06, 0.00026285272599603585, 0.0016524004152178404, 0.001226075266546298, 0.0032063435489598194, 0.0025598892424865374, 0.001917838442429908, 0.004780190057235958, 0.004743941742036579, 0.004444560809085753, 0.006352630267109409, 0.010282563189428823, 0.012802056312036446, 0.017092729997834115, 0.0194361066680176, 0.026126656938020885, 0.033847793000212775, 0.04724968527314447, 0.0582133908921608, 0.07153371452478657, 0.08710937473416853, 0.11852533952814985, 0.16259693602192002, 0.21434731348519984, 0.25105327761604734, 0.32823158950885395, 0.4468721160070744, 0.6580689876277452, 0.9865043296023094, 2.0852382540141616, 4.093681671515149, 2.024694947271187, 0.35015699450227233, 0.14382612343180334, 0.05792362026663005, 0.029001841220831104, 0.023923708277419048, 0.01243833056731719, 0.010157086030859123, 0.008501475256698029, 0.00943678896297352, 0.00957445247630118, 0.004251771363000289, 0.005964794419526306, 0.003717216529923063, 0.0037984112402093305, 0.0025263147743606966, 0.0013810867483994584, 0.0032328217632038698, 0.00047247883605052295, 0.00019951967778255317, 0.0013862377628990638, 0.0008884671558162585, 3.6758564469167876e-05, 0.0008372542457785253, 0.0015730277046431798, 5.9306653267863216e-05, 4.4244359115068533e-08, 3.6939776215395025e-06, 0.000428073680658218, 0.001985434980490361, 0.00242925628579103, 0.0001331265951899645, 3.777198614993122e-07, 0.00011276887026604529, 0.0009983018979004613, 0.00015464727694131062, 0.0001337177496784952, 0.0012304225123278103, 0.0012626888976942372, 0.001063428120153118, 0.0001967176998991711, 0.0009898093263869924, 0.00017806317100907567, 5.595301044517281e-07, 3.070588064419676e-11, 2.942851777061742e-17, 4.925654558056861e-25, 1.4398201427302562e-34, 7.350235826854659e-46, 1.3178901462010985e-41, 6.042267194533484e-31, 4.838039091756957e-22, 6.765307662149955e-15, 1.652168970501675e-09, 7.046445587804455e-06, 0.0005248491224995016, 0.0006827277880496437, 1.550991491413958e-05, 6.153468509878751e-09, 4.2644942668007984e-14, 1.2309831818056605e-11, 3.054079167740922e-07, 0.00013232965902382869, 0.0010013429113088534]]}