{"output": [[-73.40152959322579, -72.07713597610244, -70.75274235897909, -69.42834874185574, -68.1039551247324, -66.77956150760903, -65.45516789048568, -64.13077427336233, -62.806380656238986, -61.48198703911564, -60.15759342199229, -58.83319980486894, -57.50880618774559, -56.18441257062224, -54.860018953498894, -53.53562533637554, -52.21123171925219, -50.88683810212884, -49.562444485005486, -48.23805086788214, -46.91365725075879, -45.58926363363544, -44.26487001651209, -42.94047639938874, -41.616082782265394, -40.29168916514204, -38.96729554801869, -37.64290193089534, -36.31850831377199, -34.994114696648644, -33.66972107952529, -32.34532746240194, -31.02093384527859, -29.696540228155243, -28.372146611031894, -27.04775299390854, -25.72335937678519, -24.39896575966184, -23.074572142538493, -21.750178525415144, -20.42578490829179, -19.10139129116844, -17.77699767404509, -16.452604056921743, -15.128210439798394, -13.803816822675046, -12.47942320555169, -11.155029588428341, -9.830635971304993, -8.506242354181637, -7.181848737058289, -5.85745511993494, -4.5330615028115915, -3.208667885688243, -1.8842742685648943, -0.5598806514415458, 0.7645129656818028, 2.0889065828051514, 3.4133001999285, 4.737693817051863, 6.062087434175211, 7.38648105129856, 8.710874668421908, 10.035268285545257, 11.359661902668606, 12.684055519791954, 14.008449136915303, 15.332842754038651, 16.657236371162, 17.98162998828535, 19.30602360540871, 20.63041722253206, 21.95481083965541, 23.279204456778757, 24.603598073902106, 25.927991691025454, 27.252385308148803, 28.57677892527215, 29.9011725423955, 31.22556615951885, 32.54995977664221, 33.87435339376556, 35.19874701088891, 36.52314062801226, 37.847534245135606, 39.171927862258954, 40.4963214793823, 41.82071509650565, 43.145108713629, 44.46950233075235, 45.7938959478757, 47.11828956499906, 48.44268318212241, 49.76707679924576, 51.091470416369106, 52.415864033492454, 53.7402576506158, 55.064651267739166, 56.389044884862514, 57.71343850198586]], "PDF": [[7.718740898514259e-05, 2.8955944713904477e-06, 1.4975991947771856e-09, 8.176123931882754e-06, 6.995865209274633e-05, 8.42399217574036e-07, 7.473351564059493e-09, 1.706256895981787e-05, 6.036372526311953e-05, 7.488600612970826e-05, 1.4410330551657643e-06, 3.91538224320951e-11, 1.4971227858355342e-18, 8.056069920235906e-29, 3.9400426319667655e-25, 8.462411148620747e-16, 2.5578193846286826e-09, 1.0879982044721806e-05, 6.512828777386346e-05, 2.8128795827545793e-06, 7.6845337628249e-05, 3.670255949727635e-06, 2.466935349330042e-10, 2.3334678790977377e-17, 5.312916497024198e-15, 8.179190359039243e-09, 1.8123798930209982e-05, 0.00013331356532654534, 0.00013536420058526914, 3.513018775321419e-05, 0.00012424698178699776, 7.690078108590314e-06, 0.000153137435186804, 1.4541640363317958e-05, 0.0001569539915511186, 6.868510216919195e-05, 0.00015575103987424026, 6.415355809117743e-05, 0.00011525047287927302, 0.0001721965395639059, 9.584754942201905e-05, 0.000285517765780377, 0.00037169878623453706, 0.0002625974362092875, 0.00020334093388842822, 0.00018396163498912376, 0.0005430133970354525, 0.00047342611941184634, 0.0003191193434056891, 0.0004124627730495406, 0.0007311414371509762, 0.0005478074804731136, 0.00063797523250293, 0.0006215580291802701, 0.0008576402098200263, 0.0014470691370684356, 0.0016788049816661797, 0.001989301144820773, 0.0022332653288183496, 0.002612444063201379, 0.0027401964431974643, 0.0035369184763059665, 0.0035767041969025906, 0.004625221517414157, 0.0066991787871160105, 0.010031886908809847, 0.015569185308462286, 0.023670883859932646, 0.0679412063969282, 0.47087452040441535, 0.11639106728921905, 0.009632623598096156, 0.0012529089802765054, 0.0002076850667989779, 0.00012478107796835833, 0.00026829460264665575, 0.00010588836669169689, 3.3160477515447425e-05, 3.538585894130092e-05, 5.94320347463297e-05, 2.3995196262358182e-05, 0.00010849159750675661, 2.796959499647599e-05, 2.5494516403473612e-08, 3.347000452779403e-14, 6.185830733782714e-23, 1.6088852659221214e-34, 5.8889070786665216e-49, 3.033380432958055e-66, 2.198880419903873e-86, 2.2431529904007976e-109, 4.323028690530715e-96, 1.0541902129539605e-74, 3.6176986995574897e-56, 1.747142625000779e-40, 1.1874268818659166e-27, 1.1357112965084633e-17, 1.5286623393500524e-10, 2.895594471079203e-06, 7.718740898514259e-05]]}