{"output": [[-73.40152959322579, -72.07713597610244, -70.75274235897909, -69.42834874185574, -68.1039551247324, -66.77956150760903, -65.45516789048568, -64.13077427336233, -62.806380656238986, -61.48198703911564, -60.15759342199229, -58.83319980486894, -57.50880618774559, -56.18441257062224, -54.860018953498894, -53.53562533637554, -52.21123171925219, -50.88683810212884, -49.562444485005486, -48.23805086788214, -46.91365725075879, -45.58926363363544, -44.26487001651209, -42.94047639938874, -41.616082782265394, -40.29168916514204, -38.96729554801869, -37.64290193089534, -36.31850831377199, -34.994114696648644, -33.66972107952529, -32.34532746240194, -31.02093384527859, -29.696540228155243, -28.372146611031894, -27.04775299390854, -25.72335937678519, -24.39896575966184, -23.074572142538493, -21.750178525415144, -20.42578490829179, -19.10139129116844, -17.77699767404509, -16.452604056921743, -15.128210439798394, -13.803816822675046, -12.47942320555169, -11.155029588428341, -9.830635971304993, -8.506242354181637, -7.181848737058289, -5.85745511993494, -4.5330615028115915, -3.208667885688243, -1.8842742685648943, -0.5598806514415458, 0.7645129656818028, 2.0889065828051514, 3.4133001999285, 4.737693817051863, 6.062087434175211, 7.38648105129856, 8.710874668421908, 10.035268285545257, 11.359661902668606, 12.684055519791954, 14.008449136915303, 15.332842754038651, 16.657236371162, 17.98162998828535, 19.30602360540871, 20.63041722253206, 21.95481083965541, 23.279204456778757, 24.603598073902106, 25.927991691025454, 27.252385308148803, 28.57677892527215, 29.9011725423955, 31.22556615951885, 32.54995977664221, 33.87435339376556, 35.19874701088891, 36.52314062801226, 37.847534245135606, 39.171927862258954, 40.4963214793823, 41.82071509650565, 43.145108713629, 44.46950233075235, 45.7938959478757, 47.11828956499906, 48.44268318212241, 49.76707679924576, 51.091470416369106, 52.415864033492454, 53.7402576506158, 55.064651267739166, 56.389044884862514, 57.71343850198586]], "PDF": [[7.718739407485806e-05, 2.8955975847390574e-06, 1.4976053738996303e-09, 8.176129443981153e-06, 6.99586412365373e-05, 8.424005251570948e-07, 7.473376846376145e-09, 1.706257561583952e-05, 6.036372639824504e-05, 7.488599318427598e-05, 1.4410349930785685e-06, 3.915403411917603e-11, 1.4971407589189531e-18, 8.056240229203806e-29, 3.9401129947911207e-25, 8.462492021526349e-16, 2.557829083544452e-09, 1.0879988178750135e-05, 6.512827946795609e-05, 2.812883174920645e-06, 7.684532291594824e-05, 3.670259559834829e-06, 2.466946932652578e-10, 2.3334934166411298e-17, 5.312963500504347e-15, 8.179217713237575e-09, 1.8123806361336636e-05, 0.00013331356359250977, 0.00013536419472286274, 3.513020347750259e-05, 0.00012424696679835912, 7.69008687995227e-06, 0.00015313740608466898, 1.4541653474768316e-05, 0.0001569539789055933, 6.868511581106828e-05, 0.00015575103005306115, 6.415357342008344e-05, 0.00011525046834254038, 0.00017219653103686734, 9.584754909043366e-05, 0.00028551776088215665, 0.00037169879436128097, 0.00026259743722516855, 0.00020334093771558957, 0.0001839616677548893, 0.0005430133792383071, 0.00047342612021069653, 0.0003191193314451124, 0.0004124627536936953, 0.0007311413973256225, 0.0005478074825895239, 0.0006379752165428262, 0.0006215580555402485, 0.0008576402134889207, 0.0014470691282790354, 0.0016788050515880164, 0.001989301154352212, 0.0022332652428768813, 0.0026124439746733215, 0.002740196495187197, 0.0035369183703628706, 0.0035767042297135797, 0.004625221564484069, 0.006699178708568047, 0.010031886996534336, 0.01556918533074651, 0.02367088431250868, 0.06794122140088452, 0.4708744744201138, 0.1163910962417776, 0.009632623938805304, 0.0012529092639873448, 0.00020768509135877223, 0.0001247810836586873, 0.0002682945825619022, 0.0001058883791665658, 3.316048256311408e-05, 3.538586352356271e-05, 5.943202943930755e-05, 2.3995208912297353e-05, 0.00010849159012544085, 2.7969601770296926e-05, 2.5494590459583933e-08, 3.347027683748485e-14, 6.185929119003531e-23, 1.6089274361286909e-34, 5.889137062029347e-49, 3.0335455505792604e-66, 2.1990395101603638e-86, 2.2433611659998594e-109, 4.3233787947594165e-96, 1.0542555294614197e-74, 3.617863193523604e-56, 1.747197689008722e-40, 1.1874507502999929e-27, 1.135724041726431e-17, 1.5286697997219474e-10, 2.895597584427807e-06, 7.718739407485806e-05]]}