{"output": [[-65.55338556699384, -64.62653862222592, -63.69969167745801, -62.7728447326901, -61.845997787922194, -60.919150843154284, -59.99230389838637, -59.06545695361846, -58.13861000885055, -57.21176306408263, -56.28491611931472, -55.35806917454681, -54.4312222297789, -53.504375285010994, -52.57752834024308, -51.65068139547517, -50.72383445070726, -49.79698750593934, -48.87014056117143, -47.94329361640352, -47.016446671635606, -46.089599726867704, -45.16275278209979, -44.23590583733188, -43.30905889256397, -42.38221194779605, -41.45536500302814, -40.52851805826023, -39.601671113492316, -38.67482416872441, -37.7479772239565, -36.82113027918859, -35.89428333442068, -34.96743638965276, -34.04058944488485, -33.11374250011694, -32.186895555349025, -31.260048610581116, -30.333201665813206, -29.406354721045297, -28.47950777627738, -27.55266083150947, -26.62581388674156, -25.69896694197365, -24.772119997205735, -23.845273052437825, -22.918426107669916, -21.991579162902006, -21.06473221813409, -20.13788527336618, -19.21103832859827, -18.284191383830354, -17.357344439062445, -16.430497494294535, -15.503650549526625, -14.576803604758709, -13.6499566599908, -12.72310971522289, -11.79626277045498, -10.869415825687064, -9.942568880919154, -9.015721936151245, -8.088874991383335, -7.1620280466154185, -6.235181101847509, -5.308334157079599, -4.381487212311683, -3.4546402675437733, -2.5277933227758638, -1.6009463780079543, -0.6740994332400447, 0.2527475115278719, 1.1795944562957885, 2.106441401063691, 3.0332883458316076, 3.96013529059951, 4.886982235367427, 5.813829180135343, 6.740676124903246, 7.667523069671162, 8.594370014439079, 9.521216959206981, 10.448063903974898, 11.374910848742815, 12.301757793510717, 13.228604738278634, 14.155451683046536, 15.082298627814453, 16.00914557258237, 16.93599251735027, 17.86283946211819, 18.789686406886105, 19.716533351654007, 20.643380296421924, 21.570227241189826, 22.497074185957743, 23.42392113072566, 24.350768075493562, 25.27761502026148, 26.204461965029395]], "PDF": [[7.232654643675005e-05, 1.7626960935762775e-05, 2.5516234429141194e-07, 2.193891536486598e-10, 1.1204001275748312e-14, 3.398525822762183e-20, 6.123044649589835e-27, 6.552449857959688e-35, 4.1648504716948763e-44, 1.572369275565949e-54, 6.896164363703682e-55, 2.0014877855999166e-44, 3.4503067827578774e-35, 3.5328232300742664e-27, 2.1485503254060194e-20, 7.761194753921339e-15, 1.6652178591831829e-10, 2.1221347948138165e-07, 1.6063282604236164e-05, 7.221959715791004e-05, 1.9285693075041317e-05, 3.059285318879144e-07, 6.90796715832531e-08, 8.844961730622013e-06, 6.754864761391058e-05, 3.064056626698809e-05, 8.255366213747853e-07, 1.3210997885889684e-09, 3.2639783430953235e-11, 6.995489720831125e-08, 9.043634901784365e-06, 7.970237183364537e-05, 0.00010117686893881003, 2.5459497567160716e-05, 5.137529306828124e-07, 1.205073274196148e-06, 4.28901583022131e-05, 0.000140966265076255, 0.00011125024816540704, 2.6852373005664214e-05, 1.2745465984024017e-06, 3.698319280466437e-05, 0.00022373494846164577, 0.00025005862811776505, 0.00018554852018104806, 0.00016683316682845328, 0.00014847786418319584, 0.00015509997104615707, 0.00011980774539161745, 0.00031190871397808413, 0.00041048930349807004, 0.0003629816402833849, 0.00045400381720355105, 0.0005392266176494354, 0.00031865017466972483, 0.00040705920544864907, 0.0005612175577821921, 0.0005659421316861166, 0.0010256041947114126, 0.0007155377225050386, 0.0006717316514307836, 0.0009648991793171864, 0.0013643339729286082, 0.0011858037283273585, 0.0016068010166206928, 0.0014557339463026567, 0.002206355827758105, 0.0023224056297919704, 0.0025357452720969217, 0.00306224133639043, 0.0035351971178937563, 0.003403425405273152, 0.004739626196349883, 0.004965949678694994, 0.00582110684827156, 0.006998014055638855, 0.008278204436620348, 0.009550944236212148, 0.010786156651530793, 0.012849644016121676, 0.01576310473188872, 0.01768285020691615, 0.022768609948417222, 0.026468809903002814, 0.03206571061183077, 0.04005175839839753, 0.051519608116659135, 0.0660096266569293, 0.0900844688672944, 0.13917449781281363, 0.2741475077608343, 0.1887283731242478, 0.01565496560045066, 0.001281327159148521, 0.0005198993388095002, 0.0001893347596828815, 0.00013312619226096985, 6.528047727071844e-05, 2.189569747366865e-05, 7.234520947420747e-05]]}