{"S_Ks": [[0.062311875962252024]], "S_Q": [[1.033682388910169]], "S_T_Ks": [[0.10328132795076704]], "S_T_Q": [[0.9365183672202637]]}