{"S_min_Ks": [[0.0001566267686102826]], "S_min_Q": [[0.9057390262715466]], "S_Ks": [[0.0018214445918285512]], "S_Q": [[1.0411355977214332]], "S_max_Ks": [[0.004172752896123646]], "S_max_Q": [[1.159944836094513]], "S_T_min_Ks": [[-0.08966254308952366]], "S_T_min_Q": [[0.9384084332029035]], "S_T_Ks": [[0.0010430509077644912]], "S_T_Q": [[1.019798960376629]], "S_T_max_Ks": [[0.0858582631243746]], "S_T_max_Q": [[1.1067250439537404]]}