{"S_min_Ks": [[0.027451887505207294]], "S_min_Q": [[0.8202605819156106]], "S_Ks": [[0.03447621610324267]], "S_Q": [[1.000108811546302]], "S_max_Ks": [[0.04128953021319555]], "S_max_Q": [[1.1865780522824612]], "S_T_min_Ks": [[-0.08683764234982651]], "S_T_min_Q": [[0.8698512304088166]], "S_T_Ks": [[0.04428691985856557]], "S_T_Q": [[0.9813687553962689]], "S_T_max_Ks": [[0.1765628118091721]], "S_T_max_Q": [[1.111018831016246]]}