{"S_min_Ks": [[0.04910537439726746]], "S_min_Q": [[0.8368764171051286]], "S_Ks": [[0.062311875962252024]], "S_Q": [[1.033682388910169]], "S_max_Ks": [[0.07196346403381221]], "S_max_Q": [[1.1939283321769356]], "S_T_min_Ks": [[-0.01696305037081297]], "S_T_min_Q": [[0.8426031857882279]], "S_T_Ks": [[0.10328132795076704]], "S_T_Q": [[0.9365183672202637]], "S_T_max_Ks": [[0.21366678034430528]], "S_T_max_Q": [[1.0275501340325026]]}