{"S_Ks": [[0.03447621610324267]], "S_Q": [[1.000108811546302]], "S_T_Ks": [[0.04428691985856557]], "S_T_Q": [[0.9813687553962689]]}