{"S_Ks": [[0.0018214445918285512]], "S_Q": [[1.0411355977214332]], "S_T_Ks": [[0.0010430509077644912]], "S_T_Q": [[1.019798960376629]]}