{"Min": [[11.13576916221465]], "SD_min": [[14.100130003471133]], "Mean": [[16.14326188776081]], "SD_max": [[18.18639377205049]], "Max": [[18.287327152229558]]}