{"Min": [[11.461506237012976]], "SD_min": [[14.123411900225786]], "Mean": [[16.15239962201194]], "SD_max": [[18.181387343798097]], "Max": [[18.254846612362066]]}