{"Min": [[11.132768712564406]], "SD_min": [[11.730013905332276]], "Mean": [[12.499599949575966]], "SD_max": [[13.269185993819656]], "Max": [[13.811871485525366]]}