{"Min": [[11.132768704022887]], "SD_min": [[11.730013909887024]], "Mean": [[12.499599951237832]], "SD_max": [[13.269185992588639]], "Max": [[13.811871498552513]]}