{"output": [[11.132768704022887, 11.159830348412076, 11.186891992801263, 11.213953637190452, 11.241015281579639, 11.268076925968828, 11.295138570358015, 11.322200214747204, 11.349261859136393, 11.37632350352558, 11.403385147914769, 11.430446792303956, 11.457508436693145, 11.484570081082332, 11.51163172547152, 11.53869336986071, 11.565755014249897, 11.592816658639086, 11.619878303028273, 11.646939947417462, 11.67400159180665, 11.701063236195838, 11.728124880585026, 11.755186524974214, 11.782248169363402, 11.80930981375259, 11.836371458141778, 11.863433102530967, 11.890494746920155, 11.917556391309343, 11.94461803569853, 11.97167968008772, 11.998741324476907, 12.025802968866095, 12.052864613255284, 12.079926257644471, 12.10698790203366, 12.134049546422847, 12.161111190812036, 12.188172835201225, 12.215234479590412, 12.242296123979601, 12.269357768368788, 12.296419412757977, 12.323481057147164, 12.350542701536353, 12.37760434592554, 12.40466599031473, 12.431727634703918, 12.458789279093105, 12.485850923482294, 12.512912567871481, 12.53997421226067, 12.56703585664986, 12.594097501039046, 12.621159145428235, 12.648220789817422, 12.675282434206611, 12.702344078595798, 12.729405722984987, 12.756467367374176, 12.783529011763363, 12.810590656152552, 12.83765230054174, 12.864713944930928, 12.891775589320115, 12.918837233709304, 12.945898878098493, 12.97296052248768, 13.00002216687687, 13.027083811266056, 13.054145455655245, 13.081207100044434, 13.108268744433621, 13.13533038882281, 13.162392033211997, 13.189453677601186, 13.216515321990373, 13.243576966379562, 13.27063861076875, 13.297700255157938, 13.324761899547127, 13.351823543936314, 13.378885188325503, 13.40594683271469, 13.43300847710388, 13.460070121493068, 13.487131765882255, 13.514193410271444, 13.541255054660631, 13.56831669904982, 13.595378343439009, 13.622439987828196, 13.649501632217383, 13.676563276606572, 13.703624920995761, 13.730686565384948, 13.757748209774137, 13.784809854163324, 13.811871498552513]], "PDF": [[0.11115889956519498, 0.15649529089831182, 0.20502553216331762, 0.2518949900902795, 0.29275284756796527, 0.324903963753328, 0.3477581757455405, 0.36252701250974273, 0.3714594539794089, 0.37700475690928664, 0.3811818376944235, 0.38526330086744776, 0.3897528314961807, 0.39457231272944704, 0.39935265084747296, 0.40370904250883105, 0.4073863285185939, 0.41022564962964225, 0.4120293153100928, 0.4124919268807501, 0.4113154979313812, 0.40845376721598725, 0.40428841981056024, 0.39956547597361897, 0.39510208798067975, 0.391456586074161, 0.3887720619160694, 0.3868425969667854, 0.38528034601259087, 0.3836502770071765, 0.38155581586226056, 0.3787283698352521, 0.3751231554783595, 0.3709556256109761, 0.36662906087927516, 0.3625755636720006, 0.3590831210680702, 0.35619174808741555, 0.35372171940215563, 0.3514367697313523, 0.3492552923690991, 0.34736742637304974, 0.3461570324722866, 0.3459511816426194, 0.3467429471282188, 0.3480710276189413, 0.3491622258041659, 0.34928852094052276, 0.34814632651729943, 0.34602799313265903, 0.3436717598155271, 0.3418864217116063, 0.3411963628299412, 0.34171260108332563, 0.34324080276589447, 0.3454708982225988, 0.34809720695001856, 0.35084549139076093, 0.3534764708006549, 0.355819664567876, 0.3578287606863836, 0.35961891515103844, 0.36144953881463693, 0.3636226159173577, 0.36629286753946183, 0.36927031061319276, 0.3719915208147228, 0.3738001575773218, 0.3744423278216875, 0.3744206610626264, 0.3748574247191931, 0.3768701587976875, 0.3808756919594543, 0.386324826261258, 0.3920447539396943, 0.39692156349890056, 0.40046033908267537, 0.4029253026097675, 0.4050847956292233, 0.40778550658199786, 0.4115667120067628, 0.4164285733298338, 0.4218212296708974, 0.42688552555263054, 0.43085532807826354, 0.433386700085569, 0.4345947990181172, 0.43480150485908187, 0.43422377334489537, 0.4328263664900139, 0.43032503002226197, 0.4261180378023025, 0.4190012625770471, 0.406858543602196, 0.38679417590642234, 0.3560496231610107, 0.3134963412013813, 0.26090291593299825, 0.2030673348783503, 0.1464983024808156]]}