{"output": [[11.132768712564406, 11.159830356735728, 11.186892000907052, 11.213953645078375, 11.241015289249697, 11.268076933421021, 11.295138577592343, 11.322200221763666, 11.349261865934988, 11.376323510106312, 11.403385154277634, 11.430446798448957, 11.45750844262028, 11.484570086791603, 11.511631730962925, 11.53869337513425, 11.565755019305572, 11.592816663476894, 11.619878307648216, 11.64693995181954, 11.674001595990863, 11.701063240162185, 11.728124884333509, 11.755186528504831, 11.782248172676153, 11.809309816847477, 11.8363714610188, 11.863433105190122, 11.890494749361444, 11.917556393532768, 11.94461803770409, 11.971679681875413, 11.998741326046737, 12.02580297021806, 12.052864614389382, 12.079926258560706, 12.106987902732028, 12.13404954690335, 12.161111191074674, 12.188172835245997, 12.215234479417319, 12.242296123588641, 12.269357767759965, 12.296419411931288, 12.32348105610261, 12.350542700273934, 12.377604344445256, 12.404665988616578, 12.4317276327879, 12.458789276959225, 12.485850921130547, 12.512912565301871, 12.539974209473193, 12.567035853644516, 12.594097497815838, 12.621159141987162, 12.648220786158484, 12.675282430329807, 12.70234407450113, 12.729405718672453, 12.756467362843775, 12.783529007015098, 12.810590651186422, 12.837652295357744, 12.864713939529066, 12.89177558370039, 12.918837227871713, 12.945898872043035, 12.972960516214359, 13.000022160385681, 13.027083804557003, 13.054145448728327, 13.08120709289965, 13.108268737070972, 13.135330381242294, 13.162392025413618, 13.18945366958494, 13.216515313756263, 13.243576957927587, 13.27063860209891, 13.297700246270232, 13.324761890441554, 13.351823534612878, 13.3788851787842, 13.405946822955524, 13.433008467126847, 13.460070111298169, 13.487131755469491, 13.514193399640815, 13.541255043812138, 13.56831668798346, 13.595378332154784, 13.622439976326106, 13.649501620497428, 13.67656326466875, 13.703624908840075, 13.730686553011397, 13.75774819718272, 13.784809841354043, 13.811871485525366]], "PDF": [[0.11115892444176599, 0.15649532050224838, 0.20502556327610222, 0.25189501856046226, 0.2927528695808832, 0.3249039770417762, 0.3477581801450942, 0.3625270096401746, 0.37145944632877803, 0.37700474686859753, 0.3811818269885786, 0.38526329048308483, 0.3897528219022958, 0.3945723041206804, 0.39935264328237896, 0.40370903597493224, 0.40738632299403105, 0.4102256451509368, 0.4120293120078629, 0.4124919249610164, 0.4113154976209543, 0.4084537687013805, 0.40428842317974634, 0.39956548115966206, 0.3951020947264974, 0.39145659395385707, 0.3887720704235445, 0.38684260563243217, 0.3852803544927349, 0.3836502851204071, 0.38155582357986634, 0.37872837723729175, 0.3751231626843224, 0.37095563270462095, 0.36662906785573085, 0.3625755704236748, 0.359083127410757, 0.35619175382373247, 0.353721724408757, 0.351436774027236, 0.34925529610629236, 0.3473674297264301, 0.34615703547942206, 0.3459511840984478, 0.34674294862196375, 0.34807102771619103, 0.3491622242815741, 0.3492885179383097, 0.3481463225149639, 0.3460279887542038, 0.34367175556808816, 0.3418864177945241, 0.3411963590996334, 0.3417125971639064, 0.34324079822349063, 0.34547089271498405, 0.34809720030566815, 0.3508454836172458, 0.3534764620443561, 0.35581965504772567, 0.3578287506184024, 0.3596189046792205, 0.3614495279740425, 0.3636226046634033, 0.3662928558575275, 0.3692702986610439, 0.3719915089868943, 0.3738001463915198, 0.3744423176502754, 0.37442065188712004, 0.3748574161186347, 0.3768701502244019, 0.380875683122568, 0.3863248173410305, 0.3920447454878272, 0.39692155611721236, 0.4004603331068385, 0.40292529797130067, 0.40508479192533686, 0.40778550328759416, 0.41156670874135226, 0.41642857008051076, 0.4218212268574286, 0.4268855238714021, 0.4308553282018175, 0.43338670241379385, 0.43459480364260844, 0.4348015117232802, 0.43422378243093246, 0.43282637787975453, 0.43032504383783027, 0.42611805415340365, 0.4190012815946162, 0.4068585654770089, 0.3867942007674022, 0.3560496507462753, 0.3134963705078066, 0.26090294515049073, 0.20306736177362777, 0.14649832508312458]]}