{"output": [[11.13576916221465, 11.20800712170975, 11.28024508120485, 11.352483040699951, 11.424721000195051, 11.49695895969015, 11.56919691918525, 11.64143487868035, 11.713672838175452, 11.785910797670551, 11.858148757165651, 11.93038671666075, 12.00262467615585, 12.074862635650952, 12.147100595146052, 12.219338554641151, 12.291576514136251, 12.363814473631352, 12.436052433126452, 12.508290392621552, 12.580528352116652, 12.652766311611751, 12.725004271106853, 12.797242230601952, 12.869480190097052, 12.941718149592152, 13.013956109087253, 13.086194068582353, 13.158432028077453, 13.230669987572552, 13.302907947067652, 13.375145906562754, 13.447383866057853, 13.519621825552953, 13.591859785048053, 13.664097744543152, 13.736335704038254, 13.808573663533354, 13.880811623028453, 13.953049582523553, 14.025287542018653, 14.097525501513754, 14.169763461008854, 14.242001420503954, 14.314239379999053, 14.386477339494153, 14.458715298989254, 14.530953258484354, 14.603191217979454, 14.675429177474554, 14.747667136969653, 14.819905096464755, 14.892143055959854, 14.964381015454954, 15.036618974950056, 15.108856934445154, 15.181094893940255, 15.253332853435355, 15.325570812930454, 15.397808772425556, 15.470046731920654, 15.542284691415755, 15.614522650910855, 15.686760610405955, 15.758998569901056, 15.831236529396154, 15.903474488891256, 15.975712448386355, 16.047950407881455, 16.120188367376556, 16.192426326871654, 16.264664286366756, 16.336902245861857, 16.409140205356955, 16.481378164852057, 16.55361612434716, 16.625854083842256, 16.698092043337354, 16.770330002832456, 16.842567962327557, 16.914805921822655, 16.987043881317756, 17.059281840812858, 17.131519800307956, 17.203757759803057, 17.27599571929816, 17.348233678793257, 17.420471638288358, 17.492709597783456, 17.564947557278558, 17.637185516773656, 17.709423476268757, 17.78166143576386, 17.853899395258956, 17.926137354754058, 17.99837531424916, 18.070613273744257, 18.14285123323936, 18.215089192734457, 18.287327152229558]], "PDF": [[0.02716139626971917, 0.036237294833006355, 0.04498800682982032, 0.05250875397416137, 0.058271024308626115, 0.06219899523004472, 0.0645542033416982, 0.06573063104002765, 0.06608348716618478, 0.06585861114983518, 0.06521169626932731, 0.06426224876547335, 0.06313306962380397, 0.061958906782467404, 0.06087364397284578, 0.059989697347281316, 0.059376932043873336, 0.0590471654814673, 0.05895509711777253, 0.059024818935870145, 0.0591955322659755, 0.05946100688534578, 0.05987445395507074, 0.060512222622457396, 0.06142075717010779, 0.06258400181936186, 0.06393051405373441, 0.06536796314986754, 0.06681615230696329, 0.06821901707404307, 0.06953762177288798, 0.07074061860035229, 0.0718071956306151, 0.0727432194301337, 0.0735948704725051, 0.07443999400996601, 0.07535326216481603, 0.0763663466026835, 0.0774543083247251, 0.07856019871295253, 0.07963656001206884, 0.08066809492637216, 0.08166040563853383, 0.08261495408892786, 0.08352329719477976, 0.08439006437384458, 0.08525876817263367, 0.08620600040240561, 0.08729941633222608, 0.08855332934249986, 0.0899219114742299, 0.09133652964605354, 0.09275492357796083, 0.09418345066837766, 0.09566107062536228, 0.09722469179648759, 0.09888398269270979, 0.10062012562472814, 0.10240345303793694, 0.10421348554904845, 0.1060475134011523, 0.10791705210653593, 0.10984212416064343, 0.11184996266143488, 0.113973285956207, 0.116241140977093, 0.11866668314326327, 0.12124494777832352, 0.12396610529180807, 0.12683414191812079, 0.1298751681884071, 0.13312812278592231, 0.13662347337310343, 0.14036330204995426, 0.14431688759792682, 0.14843954776338517, 0.15270924794126792, 0.15716110570149835, 0.16189658627269518, 0.1670593712770154, 0.17279421112929275, 0.17921714147907947, 0.18641399694897065, 0.19446185238008298, 0.20345692121449407, 0.21353927879851903, 0.22491836669571577, 0.23791180887345, 0.25300868042350716, 0.270949115182971, 0.292761338542733, 0.31961467505924007, 0.3522791890070077, 0.390048623465455, 0.4293330600799598, 0.4627406333835049, 0.4798916183848324, 0.470690584871531, 0.4300962537398853, 0.3616767606941612]]}