{"output": [[11.461506237012976, 11.530125836763977, 11.598745436514978, 11.667365036265979, 11.73598463601698, 11.80460423576798, 11.873223835518981, 11.941843435269982, 12.010463035020983, 12.079082634771984, 12.147702234522985, 12.216321834273986, 12.284941434024987, 12.353561033775987, 12.422180633526988, 12.49080023327799, 12.55941983302899, 12.628039432779993, 12.696659032530992, 12.765278632281994, 12.833898232032995, 12.902517831783996, 12.971137431534997, 13.039757031285998, 13.108376631036998, 13.176996230788, 13.245615830539, 13.314235430290001, 13.382855030041002, 13.451474629792003, 13.520094229543004, 13.588713829294004, 13.657333429045005, 13.725953028796006, 13.794572628547007, 13.863192228298008, 13.931811828049009, 14.00043142780001, 14.06905102755101, 14.137670627302011, 14.206290227053012, 14.274909826804013, 14.343529426555014, 14.412149026306015, 14.480768626057017, 14.549388225808016, 14.618007825559019, 14.686627425310018, 14.75524702506102, 14.82386662481202, 14.892486224563022, 14.961105824314021, 15.029725424065024, 15.098345023816025, 15.166964623567026, 15.235584223318027, 15.304203823069027, 15.372823422820028, 15.441443022571029, 15.51006262232203, 15.57868222207303, 15.647301821824032, 15.715921421575032, 15.784541021326033, 15.853160621077034, 15.921780220828035, 15.990399820579036, 16.05901942033004, 16.127639020081038, 16.196258619832037, 16.26487821958304, 16.333497819334042, 16.40211741908504, 16.470737018836044, 16.539356618587043, 16.607976218338045, 16.676595818089044, 16.745215417840047, 16.813835017591046, 16.88245461734205, 16.951074217093048, 17.01969381684405, 17.08831341659505, 17.156933016346052, 17.22555261609705, 17.294172215848054, 17.362791815599053, 17.431411415350055, 17.500031015101058, 17.568650614852057, 17.637270214603056, 17.70588981435406, 17.77450941410506, 17.84312901385606, 17.91174861360706, 17.980368213358062, 18.048987813109065, 18.117607412860064, 18.186227012611063, 18.254846612362066]], "PDF": [[0.04469084623068334, 0.04759948458663652, 0.05010901273998887, 0.052284061078684434, 0.05422456378228656, 0.05604648191066716, 0.05785974183952882, 0.059747471568408324, 0.061750390816832514, 0.06385918206805855, 0.06601607488641119, 0.06812507155323849, 0.07006861546092599, 0.07172738295214254, 0.07299946668049813, 0.07381555825388937, 0.07414771988790356, 0.07401072842432221, 0.07345648168993864, 0.07256327046209213, 0.07142258360514796, 0.07012637196589837, 0.06875731927030428, 0.06738376062126719, 0.06605966952772513, 0.06482888780831106, 0.06373178712157211, 0.06281204897399982, 0.06212133441640065, 0.061720241791827925, 0.06167494366057398, 0.062049990504761836, 0.06289869490568975, 0.0642530538046432, 0.06611523235796748, 0.06845225729700716, 0.07119489501129579, 0.07424091713707894, 0.07746226968169234, 0.08071518225812224, 0.0838520172077352, 0.08673362464501955, 0.08924106025707586, 0.09128566384726423, 0.09281664993404691, 0.09382553301758188, 0.09434693268940142, 0.09445560725842131, 0.09425994559041607, 0.09389255601885153, 0.09349894398911342, 0.09322547775733997, 0.09320784829554646, 0.09356103984227256, 0.09437150853943246, 0.09569192436512282, 0.0975385683989472, 0.09989134863984649, 0.10269638686506183, 0.10587115501298118, 0.10931209290912779, 0.11290443601553442, 0.11653361169084972, 0.12009710794795618, 0.12351533686440488, 0.1267398826068285, 0.12975776799530625, 0.1325910100950107, 0.13529164668224344, 0.13793337344255804, 0.14060166483995443, 0.14338453320824737, 0.14636580862060156, 0.14962206001082567, 0.15322324144757737, 0.15723613773595335, 0.16172898960674517, 0.16677548068304596, 0.1724565766340155, 0.17885936080456832, 0.18607273923844878, 0.19418041401182654, 0.2032516739040132, 0.21333033263725554, 0.224421754417397, 0.23647766554182692, 0.24937867955022636, 0.26291533727031485, 0.2767699028087611, 0.2905027968782355, 0.30354881035483355, 0.31522849414055437, 0.32477890047268376, 0.33140505048101176, 0.3343494884968, 0.33297286542026505, 0.32683475288762354, 0.3157618971798695, 0.2998916211356726, 0.2796812435789898]]}