{"S_min_Ks": [[-0.00020629867031795595]], "S_min_Q": [[0.9549967058839588]], "S_Ks": [[4.3490488668157526e-05]], "S_Q": [[0.9958634811351671]], "S_max_Ks": [[0.0003025177175769126]], "S_max_Q": [[1.0380528991198819]], "S_T_min_Ks": [[-0.023438820930848172]], "S_T_min_Q": [[0.9731927776006537]], "S_T_Ks": [[9.105246252025709e-05]], "S_T_Q": [[1.0142982860568721]], "S_T_max_Ks": [[0.023347250743249722]], "S_T_max_Q": [[1.04529992725264]]}