{"S_Ks": [[0.0012955680194087216]], "S_Q": [[1.0125671569071957]], "S_T_Ks": [[0.001427109156149262]], "S_T_Q": [[1.0158702143466751]]}