{"S_min_Ks": [[-0.007755699832299116]], "S_min_Q": [[0.3957072673666273]], "S_Ks": [[0.000893910198815154]], "S_Q": [[1.2149843503557667]], "S_max_Ks": [[0.007808660177137402]], "S_max_Q": [[1.6669002990577204]], "S_T_min_Ks": [[-0.49499712117685973]], "S_T_min_Q": [[0.05760930618136606]], "S_T_Ks": [[-0.00037381591088771134]], "S_T_Q": [[0.9810976811178694]], "S_T_max_Ks": [[0.21086987704282711]], "S_T_max_Q": [[1.4759571276763341]]}