{"S_Ks": [[4.3490488668157526e-05]], "S_Q": [[0.9958634811351671]], "S_T_Ks": [[9.105246252025709e-05]], "S_T_Q": [[1.0142982860568721]]}