{"S_min_Ks": [[0.00030474974883759045]], "S_min_Q": [[0.9753172141472974]], "S_Ks": [[0.0012955680194087216]], "S_Q": [[1.0125671569071957]], "S_max_Ks": [[0.002253261347788266]], "S_max_Q": [[1.0471059865571135]], "S_T_min_Ks": [[-0.013785799976438888]], "S_T_min_Q": [[0.9895085539938726]], "S_T_Ks": [[0.001427109156149262]], "S_T_Q": [[1.0158702143466751]], "S_T_max_Ks": [[0.01866769935498556]], "S_T_max_Q": [[1.0420369020194737]]}