{"S_min_Ks": [[0.00030475020637422447]], "S_min_Q": [[0.9753172130511722]], "S_Ks": [[0.0012955688190212117]], "S_Q": [[1.0125671561237704]], "S_max_Ks": [[0.002253262541506998]], "S_max_Q": [[1.0471059858036533]], "S_T_min_Ks": [[-0.013785798881038976]], "S_T_min_Q": [[0.9895085526198577]], "S_T_Ks": [[0.0014271099979566867]], "S_T_Q": [[1.0158702133603592]], "S_T_max_Ks": [[0.018667700327281465]], "S_T_max_Q": [[1.0420369015250723]]}