{"S_Ks": [[0.000893910198815154]], "S_Q": [[1.2149843503557667]], "S_T_Ks": [[-0.00037381591088771134]], "S_T_Q": [[0.9810976811178694]]}