{"S_Ks": [[0.0012955688190212117]], "S_Q": [[1.0125671561237704]], "S_T_Ks": [[0.0014271099979566867]], "S_T_Q": [[1.0158702133603592]]}