{"Min": [[13.323476905100009]], "SD_min": [[18.961354544051154]], "Mean": [[20.4643276601849]], "SD_max": [[21.967300776318645]], "Max": [[24.46433141674602]]}