{"Min": [[16.26546527060505]], "SD_min": [[18.971802626953078]], "Mean": [[19.836216693989808]], "SD_max": [[20.700630761026538]], "Max": [[22.238274051858028]]}