{"Min": [[16.26546533537517]], "SD_min": [[18.97180262818376]], "Mean": [[19.836216693628003]], "SD_max": [[20.700630759072247]], "Max": [[22.238273985396702]]}