{"Min": [[16.265465556225493]], "SD_min": [[18.971802632094715]], "Mean": [[19.836216692492524]], "SD_max": [[20.700630752890333]], "Max": [[22.238273759947063]]}