{"output": [[16.26546527060505, 16.325796672435885, 16.386128074266725, 16.446459476097562, 16.506790877928402, 16.56712227975924, 16.627453681590076, 16.687785083420916, 16.748116485251753, 16.808447887082593, 16.86877928891343, 16.929110690744267, 16.989442092575107, 17.049773494405944, 17.110104896236784, 17.17043629806762, 17.230767699898458, 17.291099101729298, 17.351430503560135, 17.411761905390975, 17.47209330722181, 17.53242470905265, 17.59275611088349, 17.653087512714325, 17.713418914545166, 17.773750316376002, 17.83408171820684, 17.89441312003768, 17.954744521868516, 18.015075923699357, 18.075407325530193, 18.135738727361034, 18.19607012919187, 18.256401531022707, 18.316732932853547, 18.377064334684384, 18.43739573651522, 18.49772713834606, 18.558058540176898, 18.618389942007738, 18.678721343838575, 18.739052745669415, 18.799384147500252, 18.85971554933109, 18.92004695116193, 18.980378352992766, 19.040709754823606, 19.101041156654443, 19.16137255848528, 19.22170396031612, 19.282035362146956, 19.342366763977797, 19.402698165808633, 19.46302956763947, 19.52336096947031, 19.583692371301147, 19.644023773131988, 19.704355174962824, 19.764686576793665, 19.8250179786245, 19.885349380455338, 19.94568078228618, 20.006012184117015, 20.066343585947855, 20.126674987778692, 20.18700638960953, 20.24733779144037, 20.307669193271206, 20.368000595102046, 20.428331996932883, 20.48866339876372, 20.54899480059456, 20.609326202425397, 20.669657604256237, 20.729989006087074, 20.79032040791791, 20.85065180974875, 20.910983211579588, 20.971314613410428, 21.031646015241265, 21.0919774170721, 21.15230881890294, 21.21264022073378, 21.27297162256462, 21.333303024395455, 21.393634426226292, 21.453965828057132, 21.51429722988797, 21.57462863171881, 21.634960033549646, 21.695291435380483, 21.755622837211323, 21.81595423904216, 21.876285640873, 21.936617042703837, 21.996948444534674, 22.057279846365514, 22.11761124819635, 22.17794265002719, 22.238274051858028]], "PDF": [[0.0006047612554542427, 0.0007620927912694709, 0.0008930919705955337, 0.0010026021836381529, 0.001081815280047217, 0.0011226034459148508, 0.0011594010887693556, 0.0012867863333822546, 0.0016360286205162815, 0.0023260217754612423, 0.003392970192477276, 0.004726284380350255, 0.0060873530798894225, 0.007238696103313486, 0.008075709133155175, 0.008641681986329468, 0.009075692325919002, 0.009618723737083905, 0.010636968131672447, 0.012507664667493913, 0.015384095421899358, 0.019065534810735096, 0.023159401442007562, 0.027437977314793395, 0.03197314280685722, 0.03682122701236757, 0.0417599656676072, 0.046575436904238446, 0.051358607165987114, 0.056183141600011685, 0.06081340103297287, 0.0652181570210644, 0.0701856853376844, 0.07698036178224504, 0.08641076165458683, 0.09843348678309086, 0.1125117127014245, 0.1281191152982771, 0.1449848506681448, 0.16296591018973985, 0.1815950985249604, 0.19990098444270574, 0.21706160389328583, 0.23331180742816524, 0.2500421970302803, 0.26892961936085036, 0.29069789175161936, 0.31422277687262284, 0.336867683382751, 0.35641597909126105, 0.37301085001415135, 0.38873149560310505, 0.4051602703683715, 0.421832422450599, 0.43670058396056105, 0.44721303586842454, 0.45140386016641487, 0.4492687153266864, 0.4433340546135915, 0.43732492201828216, 0.43383975312380973, 0.43274085049801747, 0.4313760866426681, 0.42662355443563693, 0.41707717547861956, 0.4034826636307784, 0.38770234203157916, 0.371816729070087, 0.35771156643203306, 0.3465114181435841, 0.33814841786159366, 0.3316618835428618, 0.3256405664759146, 0.3182527946757755, 0.30764279857038185, 0.2930833648329727, 0.27551314303485386, 0.2565287073074328, 0.23722201760445313, 0.21818436749073605, 0.199806804344007, 0.18204049184849308, 0.1643429867203536, 0.1461619915833516, 0.12733070298015214, 0.1081851091325786, 0.0895586953432909, 0.07248517102463115, 0.05765275264260956, 0.045115321363099356, 0.0345433931583118, 0.0256949521379168, 0.018581747528812642, 0.013215616647859951, 0.009341418469157923, 0.006523372662278669, 0.0044250848737286816, 0.0028996240693061654, 0.0018560460567361298, 0.0011625794700277766]]}