{"output": [[16.26546533537517, 16.325796735880438, 16.386128136385704, 16.446459536890973, 16.50679093739624, 16.56712233790151, 16.627453738406775, 16.687785138912044, 16.748116539417314, 16.80844793992258, 16.86877934042785, 16.929110740933115, 16.989442141438385, 17.04977354194365, 17.11010494244892, 17.17043634295419, 17.230767743459456, 17.291099143964725, 17.35143054446999, 17.41176194497526, 17.47209334548053, 17.532424745985796, 17.592756146491066, 17.653087546996332, 17.7134189475016, 17.773750348006867, 17.834081748512137, 17.894413149017407, 17.954744549522673, 18.015075950027942, 18.075407350533208, 18.135738751038478, 18.196070151543744, 18.256401552049013, 18.316732952554283, 18.37706435305955, 18.437395753564818, 18.497727154070084, 18.558058554575354, 18.618389955080623, 18.67872135558589, 18.73905275609116, 18.799384156596425, 18.859715557101694, 18.92004695760696, 18.98037835811223, 19.040709758617496, 19.101041159122765, 19.161372559628035, 19.2217039601333, 19.28203536063857, 19.342366761143836, 19.402698161649106, 19.463029562154375, 19.52336096265964, 19.58369236316491, 19.644023763670177, 19.704355164175446, 19.764686564680712, 19.82501796518598, 19.88534936569125, 19.945680766196517, 20.006012166701787, 20.066343567207053, 20.126674967712322, 20.187006368217588, 20.247337768722858, 20.307669169228127, 20.368000569733393, 20.428331970238663, 20.48866337074393, 20.5489947712492, 20.609326171754468, 20.669657572259734, 20.729988972765003, 20.79032037327027, 20.85065177377554, 20.910983174280805, 20.971314574786074, 21.03164597529134, 21.09197737579661, 21.15230877630188, 21.212640176807145, 21.272971577312415, 21.33330297781768, 21.39363437832295, 21.45396577882822, 21.514297179333486, 21.574628579838755, 21.63495998034402, 21.69529138084929, 21.75562278135456, 21.815954181859826, 21.876285582365092, 21.936616982870362, 21.99694838337563, 22.057279783880897, 22.117611184386167, 22.177942584891433, 22.238273985396702]], "PDF": [[0.0006047614859981994, 0.0007620930650678714, 0.0008930922030554637, 0.0010026024721294354, 0.0010818156187137444, 0.0011226035271097615, 0.001159400512154057, 0.0012867849111122545, 0.001636026518849154, 0.0023260196209825682, 0.003392969006786292, 0.004726284982655926, 0.006087355323135395, 0.007238698937974851, 0.00807571153240359, 0.008641683413071553, 0.009075692210042497, 0.00961872130270282, 0.010636963412157592, 0.012507659346353771, 0.015384092016077981, 0.019065534579346476, 0.02315940299500136, 0.02743797828509429, 0.03197314332010325, 0.03682122922712136, 0.04175996935688358, 0.04657543950471527, 0.05135860888377491, 0.05618314508330189, 0.0608134048833567, 0.06521815518307457, 0.07018567465500798, 0.07698034610249875, 0.08641074723289358, 0.09843347672881426, 0.11251170648731383, 0.12811911083393684, 0.144984846803693, 0.16296590920088813, 0.18159510425147052, 0.19990099591663504, 0.21706161344990718, 0.2333118068446511, 0.2500421843490377, 0.2689296011808876, 0.2906978810368905, 0.31422278460395964, 0.33686770668704047, 0.35641600057309303, 0.37301085541389184, 0.38873148901751864, 0.40516026695900814, 0.4218324331595618, 0.43670061233521407, 0.4472130787139112, 0.45140390420160453, 0.4492687422713091, 0.4433340554079703, 0.43732490417450054, 0.43383973592037967, 0.43274085239587395, 0.4313761117058721, 0.42662359058645816, 0.4170772073990003, 0.40348268362286166, 0.3877023483326246, 0.37181672203487015, 0.3577115505869074, 0.34651140183037954, 0.3381484073898624, 0.33166188207565006, 0.3256405779126588, 0.31825282099936997, 0.307642832889157, 0.29308339502303365, 0.2755131639213323, 0.25652872239937474, 0.23722202987505925, 0.21818437730777654, 0.1998068144732237, 0.18204050608044764, 0.16434300531750085, 0.14616201193713227, 0.1273307215371789, 0.10818512183131027, 0.08955869982100151, 0.07248516897592279, 0.05765274829216685, 0.045115317483936976, 0.03454338921004908, 0.025694946330208492, 0.01858173997261443, 0.013215609553190755, 0.009341413467317827, 0.006523369266853412, 0.004425081902478652, 0.0028996213280414788, 0.0018560440133778945, 0.001162578190871422]]}