{"output": [[13.323476905100009, 13.436010789056029, 13.54854467301205, 13.66107855696807, 13.77361244092409, 13.88614632488011, 13.99868020883613, 14.111214092792151, 14.223747976748172, 14.336281860704192, 14.448815744660212, 14.561349628616233, 14.673883512572253, 14.786417396528273, 14.898951280484294, 15.011485164440312, 15.124019048396335, 15.236552932352353, 15.349086816308375, 15.461620700264394, 15.574154584220416, 15.686688468176435, 15.799222352132455, 15.911756236088475, 16.024290120044498, 16.136824004000516, 16.24935788795654, 16.361891771912557, 16.47442565586858, 16.586959539824598, 16.699493423780616, 16.81202730773664, 16.92456119169266, 17.03709507564868, 17.149628959604698, 17.26216284356072, 17.374696727516742, 17.48723061147276, 17.59976449542878, 17.7122983793848, 17.824832263340824, 17.937366147296842, 18.04990003125286, 18.162433915208883, 18.2749677991649, 18.387501683120924, 18.500035567076942, 18.612569451032964, 18.725103334988983, 18.837637218945005, 18.950171102901024, 19.062704986857046, 19.175238870813065, 19.287772754769087, 19.400306638725105, 19.512840522681127, 19.625374406637146, 19.737908290593168, 19.850442174549187, 19.962976058505205, 20.075509942461228, 20.18804382641725, 20.30057771037327, 20.413111594329287, 20.52564547828531, 20.63817936224133, 20.75071324619735, 20.86324713015337, 20.97578101410939, 21.088314898065413, 21.20084878202143, 21.31338266597745, 21.425916549933472, 21.538450433889494, 21.650984317845513, 21.76351820180153, 21.876052085757554, 21.988585969713576, 22.101119853669594, 22.213653737625613, 22.326187621581635, 22.438721505537654, 22.551255389493676, 22.663789273449694, 22.776323157405713, 22.888857041361735, 23.001390925317757, 23.113924809273776, 23.226458693229795, 23.338992577185817, 23.45152646114184, 23.564060345097857, 23.676594229053876, 23.789128113009898, 23.90166199696592, 24.01419588092194, 24.126729764877958, 24.23926364883398, 24.351797532790002, 24.46433141674602]], "PDF": [[0.00023782790037972444, 0.00031523627191196505, 0.0004450343453058721, 0.000656027328123789, 0.000931607092970956, 0.0012156024457882948, 0.0014603691792214723, 0.001662890151344058, 0.001848816086418054, 0.0020359033712766014, 0.0022336644884290956, 0.0024723226082071785, 0.0027967566432706074, 0.003206754311150913, 0.003618957405296043, 0.0039218623520992455, 0.004083216499090072, 0.004203385844552941, 0.004463325371922582, 0.005014746045876423, 0.005909792100767528, 0.007116240677481303, 0.008565557065688964, 0.010179723833150498, 0.01190224932227552, 0.013747461106986027, 0.015803843519937067, 0.018148214255396578, 0.020733239163699672, 0.023376255734386276, 0.025903718548371046, 0.028293475881258003, 0.030614870773865425, 0.03287202744130507, 0.035000912639031975, 0.036971157734689473, 0.03879886190820455, 0.040523759838852105, 0.04226705089744179, 0.04425859054960749, 0.046699807357658295, 0.04958124354434501, 0.05271808206224257, 0.05607075007378635, 0.0600364356448417, 0.06530975680318374, 0.0723782623378931, 0.0812058347151515, 0.09143374769440972, 0.10274253747461426, 0.1148667699047454, 0.12737970113398858, 0.139758503867634, 0.15175236432574213, 0.16357260361639636, 0.17573453794377264, 0.18881196744485623, 0.20317353512017902, 0.218632605438897, 0.23432006302042618, 0.2490370258527905, 0.2617060618832097, 0.2715906107521226, 0.27856973711728883, 0.28346731821420884, 0.28773299548808834, 0.2923547576442403, 0.2969861371044799, 0.3000914853664168, 0.29994880490241516, 0.2957235238129137, 0.28771298434594733, 0.27663122328074297, 0.26293488740115506, 0.24697883543270632, 0.2294287434877513, 0.21102883524479124, 0.19203219839673885, 0.17231510062729352, 0.15217043359954474, 0.13265830297646522, 0.11497230938852726, 0.09956588190088735, 0.0859990783864602, 0.07361647715163838, 0.06225336376134848, 0.05215339739106681, 0.04334371588172811, 0.035445270146111985, 0.028149650357326132, 0.021576478093216493, 0.016025447820843815, 0.011591108263964424, 0.008162360251127038, 0.005629334439605406, 0.00390736106196278, 0.0028164707355131614, 0.0020834444722839635, 0.0014897478376874778, 0.0009677605846003193]]}