{"output": [[16.265465556225493, 16.32579695222268, 16.386128348219867, 16.446459744217055, 16.506791140214244, 16.567122536211432, 16.627453932208617, 16.687785328205806, 16.748116724202994, 16.808448120200183, 16.868779516197367, 16.929110912194556, 16.989442308191745, 17.049773704188933, 17.110105100186118, 17.170436496183306, 17.230767892180495, 17.291099288177683, 17.35143068417487, 17.411762080172057, 17.472093476169245, 17.53242487216643, 17.59275626816362, 17.653087664160807, 17.713419060157996, 17.77375045615518, 17.83408185215237, 17.894413248149558, 17.954744644146746, 18.01507604014393, 18.07540743614112, 18.13573883213831, 18.196070228135497, 18.256401624132682, 18.31673302012987, 18.37706441612706, 18.437395812124247, 18.497727208121432, 18.55805860411862, 18.61839000011581, 18.678721396112998, 18.739052792110183, 18.79938418810737, 18.85971558410456, 18.920046980101745, 18.980378376098933, 19.040709772096122, 19.10104116809331, 19.1613725640905, 19.221703960087684, 19.282035356084872, 19.34236675208206, 19.402698148079246, 19.463029544076434, 19.523360940073623, 19.58369233607081, 19.644023732067996, 19.704355128065185, 19.764686524062373, 19.825017920059558, 19.885349316056747, 19.945680712053935, 20.006012108051124, 20.066343504048312, 20.126674900045497, 20.187006296042686, 20.247337692039874, 20.30766908803706, 20.368000484034248, 20.428331880031436, 20.488663276028625, 20.548994672025813, 20.609326068022998, 20.669657464020187, 20.729988860017375, 20.79032025601456, 20.85065165201175, 20.910983048008937, 20.971314444006126, 21.03164584000331, 21.0919772360005, 21.152308631997688, 21.212640027994873, 21.27297142399206, 21.33330281998925, 21.393634215986438, 21.453965611983627, 21.51429700798081, 21.574628403978, 21.63495979997519, 21.695291195972374, 21.755622591969562, 21.81595398796675, 21.87628538396394, 21.936616779961128, 21.996948175958313, 22.0572795719555, 22.117610967952686, 22.177942363949875, 22.238273759947063]], "PDF": [[0.0006047614267530561, 0.0007620930387391707, 0.000893092296864088, 0.001002602416091762, 0.0010818153204945698, 0.0011226034974686242, 0.0011594015874649465, 0.0012867877625128566, 0.001636031338607682, 0.0023260256984091346, 0.0033929745194656333, 0.004726287949365757, 0.00608735528124783, 0.007238697310359306, 0.008075710136668263, 0.008641683448850298, 0.00907569512352902, 0.00961872924145733, 0.010636977319042748, 0.012507676932421177, 0.015384108725404754, 0.01906554738014049, 0.02315941351657544, 0.027437990479321803, 0.031973157005865005, 0.036821240011815116, 0.041759976619691636, 0.04657544749297946, 0.05135861769533661, 0.05618314993448679, 0.060813407554452296, 0.06521816680143419, 0.07018570296232528, 0.07698038651599337, 0.08641078918750543, 0.09843351357541216, 0.11251173760857937, 0.12811913889201862, 0.14498487346620598, 0.1629659303069007, 0.18159511248936872, 0.19990099211203785, 0.21706161065689503, 0.2333118199484783, 0.2500422176139051, 0.2689296435196794, 0.29069790948857016, 0.31422277909544594, 0.33686767137302925, 0.3564159655235602, 0.37301084574287563, 0.38873149797501716, 0.4051602685740803, 0.421832409158739, 0.43670055798423435, 0.4472130015304171, 0.4514038287167276, 0.44926869985668877, 0.44333405949218335, 0.4373249391050382, 0.4338397675113515, 0.43274085092609926, 0.4313760743339485, 0.42662354150402176, 0.4170771734802526, 0.403482676002765, 0.38770236666340024, 0.371816761926629, 0.3577116010704695, 0.34651144738194917, 0.3381484382794732, 0.3316618954691928, 0.32564057127587837, 0.3182527969038522, 0.30764280847726133, 0.2930833919836496, 0.27551318767925703, 0.25652876294175975, 0.23722207938902232, 0.21818443277317395, 0.19980686953179774, 0.18204055479688488, 0.1643430490600138, 0.14616205614600278, 0.1273307714885842, 0.10818518170781197, 0.08955876936708528, 0.07248524117584658, 0.057652813870022475, 0.045115371979727634, 0.0345434348348722, 0.025694987093861997, 0.01858177614625459, 0.013215638073879602, 0.009341432948065189, 0.006523382205532652, 0.0044250916095291285, 0.0028996289079343, 0.001856049178837893, 0.0011625812634136032]]}