{"S_Ks": [[0.583797603308494]], "S_Q": [[0.411721600878634]], "S_T_Ks": [[0.5986616284844352]], "S_T_Q": [[0.40172016230411367]]}