{"S_min_Ks": [[0.14754421068591256]], "S_min_Q": [[0.78405417069676]], "S_Ks": [[0.16102741764068307]], "S_Q": [[0.8332541149320662]], "S_max_Ks": [[0.17450259627994769]], "S_max_Q": [[0.8775508097711925]], "S_T_min_Ks": [[0.13246705360379207]], "S_T_min_Q": [[0.7811418506119968]], "S_T_Ks": [[0.17219426140053237]], "S_T_Q": [[0.8256146390089437]], "S_T_max_Ks": [[0.21566033357153067]], "S_T_max_Q": [[0.8610796473659872]]}