{"S_min_Ks": [[0.5535646978604997]], "S_min_Q": [[0.38390803375725824]], "S_Ks": [[0.5837975994238277]], "S_Q": [[0.4117216063809357]], "S_max_Ks": [[0.6098231798592416]], "S_max_Q": [[0.43298772904763994]], "S_T_min_Ks": [[0.5540741760610196]], "S_T_min_Q": [[0.3701861888259175]], "S_T_Ks": [[0.598661624062912]], "S_T_Q": [[0.40172016620756773]], "S_T_max_Ks": [[0.6367372687304703]], "S_T_max_Q": [[0.4285645230833443]]}