{"S_Ks": [[0.16102741764068307]], "S_Q": [[0.8332541149320662]], "S_T_Ks": [[0.17219426140053237]], "S_T_Q": [[0.8256146390089437]]}