{"S_min_Ks": [[0.5535646987962031]], "S_min_Q": [[0.38390803271656776]], "S_Ks": [[0.5837976003144957]], "S_Q": [[0.41172160512816514]], "S_max_Ks": [[0.6098231807088055]], "S_max_Q": [[0.43298772764192656]], "S_T_min_Ks": [[0.554074177180851]], "S_T_min_Q": [[0.3701861879226996]], "S_T_Ks": [[0.5986616250767668]], "S_T_Q": [[0.4017201653299656]], "S_T_max_Ks": [[0.6367372695617235]], "S_T_max_Q": [[0.4285645221544329]]}