{"S_Ks": [[0.5837976003144957]], "S_Q": [[0.41172160512816514]], "S_T_Ks": [[0.5986616250767668]], "S_T_Q": [[0.4017201653299656]]}