{"S_min_Ks": [[0.5535647018758104]], "S_min_Q": [[0.38390802912873107]], "S_Ks": [[0.583797603308494]], "S_Q": [[0.411721600878634]], "S_max_Ks": [[0.6098231836247152]], "S_max_Q": [[0.4329877228583904]], "S_T_min_Ks": [[0.5540741810756985]], "S_T_min_Q": [[0.37018618481455023]], "S_T_Ks": [[0.5986616284844352]], "S_T_Q": [[0.40172016230411367]], "S_T_max_Ks": [[0.6367372722623632]], "S_T_max_Q": [[0.4285645189575439]]}