{"S_Ks": [[0.5837975994238277]], "S_Q": [[0.4117216063809357]], "S_T_Ks": [[0.598661624062912]], "S_T_Q": [[0.40172016620756773]]}