{"Min": [[8.157241940875492]], "SD_min": [[12.262930961210023]], "Mean": [[13.35176190321444]], "SD_max": [[14.440592845218857]], "Max": [[16.59726409586029]]}