{"output": [[8.157241940875492, 8.242494689915743, 8.327747438955994, 8.413000187996243, 8.498252937036494, 8.583505686076744, 8.668758435116995, 8.754011184157246, 8.839263933197495, 8.924516682237746, 9.009769431277997, 9.095022180318248, 9.180274929358498, 9.265527678398747, 9.350780427438998, 9.436033176479249, 9.5212859255195, 9.60653867455975, 9.691791423600002, 9.77704417264025, 9.862296921680501, 9.947549670720752, 10.032802419761003, 10.118055168801252, 10.203307917841503, 10.288560666881754, 10.373813415922005, 10.459066164962255, 10.544318914002506, 10.629571663042755, 10.714824412083006, 10.800077161123257, 10.885329910163508, 10.970582659203757, 11.055835408244008, 11.141088157284258, 11.22634090632451, 11.31159365536476, 11.39684640440501, 11.482099153445262, 11.56735190248551, 11.652604651525762, 11.737857400566012, 11.823110149606261, 11.908362898646512, 11.993615647686763, 12.078868396727014, 12.164121145767265, 12.249373894807515, 12.334626643847766, 12.419879392888015, 12.505132141928266, 12.590384890968517, 12.675637640008766, 12.760890389049017, 12.846143138089268, 12.931395887129518, 13.01664863616977, 13.10190138521002, 13.187154134250271, 13.272406883290522, 13.35765963233077, 13.442912381371022, 13.52816513041127, 13.613417879451521, 13.698670628491772, 13.783923377532023, 13.869176126572274, 13.954428875612525, 14.039681624652776, 14.124934373693026, 14.210187122733275, 14.295439871773526, 14.380692620813775, 14.465945369854026, 14.551198118894277, 14.636450867934528, 14.721703616974779, 14.80695636601503, 14.89220911505528, 14.977461864095531, 15.06271461313578, 15.147967362176031, 15.233220111216282, 15.31847286025653, 15.403725609296782, 15.488978358337032, 15.574231107377283, 15.659483856417534, 15.744736605457785, 15.829989354498036, 15.915242103538285, 16.000494852578534, 16.085747601618785, 16.171000350659035, 16.256253099699286, 16.341505848739537, 16.426758597779788, 16.51201134682004, 16.59726409586029]], "PDF": [[0.0002061089453989167, 0.0002204305363856865, 0.00023869017821646538, 0.0002840473647966645, 0.00037175276109822523, 0.0004996853277787276, 0.0006507643563728668, 0.0008036643009497946, 0.0009427111075311289, 0.0010614726062259643, 0.001161614377627499, 0.0012512753007828006, 0.0013443722257768197, 0.0014590631333055981, 0.0016151503801865304, 0.0018347808316006313, 0.0021494836141396256, 0.002605550906603064, 0.0032522282484530223, 0.004110344328150097, 0.005146217291920116, 0.006284651975989385, 0.007463813814141274, 0.008688579545410968, 0.010033527621224834, 0.011598629293321321, 0.013469219135422794, 0.01571314363917734, 0.01839233017774718, 0.02155634724563747, 0.025229071035975523, 0.029422213687428415, 0.03417714376825889, 0.03959659539127807, 0.04582620533981712, 0.05297835097931897, 0.061037202259572, 0.06981859972094591, 0.0790373698480359, 0.08844861425796027, 0.09796087566075652, 0.10765619611410297, 0.11774906566393449, 0.12854392874681833, 0.14038869195828899, 0.15358240209412427, 0.16824441336516097, 0.18421740424074465, 0.20107046482289362, 0.21820560272955322, 0.23501718510022807, 0.2510390023092725, 0.26603037345467256, 0.2799804027205611, 0.29302874018445824, 0.3053219802478293, 0.3168681595242009, 0.327481557327571, 0.3368587083048131, 0.3447162642628946, 0.35087262334279795, 0.35523182600988656, 0.35773534718447086, 0.3583497182757992, 0.35707020778729, 0.35388701086352514, 0.3487343200574357, 0.3415059531551132, 0.33216362618387685, 0.3208428721899491, 0.30782740780792417, 0.29338075445759615, 0.277592180484751, 0.2604232547093448, 0.24195556099080096, 0.2226089591360116, 0.2030883117245251, 0.184069412815671, 0.1658931539170164, 0.14852705465453722, 0.13179584593929333, 0.11565117435159039, 0.10025956545653844, 0.08588873607438267, 0.07274578898874846, 0.06091655635421334, 0.05041805159159301, 0.04126358691737003, 0.03345493344232316, 0.02691910483807553, 0.021477780302350806, 0.016902163675026165, 0.013012411074511322, 0.009734742181549533, 0.007073567927342691, 0.005033336026872047, 0.003558027801250457, 0.002527713248108362, 0.0018007483174123054, 0.0012620234273397965]]}