{"S_min_Ks": [[-0.001458465736248281]], "S_min_Q": [[0.9437001594443648]], "S_Ks": [[0.0026974002730411816]], "S_Q": [[0.9933176642022052]], "S_max_Ks": [[0.006767920020007485]], "S_max_Q": [[1.0469252633379513]], "S_T_min_Ks": [[-0.01441295091128423]], "S_T_min_Q": [[0.9342048928166868]], "S_T_Ks": [[0.01592069442461177]], "S_T_Q": [[0.9808011668537715]], "S_T_max_Ks": [[0.04603211177259128]], "S_T_max_Q": [[1.014282951856929]]}