{"S_Ks": [[0.0026974002730411816]], "S_Q": [[0.9933176642022052]], "S_T_Ks": [[0.01592069442461177]], "S_T_Q": [[0.9808011668537715]]}