{"Min": [[10.003770476776875]], "SD_min": [[11.835541658435352]], "Mean": [[12.505354504471478]], "SD_max": [[13.175167350507605]], "Max": [[14.973328171957988]]}