{"Min": [[-46.478054773192085]], "SD_min": [[0.6985868114513707]], "Mean": [[6.790119374271037]], "SD_max": [[12.881651937090703]], "Max": [[65.72788409941023]]}