{"Min": [[8.133421125837542]], "SD_min": [[11.746274722251249]], "Mean": [[12.44197708422153]], "SD_max": [[13.137679446191813]], "Max": [[14.78858058736399]]}