{"Min": [[4.276128907715117]], "SD_min": [[15.135084324943097]], "Mean": [[19.10201541053341]], "SD_max": [[23.068946496123726]], "Max": [[33.84461825014045]]}