{"output": [[10.003770476776875, 10.053968029253452, 10.10416558173003, 10.154363134206605, 10.204560686683182, 10.25475823915976, 10.304955791636337, 10.355153344112914, 10.405350896589491, 10.455548449066066, 10.505746001542644, 10.55594355401922, 10.606141106495798, 10.656338658972375, 10.706536211448952, 10.756733763925528, 10.806931316402105, 10.857128868878682, 10.90732642135526, 10.957523973831837, 11.007721526308412, 11.05791907878499, 11.108116631261566, 11.158314183738144, 11.20851173621472, 11.258709288691298, 11.308906841167875, 11.35910439364445, 11.409301946121028, 11.459499498597605, 11.509697051074182, 11.55989460355076, 11.610092156027335, 11.660289708503912, 11.71048726098049, 11.760684813457067, 11.810882365933644, 11.861079918410221, 11.911277470886798, 11.961475023363374, 12.01167257583995, 12.061870128316528, 12.112067680793105, 12.162265233269682, 12.212462785746258, 12.262660338222835, 12.312857890699412, 12.36305544317599, 12.413252995652567, 12.463450548129142, 12.513648100605721, 12.563845653082296, 12.614043205558874, 12.66424075803545, 12.714438310512028, 12.764635862988605, 12.81483341546518, 12.865030967941758, 12.915228520418335, 12.965426072894912, 13.01562362537149, 13.065821177848065, 13.116018730324642, 13.16621628280122, 13.216413835277796, 13.266611387754374, 13.31680894023095, 13.367006492707528, 13.417204045184103, 13.46740159766068, 13.517599150137258, 13.567796702613835, 13.617994255090412, 13.668191807566988, 13.718389360043565, 13.768586912520142, 13.81878446499672, 13.868982017473297, 13.919179569949872, 13.969377122426451, 14.019574674903026, 14.069772227379604, 14.11996977985618, 14.170167332332756, 14.220364884809335, 14.27056243728591, 14.320759989762488, 14.370957542239065, 14.421155094715642, 14.47135264719222, 14.521550199668795, 14.571747752145374, 14.62194530462195, 14.672142857098526, 14.722340409575104, 14.772537962051679, 14.822735514528258, 14.872933067004833, 14.92313061948141, 14.973328171957988]], "PDF": [[0.00073320576566018, 0.000964756353830995, 0.0012515263283270088, 0.0016270561779404328, 0.0021239783643208234, 0.002761037181595141, 0.003538070313030049, 0.004442969678621483, 0.00547086997099364, 0.006650095408467936, 0.008059749318707645, 0.009820534145017667, 0.012056261771948242, 0.014850185355251677, 0.01823027014815543, 0.022196731850677855, 0.026771050495886874, 0.032028414427795325, 0.03809001631826975, 0.04508561197725756, 0.0531195218673254, 0.062263541229272586, 0.07257116045387872, 0.084091948968237, 0.09687489957986928, 0.11096524166110898, 0.12640001306559237, 0.14319888317068488, 0.16134834299884027, 0.1807911535723858, 0.2014367974385098, 0.22319173989018018, 0.24599067513030087, 0.26981001134692045, 0.29465071025728784, 0.3204777816273226, 0.34712168712554553, 0.3741976496219894, 0.40112516908777635, 0.4272610836816522, 0.4520496222790133, 0.4750888812650285, 0.4961260533368543, 0.515049712835276, 0.5318682158441937, 0.5466136398512301, 0.5592099978932316, 0.5694329276082456, 0.5769948411235876, 0.5816432620146781, 0.5831830280044533, 0.5814752484580435, 0.5764962518412312, 0.5684142059607747, 0.5575575030412411, 0.5442471465888046, 0.5286324535094372, 0.5106936619769946, 0.4904154557756485, 0.4679679020251086, 0.4437364227612395, 0.4182036996374539, 0.39182478200607607, 0.36501367848566013, 0.3382140294487124, 0.3119197385560707, 0.28656192496595156, 0.2623408569816198, 0.23917967196171816, 0.21688259974326832, 0.19537546755963991, 0.1748151234546626, 0.15548375929715474, 0.13758913212442878, 0.12115483772876649, 0.10606820536438058, 0.09220733343534183, 0.07953199396141744, 0.06808935126784968, 0.05795905047051463, 0.04918281229794272, 0.041709439098262885, 0.035377584730918885, 0.029954409585423517, 0.025219800773623898, 0.021042885571718573, 0.01739305611161649, 0.014281783321320313, 0.011691186736802613, 0.009548217842795697, 0.0077532711474364935, 0.006225753547753014, 0.004926476029068128, 0.003847178442014933, 0.0029853838327508968, 0.0023263183393853982, 0.001838980844008266, 0.0014806616938120634, 0.0012041879458609484, 0.0009676635130682105]]}