{"output": [[-46.478054773192085, -45.34466145124661, -44.21126812930113, -43.07787480735565, -41.94448148541017, -40.811088163464696, -39.67769484151922, -38.544301519573736, -37.41090819762826, -36.27751487568278, -35.14412155373731, -34.01072823179183, -32.877334909846354, -31.74394158790087, -30.610548265955394, -29.477154944009914, -28.343761622064438, -27.21036830011896, -26.07697497817348, -24.943581656228005, -23.810188334282525, -22.67679501233705, -21.54340169039157, -20.410008368446093, -19.276615046500616, -18.143221724555136, -17.00982840260966, -15.87643508066418, -14.743041758718704, -13.609648436773227, -12.476255114827744, -11.342861792882267, -10.209468470936791, -9.076075148991315, -7.942681827045838, -6.809288505100355, -5.6758951831548785, -4.542501861209402, -3.4091085392639258, -2.2757152173184423, -1.142321895372966, -0.008928573427489539, 1.1244647485179868, 2.257858070463463, 3.3912513924089467, 4.524644714354423, 5.658038036299899, 6.791431358245376, 7.924824680190852, 9.058218002136336, 10.191611324081812, 11.325004646027288, 12.458397967972765, 13.591791289918248, 14.725184611863725, 15.858577933809201, 16.991971255754677, 18.125364577700154, 19.25875789964563, 20.392151221591106, 21.525544543536597, 22.658937865482073, 23.79233118742755, 24.925724509373026, 26.059117831318503, 27.19251115326398, 28.325904475209455, 29.45929779715493, 30.592691119100408, 31.7260844410459, 32.859477762991375, 33.99287108493685, 35.12626440688233, 36.259657728827804, 37.39305105077328, 38.52644437271876, 39.65983769466423, 40.79323101660971, 41.9266243385552, 43.06001766050068, 44.19341098244615, 45.32680430439163, 46.460197626337106, 47.59359094828258, 48.72698427022806, 49.860377592173535, 50.99377091411901, 52.1271642360645, 53.26055755800998, 54.393950879955455, 55.52734420190093, 56.66073752384641, 57.794130845791884, 58.92752416773736, 60.060917489682836, 61.19431081162831, 62.32770413357379, 63.46109745551928, 64.59449077746476, 65.72788409941023]], "PDF": [[2.064578368042344e-05, 1.7383006818471487e-05, 1.0375415175698862e-05, 4.390086966472456e-06, 1.316824259312669e-06, 2.8000743917457005e-07, 4.220835069356721e-08, 4.510420133728859e-09, 3.427058356619824e-10, 4.4570466660465e-11, 4.774752535162379e-10, 6.199566174848103e-09, 5.798921662471682e-08, 3.939912596740954e-07, 1.974380474035808e-06, 7.461609635901931e-06, 2.1864032154444e-05, 5.103464994715285e-05, 9.663256794735147e-05, 0.00014963734250706995, 0.00019148437284718172, 0.0002104208466596218, 0.00021957145612309896, 0.00024979514330629687, 0.00031529582121275947, 0.0003939443447187485, 0.0004617948858871566, 0.0005419019171576681, 0.0006882895334089544, 0.0009187612748717184, 0.0012088477336537225, 0.0016114610255131977, 0.0024062223165799306, 0.004059087214970146, 0.006823033300283981, 0.010253289836695084, 0.013381021189009225, 0.015598712346827321, 0.017154520069229462, 0.018753966187048266, 0.021107090946716575, 0.0248660659395823, 0.03038618474249527, 0.03720054226762712, 0.04407194039502964, 0.050039526403917095, 0.055365436912058384, 0.060940771021198346, 0.06660506768867497, 0.07057663461400718, 0.07080441754028917, 0.06647991170921501, 0.05815148358433672, 0.04694518379628649, 0.03428127533751107, 0.02219780045959874, 0.012798964746709215, 0.0068485315110855234, 0.003555562213097453, 0.0017659848516861643, 0.0007904964847663154, 0.0003103349734260159, 0.00011328091576192401, 4.304642608135603e-05, 1.7116869989546075e-05, 6.183481817117769e-06, 1.7794977717776696e-06, 3.818345840169389e-07, 5.941569074305168e-08, 6.7345829208434756e-09, 2.2037805493780725e-09, 1.803896304393494e-08, 1.3706771832046822e-07, 7.395281421748765e-07, 2.8285575616473784e-06, 7.669418069732124e-06, 1.4741675919497287e-05, 2.008715183423341e-05, 1.940335908466076e-05, 1.3286865395314905e-05, 6.449933032135249e-06, 2.2196011002868706e-06, 5.414791183633264e-07, 9.364305003146702e-08, 1.1480384768478863e-08, 9.977561027816246e-10, 6.147229567964297e-11, 2.685219507783705e-12, 1.0198022198004956e-13, 7.003531458564957e-13, 1.834880575544385e-11, 3.4167811114436303e-10, 4.510391487930982e-09, 4.2208350126447383e-08, 2.8000743916659836e-07, 1.3168242593125802e-06, 4.390086966472426e-06, 1.0375415175698862e-05, 1.7383006818471487e-05, 2.064578368042344e-05]]}