{"output": [[-46.478054773192085, -45.34466145124661, -44.21126812930113, -43.07787480735565, -41.94448148541017, -40.811088163464696, -39.67769484151922, -38.544301519573736, -37.41090819762826, -36.27751487568278, -35.14412155373731, -34.01072823179183, -32.877334909846354, -31.74394158790087, -30.610548265955394, -29.477154944009914, -28.343761622064438, -27.21036830011896, -26.07697497817348, -24.943581656228005, -23.810188334282525, -22.67679501233705, -21.54340169039157, -20.410008368446093, -19.276615046500616, -18.143221724555136, -17.00982840260966, -15.87643508066418, -14.743041758718704, -13.609648436773227, -12.476255114827744, -11.342861792882267, -10.209468470936791, -9.076075148991315, -7.942681827045838, -6.809288505100355, -5.6758951831548785, -4.542501861209402, -3.4091085392639258, -2.2757152173184423, -1.142321895372966, -0.008928573427489539, 1.1244647485179868, 2.257858070463463, 3.3912513924089467, 4.524644714354423, 5.658038036299899, 6.791431358245376, 7.924824680190852, 9.058218002136336, 10.191611324081812, 11.325004646027288, 12.458397967972765, 13.591791289918248, 14.725184611863725, 15.858577933809201, 16.991971255754677, 18.125364577700154, 19.25875789964563, 20.392151221591106, 21.525544543536597, 22.658937865482073, 23.79233118742755, 24.925724509373026, 26.059117831318503, 27.19251115326398, 28.325904475209455, 29.45929779715493, 30.592691119100408, 31.7260844410459, 32.859477762991375, 33.99287108493685, 35.12626440688233, 36.259657728827804, 37.39305105077328, 38.52644437271876, 39.65983769466423, 40.79323101660971, 41.9266243385552, 43.06001766050068, 44.19341098244615, 45.32680430439163, 46.460197626337106, 47.59359094828258, 48.72698427022806, 49.860377592173535, 50.99377091411901, 52.1271642360645, 53.26055755800998, 54.393950879955455, 55.52734420190093, 56.66073752384641, 57.794130845791884, 58.92752416773736, 60.060917489682836, 61.19431081162831, 62.32770413357379, 63.46109745551928, 64.59449077746476, 65.72788409941023]], "PDF": [[2.0645760616024808e-05, 1.738299408003886e-05, 1.0375419535523558e-05, 4.390097247638209e-06, 1.3168308859510301e-06, 2.80009816819037e-07, 4.220888754731708e-08, 4.510500039379122e-09, 3.427138961995784e-10, 4.457179074023396e-11, 4.774863163713879e-10, 6.199675420740687e-09, 5.7989966238586153e-08, 3.939948358913065e-07, 1.9743924463136546e-06, 7.461638212947414e-06, 2.1864081140028994e-05, 5.103470643437856e-05, 9.6632595293451e-05, 0.00014963730461870566, 0.00019148429064175568, 0.00021042080877296083, 0.0002195715295192034, 0.0002497952702746059, 0.0003152958653087695, 0.00039394429385578115, 0.00046179491468572177, 0.0005419021447130909, 0.0006882898235778104, 0.0009187614493471072, 0.0012088480309076902, 0.0016114622329483426, 0.002406225152660466, 0.004059091039932263, 0.0068230356422570755, 0.010253288737319658, 0.013381017958057422, 0.015598710076339482, 0.017154520233031496, 0.018753968639237627, 0.021107095573284662, 0.024866071904805817, 0.030386189201208398, 0.037200542378279924, 0.04407193705967087, 0.0500395240958476, 0.05536543805734992, 0.06094077183964542, 0.06660506226714748, 0.07057662205445984, 0.07080440235305711, 0.06647989857769995, 0.05815147419755981, 0.0469451788520587, 0.034281277153046665, 0.022197809600982887, 0.012798976432476726, 0.006848540212139967, 0.003555566926405048, 0.0017659873939156394, 0.0007904980756500653, 0.0003103358789381396, 0.0001132813052985441, 4.3046555307858244e-05, 1.7116913875675056e-05, 6.183502134362025e-06, 1.779507150749271e-06, 3.818377545477127e-07, 5.941641831283042e-08, 6.734698565330446e-09, 2.203825875638536e-09, 1.803922724028235e-08, 1.3706910101458315e-07, 7.395328170345788e-07, 2.828566963953184e-06, 7.669426470874088e-06, 1.4741670545191926e-05, 2.0087130625015795e-05, 1.9403340098921417e-05, 1.3286863635915601e-05, 6.449942593023166e-06, 2.2196096807028525e-06, 5.41482918387356e-07, 9.36440743615961e-08, 1.1480564185997752e-08, 9.977771418747483e-10, 6.14739746951462e-11, 2.6853116423425214e-12, 1.0198457514759841e-13, 7.003793054944416e-13, 1.8349356491275138e-11, 3.4168613402714423e-10, 4.51047139230427e-09, 4.220888698016695e-08, 2.800098168110647e-07, 1.3168308859509389e-06, 4.390097247638178e-06, 1.0375419535523558e-05, 1.738299408003886e-05, 2.0645760616024808e-05]]}