{"output": [[8.133421125837542, 8.200644958782252, 8.267868791726965, 8.335092624671676, 8.402316457616388, 8.469540290561099, 8.536764123505812, 8.603987956450522, 8.671211789395235, 8.738435622339946, 8.805659455284658, 8.87288328822937, 8.94010712117408, 9.007330954118792, 9.074554787063503, 9.141778620008216, 9.209002452952927, 9.27622628589764, 9.34345011884235, 9.410673951787063, 9.477897784731773, 9.545121617676486, 9.612345450621197, 9.679569283565908, 9.74679311651062, 9.81401694945533, 9.881240782400043, 9.948464615344754, 10.015688448289467, 10.082912281234178, 10.150136114178888, 10.217359947123601, 10.284583780068314, 10.351807613013024, 10.419031445957735, 10.486255278902448, 10.553479111847158, 10.620702944791871, 10.687926777736582, 10.755150610681294, 10.822374443626005, 10.889598276570716, 10.956822109515429, 11.024045942460141, 11.091269775404852, 11.158493608349563, 11.225717441294275, 11.292941274238986, 11.360165107183699, 11.42738894012841, 11.494612773073122, 11.561836606017833, 11.629060438962544, 11.696284271907256, 11.763508104851969, 11.83073193779668, 11.89795577074139, 11.965179603686103, 12.032403436630814, 12.099627269575526, 12.166851102520237, 12.23407493546495, 12.30129876840966, 12.368522601354371, 12.435746434299084, 12.502970267243796, 12.570194100188507, 12.637417933133218, 12.70464176607793, 12.771865599022643, 12.839089431967352, 12.906313264912065, 12.973537097856777, 13.040760930801488, 13.107984763746199, 13.175208596690911, 13.242432429635624, 13.309656262580335, 13.376880095525046, 13.444103928469758, 13.511327761414469, 13.57855159435918, 13.645775427303892, 13.712999260248605, 13.780223093193316, 13.847446926138026, 13.914670759082739, 13.981894592027452, 14.049118424972162, 14.116342257916873, 14.183566090861586, 14.250789923806296, 14.318013756751007, 14.38523758969572, 14.452461422640432, 14.519685255585143, 14.586909088529854, 14.654132921474567, 14.72135675441928, 14.78858058736399]], "PDF": [[0.00020634651841095134, 0.0001951047237722201, 0.0001652562835975227, 0.00012856963146161272, 9.89955142799888e-05, 8.810332967018241e-05, 0.00010242397941003993, 0.00014248556050892161, 0.0002026876331108962, 0.000272138536335803, 0.0003374357756520647, 0.0003876723600130119, 0.000420109100455335, 0.00044355913125920544, 0.000476862667998889, 0.0005420787359339928, 0.0006552061589146362, 0.0008193979519287789, 0.0010248154705856224, 0.001255378494463971, 0.001498147115609565, 0.0017492901203409626, 0.0020131932220163926, 0.0022965875462563996, 0.0026034574347671533, 0.002935498749277202, 0.003298014325244306, 0.003707343572979571, 0.00419688389548899, 0.004822244574305059, 0.005666347626864744, 0.006840547574733235, 0.008474140893867053, 0.010690117403123912, 0.013578518133724866, 0.017186756043088964, 0.0215365402119873, 0.026656042719045606, 0.03260479892289684, 0.03947826871725057, 0.0473959934319615, 0.05648452130057179, 0.06686583859665096, 0.0786646926825763, 0.09204514040286617, 0.10725806592884594, 0.1246410673880111, 0.1445156534061942, 0.16700582663931426, 0.19189970663482933, 0.21868340025656105, 0.24675537975145237, 0.27567648242322473, 0.3052711862015894, 0.33551298407807534, 0.36629320096078494, 0.39724306821611344, 0.42771150616116826, 0.4568775578763446, 0.4839014617334161, 0.5080261757191338, 0.5285967946614379, 0.5450231601463004, 0.556746358176692, 0.5632674957533699, 0.564249123555625, 0.5596308274464591, 0.5496703262803433, 0.5348688304468846, 0.5158294881235561, 0.49314703522479797, 0.46738858613964945, 0.43913830205899973, 0.40902577516171057, 0.3776861358040959, 0.34567761161886174, 0.3134323797131265, 0.28129116569160567, 0.2495981217459634, 0.21878086667682536, 0.18935358166733707, 0.1618398251699179, 0.13666591279023838, 0.11408812987141702, 0.09418501619365516, 0.07689911080848347, 0.062089209952034145, 0.04956680371285835, 0.039116038976298964, 0.03050758836634358, 0.02351090719606598, 0.017902638919925568, 0.01347032682659932, 0.010014779694529985, 0.007354296869393271, 0.005329911112373309, 0.0038080711204573313, 0.0026788444507338098, 0.0018516703583555233, 0.0012523080784803263]]}