{"output": [[4.276128907715117, 4.574800517234565, 4.873472126754013, 5.17214373627346, 5.470815345792908, 5.769486955312356, 6.068158564831804, 6.366830174351252, 6.665501783870699, 6.964173393390148, 7.262845002909595, 7.561516612429043, 7.860188221948491, 8.158859831467938, 8.457531440987385, 8.756203050506834, 9.054874660026282, 9.35354626954573, 9.652217879065176, 9.950889488584625, 10.249561098104072, 10.54823270762352, 10.846904317142968, 11.145575926662417, 11.444247536181864, 11.742919145701311, 12.04159075522076, 12.340262364740207, 12.638933974259654, 12.937605583779103, 13.23627719329855, 13.534948802817999, 13.833620412337446, 14.132292021856893, 14.430963631376342, 14.729635240895789, 15.028306850415238, 15.326978459934685, 15.625650069454132, 15.92432167897358, 16.22299328849303, 16.521664898012475, 16.820336507531923, 17.119008117051372, 17.417679726570817, 17.716351336090266, 18.015022945609715, 18.31369455512916, 18.612366164648613, 18.911037774168058, 19.209709383687503, 19.508380993206956, 19.8070526027264, 20.10572421224585, 20.4043958217653, 20.703067431284744, 21.00173904080419, 21.30041065032364, 21.599082259843087, 21.897753869362532, 22.196425478881984, 22.49509708840143, 22.793768697920882, 23.092440307440327, 23.391111916959773, 23.689783526479225, 23.98845513599867, 24.287126745518115, 24.585798355037568, 24.884469964557013, 25.18314157407646, 25.48181318359591, 25.780484793115356, 26.0791564026348, 26.377828012154254, 26.6764996216737, 26.975171231193144, 27.273842840712597, 27.572514450232042, 27.871186059751494, 28.16985766927094, 28.468529278790385, 28.767200888309837, 29.065872497829282, 29.364544107348728, 29.66321571686818, 29.961887326387625, 30.26055893590707, 30.559230545426523, 30.857902154945968, 31.156573764465413, 31.455245373984866, 31.75391698350431, 32.052588593023756, 32.35126020254321, 32.649931812062654, 32.948603421582106, 33.24727503110155, 33.545946640621, 33.84461825014045]], "PDF": [[0.00012921503485464387, 0.00017198808665862454, 0.00022272929456699727, 0.00028424983112021956, 0.0003600828053858912, 0.0004541648174175565, 0.0005708527838453545, 0.0007150526906545795, 0.0008923790290814664, 0.0011095018004630183, 0.0013745929281641174, 0.001697365931822418, 0.0020883955886920537, 0.00255818846692765, 0.0031169132131055625, 0.0037751734070041597, 0.004545199613365563, 0.005441357545197484, 0.0064794159210503485, 0.007675111581335584, 0.009043122983471085, 0.010597022078602266, 0.012349715512972138, 0.01431344862632212, 0.01649901298609859, 0.01891465511222698, 0.021565379499363102, 0.024452734247127853, 0.027574610900905624, 0.03092483428733782, 0.03449291150890197, 0.03826425140688742, 0.04222050775164277, 0.04633943282902981, 0.05059402833835322, 0.054951152227653524, 0.0593699283569823, 0.0638008608912225, 0.06818698619556143, 0.07246735468223194, 0.07658124429593187, 0.08047131560777036, 0.08408561116699342, 0.08737885339055787, 0.09031211406678585, 0.09285002195351477, 0.09495751704747836, 0.09659957203913096, 0.09774446636678126, 0.09836783771965037, 0.09845519883452711, 0.0980032198197898, 0.09702061529109685, 0.09552781117022333, 0.09355403714837648, 0.0911325929517149, 0.08829744875224861, 0.08508388091957407, 0.08153234831820948, 0.0776917000844654, 0.07361843226068392, 0.0693724642166774, 0.0650128288833554, 0.06059592334105514, 0.0561757232219054, 0.05180321056935783, 0.04752346363385632, 0.04337217877246409, 0.03937514016701901, 0.03555188573889627, 0.03192058202437753, 0.028499716037570035, 0.02530543928707689, 0.02234763839288242, 0.019628511255236885, 0.017144470789901292, 0.014889266449890809, 0.012855999954475193, 0.011037406054802234, 0.009425060481371986, 0.008008244113045284, 0.006772997745809066, 0.0057021371393054104, 0.0047769014197524655, 0.0039796958150150365, 0.003296058256325048, 0.0027143582804189186, 0.002223814817635081, 0.0018129641175501302, 0.0014699976573527927, 0.0011843269966865199, 0.000947633639376607, 0.000753520459830059, 0.0005964551439526174, 0.0004711561253209135, 0.0003726202879337422, 0.00029607289873280804, 0.00023650078658797282, 0.00018849378569927262, 0.00014718355291383454]]}