{"output": [[-46.478054773192085, -45.34466145124661, -44.21126812930113, -43.07787480735565, -41.94448148541017, -40.811088163464696, -39.67769484151922, -38.544301519573736, -37.41090819762826, -36.27751487568278, -35.14412155373731, -34.01072823179183, -32.877334909846354, -31.74394158790087, -30.610548265955394, -29.477154944009914, -28.343761622064438, -27.21036830011896, -26.07697497817348, -24.943581656228005, -23.810188334282525, -22.67679501233705, -21.54340169039157, -20.410008368446093, -19.276615046500616, -18.143221724555136, -17.00982840260966, -15.87643508066418, -14.743041758718704, -13.609648436773227, -12.476255114827744, -11.342861792882267, -10.209468470936791, -9.076075148991315, -7.942681827045838, -6.809288505100355, -5.6758951831548785, -4.542501861209402, -3.4091085392639258, -2.2757152173184423, -1.142321895372966, -0.008928573427489539, 1.1244647485179868, 2.257858070463463, 3.3912513924089467, 4.524644714354423, 5.658038036299899, 6.791431358245376, 7.924824680190852, 9.058218002136336, 10.191611324081812, 11.325004646027288, 12.458397967972765, 13.591791289918248, 14.725184611863725, 15.858577933809201, 16.991971255754677, 18.125364577700154, 19.25875789964563, 20.392151221591106, 21.525544543536597, 22.658937865482073, 23.79233118742755, 24.925724509373026, 26.059117831318503, 27.19251115326398, 28.325904475209455, 29.45929779715493, 30.592691119100408, 31.7260844410459, 32.859477762991375, 33.99287108493685, 35.12626440688233, 36.259657728827804, 37.39305105077328, 38.52644437271876, 39.65983769466423, 40.79323101660971, 41.9266243385552, 43.06001766050068, 44.19341098244615, 45.32680430439163, 46.460197626337106, 47.59359094828258, 48.72698427022806, 49.860377592173535, 50.99377091411901, 52.1271642360645, 53.26055755800998, 54.393950879955455, 55.52734420190093, 56.66073752384641, 57.794130845791884, 58.92752416773736, 60.060917489682836, 61.19431081162831, 62.32770413357379, 63.46109745551928, 64.59449077746476, 65.72788409941023]], "PDF": [[2.0645855676832287e-05, 1.7383046581852168e-05, 1.037540156615194e-05, 4.390054873427983e-06, 1.3168035741514718e-06, 2.800000173740526e-07, 4.22066749232921e-08, 4.510170713622468e-09, 3.4268067554056735e-10, 4.4566333737666484e-11, 4.774407219600937e-10, 6.199225171254282e-09, 5.7986876734191954e-08, 3.9398009656779505e-07, 1.9743431025513466e-06, 7.461520432272189e-06, 2.186387924485916e-05, 5.10344736205163e-05, 9.663248258516265e-05, 0.00014963746077664, 0.00019148462945484517, 0.0002104209649251028, 0.0002195712270146421, 0.0002497947469692721, 0.0003152956835658863, 0.00039394450349253805, 0.00046179479599489924, 0.0005419012068363224, 0.0006882886276372395, 0.000918760730248452, 0.0012088468057879903, 0.0016114572565015983, 0.00240621346369478, 0.004059075275229304, 0.006823025989727453, 0.01025329326844403, 0.0133810312745521, 0.015598719434221446, 0.017154519557911325, 0.018753958532495334, 0.021107076504793973, 0.024866047318972757, 0.030386170824480575, 0.03720054192223941, 0.04407195080651455, 0.050039533608658024, 0.055365433336919914, 0.060940768466274144, 0.06660508461204576, 0.07057667381892962, 0.07080446494756741, 0.06647995269950924, 0.0581515128853394, 0.04694519922982632, 0.034281269670310824, 0.02219777192450222, 0.012798928269260953, 0.0068485043505804, 0.003555547500472826, 0.001765976916099368, 0.0007904915187992356, 0.00031033214685799454, 0.00011327969982250368, 4.304602270233498e-05, 1.7116732999396355e-05, 6.183418396689264e-06, 1.7794684952568062e-06, 3.818246872330676e-07, 5.94134196626224e-08, 6.734221943444532e-09, 2.203639067367488e-09, 1.8038138367599554e-08, 1.3706340226510844e-07, 7.39513549564835e-07, 2.82852821207563e-06, 7.669391845119458e-06, 1.4741692695412996e-05, 2.0087218039597288e-05, 1.940341834932198e-05, 1.3286870887148352e-05, 6.4499031873741765e-06, 2.219574316303876e-06, 5.414672565774574e-07, 9.363985260871565e-08, 1.147982472634444e-08, 9.976904311283804e-10, 6.146705484999959e-11, 2.6849319258391653e-12, 1.0196663456325647e-13, 7.002714936268099e-13, 1.834708671440603e-11, 3.416530685553045e-10, 4.5101420718103086e-09, 4.220667435626647e-08, 2.8000001736608206e-07, 1.3168035741513805e-06, 4.390054873427951e-06, 1.037540156615194e-05, 1.7383046581852168e-05, 2.0645855676832287e-05]]}