{"S_min_Ks": [[-0.0002729244812525512]], "S_min_Q": [[0.9407577991336888]], "S_Ks": [[0.0010363128435583533]], "S_Q": [[0.984069121647284]], "S_max_Ks": [[0.0020149590308116017]], "S_max_Q": [[1.021927774615595]], "S_T_min_Ks": [[-0.02643446928822151]], "S_T_min_Q": [[0.962255107336311]], "S_T_Ks": [[0.0017288810041009653]], "S_T_Q": [[0.9984314964359055]], "S_T_max_Ks": [[0.031283341831636995]], "S_T_max_Q": [[1.0362856065751849]]}