{"S_min_Ks": [[0.03688641343400395]], "S_min_Q": [[0.911372264098266]], "S_Ks": [[0.04519689585272526]], "S_Q": [[0.9543075162682525]], "S_max_Ks": [[0.052151497370277265]], "S_max_Q": [[0.9961010990302154]], "S_T_min_Ks": [[0.028731158818891267]], "S_T_min_Q": [[0.923710148123569]], "S_T_Ks": [[0.057843573070379614]], "S_T_Q": [[0.9704450404273495]], "S_T_max_Ks": [[0.08702776341663317]], "S_T_max_Q": [[1.0078339519985273]]}