{"S_Ks": [[0.0010363128435583533]], "S_Q": [[0.984069121647284]], "S_T_Ks": [[0.0017288810041009653]], "S_T_Q": [[0.9984314964359055]]}