{"S_min_Ks": [[-0.0002744698146978143]], "S_min_Q": [[0.9433509529884612]], "S_Ks": [[-5.701290080825076e-05]], "S_Q": [[0.9860247658680258]], "S_max_Ks": [[0.00011218994090941197]], "S_max_Q": [[1.0242913196887269]], "S_T_min_Ks": [[-0.02720645190252521]], "S_T_min_Q": [[0.9643852572277762]], "S_T_Ks": [[6.244757082848399e-05]], "S_T_Q": [[0.99967094720011]], "S_T_max_Ks": [[0.02918593676423899]], "S_T_max_Q": [[1.0372436085374899]]}