{"S_Ks": [[-5.701290080825076e-05]], "S_Q": [[0.9860247658680258]], "S_T_Ks": [[6.244757082848399e-05]], "S_T_Q": [[0.99967094720011]]}