{"S_Ks": [[0.32384339876224183]], "S_Q": [[0.07000942859808666]], "S_T_Ks": [[0.9383136613214722]], "S_T_Q": [[0.6552170122483152]]}