{"S_Ks": [[0.04519689585272526]], "S_Q": [[0.9543075162682525]], "S_T_Ks": [[0.057843573070379614]], "S_T_Q": [[0.9704450404273495]]}