{"Min": [[10.017613100403686]], "SD_min": [[12.005864760160291]], "Mean": [[12.878390705427332]], "SD_max": [[13.750916650694373]], "Max": [[14.137863885592544]]}