{"output": [[10.017613100403686, 10.059231795203573, 10.100850490003461, 10.142469184803348, 10.184087879603236, 10.225706574403123, 10.267325269203011, 10.308943964002898, 10.350562658802787, 10.392181353602673, 10.43380004840256, 10.475418743202448, 10.517037438002335, 10.558656132802223, 10.60027482760211, 10.641893522401999, 10.683512217201885, 10.725130912001774, 10.76674960680166, 10.808368301601547, 10.849986996401435, 10.891605691201322, 10.93322438600121, 10.974843080801097, 11.016461775600986, 11.058080470400872, 11.09969916520076, 11.141317860000647, 11.182936554800534, 11.224555249600423, 11.26617394440031, 11.307792639200198, 11.349411334000084, 11.391030028799973, 11.43264872359986, 11.474267418399748, 11.515886113199635, 11.557504807999521, 11.59912350279941, 11.640742197599296, 11.682360892399185, 11.723979587199072, 11.76559828199896, 11.807216976798847, 11.848835671598735, 11.890454366398622, 11.932073061198508, 11.973691755998397, 12.015310450798284, 12.056929145598172, 12.098547840398059, 12.140166535197947, 12.181785229997834, 12.223403924797722, 12.265022619597609, 12.306641314397496, 12.348260009197384, 12.389878703997272, 12.431497398797159, 12.473116093597046, 12.514734788396934, 12.55635348319682, 12.59797217799671, 12.639590872796596, 12.681209567596483, 12.722828262396371, 12.76444695719626, 12.806065651996146, 12.847684346796033, 12.889303041595921, 12.930921736395808, 12.972540431195696, 13.014159125995583, 13.05577782079547, 13.097396515595358, 13.139015210395247, 13.180633905195133, 13.22225259999502, 13.263871294794908, 13.305489989594795, 13.347108684394684, 13.38872737919457, 13.430346073994457, 13.471964768794345, 13.513583463594234, 13.55520215839412, 13.596820853194007, 13.638439547993896, 13.680058242793782, 13.72167693759367, 13.763295632393557, 13.804914327193444, 13.846533021993332, 13.888151716793221, 13.929770411593108, 13.971389106392994, 14.013007801192883, 14.05462649599277, 14.096245190792658, 14.137863885592544]], "PDF": [[0.005685373433527435, 0.00856303243593856, 0.011483347645303123, 0.014166190627629896, 0.01678102355448552, 0.019844537147811758, 0.023833908338133748, 0.02890234101349316, 0.034815264405634594, 0.04101309095608157, 0.04684882558919361, 0.05192802914864617, 0.05616158596391915, 0.059462571441994655, 0.061639769481778385, 0.06279160274881723, 0.06364005769854417, 0.06518380182253304, 0.06796675830232013, 0.0717872061521188, 0.07607960404899165, 0.08038725098406514, 0.08442042455456437, 0.08792805164138559, 0.09081056383942833, 0.09331387872631113, 0.09589770819061026, 0.09889063154823045, 0.10233857587887661, 0.1061035406961262, 0.10992306341661971, 0.11326185206808677, 0.11530271451714881, 0.11554236903411959, 0.1145207429384572, 0.11357488576664794, 0.11371352305306967, 0.11510620001646082, 0.11780304380412117, 0.12236736253881593, 0.12922864891559876, 0.13757835371382054, 0.14540134635462176, 0.15077749768617643, 0.1531643093837409, 0.15357884210573242, 0.15373013490545473, 0.154968457498679, 0.1577899972618586, 0.16192331393518483, 0.1667155824034988, 0.17167706108535435, 0.176896408751476, 0.1829570625925134, 0.19050900217655029, 0.1998738793096507, 0.21066582444776208, 0.22159950981595367, 0.23112031101041788, 0.23868410932111328, 0.24538077199857591, 0.2531525903201471, 0.26333704562278254, 0.27581186587098694, 0.2895124844715173, 0.30391453707172333, 0.31986628550911034, 0.338720135468545, 0.3610448649825403, 0.38683283587153816, 0.41663596670888836, 0.45142375331490003, 0.49096728527954925, 0.5328285721454361, 0.5730262584106224, 0.607436044758851, 0.6330480498118053, 0.6488950657807125, 0.6562101892575427, 0.657556012479799, 0.6555320648581093, 0.6517439149470156, 0.6462539330999019, 0.6377825613672691, 0.6248912257468228, 0.6073933743596669, 0.5864725666281001, 0.5632093633341103, 0.5372625892720947, 0.5072590047313651, 0.472305912645901, 0.43307010153814596, 0.3916380864911165, 0.3502914348416364, 0.3099645532954972, 0.2694855521704325, 0.22639185669753265, 0.17923600888299468, 0.12994962442189967, 0.08395196349532508]]}