{"S_min_Ks": [[0.43530608740924415]], "S_min_Q": [[0.4601755539219693]], "S_Ks": [[0.4624846667132781]], "S_Q": [[0.49176884957895517]], "S_max_Ks": [[0.4869292829847761]], "S_max_Q": [[0.5129471429839214]], "S_T_min_Ks": [[0.47167477467445407]], "S_T_min_Q": [[0.51208998745693]], "S_T_Ks": [[0.5090364902885307]], "S_T_Q": [[0.5505378852100528]], "S_T_max_Ks": [[0.5400209252867691]], "S_T_max_Q": [[0.5792933907836404]]}