{"S_Ks": [[0.4624846667132781]], "S_Q": [[0.49176884957895517]], "S_T_Ks": [[0.5090364902885307]], "S_T_Q": [[0.5505378852100528]]}