{"Min": [[10.98408809652622]], "SD_min": [[14.968551068978096]], "Mean": [[15.916694812510276]], "SD_max": [[16.864838556042457]], "Max": [[18.299495169750166]]}