{"Min": [[-3.2969565872539035]], "SD_min": [[14.50429348489211]], "Mean": [[16.58360639221773]], "SD_max": [[18.662919299543354]], "Max": [[18.54763891331191]]}