{"Min": [[10.654061784082199]], "SD_min": [[14.979362107055195]], "Mean": [[15.925206677799634]], "SD_max": [[16.871051248544074]], "Max": [[18.2057727358139]]}