{"output": [[-56.772350684950226, -55.74189503365503, -54.711439382359835, -53.680983731064636, -52.65052807976944, -51.620072428474245, -50.589616777179046, -49.55916112588385, -48.528705474588655, -47.498249823293456, -46.467794171998264, -45.437338520703065, -44.406882869407866, -43.37642721811267, -42.345971566817475, -41.315515915522276, -40.285060264227084, -39.254604612931885, -38.224148961636686, -37.19369331034149, -36.163237659046295, -35.132782007751096, -34.102326356455904, -33.071870705160705, -32.04141505386551, -31.01095940257031, -29.980503751275116, -28.95004809997992, -27.91959244868472, -26.889136797389526, -25.85868114609433, -24.82822549479913, -23.797769843503936, -22.767314192208737, -21.736858540913545, -20.706402889618346, -19.675947238323147, -18.645491587027955, -17.615035935732756, -16.584580284437557, -15.554124633142365, -14.523668981847166, -13.493213330551967, -12.462757679256775, -11.432302027961576, -10.401846376666377, -9.371390725371185, -8.340935074075986, -7.310479422780787, -6.280023771485595, -5.249568120190396, -4.219112468895204, -3.1886568176000054, -2.1582011663048064, -1.1277455150096145, -0.0972898637144155, 0.9331657875807835, 1.9636214388759754, 2.9940770901711744, 4.024532741466373, 5.054988392761565, 6.085444044056764, 7.115899695351963, 8.146355346647155, 9.176810997942354, 10.207266649237553, 11.237722300532752, 12.268177951827937, 13.298633603123136, 14.329089254418335, 15.359544905713534, 16.390000557008733, 17.420456208303932, 18.450911859599117, 19.481367510894316, 20.511823162189515, 21.542278813484714, 22.572734464779913, 23.603190116075112, 24.633645767370297, 25.664101418665496, 26.694557069960695, 27.725012721255894, 28.755468372551093, 29.78592402384629, 30.816379675141476, 31.846835326436675, 32.877290977731874, 33.90774662902707, 34.93820228032227, 35.96865793161747, 36.999113582912656, 38.029569234207855, 39.060024885503054, 40.09048053679825, 41.12093618809345, 42.15139183938865, 43.181847490683836, 44.212303141979035, 45.242758793274234]], "PDF": [[3.8171824578516346e-05, 2.347726951235207e-05, 5.462124365868976e-06, 4.807119467606263e-07, 1.600359598971783e-08, 2.015392208703583e-10, 9.601680274572327e-13, 6.993440659151034e-14, 2.1905068351349645e-11, 2.661256420185544e-09, 1.223033034219865e-07, 2.126174892437221e-06, 1.3981994135893654e-05, 3.478152168765691e-05, 3.2729349494083425e-05, 1.1650256888609038e-05, 1.5687147921434459e-06, 8.053938034210078e-08, 4.362951422719321e-08, 1.0948687297713678e-06, 1.1650037028117033e-05, 5.413185779260048e-05, 0.00011894221351562079, 0.00013206398859667788, 9.356197332534204e-05, 9.414913104012531e-05, 0.00012902289104562022, 0.00013318486493539973, 8.509031771479092e-05, 4.952139208925206e-05, 6.322476753030174e-05, 6.820107949090407e-05, 5.795960903880401e-05, 8.370519783824538e-05, 0.00015813491363962263, 0.0002693076853092434, 0.0003203508914378312, 0.00026555922406834755, 0.00022651735985729183, 0.0002786815386543561, 0.00037987366576055554, 0.00037960143116876825, 0.00029100538437472947, 0.0002875937367561685, 0.00039795823697942736, 0.0005613466748807744, 0.0006741833067653026, 0.0007121400266093921, 0.0006409169348862137, 0.0004938146500383266, 0.0004997835286438232, 0.0006695565789607446, 0.0008252910610967789, 0.0009739251730620772, 0.0011105230533747356, 0.0011975324805616923, 0.0013222648549838666, 0.0013577586125035463, 0.001373983231523219, 0.001703620200432486, 0.0022638333932394183, 0.0026978277713378736, 0.0032368531113361825, 0.0060190018359993, 0.016741488484321772, 0.03906377650330265, 0.06459715723815074, 0.08659782555070014, 0.103902527062244, 0.11365526606168701, 0.119909993848559, 0.1227174407778068, 0.11105623222532691, 0.08200186915829029, 0.04672657116624455, 0.018588467008038463, 0.00549894998986223, 0.002210967111710886, 0.0014111687079386374, 0.0009583764580725629, 0.0006591949563244909, 0.00045816925395879494, 0.00029082288762484644, 0.00015414332258168923, 6.849880732221556e-05, 2.0155666100318745e-05, 4.612965549894458e-06, 1.2579772661998467e-05, 3.3466194717125915e-05, 3.413555963573514e-05, 1.3172499594057938e-05, 1.922822262872558e-06, 1.0617430658568397e-07, 2.218691986353323e-09, 2.1906220193589488e-10, 1.6003648363782244e-08, 4.807119468198505e-07, 5.462124365868927e-06, 2.347726951235207e-05, 3.8171824578516346e-05]]}