{"output": [[-3.2969565872539035, -3.076304107450208, -2.8556516276465134, -2.6349991478428185, -2.4143466680391232, -2.193694188235428, -1.973041708431733, -1.752389228628038, -1.531736748824343, -1.311084269020648, -1.0904317892169528, -0.8697793094132575, -0.6491268296095627, -0.42847434980586785, -0.20782187000217256, 0.01283060980152273, 0.23348308960521758, 0.4541355694089124, 0.6747880492126077, 0.895440529016303, 1.1160930088199978, 1.3367454886236927, 1.5573979684273884, 1.7780504482310833, 1.9987029280347781, 2.219355407838473, 2.440007887642168, 2.6606603674458635, 2.8813128472495584, 3.1019653270532532, 3.322617806856949, 3.543270286660644, 3.7639227664643387, 3.9845752462680335, 4.205227726071728, 4.4258802058754245, 4.646532685679119, 4.867185165482814, 5.087837645286509, 5.308490125090204, 5.529142604893899, 5.749795084697594, 5.970447564501288, 6.191100044304983, 6.41175252410868, 6.632405003912375, 6.85305748371607, 7.073709963519764, 7.294362443323459, 7.515014923127154, 7.735667402930849, 7.956319882734544, 8.176972362538239, 8.397624842341935, 8.61827732214563, 8.838929801949325, 9.05958228175302, 9.280234761556715, 9.50088724136041, 9.721539721164104, 9.942192200967801, 10.162844680771496, 10.38349716057519, 10.604149640378886, 10.82480212018258, 11.045454599986275, 11.26610707978997, 11.486759559593665, 11.70741203939736, 11.928064519201056, 12.148716999004751, 12.369369478808446, 12.590021958612141, 12.810674438415836, 13.031326918219532, 13.251979398023225, 13.472631877826922, 13.693284357630615, 13.913936837434312, 14.134589317238005, 14.355241797041701, 14.575894276845398, 14.796546756649091, 15.017199236452788, 15.23785171625648, 15.458504196060177, 15.67915667586387, 15.899809155667567, 16.120461635471266, 16.34111411527496, 16.561766595078655, 16.78241907488235, 17.003071554686045, 17.223724034489738, 17.444376514293435, 17.665028994097128, 17.885681473900824, 18.10633395370452, 18.326986433508214, 18.54763891331191]], "PDF": [[0.00019185295843805698, 0.00010926042891483008, 2.018122944815828e-05, 1.2219455512018897e-06, 7.959809064703357e-07, 1.4924315219562744e-05, 9.351375843455521e-05, 0.00019004205402150813, 0.00012526009066250406, 2.6777303501982784e-05, 1.8793623780962656e-06, 1.2247269099706784e-06, 1.9890941560336552e-05, 0.00010846987698066493, 0.00019184849491285923, 0.00011005173357192866, 2.0493723074298796e-05, 2.2561989750726186e-06, 1.8048595611138603e-05, 0.00010357465994697669, 0.00020114881604675733, 0.00018861843341920983, 0.00020441865219072538, 0.00014797188651479766, 3.998740383861857e-05, 3.156364576267822e-05, 0.00016643953283613123, 0.00035471194166150074, 0.00031880010977004125, 0.0003025327481741743, 0.0003935373786896738, 0.00029262195591238296, 0.0002673508559449773, 0.0004093074358063487, 0.0006054073277267689, 0.0005175612516515543, 0.0004953739348956814, 0.0008407928098146968, 0.0011864787266716117, 0.0011567924244721348, 0.0010450047165212657, 0.0011090894367205783, 0.0012649373419093759, 0.0012799981642426068, 0.0015348929936746646, 0.0016757572192269026, 0.0014303701474564097, 0.001707216614909168, 0.002119131951209983, 0.0022449312663736388, 0.0026071223294689035, 0.0031224266465350527, 0.0033744441299316777, 0.0038835696171633932, 0.003917588184484092, 0.004209984637799047, 0.005152258998030375, 0.0057475633450355165, 0.00599702347708417, 0.006602845908025488, 0.00758542659696141, 0.007916561947239512, 0.008200644880267961, 0.009466042287043586, 0.01113107178224241, 0.012470579874361605, 0.013725154626935429, 0.015324945124494813, 0.01663226478039174, 0.01838861150369399, 0.02065006320070566, 0.02277576791571606, 0.02535140837011119, 0.028012811339681004, 0.031101039613767752, 0.034660862402485004, 0.03849371851042792, 0.042847299923646866, 0.047562809990832955, 0.052720336154490496, 0.05868973806651203, 0.06531959265688624, 0.07254413450701477, 0.08019642882240699, 0.0890700439203869, 0.09952932032187543, 0.1102357520134093, 0.12286710394243186, 0.13754768234325535, 0.15287267851634542, 0.17118995810425852, 0.19111481051720844, 0.21256179521777432, 0.23847959504560345, 0.2713815966454791, 0.3169792931956687, 0.3951985590976109, 0.4983202755150342, 0.455061187354961, 0.21209652359102937]]}