{"output": [[10.654061784082199, 10.730341692685549, 10.8066216012889, 10.88290150989225, 10.9591814184956, 11.03546132709895, 11.111741235702302, 11.188021144305653, 11.264301052909003, 11.340580961512353, 11.416860870115704, 11.493140778719054, 11.569420687322404, 11.645700595925755, 11.721980504529105, 11.798260413132457, 11.874540321735807, 11.950820230339158, 12.027100138942508, 12.103380047545858, 12.179659956149209, 12.255939864752559, 12.33221977335591, 12.40849968195926, 12.48477959056261, 12.56105949916596, 12.637339407769312, 12.713619316372663, 12.789899224976013, 12.866179133579363, 12.942459042182714, 13.018738950786064, 13.095018859389414, 13.171298767992765, 13.247578676596117, 13.323858585199467, 13.400138493802817, 13.476418402406168, 13.552698311009518, 13.628978219612868, 13.705258128216219, 13.781538036819569, 13.85781794542292, 13.93409785402627, 14.01037776262962, 14.08665767123297, 14.162937579836322, 14.239217488439673, 14.315497397043023, 14.391777305646373, 14.468057214249724, 14.544337122853074, 14.620617031456424, 14.696896940059776, 14.773176848663127, 14.849456757266477, 14.925736665869827, 15.002016574473178, 15.078296483076528, 15.154576391679878, 15.230856300283229, 15.307136208886579, 15.38341611748993, 15.45969602609328, 15.53597593469663, 15.61225584329998, 15.68853575190333, 15.764815660506683, 15.841095569110033, 15.917375477713383, 15.993655386316734, 16.069935294920086, 16.146215203523436, 16.222495112126786, 16.298775020730137, 16.375054929333487, 16.451334837936837, 16.527614746540188, 16.603894655143538, 16.68017456374689, 16.75645447235024, 16.83273438095359, 16.90901428955694, 16.98529419816029, 17.06157410676364, 17.13785401536699, 17.21413392397034, 17.29041383257369, 17.366693741177045, 17.44297364978039, 17.519253558383745, 17.595533466987092, 17.671813375590446, 17.748093284193796, 17.824373192797147, 17.900653101400497, 17.976933010003847, 18.053212918607198, 18.129492827210548, 18.2057727358139]], "PDF": [[0.00028855893856881426, 0.0003106930630140799, 0.00031643852732024064, 0.00031888338235571415, 0.00031557643962728274, 0.00030378506944054527, 0.00029786305741298977, 0.00031722139727102713, 0.0003646231640296215, 0.00042874582987578096, 0.0005009906793795915, 0.0005782974150543451, 0.000658802510911454, 0.0007491274760203426, 0.0008682339880287174, 0.0010299945219847666, 0.001228601856953958, 0.0014541510738500809, 0.0017183006916112493, 0.002054790277283398, 0.0024942456750078864, 0.0030366140519007146, 0.003643400458683992, 0.0042634744678695805, 0.0048753954080881625, 0.0055012251177312165, 0.00618420109388192, 0.006973620732617731, 0.007928827376853326, 0.009105316438609201, 0.010521018024362469, 0.012148725141581263, 0.013950552648288216, 0.015920559843462398, 0.018101566936394305, 0.020566901220344266, 0.023377797153147438, 0.026547949273817352, 0.030054820680993036, 0.033899334696974204, 0.038151618181489294, 0.04291902885674752, 0.048265386819307976, 0.05418242446163326, 0.06065313485113856, 0.06773318632727277, 0.07555928663525986, 0.08426341062938805, 0.09386230409232188, 0.10425011849479336, 0.1153263012360305, 0.12710340981637133, 0.1396677806724617, 0.1530779946801805, 0.1673156982419075, 0.18228376949755185, 0.1978575072393693, 0.21399367857630772, 0.2307504232385236, 0.2481381229936938, 0.26603894623924285, 0.28434063069073695, 0.3029902014643695, 0.32179961453312894, 0.34032422867776124, 0.35798917599645824, 0.3742477902799454, 0.38870181108535423, 0.4012261843594632, 0.4119116780336189, 0.42075964852486386, 0.4274606962316382, 0.4315496649876453, 0.43276787168594416, 0.43120743311018295, 0.42712893428935605, 0.4206798875786808, 0.41160920450434224, 0.39913566544133894, 0.38239484755813674, 0.36130861327409647, 0.33692015732639663, 0.3107218269122051, 0.2836502397391712, 0.25573678718266046, 0.22674104304970072, 0.19710561690242007, 0.16814390313500976, 0.14121666664644872, 0.11689446121742376, 0.09502817181314177, 0.07541282402182324, 0.058140288707373006, 0.043404873735592785, 0.031239005246995067, 0.02151364325278557, 0.01405638481243578, 0.008664397730978905, 0.005036126608340277, 0.0027644467413571196]]}