{"output": [[10.98408809652622, 11.057981097265856, 11.131874098005492, 11.205767098745127, 11.279660099484763, 11.3535531002244, 11.427446100964035, 11.501339101703671, 11.575232102443307, 11.649125103182943, 11.723018103922579, 11.796911104662215, 11.870804105401849, 11.944697106141486, 12.01859010688112, 12.092483107620756, 12.166376108360392, 12.240269109100028, 12.314162109839664, 12.3880551105793, 12.461948111318936, 12.535841112058572, 12.609734112798208, 12.683627113537844, 12.75752011427748, 12.831413115017115, 12.905306115756751, 12.979199116496387, 13.053092117236023, 13.126985117975659, 13.200878118715295, 13.27477111945493, 13.348664120194567, 13.422557120934203, 13.496450121673838, 13.570343122413474, 13.64423612315311, 13.718129123892744, 13.792022124632382, 13.865915125372016, 13.939808126111654, 14.013701126851288, 14.087594127590924, 14.16148712833056, 14.235380129070196, 14.309273129809831, 14.383166130549467, 14.457059131289103, 14.53095213202874, 14.604845132768375, 14.678738133508011, 14.752631134247647, 14.826524134987283, 14.900417135726919, 14.974310136466555, 15.04820313720619, 15.122096137945826, 15.195989138685462, 15.269882139425096, 15.343775140164734, 15.417668140904368, 15.491561141644006, 15.56545414238364, 15.639347143123278, 15.713240143862912, 15.78713314460255, 15.861026145342183, 15.934919146081821, 16.008812146821455, 16.082705147561093, 16.156598148300727, 16.23049114904036, 16.30438414978, 16.378277150519637, 16.45217015125927, 16.526063151998905, 16.599956152738542, 16.67384915347818, 16.747742154217814, 16.82163515495745, 16.895528155697086, 16.969421156436724, 17.043314157176358, 17.117207157915992, 17.19110015865563, 17.264993159395264, 17.3388861601349, 17.412779160874535, 17.486672161614173, 17.560565162353807, 17.634458163093445, 17.70835116383308, 17.782244164572717, 17.85613716531235, 17.93003016605199, 18.003923166791623, 18.07781616753126, 18.151709168270894, 18.22560216901053, 18.299495169750166]], "PDF": [[0.0003896055512942387, 0.00046066213662654116, 0.0005018753816981787, 0.0005192936253103667, 0.0005211525698607314, 0.0005129294940200541, 0.0004976161880055268, 0.0004792619953871751, 0.00046880177980992375, 0.00048769797343404376, 0.0005613105887324396, 0.0007039239842267928, 0.0009114599487314837, 0.0011716575163948717, 0.0014797986658715598, 0.0018392463180708946, 0.0022453310926857884, 0.0026786515428608468, 0.003124216297634913, 0.0035906777930740396, 0.0041011299784381745, 0.0046701377810334675, 0.005293317018442294, 0.0059548193492039644, 0.006657407607368979, 0.0074653891683415735, 0.008505268071249399, 0.009889094688893998, 0.011632406604250972, 0.013678261587535507, 0.016007248266689804, 0.018672718048515377, 0.02169286779906362, 0.02495946654480555, 0.028323890728868418, 0.03176260115053275, 0.0354069766711371, 0.03942680783230232, 0.043940498194715925, 0.04901951216921004, 0.05471089374819299, 0.06106482940425703, 0.06820226490758158, 0.0763346878762952, 0.08562642495653884, 0.09598988496661272, 0.10703871303834064, 0.11830092177634413, 0.12955006273674838, 0.1409872857566096, 0.15311701766166272, 0.16641133955549692, 0.18104569350926172, 0.19691743950209842, 0.21384026072458057, 0.23163806093026418, 0.2501038494654962, 0.2689854627695848, 0.28796855801918564, 0.30657064202789314, 0.3241650808069946, 0.34031966810273323, 0.3550974856820233, 0.3688602976615115, 0.3818079055456907, 0.39389825653409244, 0.40510348943131064, 0.4152992475757382, 0.4237779552180327, 0.42929958336052365, 0.4309800454601377, 0.4290416750462796, 0.4245068248338424, 0.4181559907736395, 0.409846371406107, 0.39879436998721224, 0.38433433176266296, 0.366308201161315, 0.3449925481118936, 0.3210823001499985, 0.2957872528713109, 0.2705121614620972, 0.24606835680669603, 0.22225631037985616, 0.19844511550109467, 0.1745111406272261, 0.15100418967227072, 0.12853144092838228, 0.10738471622204662, 0.08782411442411629, 0.0703425373029166, 0.05540872272174663, 0.04308140334438439, 0.033020626489073925, 0.0248103181798825, 0.018176208429415534, 0.012944864087721077, 0.008921333940011841, 0.005873274219646737, 0.0036077295243506493]]}