{"output": [[-56.772350684950226, -55.74189503365503, -54.711439382359835, -53.680983731064636, -52.65052807976944, -51.620072428474245, -50.589616777179046, -49.55916112588385, -48.528705474588655, -47.498249823293456, -46.467794171998264, -45.437338520703065, -44.406882869407866, -43.37642721811267, -42.345971566817475, -41.315515915522276, -40.285060264227084, -39.254604612931885, -38.224148961636686, -37.19369331034149, -36.163237659046295, -35.132782007751096, -34.102326356455904, -33.071870705160705, -32.04141505386551, -31.01095940257031, -29.980503751275116, -28.95004809997992, -27.91959244868472, -26.889136797389526, -25.85868114609433, -24.82822549479913, -23.797769843503936, -22.767314192208737, -21.736858540913545, -20.706402889618346, -19.675947238323147, -18.645491587027955, -17.615035935732756, -16.584580284437557, -15.554124633142365, -14.523668981847166, -13.493213330551967, -12.462757679256775, -11.432302027961576, -10.401846376666377, -9.371390725371185, -8.340935074075986, -7.310479422780787, -6.280023771485595, -5.249568120190396, -4.219112468895204, -3.1886568176000054, -2.1582011663048064, -1.1277455150096145, -0.0972898637144155, 0.9331657875807835, 1.9636214388759754, 2.9940770901711744, 4.024532741466373, 5.054988392761565, 6.085444044056764, 7.115899695351963, 8.146355346647155, 9.176810997942354, 10.207266649237553, 11.237722300532752, 12.268177951827937, 13.298633603123136, 14.329089254418335, 15.359544905713534, 16.390000557008733, 17.420456208303932, 18.450911859599117, 19.481367510894316, 20.511823162189515, 21.542278813484714, 22.572734464779913, 23.603190116075112, 24.633645767370297, 25.664101418665496, 26.694557069960695, 27.725012721255894, 28.755468372551093, 29.78592402384629, 30.816379675141476, 31.846835326436675, 32.877290977731874, 33.90774662902707, 34.93820228032227, 35.96865793161747, 36.999113582912656, 38.029569234207855, 39.060024885503054, 40.09048053679825, 41.12093618809345, 42.15139183938865, 43.181847490683836, 44.212303141979035, 45.242758793274234]], "PDF": [[3.8172043847176974e-05, 2.3477273270128445e-05, 5.462033736474566e-06, 4.806905491332577e-07, 1.6002258103387958e-08, 2.0151224459584233e-10, 9.599805295847475e-13, 6.991855341481976e-14, 2.1901577917995934e-11, 2.6609790965412813e-09, 1.2229593628086687e-07, 2.126116567873548e-06, 1.3981913124203224e-05, 3.478168431503236e-05, 3.272947965921247e-05, 1.1650164968303002e-05, 1.5686662792236411e-06, 8.053409823458045e-08, 4.3626134370412325e-08, 1.094823693537403e-06, 1.1649835835225053e-05, 5.4131674130004186e-05, 0.00011894256405499622, 0.00013206436706246597, 9.356166212545599e-05, 9.414890280608825e-05, 0.00012902309375550786, 0.00013318523242125528, 8.509022784265487e-05, 4.952102890526897e-05, 6.322486179113966e-05, 6.820120989145528e-05, 5.795935614027465e-05, 8.370491904009446e-05, 0.00015813462996829816, 0.0002693080630175699, 0.00032035164039201564, 0.00026555908082919464, 0.00022651677107289746, 0.0002786811624745587, 0.00037987436787269714, 0.0003796020761082779, 0.00029100474949203585, 0.0002875930497060886, 0.00039795787418451546, 0.0005613470477090419, 0.0006741837267191995, 0.0007121406776245368, 0.0006409175650415867, 0.0004938135716907018, 0.0004997824402225593, 0.0006695568168249671, 0.0008252910799547635, 0.0009739251812349986, 0.001110523510609762, 0.001197532029406892, 0.0013222655274922673, 0.0013577589443859715, 0.00137398107168726, 0.0017036186764074431, 0.002263834394061812, 0.002697828022187599, 0.0032368419198123715, 0.0060189552387482645, 0.016741410761458984, 0.03906375992530351, 0.06459718220022125, 0.08659784977171932, 0.1039025779619342, 0.11365528417313063, 0.11991000619672844, 0.12271753140444606, 0.1110563441865906, 0.08200190523856501, 0.04672652782889078, 0.01858836882841634, 0.0054988921070297965, 0.002210955733775854, 0.0014111673063486702, 0.0009583755451597536, 0.0006591943583955001, 0.00045816910429255893, 0.00029082271414146053, 0.00015414299424951802, 6.849860149086351e-05, 2.0155462932831405e-05, 4.612833839239545e-06, 1.2579673789949068e-05, 3.3466335907592893e-05, 3.413571188484208e-05, 1.3172414247259096e-05, 1.9227672959153204e-06, 1.0616773850670333e-07, 2.218456049362356e-09, 2.1903238855904725e-10, 1.6002310465475726e-08, 4.806905491924648e-07, 5.462033736474527e-06, 2.3477273270128445e-05, 3.8172043847176974e-05]]}