{"output": [[-56.772350684950226, -55.74189503365503, -54.711439382359835, -53.680983731064636, -52.65052807976944, -51.620072428474245, -50.589616777179046, -49.55916112588385, -48.528705474588655, -47.498249823293456, -46.467794171998264, -45.437338520703065, -44.406882869407866, -43.37642721811267, -42.345971566817475, -41.315515915522276, -40.285060264227084, -39.254604612931885, -38.224148961636686, -37.19369331034149, -36.163237659046295, -35.132782007751096, -34.102326356455904, -33.071870705160705, -32.04141505386551, -31.01095940257031, -29.980503751275116, -28.95004809997992, -27.91959244868472, -26.889136797389526, -25.85868114609433, -24.82822549479913, -23.797769843503936, -22.767314192208737, -21.736858540913545, -20.706402889618346, -19.675947238323147, -18.645491587027955, -17.615035935732756, -16.584580284437557, -15.554124633142365, -14.523668981847166, -13.493213330551967, -12.462757679256775, -11.432302027961576, -10.401846376666377, -9.371390725371185, -8.340935074075986, -7.310479422780787, -6.280023771485595, -5.249568120190396, -4.219112468895204, -3.1886568176000054, -2.1582011663048064, -1.1277455150096145, -0.0972898637144155, 0.9331657875807835, 1.9636214388759754, 2.9940770901711744, 4.024532741466373, 5.054988392761565, 6.085444044056764, 7.115899695351963, 8.146355346647155, 9.176810997942354, 10.207266649237553, 11.237722300532752, 12.268177951827937, 13.298633603123136, 14.329089254418335, 15.359544905713534, 16.390000557008733, 17.420456208303932, 18.450911859599117, 19.481367510894316, 20.511823162189515, 21.542278813484714, 22.572734464779913, 23.603190116075112, 24.633645767370297, 25.664101418665496, 26.694557069960695, 27.725012721255894, 28.755468372551093, 29.78592402384629, 30.816379675141476, 31.846835326436675, 32.877290977731874, 33.90774662902707, 34.93820228032227, 35.96865793161747, 36.999113582912656, 38.029569234207855, 39.060024885503054, 40.09048053679825, 41.12093618809345, 42.15139183938865, 43.181847490683836, 44.212303141979035, 45.242758793274234]], "PDF": [[3.817180619801163e-05, 2.3477269197281754e-05, 5.462131963034067e-06, 4.807137404831617e-07, 1.6003708144610297e-08, 2.0154148235101303e-10, 9.60183746342531e-13, 6.993573566546986e-14, 2.1905360966139713e-11, 2.6612796684636904e-09, 1.223039210008517e-07, 2.126179781627115e-06, 1.3982000926771144e-05, 3.4781508055160555e-05, 3.272933858276729e-05, 1.1650264593932365e-05, 1.5687188588581616e-06, 8.053982313642868e-08, 4.362979755958481e-08, 1.094872505071519e-06, 1.16500538935174e-05, 5.413187318833355e-05, 0.00011894218413103952, 0.0001320639568712238, 9.356199941205674e-05, 9.4149150172272e-05, 0.00012902287405308424, 0.00013318483413029674, 8.509032524846808e-05, 4.952142253368775e-05, 6.322475962883548e-05, 6.820106855993595e-05, 5.795963023842161e-05, 8.370522120916752e-05, 0.000158134937418753, 0.00026930765364708133, 0.0003203508286555453, 0.0002655592360754911, 0.00022651740921328733, 0.0002786815701881417, 0.00037987360690481007, 0.00037960137710574976, 0.0002910054375946662, 0.00028759379434964557, 0.0003979582673913076, 0.0005613466436279075, 0.000674183271561656, 0.0007121399720365979, 0.0006409168820627474, 0.0004938147404325387, 0.0004997836198827194, 0.0006695565590218092, 0.0008252910595158828, 0.0009739251723766964, 0.0011105230150466668, 0.0011975325183798504, 0.001322264798609899, 0.0013577585846835634, 0.0013739834125750874, 0.001703620328186723, 0.0022638333093440394, 0.002697827750312645, 0.003236854049496924, 0.00601900574211888, 0.016741494999578024, 0.03906377789300009, 0.06459715514566657, 0.08659782352030372, 0.10390252279549463, 0.11365526454344897, 0.11990999281340903, 0.12271743318084498, 0.1110562228399607, 0.08200186613377733, 0.04672657479908798, 0.01858847523812787, 0.005498954842019258, 0.002210968065502661, 0.0014111688254317288, 0.0009583765345994458, 0.0006591950064471259, 0.0004581692665050818, 0.00029082290216748486, 0.00015414335010476035, 6.849882457653784e-05, 2.0155683131239537e-05, 4.61297659086228e-06, 1.2579780950079662e-05, 3.3466182881601486e-05, 3.4135546873207286e-05, 1.3172506748337069e-05, 1.9228268706065432e-06, 1.0617485718059345e-07, 2.2187117651762953e-09, 2.1906470126072982e-10, 1.6003760519678776e-08, 4.807137405423878e-07, 5.462131963034018e-06, 2.3477269197281754e-05, 3.817180619801163e-05]]}