{"S_min_Ks": [[0.0007083104688698234]], "S_min_Q": [[0.9337583627678032]], "S_Ks": [[0.0029850147114720256]], "S_Q": [[0.9750374448306889]], "S_max_Ks": [[0.00461033326131132]], "S_max_Q": [[1.012484772277409]], "S_T_min_Ks": [[-0.030747227526127983]], "S_T_min_Q": [[0.9530904063987604]], "S_T_Ks": [[0.0031973164843553743]], "S_T_Q": [[0.9947730252241377]], "S_T_max_Ks": [[0.03985582058939309]], "S_T_max_Q": [[1.0341461600448785]]}