{"S_min_Ks": [[0.0005924469494085829]], "S_min_Q": [[0.9430476364323066]], "S_Ks": [[0.001928672039458211]], "S_Q": [[1.0081034725608995]], "S_max_Ks": [[0.0033769123909290115]], "S_max_Q": [[1.0580040097091215]], "S_T_min_Ks": [[-0.03208014746976005]], "S_T_min_Q": [[0.9441860518059644]], "S_T_Ks": [[0.002534714689053603]], "S_T_Q": [[0.9878275817594777]], "S_T_max_Ks": [[0.03905646018736464]], "S_T_max_Q": [[1.0327007041605398]]}