{"S_min_Ks": [[-0.0013044540802692253]], "S_min_Q": [[0.924356614626437]], "S_Ks": [[-0.0003074871707013826]], "S_Q": [[1.0235146949989757]], "S_max_Ks": [[0.000774395545382105]], "S_max_Q": [[1.1004616802183442]], "S_T_min_Ks": [[-0.05799200209487359]], "S_T_min_Q": [[0.9308055849663266]], "S_T_Ks": [[0.0012142358423324056]], "S_T_Q": [[0.9968507063200772]], "S_T_max_Ks": [[0.06077034656874283]], "S_T_max_Q": [[1.0566037391799483]]}