{"S_Ks": [[-0.0003074871707013826]], "S_Q": [[1.0235146949989757]], "S_T_Ks": [[0.0012142358423324056]], "S_T_Q": [[0.9968507063200772]]}