{"S_Ks": [[0.0029850147114720256]], "S_Q": [[0.9750374448306889]], "S_T_Ks": [[0.0031973164843553743]], "S_T_Q": [[0.9947730252241377]]}