{"S_Ks": [[0.001928672039458211]], "S_Q": [[1.0081034725608995]], "S_T_Ks": [[0.002534714689053603]], "S_T_Q": [[0.9878275817594777]]}