{"Min": [[14.77336327906432]], "SD_min": [[16.159649418119034]], "Mean": [[17.304627295400113]], "SD_max": [[18.449605172681192]], "Max": [[20.116629035790716]]}