{"output": [[14.77336327906432, 14.827335660445394, 14.88130804182647, 14.935280423207544, 14.989252804588618, 15.043225185969693, 15.097197567350769, 15.151169948731843, 15.205142330112917, 15.259114711493993, 15.313087092875067, 15.367059474256141, 15.421031855637217, 15.475004237018291, 15.528976618399366, 15.58294899978044, 15.636921381161516, 15.69089376254259, 15.744866143923664, 15.79883852530474, 15.852810906685814, 15.906783288066888, 15.960755669447963, 16.01472805082904, 16.068700432210115, 16.122672813591187, 16.176645194972263, 16.230617576353335, 16.28458995773441, 16.338562339115487, 16.39253472049656, 16.446507101877636, 16.50047948325871, 16.554451864639784, 16.60842424602086, 16.662396627401936, 16.71636900878301, 16.770341390164084, 16.82431377154516, 16.878286152926233, 16.93225853430731, 16.98623091568838, 17.040203297069457, 17.094175678450533, 17.148148059831605, 17.20212044121268, 17.256092822593757, 17.31006520397483, 17.364037585355906, 17.41800996673698, 17.471982348118054, 17.52595472949913, 17.579927110880206, 17.63389949226128, 17.687871873642354, 17.74184425502343, 17.795816636404503, 17.84978901778558, 17.903761399166655, 17.957733780547727, 18.011706161928803, 18.065678543309875, 18.11965092469095, 18.173623306072027, 18.2275956874531, 18.281568068834176, 18.33554045021525, 18.389512831596324, 18.4434852129774, 18.497457594358476, 18.55142997573955, 18.605402357120624, 18.659374738501697, 18.713347119882773, 18.76731950126385, 18.82129188264492, 18.875264264025997, 18.929236645407073, 18.983209026788145, 19.03718140816922, 19.091153789550297, 19.14512617093137, 19.199098552312446, 19.25307093369352, 19.307043315074594, 19.36101569645567, 19.414988077836746, 19.46896045921782, 19.522932840598894, 19.57690522197997, 19.630877603361043, 19.68484998474212, 19.738822366123195, 19.792794747504267, 19.846767128885343, 19.90073951026642, 19.95471189164749, 20.008684273028567, 20.06265665440964, 20.116629035790716]], "PDF": [[0.013218844840841392, 0.02079188025100369, 0.02930644818324254, 0.03795257147217689, 0.046404302073396776, 0.05506033592674893, 0.06484627768491441, 0.07659232867398091, 0.09029852615689357, 0.10478628821973157, 0.11804957158683174, 0.1282300569018815, 0.13469586826258234, 0.13842603724370162, 0.1413298191833601, 0.14507707920973548, 0.15042398992974074, 0.15744457744278564, 0.16615273612806516, 0.17664738485105846, 0.18860586926266698, 0.20092243372462387, 0.21214988375875707, 0.2213290083281723, 0.22840329090009048, 0.2340413507772664, 0.23912997223600443, 0.24416863482429363, 0.24894822439428876, 0.2529570196650213, 0.25623863631170823, 0.259663691768699, 0.26413240022912443, 0.26960014222755085, 0.27505551752548096, 0.2794397937912633, 0.2826753938327864, 0.28601556818778334, 0.29117332468581675, 0.2985999449132425, 0.30675186344170724, 0.3136171853143891, 0.31880675760372607, 0.32354390284804296, 0.3287834871502573, 0.3339963396004886, 0.3377687472662041, 0.33904928291423975, 0.33764003655719416, 0.3338367140890763, 0.3280812257842658, 0.32110128972905705, 0.31401183970491187, 0.3077927054664885, 0.3024346392404024, 0.2965965504920353, 0.28835309396880243, 0.27673407862801674, 0.2628138502138562, 0.24924159599560652, 0.2385199278594842, 0.23147972597779165, 0.22709795073349617, 0.22362100913382907, 0.21995678655314452, 0.21616582040778434, 0.21277369093625875, 0.20976733520000476, 0.2063355261410938, 0.20150929942535967, 0.1949575446256402, 0.18723507971013842, 0.1794377490862524, 0.17261867466706154, 0.167290501105932, 0.16321448383811218, 0.15954782504696371, 0.15528417109995976, 0.14980986639726526, 0.14323128247763467, 0.13614110692380701, 0.1290213872781622, 0.12194673663236881, 0.1148249472806295, 0.10766319151940307, 0.1004407721408139, 0.09290621322294375, 0.08481069089125692, 0.07639873324639722, 0.06843919974928288, 0.061613374367794835, 0.05594716807647, 0.05088711717317575, 0.04579892112505563, 0.04031443143319781, 0.03434084064646378, 0.027956561296920816, 0.02139638330176966, 0.015089226166398453, 0.00959529516896456]]}