{"S_Ks": [[0.5271982368243257]], "S_Q": [[0.4696977722367131]], "S_T_Ks": [[0.5306945346080103]], "S_T_Q": [[0.45955374689555434]]}