{"S_min_Ks": [[0.509023616503368]], "S_min_Q": [[0.45015398293270903]], "S_Ks": [[0.5271982368243257]], "S_Q": [[0.4696977722367131]], "S_max_Ks": [[0.5568898901580213]], "S_max_Q": [[0.4930734085340011]], "S_T_min_Ks": [[0.5118555876637184]], "S_T_min_Q": [[0.43978623959665736]], "S_T_Ks": [[0.5306945346080103]], "S_T_Q": [[0.45955374689555434]], "S_T_max_Ks": [[0.5645063106238299]], "S_T_max_Q": [[0.4892177836050595]]}