{"y": [16000.0, 16000.0, 16000.0, 16000.0, 8000.0, 16000.0, 24000.0, 32000.0, 0.9678917134559059, 1.0, -0.7461537487045612, -0.711128332719058, 6.896555315370875, 8.475973157772506, -2.3588161140585786, -0.5031562208113146], "x": [8000.0, 8000.0, 8000.0, 8000.0, 8000.0, 16000.0, 24000.0, 32000.0, 1.0, 0.9678917134559059, -0.5677032721112584, -0.5173350232724808, 5.9899242710534875, 6.896555315370875, -1.5087005117887347, -0.30771071884660184], "Covariance": [32000.0, 32000.0, 32000.0, 32000.0, 8000.0, 16000.0, 24000.0, 32000.0, -0.5173350232724808, -0.711128332719058, 0.9907041272708139, 1.0, -0.30771071884660184, -0.5031562208113146, 0.26144179984609167, 0.05906363289086747], "Correlation-YY": [24000.0, 24000.0, 24000.0, 24000.0, 8000.0, 16000.0, 24000.0, 32000.0, -0.5677032721112584, -0.7461537487045612, 1.0, 0.9907041272708139, -1.5087005117887347, -2.3588161140585786, 1.1790764054178706, 0.26144179984609167]}