{"SD_max": [-1.2582461602420638, -9.769718397843477, 5.706705307017334, -4.716155094525369], "Min": [16000.0, -9.976075841331141, 2.7694763903742117, -9.518885634817623], "Max": [-1.4698700891780527, -10.00501488113145, 5.636334052637729, -8.588744787743924], "SD_min": [24000.0, 0.7759939840640917, -8.697528911473787, 12.727537365826752], "x": [8000.0, -9.834748573251467, 3.2413496455407125, -7.625339425104098], "Mean": [32000.0, -0.09738127188930523, -9.761950257974537, 12.724924752856928]}