{"S_Q": [0.09649083223277673], "S_T_min_Q": [0.24821266176527745], "S_max_Q": [0.1464944574467374], "S_T_max_Ks": [0.9492749563893274], "S_T_min_Ks": [0.6608192984478718], "S_min_Ks": [0.5374049690736901], "S_min_Q": [0.044544809872730434], "S_T_Ks": [0.8126858018005378], "S_T_Q": [0.3427790375846159], "S_max_Ks": [0.7512520099489051], "S_T_max_Q": [0.4309236238851724], "S_Ks": [0.6526146283859803]}