{"S_Q": [24000.0, 0.4430461045750635, 0.9103780391526458, 0.0469546847416276], "x": [8000.0, 0.14333280329122597, 0.8341260923461147, 0.08180093991092711], "S_T_Q": [0.5622189298412106, 0.0710701425651482, 0.90972836222747, 0.10454677061485432], "S_Ks": [16000.0, 0.7610331177572237, 0.31189292673104885, 0.895732378582262], "S_T_Ks": [32000.0, 0.6770271906253001, 0.04799304958472946, 0.9136466513623268]}