{"Min": [[10.134283267340301]], "SD_min": [[11.833847902894325]], "Mean": [[12.500488747105289]], "SD_max": [[13.167129591316252]], "Max": [[14.649629090007615]]}