{"Min": [[10.134283272517145]], "SD_min": [[11.833847901555774]], "Mean": [[12.500488746225688]], "SD_max": [[13.167129590895602]], "Max": [[14.649629060196197]]}