{"Min": [[10.134283262973817]], "SD_min": [[11.833847904014945]], "Mean": [[12.500488747841123]], "SD_max": [[13.167129591667301]], "Max": [[14.649629115003712]]}