{"Min": [[6.9172462002706325]], "SD_min": [[14.538023991153802]], "Mean": [[16.33880672035172]], "SD_max": [[18.13958944954964]], "Max": [[18.30246314010393]]}