{"output": [[10.134283267340301, 10.179892821104618, 10.225502374868933, 10.27111192863325, 10.316721482397567, 10.362331036161882, 10.407940589926199, 10.453550143690515, 10.499159697454832, 10.544769251219147, 10.590378804983464, 10.635988358747781, 10.681597912512096, 10.727207466276413, 10.77281702004073, 10.818426573805045, 10.864036127569362, 10.909645681333679, 10.955255235097994, 11.00086478886231, 11.046474342626627, 11.092083896390942, 11.13769345015526, 11.183303003919576, 11.228912557683891, 11.274522111448208, 11.320131665212525, 11.36574121897684, 11.411350772741157, 11.456960326505474, 11.50256988026979, 11.548179434034106, 11.593788987798423, 11.63939854156274, 11.685008095327055, 11.730617649091371, 11.776227202855688, 11.821836756620005, 11.86744631038432, 11.913055864148637, 11.958665417912954, 12.004274971677269, 12.049884525441586, 12.095494079205903, 12.141103632970218, 12.186713186734535, 12.232322740498851, 12.277932294263167, 12.323541848027483, 12.3691514017918, 12.414760955556115, 12.460370509320432, 12.505980063084749, 12.551589616849064, 12.597199170613381, 12.642808724377698, 12.688418278142013, 12.73402783190633, 12.779637385670647, 12.825246939434962, 12.870856493199279, 12.916466046963595, 12.96207560072791, 13.007685154492227, 13.053294708256544, 13.098904262020861, 13.144513815785178, 13.190123369549493, 13.23573292331381, 13.281342477078127, 13.326952030842442, 13.372561584606759, 13.418171138371076, 13.46378069213539, 13.509390245899707, 13.554999799664024, 13.60060935342834, 13.646218907192656, 13.691828460956973, 13.737438014721288, 13.783047568485605, 13.828657122249922, 13.874266676014237, 13.919876229778554, 13.96548578354287, 14.011095337307186, 14.056704891071503, 14.10231444483582, 14.147923998600135, 14.193533552364451, 14.239143106128768, 14.284752659893083, 14.3303622136574, 14.375971767421717, 14.421581321186032, 14.46719087495035, 14.512800428714666, 14.558409982478981, 14.6040195362433, 14.649629090007615]], "PDF": [[0.0008833652519311478, 0.0011837659909701933, 0.0015665468111057046, 0.0020718852213238216, 0.002732750785113996, 0.0035584116556484358, 0.004532028348005439, 0.005628573861697647, 0.006848517509415371, 0.00824950700232953, 0.009950750398784293, 0.012096923001315108, 0.014799521004370965, 0.01809719093780772, 0.021966342195674938, 0.026375111514813726, 0.031340022169034074, 0.03694342192462131, 0.04330263989702006, 0.050521677889530936, 0.058666919565389115, 0.06778111664241004, 0.07791603056104891, 0.08915739912969624, 0.10163345459499418, 0.11551089818455237, 0.130975309019947, 0.14818487805966277, 0.1672025669452894, 0.18794223704001306, 0.21016787855566738, 0.23354882043752845, 0.2577373018676627, 0.2824324772703393, 0.3074080322925035, 0.33248084468352057, 0.35740992490884604, 0.3817772523915535, 0.404967790363595, 0.42631824773867083, 0.4453390592922481, 0.46182399049322936, 0.4757963393646557, 0.48743773432373, 0.49711478185683144, 0.5053951145482415, 0.5128835141250987, 0.5199433394139011, 0.5265664671057462, 0.5325110713542379, 0.5375278893239159, 0.54143638517457, 0.5440357975629108, 0.5450329558437291, 0.5441237059418983, 0.5411736916496089, 0.5363248168909721, 0.5299081643564878, 0.5222103988603616, 0.5132721196654937, 0.5028766241289737, 0.4907290006958009, 0.47667001844528717, 0.46075605793540864, 0.44316859004993153, 0.4240678199288232, 0.4035418053883267, 0.38169785142095364, 0.35879407966919863, 0.33525548943900635, 0.31152303464654396, 0.2878599754949003, 0.26430777981728976, 0.24084955146953266, 0.21762653063241702, 0.19499579341095954, 0.17338255995502727, 0.1530812277827358, 0.1341830764000484, 0.11666178589560892, 0.10050856707301316, 0.08579936754161367, 0.07266080294423205, 0.06117881429753789, 0.051318493234546084, 0.04290796160924188, 0.03569953450114808, 0.02946837710427555, 0.024077489745699374, 0.019466407221211946, 0.01559012135128992, 0.012373341007293273, 0.009715657545718038, 0.007526350492983629, 0.0057460475674683, 0.004337414799895319, 0.0032604233059713304, 0.0024566624008686964, 0.0018535226878626623, 0.001382277270185667]]}