{"output": [[6.9172462002706325, 7.03224839158208, 7.147250582893528, 7.262252774204975, 7.377254965516422, 7.49225715682787, 7.607259348139317, 7.7222615394507645, 7.837263730762213, 7.95226592207366, 8.067268113385108, 8.182270304696555, 8.297272496008002, 8.41227468731945, 8.527276878630897, 8.642279069942344, 8.757281261253793, 8.87228345256524, 8.987285643876687, 9.102287835188134, 9.217290026499581, 9.33229221781103, 9.447294409122478, 9.562296600433925, 9.677298791745372, 9.792300983056819, 9.907303174368266, 10.022305365679713, 10.13730755699116, 10.25230974830261, 10.367311939614057, 10.482314130925504, 10.597316322236951, 10.7123185135484, 10.827320704859847, 10.942322896171294, 11.057325087482742, 11.172327278794189, 11.287329470105636, 11.402331661417083, 11.51733385272853, 11.632336044039977, 11.747338235351426, 11.862340426662874, 11.97734261797432, 12.09234480928577, 12.207347000597217, 12.322349191908664, 12.437351383220111, 12.552353574531558, 12.667355765843006, 12.782357957154453, 12.8973601484659, 13.012362339777347, 13.127364531088796, 13.242366722400243, 13.35736891371169, 13.47237110502314, 13.587373296334587, 13.702375487646034, 13.817377678957481, 13.932379870268928, 14.047382061580375, 14.162384252891822, 14.27738644420327, 14.392388635514717, 14.507390826826166, 14.622393018137613, 14.73739520944906, 14.852397400760509, 14.967399592071954, 15.082401783383403, 15.19740397469485, 15.312406166006298, 15.427408357317745, 15.542410548629192, 15.65741273994064, 15.772414931252088, 15.887417122563535, 16.00241931387498, 16.117421505186428, 16.232423696497875, 16.347425887809322, 16.462428079120773, 16.57743027043222, 16.692432461743667, 16.807434653055115, 16.922436844366562, 17.03743903567801, 17.15244122698946, 17.267443418300907, 17.382445609612354, 17.4974478009238, 17.61244999223525, 17.727452183546696, 17.842454374858143, 17.95745656616959, 18.072458757481037, 18.187460948792484, 18.30246314010393]], "PDF": [[0.0003398451217506661, 0.000422707987493866, 0.0004893991708076154, 0.0005883071611178672, 0.0007295595524873429, 0.0008798105678385229, 0.00101640261403109, 0.0011554316977874241, 0.001345006192565783, 0.00159853352953123, 0.0018536849865792853, 0.002057851705790836, 0.0022204302081715722, 0.002393767777230703, 0.0026609590317956205, 0.0030414084626296392, 0.0034411381674968452, 0.0038027217949829022, 0.004171607292053411, 0.004571230256363413, 0.004995203360910099, 0.005467728196243871, 0.005960153331889076, 0.00637324430967343, 0.0066880858852942935, 0.007013716825133075, 0.00746991644899989, 0.008117053873691228, 0.00889066689711467, 0.009579915949280359, 0.010048517542076882, 0.010379839280218588, 0.010753197179274816, 0.011341919950418361, 0.012175532462788161, 0.01304056154385335, 0.013725021032620577, 0.014305827860426605, 0.014977813269014722, 0.015789148475870724, 0.016799410668526506, 0.018072080620717502, 0.0193829349771759, 0.020337066566807702, 0.020780164556583006, 0.020950570114810184, 0.021214036194193837, 0.021811175840205557, 0.022829164645360722, 0.02413182974898854, 0.025539616909351068, 0.027129930233428277, 0.029060106352391844, 0.03134318523946466, 0.03390755283344764, 0.03666694083917892, 0.039551074141869265, 0.04250001582782566, 0.045443542686708104, 0.04840428391099539, 0.05156204552323178, 0.055018911190584725, 0.058678208912178835, 0.06256162330669704, 0.0668804290843786, 0.07158923118592282, 0.07633123934228868, 0.08102860054290117, 0.08616029962431439, 0.09214439546387287, 0.09877791478113498, 0.10568569000586094, 0.11277170780068375, 0.12002603130635908, 0.1275286479477457, 0.13559930769134654, 0.1445534766370605, 0.15433331378226717, 0.16435881540480332, 0.17412837511852794, 0.18417927780196172, 0.1954790626695526, 0.20792165024677986, 0.2206442819769689, 0.23339571070752818, 0.24654692630275393, 0.2602461813315484, 0.2742092082638163, 0.2880805162336141, 0.3016699993101353, 0.3149393688640004, 0.32781436609772097, 0.3397633594828154, 0.34985521294419686, 0.3574827876200674, 0.362350747347739, 0.3618613280506885, 0.3455292386465906, 0.29602047146999366, 0.2097887019478714]]}