{"output": [[10.134283272517145, 10.179892825928045, 10.225502379338943, 10.271111932749843, 10.316721486160743, 10.362331039571643, 10.407940592982541, 10.453550146393441, 10.499159699804341, 10.544769253215241, 10.59037880662614, 10.63598836003704, 10.68159791344794, 10.727207466858838, 10.772817020269738, 10.818426573680638, 10.864036127091538, 10.909645680502436, 10.955255233913336, 11.000864787324236, 11.046474340735134, 11.092083894146034, 11.137693447556934, 11.183303000967834, 11.228912554378734, 11.274522107789632, 11.320131661200532, 11.365741214611432, 11.41135076802233, 11.45696032143323, 11.50256987484413, 11.548179428255029, 11.593788981665929, 11.639398535076829, 11.685008088487729, 11.730617641898627, 11.776227195309527, 11.821836748720427, 11.867446302131327, 11.913055855542225, 11.958665408953125, 12.004274962364025, 12.049884515774924, 12.095494069185824, 12.141103622596724, 12.186713176007624, 12.232322729418524, 12.277932282829422, 12.323541836240322, 12.369151389651222, 12.41476094306212, 12.46037049647302, 12.50598004988392, 12.551589603294818, 12.597199156705718, 12.642808710116618, 12.688418263527518, 12.734027816938418, 12.779637370349317, 12.825246923760217, 12.870856477171117, 12.916466030582015, 12.962075583992915, 13.007685137403815, 13.053294690814713, 13.098904244225613, 13.144513797636513, 13.190123351047413, 13.235732904458313, 13.281342457869211, 13.326952011280111, 13.372561564691011, 13.41817111810191, 13.46378067151281, 13.50939022492371, 13.554999778334608, 13.600609331745508, 13.646218885156408, 13.691828438567308, 13.737437991978208, 13.783047545389106, 13.828657098800006, 13.874266652210906, 13.919876205621804, 13.965485759032704, 14.011095312443604, 14.056704865854503, 14.102314419265403, 14.147923972676303, 14.1935335260872, 14.239143079498103, 14.284752632909, 14.3303621863199, 14.375971739730801, 14.4215812931417, 14.4671908465526, 14.5128003999635, 14.558409953374397, 14.604019506785297, 14.649629060196197]], "PDF": [[0.0008833652286595403, 0.0011837659528358775, 0.0015665467484854009, 0.002071885140555012, 0.0027327507077731313, 0.0035584116066172426, 0.004532028338121317, 0.005628573873797207, 0.006848517499387715, 0.008249506922831431, 0.009950750234584632, 0.012096922786530502, 0.014799520800309229, 0.01809719078433811, 0.02196634207439725, 0.026375111353688977, 0.03134002188434729, 0.03694342146465155, 0.043302639249769424, 0.050521677050530935, 0.05866691849924067, 0.06778111527231566, 0.0779160287873778, 0.08915739685410903, 0.10163345173598974, 0.11551089469514027, 0.13097530492157902, 0.14818487347705267, 0.16720256210271559, 0.1879422322041014, 0.21016787395993655, 0.23354881623478194, 0.25773729812110907, 0.28243247397355137, 0.3074080294230433, 0.3324808422890222, 0.3574099231632341, 0.38177725152862496, 0.4049677905027192, 0.4263182487715357, 0.4453390609623192, 0.4618239925579983, 0.47579634161763673, 0.48743773647995836, 0.49711478354985295, 0.5053951155433559, 0.5128835145025963, 0.5199433394623554, 0.5265664670383031, 0.532511071182074, 0.5375278889957351, 0.5414363847639516, 0.5440357972722529, 0.545032955836828, 0.5441237061957918, 0.5411736919785622, 0.536324817132232, 0.5299081645680445, 0.5222103993635556, 0.5132721208900729, 0.5028766263874478, 0.4907290040708277, 0.47667002286615284, 0.46075606335057984, 0.44316859652694085, 0.42406782758779454, 0.4035418142320829, 0.3816978612294652, 0.3587940900809927, 0.3352555001691382, 0.31152304563929123, 0.2878599868464547, 0.26430779153147005, 0.24084956329581528, 0.21762654215498634, 0.1949958042901519, 0.17338257007780522, 0.15308123720432248, 0.13418308517618882, 0.11666179397445253, 0.10050857431463815, 0.08579937381381475, 0.07266080821163674, 0.061178818653002405, 0.05131849685948428, 0.042907964684793506, 0.0356995371292809, 0.029468379299656587, 0.024077491498470157, 0.019466408562905754, 0.01559012236175912, 0.012373341770986836, 0.009715658113839325, 0.007526350886436148, 0.00574604780522187, 0.0043374149183016495, 0.0032604233540720336, 0.002456662421727409, 0.0018535227032876699, 0.0013822772792271827]]}