{"output": [[10.134283262973817, 10.179892817034725, 10.225502371095633, 10.271111925156541, 10.316721479217449, 10.362331033278357, 10.407940587339265, 10.453550141400173, 10.499159695461081, 10.54476924952199, 10.590378803582897, 10.635988357643805, 10.681597911704714, 10.727207465765622, 10.77281701982653, 10.818426573887438, 10.864036127948346, 10.909645682009254, 10.955255236070162, 11.00086479013107, 11.046474344191978, 11.092083898252886, 11.137693452313794, 11.183303006374702, 11.22891256043561, 11.274522114496518, 11.320131668557426, 11.365741222618334, 11.411350776679242, 11.45696033074015, 11.502569884801058, 11.548179438861967, 11.593788992922875, 11.639398546983783, 11.68500810104469, 11.730617655105599, 11.776227209166507, 11.821836763227415, 11.867446317288323, 11.91305587134923, 11.958665425410139, 12.004274979471045, 12.049884533531955, 12.095494087592861, 12.141103641653771, 12.186713195714677, 12.232322749775587, 12.277932303836494, 12.323541857897403, 12.36915141195831, 12.41476096601922, 12.460370520080126, 12.505980074141036, 12.551589628201942, 12.59719918226285, 12.642808736323758, 12.688418290384666, 12.734027844445574, 12.779637398506482, 12.82524695256739, 12.870856506628298, 12.916466060689206, 12.962075614750114, 13.007685168811022, 13.05329472287193, 13.098904276932839, 13.144513830993747, 13.190123385054655, 13.235732939115563, 13.28134249317647, 13.326952047237379, 13.372561601298287, 13.418171155359195, 13.463780709420103, 13.509390263481011, 13.554999817541919, 13.600609371602827, 13.646218925663735, 13.691828479724643, 13.737438033785551, 13.78304758784646, 13.828657141907367, 13.874266695968275, 13.919876250029183, 13.965485804090092, 14.011095358151, 14.056704912211908, 14.102314466272816, 14.147924020333724, 14.193533574394632, 14.23914312845554, 14.284752682516448, 14.330362236577356, 14.375971790638264, 14.421581344699172, 14.46719089876008, 14.512800452820988, 14.558410006881896, 14.604019560942804, 14.649629115003712]], "PDF": [[0.0008833651694979043, 0.0011837658609010063, 0.001566546618284205, 0.0020718849749971867, 0.002732750516876325, 0.0035584114002273483, 0.004532028115540697, 0.005628573615696934, 0.006848517168194204, 0.008249506475446967, 0.009950749643876065, 0.01209692205921559, 0.014799519978049623, 0.01809718992580272, 0.02196634123034904, 0.02637511055283536, 0.03134002114041025, 0.0369434207998137, 0.04330263871728207, 0.050521676740700745, 0.058666918527361916, 0.06778111575977763, 0.07791602984657207, 0.0891573985793589, 0.10163345419830087, 0.11551089793861408, 0.13097530895706908, 0.14818487826733626, 0.16720256754251345, 0.18794223811222568, 0.2101678800993837, 0.23354882235597088, 0.25773730400825484, 0.2824324794799368, 0.30740803449047416, 0.3324808469398074, 0.35740992744736144, 0.3817772554411535, 0.4049677939353062, 0.42631825155528386, 0.445339062971889, 0.46182399378039674, 0.4757963421403662, 0.48743773645909017, 0.4971147832223082, 0.505395115241698, 0.5128835145887137, 0.5199433401983964, 0.5265664685139418, 0.5325110733602842, 0.5375278918013205, 0.5414363881061403, 0.5440358009936591, 0.5450329596777562, 0.5441237098463997, 0.5411736951937802, 0.5363248198065672, 0.5299081666888144, 0.5222104008655458, 0.513272121531132, 0.5028766257548121, 0.49072900171659056, 0.4766700184587596, 0.4607560567254334, 0.44316858762065503, 0.4240678163506193, 0.4035418006286132, 0.38169784534205, 0.3587940722095623, 0.3352554807967719, 0.31152302525069653, 0.28785996574677614, 0.2643077698403832, 0.24084954112813275, 0.21762651980583997, 0.19499578223926528, 0.1733825488185463, 0.15308121706942912, 0.1341830663056147, 0.11666177641503632, 0.10050855813622578, 0.08579935914860616, 0.07266079520790042, 0.06117880739219582, 0.05131848729497799, 0.04290795664166025, 0.035699530368294104, 0.02946837360444135, 0.02407748672546192, 0.019466404626743865, 0.015590119185927964, 0.012373339255680668, 0.009715656142726506, 0.007526349352658424, 0.005746046627293928, 0.004337414036654059, 0.0032604227188582284, 0.002456661984529761, 0.0018535224162194404, 0.0013822770981862852]]}