{"S_min_Ks": [[-0.00022533056444311696]], "S_min_Q": [[0.9444936072267833]], "S_Ks": [[0.0010227164718039589]], "S_Q": [[0.986245236261382]], "S_max_Ks": [[0.0019621159551546784]], "S_max_Q": [[1.0222809541891198]], "S_T_min_Ks": [[-0.025303187219958063]], "S_T_min_Q": [[0.9634635390573536]], "S_T_Ks": [[0.0017146625632363866]], "S_T_Q": [[0.9992641469305944]], "S_T_max_Ks": [[0.02735376650383987]], "S_T_max_Q": [[1.0342637834378001]]}