{"S_min_Ks": [[-0.00022533047018587823]], "S_min_Q": [[0.944493606887046]], "S_Ks": [[0.001022716646199357]], "S_Q": [[0.9862452359813719]], "S_max_Ks": [[0.0019621162204796127]], "S_max_Q": [[1.0222809539841535]], "S_T_min_Ks": [[-0.025303187047516877]], "S_T_min_Q": [[0.9634635389310282]], "S_T_Ks": [[0.0017146628014652156]], "S_T_Q": [[0.9992641467264474]], "S_T_max_Ks": [[0.027353766800659547]], "S_T_max_Q": [[1.0342637835217638]]}