{"S_min_Ks": [[-0.00022533067682414115]], "S_min_Q": [[0.9444936076320836]], "S_Ks": [[0.001022716263870048]], "S_Q": [[0.9862452365949935]], "S_max_Ks": [[0.0019621156387808827]], "S_max_Q": [[1.022280954432847]], "S_T_min_Ks": [[-0.025303187425906162]], "S_T_min_Q": [[0.9634635392078057]], "S_T_Ks": [[0.0017146622792146037]], "S_T_Q": [[0.9992641471740036]], "S_T_max_Ks": [[0.0273537661501942]], "S_T_max_Q": [[1.0342637833377806]]}