{"S_Ks": [[-7.00730350825201e-05]], "S_Q": [[0.9711773398327266]], "S_T_Ks": [[0.00022035878929740858]], "S_T_Q": [[0.9944349187563454]]}