{"S_Ks": [[0.001022716646199357]], "S_Q": [[0.9862452359813719]], "S_T_Ks": [[0.0017146628014652156]], "S_T_Q": [[0.9992641467264474]]}