{"S_Ks": [[0.0010227164718039589]], "S_Q": [[0.986245236261382]], "S_T_Ks": [[0.0017146625632363866]], "S_T_Q": [[0.9992641469305944]]}