{"S_Ks": [[0.001022716263870048]], "S_Q": [[0.9862452365949935]], "S_T_Ks": [[0.0017146622792146037]], "S_T_Q": [[0.9992641471740036]]}