{"S_min_Ks": [[-0.00031785483979733287]], "S_min_Q": [[0.9129720138809201]], "S_Ks": [[-7.00730350825201e-05]], "S_Q": [[0.9711773398327266]], "S_max_Ks": [[0.00017846790674289393]], "S_max_Q": [[1.0314436156459088]], "S_T_min_Ks": [[-0.05034035804193177]], "S_T_min_Q": [[0.9389489349550604]], "S_T_Ks": [[0.00022035878929740858]], "S_T_Q": [[0.9944349187563454]], "S_T_max_Ks": [[0.04686800159529035]], "S_T_max_Q": [[1.047783900823783]]}