{"Min": [[10.116925438626481]], "SD_min": [[14.969527506997375]], "Mean": [[15.917014196407958]], "SD_max": [[16.86450088581854]], "Max": [[18.31232277862579]]}