{"Min": [[10.984088096502324]], "SD_min": [[14.968551068977968]], "Mean": [[15.91669481251012]], "SD_max": [[16.864838556042272]], "Max": [[18.299495169750273]]}