{"output": [[10.116925438626481, 10.199707229939605, 10.28248902125273, 10.365270812565853, 10.448052603878978, 10.530834395192104, 10.613616186505228, 10.696397977818352, 10.779179769131476, 10.8619615604446, 10.944743351757724, 11.027525143070848, 11.110306934383974, 11.193088725697098, 11.275870517010222, 11.358652308323347, 11.44143409963647, 11.524215890949595, 11.606997682262719, 11.689779473575843, 11.772561264888967, 11.855343056202093, 11.938124847515217, 12.020906638828341, 12.103688430141466, 12.18647022145459, 12.269252012767714, 12.35203380408084, 12.434815595393964, 12.517597386707088, 12.600379178020212, 12.683160969333336, 12.76594276064646, 12.848724551959585, 12.931506343272709, 13.014288134585833, 13.097069925898957, 13.179851717212081, 13.262633508525207, 13.345415299838331, 13.428197091151455, 13.51097888246458, 13.593760673777703, 13.67654246509083, 13.759324256403954, 13.842106047717078, 13.924887839030202, 14.007669630343326, 14.09045142165645, 14.173233212969574, 14.256015004282698, 14.338796795595822, 14.421578586908947, 14.50436037822207, 14.587142169535197, 14.66992396084832, 14.752705752161445, 14.835487543474569, 14.918269334787693, 15.001051126100819, 15.083832917413943, 15.166614708727067, 15.249396500040191, 15.332178291353316, 15.41496008266644, 15.497741873979564, 15.580523665292688, 15.663305456605812, 15.746087247918936, 15.82886903923206, 15.911650830545186, 15.99443262185831, 16.077214413171433, 16.159996204484557, 16.24277799579768, 16.32555978711081, 16.408341578423933, 16.491123369737057, 16.57390516105018, 16.656686952363305, 16.73946874367643, 16.822250534989553, 16.905032326302678, 16.9878141176158, 17.070595908928926, 17.15337770024205, 17.236159491555178, 17.318941282868302, 17.401723074181426, 17.48450486549455, 17.567286656807674, 17.6500684481208, 17.732850239433922, 17.815632030747047, 17.89841382206017, 17.981195613373295, 18.06397740468642, 18.146759195999543, 18.229540987312667, 18.31232277862579]], "PDF": [[0.00018268766252237925, 0.00017002170240737311, 0.0001370533989751812, 9.568985966141247e-05, 5.786777541304281e-05, 3.0314536285427414e-05, 1.377468235065127e-05, 5.513681536520775e-06, 2.284489079671468e-06, 2.106615058330657e-06, 4.923713595327123e-06, 1.2813284155257095e-05, 2.99552587399835e-05, 6.195129272445903e-05, 0.00011422223969618661, 0.0001902417638901672, 0.00029114319838372985, 0.0004172214646972896, 0.0005695330109982873, 0.0007492226709752272, 0.0009551164119826327, 0.00118338565630903, 0.001431924128313726, 0.0017067163254059728, 0.002023727688859179, 0.0024025416446209107, 0.002855742103675623, 0.0033841033741707073, 0.003984699757080255, 0.004666662919665841, 0.005458744205879393, 0.0063983220326679835, 0.007511028879807139, 0.008802007992120142, 0.010268136017232131, 0.011918639182496294, 0.013785531206617773, 0.01591888520956603, 0.018374544702292935, 0.02120157872843583, 0.02443419055610101, 0.028095975498730483, 0.03222162888108684, 0.03688368037595699, 0.04219741132807114, 0.048288751298647625, 0.05524007995094799, 0.06304869933161758, 0.07162910813939112, 0.08086889979654105, 0.09071505041922123, 0.10123748073965112, 0.11262163662264377, 0.12508966055426524, 0.13879896151235135, 0.1537755060583905, 0.16991166356059056, 0.18702012286080164, 0.204902398765674, 0.22338404465636846, 0.24230376345516508, 0.26148969017044593, 0.28076121861463915, 0.29995326757742113, 0.3189201479604921, 0.3374858588958223, 0.3553655234309193, 0.3721288987855159, 0.38724861086801055, 0.4001988775793092, 0.41054115891525855, 0.41797368829515197, 0.42234863990224386, 0.4236392543291533, 0.42184615375007933, 0.4169011909958471, 0.4086619522760422, 0.397012740239203, 0.38197957034711055, 0.36376381682689474, 0.3427003125445128, 0.3192154249128099, 0.29381932353095747, 0.26709242901614266, 0.23963174235781587, 0.21199336369285007, 0.18469021097892202, 0.15823986919087002, 0.13319506778579224, 0.11010621346705761, 0.08942767331115463, 0.07141876097593287, 0.0560939030489413, 0.043256132307530365, 0.03260313691686263, 0.023846134958344714, 0.01677443007730592, 0.011243497518321103, 0.007118616811848884, 0.004224966718408882]]}