{"output": [[10.984088096502324, 11.057981097242202, 11.131874097982081, 11.205767098721958, 11.279660099461838, 11.353553100201715, 11.427446100941594, 11.501339101681472, 11.575232102421351, 11.649125103161229, 11.723018103901106, 11.796911104640985, 11.870804105380863, 11.944697106120742, 12.01859010686062, 12.092483107600499, 12.166376108340376, 12.240269109080256, 12.314162109820133, 12.38805511056001, 12.46194811129989, 12.535841112039767, 12.609734112779647, 12.683627113519524, 12.757520114259403, 12.83141311499928, 12.90530611573916, 12.979199116479037, 13.053092117218917, 13.126985117958794, 13.200878118698672, 13.274771119438551, 13.348664120178428, 13.422557120918308, 13.496450121658185, 13.570343122398064, 13.644236123137942, 13.71812912387782, 13.792022124617699, 13.865915125357576, 13.939808126097455, 14.013701126837333, 14.087594127577212, 14.16148712831709, 14.235380129056967, 14.309273129796846, 14.383166130536726, 14.457059131276603, 14.53095213201648, 14.60484513275636, 14.678738133496237, 14.752631134236116, 14.826524134975994, 14.900417135715873, 14.97431013645575, 15.048203137195628, 15.122096137935507, 15.195989138675387, 15.269882139415264, 15.343775140155142, 15.417668140895021, 15.491561141634898, 15.565454142374776, 15.639347143114655, 15.713240143854534, 15.787133144594412, 15.86102614533429, 15.934919146074169, 16.008812146814048, 16.082705147553924, 16.156598148293803, 16.230491149033682, 16.30438414977356, 16.378277150513437, 16.452170151253316, 16.526063151993196, 16.59995615273307, 16.67384915347295, 16.74774215421283, 16.82163515495271, 16.895528155692585, 16.969421156432464, 17.043314157172343, 17.11720715791222, 17.191100158652098, 17.264993159391977, 17.338886160131857, 17.412779160871732, 17.48667216161161, 17.56056516235149, 17.634458163091367, 17.708351163831246, 17.782244164571125, 17.856137165311004, 17.930030166050884, 18.00392316679076, 18.07781616753064, 18.151709168270514, 18.225602169010394, 18.299495169750273]], "PDF": [[0.0003896053205801443, 0.00046066186717184883, 0.0005018751725416242, 0.0005192934917833057, 0.0005211524837397203, 0.0005129294315111266, 0.0004976161562968781, 0.00047926205555885726, 0.00046880203254417264, 0.00048769846085103377, 0.0005613112076325416, 0.0007039245586137069, 0.0009114604018770911, 0.001171657927469136, 0.0014797991213536376, 0.001839246740034882, 0.0022453313276371363, 0.0026786516287742104, 0.003124216468222711, 0.003590678185696982, 0.004101130505713991, 0.004670138265220058, 0.005293317342247988, 0.005954819659193514, 0.00665740847371956, 0.00746539120494457, 0.008505271161957914, 0.009889097896525551, 0.011632409213151009, 0.013678263990989401, 0.016007251235655634, 0.01867272126453941, 0.021692869993260748, 0.024959467290594263, 0.02832389124664114, 0.03176260292567321, 0.03540698000357755, 0.0394268121839985, 0.04394050315417195, 0.04901951752804144, 0.05471089948562038, 0.061064836168887054, 0.06820227363229081, 0.07633469821414021, 0.08562643457437759, 0.09598989103438581, 0.10703871470693258, 0.11830092131425181, 0.1295500641346005, 0.1409872918420208, 0.15311702809387898, 0.1664113514954704, 0.18104570437326958, 0.19691744866581518, 0.21384026840430911, 0.23163806680404453, 0.2501038531279292, 0.26898546378932575, 0.2879685548328664, 0.3065706330720908, 0.32416506778939536, 0.34031965580784035, 0.3550974769745435, 0.3688602907564174, 0.38180789798646403, 0.39389824880422186, 0.40510348109312017, 0.415299233056984, 0.4237779290831205, 0.4292995488351096, 0.4309800131451659, 0.4290416525618721, 0.42450680974197186, 0.41815597416549566, 0.40984634728654595, 0.3987943397569676, 0.38433430027888144, 0.3663081721163685, 0.34499252499828953, 0.32108228783408715, 0.2957872535190062, 0.270512169593189, 0.24606836269331192, 0.2222563099194251, 0.19844511383905916, 0.1745111443590242, 0.15100419903481788, 0.1285314525408062, 0.10738472985281908, 0.08782413260911996, 0.07034255993426462, 0.055408745842153606, 0.04308142320419667, 0.0330206425363913, 0.02481033188261665, 0.018176220726651048, 0.01294487468839638, 0.008921342435947827, 0.005873280995249022, 0.0036077353334532155]]}