{"output": [[10.984088096502324, 11.057981097242202, 11.131874097982081, 11.205767098721958, 11.279660099461838, 11.353553100201715, 11.427446100941594, 11.501339101681472, 11.575232102421351, 11.649125103161229, 11.723018103901106, 11.796911104640985, 11.870804105380863, 11.944697106120742, 12.01859010686062, 12.092483107600499, 12.166376108340376, 12.240269109080256, 12.314162109820133, 12.38805511056001, 12.46194811129989, 12.535841112039767, 12.609734112779647, 12.683627113519524, 12.757520114259403, 12.83141311499928, 12.90530611573916, 12.979199116479037, 13.053092117218917, 13.126985117958794, 13.200878118698672, 13.274771119438551, 13.348664120178428, 13.422557120918308, 13.496450121658185, 13.570343122398064, 13.644236123137942, 13.71812912387782, 13.792022124617699, 13.865915125357576, 13.939808126097455, 14.013701126837333, 14.087594127577212, 14.16148712831709, 14.235380129056967, 14.309273129796846, 14.383166130536726, 14.457059131276603, 14.53095213201648, 14.60484513275636, 14.678738133496237, 14.752631134236116, 14.826524134975994, 14.900417135715873, 14.97431013645575, 15.048203137195628, 15.122096137935507, 15.195989138675387, 15.269882139415264, 15.343775140155142, 15.417668140895021, 15.491561141634898, 15.565454142374776, 15.639347143114655, 15.713240143854534, 15.787133144594412, 15.86102614533429, 15.934919146074169, 16.008812146814048, 16.082705147553924, 16.156598148293803, 16.230491149033682, 16.30438414977356, 16.378277150513437, 16.452170151253316, 16.526063151993196, 16.59995615273307, 16.67384915347295, 16.74774215421283, 16.82163515495271, 16.895528155692585, 16.969421156432464, 17.043314157172343, 17.11720715791222, 17.191100158652098, 17.264993159391977, 17.338886160131857, 17.412779160871732, 17.48667216161161, 17.56056516235149, 17.634458163091367, 17.708351163831246, 17.782244164571125, 17.856137165311004, 17.930030166050884, 18.00392316679076, 18.07781616753064, 18.151709168270514, 18.225602169010394, 18.299495169750273]], "PDF": [[0.0003896054265357238, 0.0004606619909168541, 0.0005018752685902238, 0.0005192935530951808, 0.0005211525232794922, 0.0005129294602094896, 0.0004976161708540203, 0.000479262027921872, 0.0004688019164700945, 0.00048769823699157687, 0.000561310923380835, 0.0007039242947980901, 0.0009114601937369806, 0.00117165773864523, 0.001479798912128783, 0.0018392465461970918, 0.0022453312196814698, 0.0026786515892617954, 0.0031242163898189323, 0.0035906780053169486, 0.0041011302634885675, 0.004670138042779011, 0.00529331719345893, 0.005954819516743577, 0.006657408075741281, 0.007465390269487683, 0.008505269742352495, 0.009889096423184047, 0.011632408014756526, 0.01367826288692706, 0.016007249871847925, 0.018672719787234178, 0.021692868985216447, 0.024959466947739165, 0.028323891008500263, 0.03176260211005549, 0.03540697847271914, 0.0394268101849943, 0.04394050087600344, 0.04901951506640765, 0.05471089685006456, 0.0610648330615174, 0.06820226962465636, 0.07633469346556415, 0.08562643015640041, 0.09598988824678266, 0.10703871393971896, 0.11830092152560699, 0.12955006349176273, 0.14098728904632613, 0.1531170233017846, 0.16641134601083538, 0.1810456993827223, 0.19691744445610057, 0.21384026487611915, 0.23163806410525922, 0.25010385144473724, 0.2689854633198626, 0.28796855629516127, 0.30657063718418065, 0.32416507376704523, 0.34031966145368076, 0.3550974809728948, 0.3688602939270482, 0.38180790145756033, 0.39389825235375864, 0.4051034849221029, 0.4152992397245509, 0.42377794108572536, 0.42929956469137226, 0.43098002798640717, 0.4290416628883901, 0.4245068166733788, 0.4181559817933254, 0.40984635836422234, 0.39879435364114957, 0.3843343147388842, 0.3663081854563713, 0.34499253561427534, 0.32108229349108136, 0.2957872532222101, 0.27051216585946347, 0.2460683599903562, 0.2222563101314042, 0.19844511460286898, 0.17451114264559417, 0.1510041947353132, 0.1285314472079521, 0.10738472359294453, 0.0878241242575814, 0.07034254954060969, 0.05540873522383321, 0.04308141408331708, 0.03302063516643442, 0.024810325589429617, 0.01817621507894718, 0.01294486981985477, 0.008921338534034784, 0.005873277883423746, 0.003607732665508173]]}