{"S_min_Ks": [[-0.0005356760151931932]], "S_min_Q": [[0.9616725144500167]], "S_Ks": [[0.0015619250776055344]], "S_Q": [[1.012853953842968]], "S_max_Ks": [[0.0033747340117754195]], "S_max_Q": [[1.0603651341888436]], "S_T_min_Ks": [[-0.03117905688256873]], "S_T_min_Q": [[0.9601628278377745]], "S_T_Ks": [[0.004761363360816486]], "S_T_Q": [[1.0038898781341523]], "S_T_max_Ks": [[0.03602815053246653]], "S_T_max_Q": [[1.0412893807738415]]}