{"S_min_Ks": [[0.0007083104688856727]], "S_min_Q": [[0.9337583627677006]], "S_Ks": [[0.002985014711492426]], "S_Q": [[0.9750374448306433]], "S_max_Ks": [[0.004610333261345538]], "S_max_Q": [[1.0124847722774164]], "S_T_min_Ks": [[-0.03074722752615583]], "S_T_min_Q": [[0.9530904063987642]], "S_T_Ks": [[0.003197316484346971]], "S_T_Q": [[0.9947730252241452]], "S_T_max_Ks": [[0.03985582058940822]], "S_T_max_Q": [[1.0341461600448905]]}