{"S_Ks": [[0.002985014711492426]], "S_Q": [[0.9750374448306433]], "S_T_Ks": [[0.003197316484346971]], "S_T_Q": [[0.9947730252241452]]}