{"S_Ks": [[0.0015619250776055344]], "S_Q": [[1.012853953842968]], "S_T_Ks": [[0.004761363360816486]], "S_T_Q": [[1.0038898781341523]]}