{"Min": [[17.280799672048445]], "SD_min": [[18.888485851316133]], "Mean": [[19.811561877601296]], "SD_max": [[20.73463790388646]], "Max": [[21.873623286069417]]}