{"Min": [[15.706724472898898]], "SD_min": [[18.67846681108963]], "Mean": [[20.388782900023966]], "SD_max": [[22.0990989889583]], "Max": [[23.55728498409185]]}