{"Min": [[15.848780893087863]], "SD_min": [[18.59117766933981]], "Mean": [[20.374508136747785]], "SD_max": [[22.15783860415576]], "Max": [[23.21911540469405]]}