{"Min": [[17.280799710650356]], "SD_min": [[18.888485854364944]], "Mean": [[19.81156187251131]], "SD_max": [[20.734637890657673]], "Max": [[21.873623031827677]]}