{"output": [[15.706724472898898, 15.78602306392105, 15.8653216549432, 15.944620245965352, 16.0239188369875, 16.103217428009653, 16.182516019031805, 16.261814610053957, 16.341113201076105, 16.420411792098257, 16.49971038312041, 16.57900897414256, 16.658307565164712, 16.73760615618686, 16.816904747209012, 16.896203338231164, 16.975501929253316, 17.054800520275467, 17.134099111297616, 17.213397702319767, 17.29269629334192, 17.37199488436407, 17.451293475386223, 17.53059206640837, 17.609890657430523, 17.689189248452674, 17.768487839474826, 17.847786430496974, 17.927085021519126, 18.006383612541278, 18.08568220356343, 18.16498079458558, 18.244279385607733, 18.32357797662988, 18.402876567652033, 18.482175158674185, 18.561473749696336, 18.640772340718485, 18.720070931740636, 18.799369522762788, 18.87866811378494, 18.95796670480709, 19.037265295829243, 19.11656388685139, 19.195862477873543, 19.275161068895695, 19.354459659917847, 19.433758250939995, 19.513056841962147, 19.5923554329843, 19.67165402400645, 19.750952615028602, 19.830251206050754, 19.909549797072902, 19.988848388095054, 20.068146979117206, 20.147445570139354, 20.226744161161506, 20.306042752183657, 20.38534134320581, 20.46463993422796, 20.543938525250113, 20.623237116272264, 20.702535707294413, 20.781834298316564, 20.861132889338716, 20.940431480360864, 21.019730071383016, 21.099028662405168, 21.17832725342732, 21.25762584444947, 21.336924435471623, 21.416223026493775, 21.495521617515923, 21.574820208538075, 21.654118799560226, 21.733417390582375, 21.812715981604526, 21.892014572626678, 21.97131316364883, 22.05061175467098, 22.129910345693133, 22.20920893671528, 22.288507527737433, 22.367806118759585, 22.447104709781737, 22.526403300803885, 22.605701891826037, 22.68500048284819, 22.76429907387034, 22.843597664892492, 22.922896255914644, 23.002194846936792, 23.081493437958944, 23.160792028981096, 23.240090620003247, 23.319389211025396, 23.398687802047547, 23.4779863930697, 23.55728498409185]], "PDF": [[0.0054943426249585885, 0.008424165916887494, 0.011580285837265728, 0.014624224440326431, 0.017422998592364, 0.020053757538626794, 0.02266316689808243, 0.025348825670866812, 0.028150786127916574, 0.03108853389756044, 0.034166224427429545, 0.03736752738779471, 0.04067096216317724, 0.044047096115395354, 0.047441842833087285, 0.05083242519954376, 0.054324906793214355, 0.05810263185543834, 0.06218316722164533, 0.0662395749713435, 0.06973713393040601, 0.07230626404124972, 0.07401887258589178, 0.07533936968689393, 0.07683226055235505, 0.07887164365023916, 0.08152337126395143, 0.08463357269557746, 0.0880250485184209, 0.09159500907893996, 0.09521874416696055, 0.0986557607294138, 0.10166160625192887, 0.10417242191288373, 0.10633728850101272, 0.10843225868051917, 0.11075573979861894, 0.1134675725079917, 0.11644640472687054, 0.1194081964568189, 0.12226232380510846, 0.1252991630571571, 0.12896907174751793, 0.13351783992281763, 0.1388497710686045, 0.14464923210189096, 0.1505369665628034, 0.15609234608518893, 0.16079425250404056, 0.16411729760004465, 0.16590416008205924, 0.16669436614636166, 0.16751735463516548, 0.1692164194773388, 0.17196853241277646, 0.17539057749267517, 0.17894672564353173, 0.18229702562202307, 0.18552849548685552, 0.18916768759309552, 0.19378886227529463, 0.1994232228830753, 0.20534031141864556, 0.21047467630012975, 0.2141326405968694, 0.21633968587770133, 0.21754869117637118, 0.21812247389745634, 0.21825881617880868, 0.21840583398466906, 0.21949348329806037, 0.22251999543557877, 0.22787284696450483, 0.23503495930845317, 0.24276278784074296, 0.24940337595739187, 0.25327613412127653, 0.25323897604789375, 0.24918289258847248, 0.2419566667788191, 0.23269539486173513, 0.22213004323486682, 0.2104231523721191, 0.1975762904516929, 0.1840202671340926, 0.17077647961491474, 0.15883012520802056, 0.14823005470082104, 0.1379562070342006, 0.12680443237820796, 0.11432089977366898, 0.10085910826331632, 0.08701202003559844, 0.07324421650469577, 0.059930624250044195, 0.04743468840791129, 0.0360559739226744, 0.026003581202901378, 0.017477313689167554, 0.010712637302708322]]}