{"output": [[15.848780893087863, 15.92322871643742, 15.997676539786978, 16.072124363136535, 16.146572186486093, 16.22102000983565, 16.295467833185207, 16.369915656534765, 16.444363479884323, 16.51881130323388, 16.593259126583437, 16.667706949932995, 16.742154773282554, 16.81660259663211, 16.891050419981667, 16.965498243331226, 17.039946066680784, 17.11439389003034, 17.188841713379897, 17.263289536729456, 17.33773736007901, 17.41218518342857, 17.486633006778128, 17.561080830127686, 17.63552865347724, 17.7099764768268, 17.784424300176358, 17.858872123525913, 17.93331994687547, 18.00776777022503, 18.08221559357459, 18.156663416924143, 18.2311112402737, 18.30555906362326, 18.380006886972815, 18.454454710322374, 18.528902533671932, 18.60335035702149, 18.677798180371045, 18.752246003720604, 18.826693827070162, 18.901141650419717, 18.975589473769276, 19.050037297118834, 19.124485120468393, 19.198932943817947, 19.273380767167506, 19.347828590517064, 19.42227641386662, 19.496724237216178, 19.571172060565736, 19.645619883915295, 19.72006770726485, 19.794515530614408, 19.868963353963967, 19.94341117731352, 20.01785900066308, 20.09230682401264, 20.166754647362197, 20.241202470711755, 20.31565029406131, 20.39009811741087, 20.464545940760424, 20.538993764109982, 20.61344158745954, 20.6878894108091, 20.762337234158657, 20.836785057508212, 20.91123288085777, 20.985680704207326, 21.060128527556884, 21.134576350906443, 21.209024174256, 21.28347199760556, 21.357919820955114, 21.432367644304673, 21.506815467654228, 21.581263291003786, 21.655711114353345, 21.730158937702903, 21.80460676105246, 21.879054584402017, 21.953502407751575, 22.027950231101133, 22.10239805445069, 22.176845877800247, 22.251293701149805, 22.325741524499364, 22.40018934784892, 22.474637171198477, 22.549084994548036, 22.62353281789759, 22.69798064124715, 22.772428464596707, 22.846876287946266, 22.92132411129582, 22.99577193464538, 23.070219757994938, 23.144667581344493, 23.21911540469405]], "PDF": [[0.02593573870622679, 0.028007879671147526, 0.03011610605199438, 0.03225076721417408, 0.03440188758480401, 0.03655918929564661, 0.038712133036150384, 0.04084999049715684, 0.04296196041056938, 0.04503733755695841, 0.04706574039172141, 0.04903739835933191, 0.05094349479640306, 0.052776555876993286, 0.05453087067371711, 0.05620292247824311, 0.057791807456892656, 0.05929961393338854, 0.06073173448704312, 0.06209708394864106, 0.06340819944821086, 0.06468120390457759, 0.06593562149713159, 0.06719404223121458, 0.0684816419875808, 0.0698255735715864, 0.07125425234032706, 0.07279656615414198, 0.07448104304290756, 0.07633501077375081, 0.07838378050112425, 0.08064988229634225, 0.08315237434114688, 0.08590624089660834, 0.08892188786367147, 0.09220473977982754, 0.09575493914195665, 0.09956714832943579, 0.10363045600436632, 0.10792839312610261, 0.11243906770167904, 0.11713543092683733, 0.12198568921196283, 0.1269538756203536, 0.13200058967973843, 0.1370839060472203, 0.1421604403807901, 0.14718654588013394, 0.15211959775527734, 0.15691930725122907, 0.1615489939254815, 0.16597673675247082, 0.17017632312780012, 0.17412792120548876, 0.177818415655128, 0.1812413693337284, 0.1843966019639343, 0.18728940917449788, 0.18992947791715334, 0.1923295836305545, 0.194504176885635, 0.19646797940986788, 0.198234709097795, 0.19981603997223726, 0.2012208767774824, 0.20245498735493733, 0.20352099308917443, 0.2044186735745638, 0.2051455018582006, 0.20569729663171368, 0.20606886213457307, 0.20625448825493947, 0.206248203201095, 0.2060437075953436, 0.20563396798474595, 0.20501050366356285, 0.20416245616031098, 0.20307557816934477, 0.20173131114074908, 0.2001061328294654, 0.19817134490657876, 0.19589343623701772, 0.1932351026591262, 0.19015693484721932, 0.18661970995788177, 0.18258714921024582, 0.17802894123612362, 0.17292378766095476, 0.16726220844231382, 0.16104885259352275, 0.15430409442910498, 0.14706475265429464, 0.13938384316559174, 0.13132935827503758, 0.12298214645772276, 0.11443303927571447, 0.10577942884670904, 0.0971215352195868, 0.08855861596790689, 0.0801853605352197]]}