{"output": [[17.280799710650356, 17.327191865409723, 17.37358402016909, 17.419976174928458, 17.466368329687825, 17.512760484447192, 17.55915263920656, 17.605544793965926, 17.651936948725293, 17.698329103484657, 17.744721258244024, 17.79111341300339, 17.837505567762758, 17.883897722522125, 17.930289877281492, 17.97668203204086, 18.023074186800226, 18.069466341559593, 18.11585849631896, 18.162250651078327, 18.208642805837695, 18.25503496059706, 18.30142711535643, 18.347819270115796, 18.394211424875163, 18.440603579634526, 18.486995734393894, 18.53338788915326, 18.579780043912628, 18.626172198671995, 18.672564353431362, 18.71895650819073, 18.765348662950096, 18.811740817709463, 18.85813297246883, 18.904525127228197, 18.950917281987564, 18.99730943674693, 19.0437015915063, 19.090093746265666, 19.136485901025033, 19.1828780557844, 19.229270210543763, 19.27566236530313, 19.322054520062498, 19.368446674821865, 19.41483882958123, 19.4612309843406, 19.507623139099966, 19.554015293859333, 19.6004074486187, 19.646799603378067, 19.693191758137434, 19.7395839128968, 19.78597606765617, 19.832368222415536, 19.878760377174903, 19.925152531934266, 19.971544686693633, 20.017936841453, 20.064328996212367, 20.110721150971735, 20.1571133057311, 20.20350546049047, 20.249897615249836, 20.296289770009203, 20.34268192476857, 20.389074079527937, 20.435466234287304, 20.48185838904667, 20.52825054380604, 20.574642698565405, 20.621034853324772, 20.66742700808414, 20.713819162843507, 20.760211317602874, 20.806603472362237, 20.852995627121604, 20.89938778188097, 20.94577993664034, 20.992172091399706, 21.038564246159073, 21.08495640091844, 21.131348555677807, 21.177740710437174, 21.22413286519654, 21.270525019955908, 21.316917174715275, 21.363309329474642, 21.409701484234006, 21.456093638993373, 21.50248579375274, 21.548877948512107, 21.595270103271474, 21.64166225803084, 21.68805441279021, 21.734446567549575, 21.780838722308943, 21.82723087706831, 21.873623031827677]], "PDF": [[0.007935572355913868, 0.012449120417399087, 0.017580066370179157, 0.0228815223536386, 0.027951561870290555, 0.03252892603149161, 0.03663984674819805, 0.04067788219050014, 0.04522280258970209, 0.05060292304543072, 0.05658333331895531, 0.06256707937448128, 0.06811669535232859, 0.07319233209411002, 0.07793784346725142, 0.08253527114845212, 0.08740712117143326, 0.09320959973803938, 0.10028466967497013, 0.10832217451518879, 0.1167887781389918, 0.12531445404520572, 0.13332581964173623, 0.13989359870367948, 0.14475958428730154, 0.14926113957008344, 0.15542438122171665, 0.16410509651109167, 0.17435341958879796, 0.18437049923874282, 0.19292309576298722, 0.20021636636420012, 0.207525897634616, 0.21587030815197164, 0.22540611195856228, 0.23620919287203093, 0.24864706519486346, 0.26218930793975564, 0.2746178988379324, 0.28364495765574144, 0.28934889744956843, 0.29432112105624353, 0.3013177223862935, 0.31121789934494665, 0.3233009685822266, 0.3367682290718074, 0.3513571010469021, 0.3667466777250649, 0.3818316293589893, 0.3944561240884075, 0.4019346190205962, 0.40275452916170995, 0.3986174868681127, 0.39464493958395164, 0.39669521010819225, 0.40747928801928235, 0.4244043606869714, 0.4408675020685938, 0.4502966230345474, 0.44997193647457134, 0.4416429951353252, 0.42907812397784234, 0.4153917712955619, 0.4020350264313373, 0.389063526989718, 0.3759194197563746, 0.3625230030693125, 0.3499700906195721, 0.3397694632082304, 0.33220688669218934, 0.32591174880262663, 0.31916745309758493, 0.3111754984687174, 0.301928094033052, 0.29145509051957447, 0.2798048611036782, 0.2677114813687266, 0.256522515459829, 0.24688279882346323, 0.2379648105489745, 0.2285853186063706, 0.21853004067420154, 0.20819335684692192, 0.19759156999535135, 0.18649182745481355, 0.17510722885193614, 0.16399881206452388, 0.15331373418471744, 0.1423939112873646, 0.1302839278027762, 0.11675706865714722, 0.1027723349630959, 0.08960443517628755, 0.07749151769965176, 0.06549861222294773, 0.05279721766746678, 0.039745366306790424, 0.027621104560743428, 0.017615424426295687, 0.010224532226489615]]}