{"output": [[17.280799672048445, 17.32719182976583, 17.37358398748321, 17.419976145200597, 17.466368302917978, 17.512760460635363, 17.559152618352748, 17.60554477607013, 17.651936933787514, 17.6983290915049, 17.74472124922228, 17.791113406939665, 17.837505564657047, 17.88389772237443, 17.930289880091816, 17.976682037809198, 18.023074195526583, 18.069466353243964, 18.11585851096135, 18.162250668678734, 18.208642826396115, 18.2550349841135, 18.301427141830885, 18.347819299548267, 18.39421145726565, 18.440603614983033, 18.486995772700418, 18.533387930417803, 18.579780088135184, 18.62617224585257, 18.67256440356995, 18.718956561287335, 18.76534871900472, 18.8117408767221, 18.858133034439486, 18.90452519215687, 18.950917349874253, 18.997309507591638, 19.04370166530902, 19.090093823026404, 19.13648598074379, 19.18287813846117, 19.229270296178555, 19.275662453895936, 19.32205461161332, 19.368446769330706, 19.414838927048088, 19.461231084765473, 19.507623242482858, 19.55401540020024, 19.600407557917624, 19.646799715635005, 19.69319187335239, 19.739584031069775, 19.785976188787156, 19.83236834650454, 19.878760504221923, 19.925152661939308, 19.971544819656692, 20.017936977374074, 20.06432913509146, 20.11072129280884, 20.157113450526225, 20.20350560824361, 20.24989776596099, 20.296289923678376, 20.34268208139576, 20.389074239113143, 20.435466396830527, 20.481858554547912, 20.528250712265294, 20.57464286998268, 20.62103502770006, 20.667427185417445, 20.71381934313483, 20.76021150085221, 20.806603658569596, 20.852995816286978, 20.899387974004362, 20.945780131721747, 20.99217228943913, 21.038564447156514, 21.084956604873895, 21.13134876259128, 21.177740920308665, 21.224133078026046, 21.27052523574343, 21.316917393460812, 21.363309551178197, 21.409701708895582, 21.456093866612964, 21.50248602433035, 21.54887818204773, 21.595270339765115, 21.6416624974825, 21.688054655199885, 21.734446812917266, 21.78083897063465, 21.827231128352032, 21.873623286069417]], "PDF": [[0.007935571087988603, 0.012449118725925957, 0.01758006425279304, 0.022881519871998053, 0.02795155915255382, 0.03252892321227512, 0.03663984389868345, 0.040677879338944484, 0.0452227998202525, 0.05060292050403255, 0.056583331095761226, 0.06256707747502314, 0.06811669381220062, 0.0731923310034045, 0.07793784282871491, 0.08253527084534576, 0.08740712118150266, 0.09320960026118742, 0.10028467092307268, 0.1083221764948237, 0.11678878073341611, 0.12531445704867902, 0.13332582252366723, 0.13989360079223245, 0.14475958573826558, 0.14926114188525688, 0.15542438620087598, 0.16410510468217696, 0.17435342981551033, 0.18437050967941068, 0.19292310531592943, 0.20021637551022822, 0.20752590771712912, 0.2158703198626438, 0.2254061252547476, 0.23620920824203545, 0.2486470833430213, 0.2621893274625021, 0.27461791587356826, 0.2836449694716613, 0.2893489058091963, 0.2943211309080801, 0.3013177374989105, 0.3112179200948197, 0.3233009936693563, 0.33676825782839837, 0.3513571333246479, 0.3667467122554134, 0.38183166247908934, 0.3944561496652574, 0.4019346308174116, 0.4027545259559947, 0.39861747655009994, 0.394644936953994, 0.39669522807794527, 0.40747932816977633, 0.4244044103695479, 0.44086754128824773, 0.45029663703390005, 0.44997192372517375, 0.44164296426755445, 0.4290780849914847, 0.41539173020500947, 0.40203498503917445, 0.38906348449983713, 0.3759193752790983, 0.36252295883171615, 0.34997005216654414, 0.3397694344074883, 0.3322068651130327, 0.32591172770886107, 0.3191674272432614, 0.3111754665030042, 0.30192805626304536, 0.29145504687483365, 0.2798048126833493, 0.26771143238769035, 0.2565224700562998, 0.2468827554555223, 0.2379647631220401, 0.22858526374306642, 0.21852998030019902, 0.20819329357987013, 0.19759150410927745, 0.18649175909409157, 0.17510715994745069, 0.1639987446055412, 0.15331366762889198, 0.14239384246351477, 0.1302838539591645, 0.11675699115428365, 0.1027722593695196, 0.08960436692651194, 0.07749145826152282, 0.06549856014292117, 0.05279717222157285, 0.039745328837250835, 0.027621076724615664, 0.01761540622964143, 0.010224521821712209]]}