{"S_min_Ks": [[0.12388246687182114]], "S_min_Q": [[0.8527247520348586]], "S_Ks": [[0.1342194782258456]], "S_Q": [[0.8816300863660415]], "S_max_Ks": [[0.143536619049668]], "S_max_Q": [[0.9166200613238701]], "S_T_min_Ks": [[0.11209400850953147]], "S_T_min_Q": [[0.8401821595424456]], "S_T_Ks": [[0.1366497977115917]], "S_T_Q": [[0.8688388669243702]], "S_T_max_Ks": [[0.15900494913270513]], "S_T_max_Q": [[0.903065224804129]]}