{"S_Ks": [[0.02496879032674507]], "S_Q": [[0.9267949416279411]], "S_T_Ks": [[-0.016676857888825197]], "S_T_Q": [[0.9457419493527675]]}