{"S_min_Ks": [[-0.08075069933266535]], "S_min_Q": [[0.21804380401462242]], "S_Ks": [[0.02496879032674507]], "S_Q": [[0.9267949416279411]], "S_max_Ks": [[0.14003004777754802]], "S_max_Q": [[1.314346356288191]], "S_T_min_Ks": [[-0.5880089352610092]], "S_T_min_Q": [[0.14425214498152528]], "S_T_Ks": [[-0.016676857888825197]], "S_T_Q": [[0.9457419493527675]], "S_T_max_Ks": [[0.24276770645989804]], "S_T_max_Q": [[1.336304031783545]]}