{"S_Ks": [[0.5204276512409387]], "S_Q": [[0.4761741268061514]], "S_T_Ks": [[0.526165454983478]], "S_T_Q": [[0.47437361518590365]]}