{"S_Ks": [[0.520427649962339]], "S_Q": [[0.4761741260096328]], "S_T_Ks": [[0.5261654556375119]], "S_T_Q": [[0.47437361697462266]]}