{"S_min_Ks": [[0.4937711431750742]], "S_min_Q": [[0.4571834556800731]], "S_Ks": [[0.520427649962339]], "S_Q": [[0.4761741260096328]], "S_max_Ks": [[0.5410306286536741]], "S_max_Q": [[0.49818520801553656]], "S_T_min_Ks": [[0.4972091503507159]], "S_T_min_Q": [[0.4483686214638609]], "S_T_Ks": [[0.5261654556375119]], "S_T_Q": [[0.47437361697462266]], "S_T_max_Ks": [[0.5547704665110367]], "S_T_max_Q": [[0.5122181909060362]]}