{"S_Ks": [[0.1342194782258456]], "S_Q": [[0.8816300863660415]], "S_T_Ks": [[0.1366497977115917]], "S_T_Q": [[0.8688388669243702]]}