{"S_min_Ks": [[0.4937711438069732]], "S_min_Q": [[0.4571834558168216]], "S_Ks": [[0.5204276512409387]], "S_Q": [[0.4761741268061514]], "S_max_Ks": [[0.5410306294360667]], "S_max_Q": [[0.49818520977907294]], "S_T_min_Ks": [[0.4972091488670597]], "S_T_min_Q": [[0.44836862118871357]], "S_T_Ks": [[0.526165454983478]], "S_T_Q": [[0.47437361518590365]], "S_T_max_Ks": [[0.554770465781053]], "S_T_max_Q": [[0.5122181900564733]]}