{"Min": [[10.33998343682591]], "SD_min": [[12.9610256976847]], "Mean": [[13.445911639227777]], "SD_max": [[13.930797580770854]], "Max": [[14.588146629836766]]}