{"output": [[10.33998343682591, 10.382894176149252, 10.425804915472595, 10.468715654795936, 10.51162639411928, 10.55453713344262, 10.597447872765963, 10.640358612089305, 10.683269351412646, 10.726180090735989, 10.76909083005933, 10.812001569382673, 10.854912308706014, 10.897823048029357, 10.940733787352698, 10.98364452667604, 11.026555265999383, 11.069466005322724, 11.112376744646067, 11.155287483969408, 11.19819822329275, 11.241108962616092, 11.284019701939433, 11.326930441262776, 11.369841180586118, 11.41275191990946, 11.455662659232802, 11.498573398556143, 11.541484137879486, 11.584394877202827, 11.62730561652617, 11.670216355849512, 11.713127095172855, 11.756037834496196, 11.798948573819537, 11.84185931314288, 11.884770052466221, 11.927680791789564, 11.970591531112905, 12.013502270436248, 12.05641300975959, 12.09932374908293, 12.142234488406274, 12.185145227729615, 12.228055967052958, 12.2709667063763, 12.313877445699642, 12.356788185022983, 12.399698924346325, 12.442609663669668, 12.485520402993009, 12.528431142316352, 12.571341881639693, 12.614252620963036, 12.657163360286377, 12.700074099609719, 12.742984838933062, 12.785895578256403, 12.828806317579746, 12.871717056903087, 12.91462779622643, 12.957538535549771, 13.000449274873112, 13.043360014196455, 13.086270753519797, 13.12918149284314, 13.17209223216648, 13.215002971489824, 13.257913710813165, 13.300824450136506, 13.34373518945985, 13.38664592878319, 13.429556668106533, 13.472467407429875, 13.515378146753218, 13.558288886076559, 13.6011996253999, 13.644110364723243, 13.687021104046584, 13.729931843369927, 13.772842582693269, 13.815753322016612, 13.858664061339953, 13.901574800663294, 13.944485539986637, 13.987396279309978, 14.03030701863332, 14.073217757956662, 14.116128497280005, 14.159039236603347, 14.201949975926688, 14.24486071525003, 14.287771454573372, 14.330682193896713, 14.373592933220056, 14.4165036725434, 14.45941441186674, 14.502325151190082, 14.545235890513425, 14.588146629836766]], "PDF": [[0.000697152341781687, 0.0008044440942002284, 0.0010256237728627005, 0.0013767854789316003, 0.0015695331167248359, 0.001482294700696746, 0.0012810842835038242, 0.0010660118554572263, 0.0007852170626265935, 0.0004489056373647371, 0.00018191845500374314, 5.519718749787977e-05, 5.053324256400778e-05, 0.00020373541409564598, 0.0006935417958130593, 0.0017332215933360494, 0.0033411697985626576, 0.005322898677886259, 0.007393253803310762, 0.008956569692825178, 0.00919450274732952, 0.008263296387918628, 0.007789027287530186, 0.008969105324621003, 0.010927950196343387, 0.01206286000586094, 0.012065600679076851, 0.01163287649095625, 0.011070300770354516, 0.010568403017609156, 0.011114382302921031, 0.013212758489798696, 0.015651969320763476, 0.017081105540639147, 0.01763331922071039, 0.01827570004463408, 0.019687757035515292, 0.022259288219692624, 0.02657954765346288, 0.03312567107786985, 0.04105133683091033, 0.048015850386629, 0.05241941887602402, 0.055602769323882105, 0.06005007174760916, 0.0655982258458444, 0.07019605700847939, 0.07376127144753789, 0.0783975258046287, 0.08557305775078812, 0.09513014344327894, 0.10714134350032282, 0.12310396222777596, 0.14264289855126186, 0.16183062252185057, 0.17912555597033974, 0.19703622107085245, 0.21675439450422743, 0.2397536919069895, 0.26975759909662045, 0.3071401812288402, 0.3481774824992641, 0.38891685683819016, 0.4281866287048828, 0.47036073061840417, 0.5197473193961066, 0.5722800412727473, 0.6215889712443444, 0.6685374228871235, 0.7178538412180777, 0.7730237240659898, 0.8341300377109002, 0.8935283021762922, 0.9406336870346437, 0.9700089715330462, 0.9775486969191582, 0.962968745991625, 0.9381415464727755, 0.9146340010718431, 0.8909651855751008, 0.8624293368137944, 0.8291927256871147, 0.7897856617552235, 0.7373865582200188, 0.6660154989505008, 0.5767203997032189, 0.47920658061416366, 0.38719916092674694, 0.3080646718608626, 0.239996377128076, 0.18060362009666275, 0.13117457255394754, 0.09273259534048996, 0.06431948151914085, 0.044301031901322695, 0.03049544629250402, 0.02058217032548468, 0.013046042236487192, 0.007384221775176999, 0.003600038551397648]]}