{"S_min_Ks": [[0.5197026671734053]], "S_min_Q": [[0.36736503662996456]], "S_Ks": [[0.547685905696366]], "S_Q": [[0.40238826890479507]], "S_max_Ks": [[0.574041875600929]], "S_max_Q": [[0.440353661583545]], "S_T_min_Ks": [[0.5417679088841364]], "S_T_min_Q": [[0.40134694005612137]], "S_T_Ks": [[0.5983374382521663]], "S_T_Q": [[0.43615598301519515]], "S_T_max_Ks": [[0.6469895107561255]], "S_T_max_Q": [[0.4660695558130256]]}