{"S_Ks": [[0.547685905696366]], "S_Q": [[0.40238826890479507]], "S_T_Ks": [[0.5983374382521663]], "S_T_Q": [[0.43615598301519515]]}