{"Min": [[13.707995171427289]], "SD_min": [[14.806859122381786]], "Mean": [[15.889700886713836]], "SD_max": [[16.972542651045888]], "Max": [[17.66802624632317]]}