{"Min": [[-18.64482872195993]], "SD_min": [[7.684282821416535]], "Mean": [[13.46144185694357]], "SD_max": [[19.238600892470604]], "Max": [[41.20908599662845]]}