{"output": [[13.707995171427289, 13.747995485315126, 13.787995799202964, 13.8279961130908, 13.867996426978637, 13.907996740866475, 13.947997054754312, 13.98799736864215, 14.027997682529985, 14.067997996417823, 14.10799831030566, 14.147998624193498, 14.187998938081336, 14.227999251969171, 14.267999565857009, 14.307999879744846, 14.348000193632684, 14.388000507520522, 14.428000821408357, 14.468001135296195, 14.508001449184032, 14.54800176307187, 14.588002076959707, 14.628002390847543, 14.66800270473538, 14.708003018623218, 14.748003332511056, 14.788003646398892, 14.828003960286729, 14.868004274174567, 14.908004588062404, 14.948004901950242, 14.98800521583808, 15.028005529725915, 15.068005843613753, 15.10800615750159, 15.148006471389428, 15.188006785277263, 15.2280070991651, 15.268007413052938, 15.308007726940776, 15.348008040828613, 15.388008354716451, 15.428008668604287, 15.468008982492124, 15.508009296379962, 15.5480096102678, 15.588009924155635, 15.628010238043473, 15.66801055193131, 15.708010865819148, 15.748011179706985, 15.788011493594823, 15.828011807482659, 15.868012121370496, 15.908012435258334, 15.94801274914617, 15.988013063034007, 16.028013376921844, 16.068013690809682, 16.10801400469752, 16.148014318585357, 16.188014632473195, 16.228014946361032, 16.268015260248866, 16.308015574136704, 16.34801588802454, 16.38801620191238, 16.428016515800216, 16.468016829688054, 16.50801714357589, 16.54801745746373, 16.588017771351566, 16.628018085239404, 16.66801839912724, 16.708018713015075, 16.748019026902913, 16.78801934079075, 16.828019654678588, 16.868019968566426, 16.908020282454263, 16.9480205963421, 16.988020910229938, 17.028021224117776, 17.06802153800561, 17.108021851893447, 17.148022165781285, 17.188022479669122, 17.22802279355696, 17.268023107444797, 17.308023421332635, 17.348023735220472, 17.38802404910831, 17.428024362996148, 17.468024676883985, 17.50802499077182, 17.548025304659657, 17.588025618547494, 17.62802593243533, 17.66802624632317]], "PDF": [[0.07228645427111553, 0.09944857725944484, 0.12578198747988734, 0.1481076841448343, 0.16472146034672897, 0.17566700759313286, 0.1821531708924536, 0.1856903656842576, 0.18751972820131724, 0.18849071775379647, 0.18917927920912259, 0.1899886550325722, 0.19114230262522036, 0.19264237686375396, 0.19430305619372165, 0.19588592025485524, 0.19725759940855864, 0.1984582541795445, 0.19963848582332355, 0.20092381156271535, 0.20231364255782439, 0.20368697709015174, 0.20490239876242622, 0.20590970313777, 0.20679092666306648, 0.20771532099646256, 0.20885676366405698, 0.21032807001074796, 0.2121515509180824, 0.21425534974696606, 0.21647764942376535, 0.2185738462200633, 0.22025310556326114, 0.22128781567483377, 0.22168514526331143, 0.22179878753508186, 0.22222301481267626, 0.22346014801225128, 0.22558888285513617, 0.22822369834407447, 0.23081705684941298, 0.23303220390202062, 0.23486447376374137, 0.2364784083650057, 0.2380167413260487, 0.23959403917392608, 0.2414026086443403, 0.24370553338180276, 0.2466471939678826, 0.25006350165332125, 0.253516484366097, 0.25656530155741536, 0.2590493144913742, 0.2611405929424084, 0.26313726400470844, 0.2652002951840289, 0.26726313440691457, 0.26916224507763836, 0.2708424480873252, 0.2724535154137516, 0.2742689701779705, 0.27650779684260224, 0.27921519155561053, 0.28230621137981593, 0.2857255149503681, 0.28955360922751516, 0.2939288400702923, 0.2988385396044808, 0.3039783073030508, 0.3088298507357674, 0.31291894876502174, 0.3160765993780837, 0.3185444596411901, 0.32088284119060995, 0.32374824574238664, 0.3276554556259768, 0.33282545480467685, 0.3391615625092742, 0.3463218000055366, 0.3538120422038022, 0.3610565052115644, 0.3674923477314356, 0.3727662893177697, 0.3769823770643089, 0.38076878553381, 0.38495354097928963, 0.3899239854905555, 0.39501023435707794, 0.3982026917415206, 0.39630173707951827, 0.385520617452925, 0.36260415149679537, 0.3263113893694037, 0.27857699173034245, 0.22442956357894076, 0.17038557235659063, 0.12216013506535567, 0.08304642746986403, 0.05370335111291192, 0.03302078571358719]]}