{"output": [[-18.64482872195993, -18.04024372480247, -17.435658727645013, -16.831073730487553, -16.226488733330093, -15.621903736172637, -15.017318739015177, -14.41273374185772, -13.808148744700262, -13.203563747542804, -12.598978750385346, -11.994393753227886, -11.389808756070428, -10.78522375891297, -10.18063876175551, -9.576053764598052, -8.971468767440594, -8.366883770283136, -7.7622987731256785, -7.157713775968219, -6.553128778810761, -5.948543781653303, -5.343958784495843, -4.739373787338385, -4.134788790180927, -3.5302037930234693, -2.9256187958660114, -2.3210337987085516, -1.716448801551092, -1.1118638043936357, -0.507278807236176, 0.09730618992128015, 0.7018911870787399, 1.3064761842361996, 1.9110611813936558, 2.5156461785511155, 3.1202311757085717, 3.7248161728660314, 4.329401170023491, 4.933986167180947, 5.538571164338407, 6.143156161495867, 6.747741158653323, 7.352326155810783, 7.956911152968242, 8.561496150125699, 9.166081147283158, 9.770666144440614, 10.375251141598074, 10.979836138755534, 11.58442113591299, 12.18900613307045, 12.793591130227906, 13.398176127385366, 14.002761124542825, 14.607346121700285, 15.211931118857745, 15.816516116015197, 16.421101113172657, 17.025686110330117, 17.630271107487577, 18.234856104645036, 18.83944110180249, 19.44402609895995, 20.04861109611741, 20.653196093274868, 21.257781090432328, 21.86236608758978, 22.46695108474724, 23.0715360819047, 23.67612107906216, 24.28070607621962, 24.885291073377072, 25.48987607053453, 26.09446106769199, 26.69904606484945, 27.30363106200691, 27.90821605916437, 28.512801056321823, 29.117386053479283, 29.721971050636743, 30.326556047794202, 30.931141044951662, 31.535726042109115, 32.14031103926658, 32.74489603642404, 33.3494810335815, 33.95406603073896, 34.55865102789642, 35.16323602505386, 35.76782102221132, 36.37240601936878, 36.97699101652624, 37.5815760136837, 38.18616101084116, 38.79074600799862, 39.39533100515608, 39.99991600231354, 40.604500999471, 41.20908599662845]], "PDF": [[0.0001372892373170028, 0.00023243148009217653, 0.0003858608434745421, 0.0006162623206601397, 0.0007492350052540608, 0.000831067226239471, 0.0009170366004305905, 0.0010157232644218712, 0.0013188782575280318, 0.0015456898117055605, 0.0016543382655065542, 0.0018681723014893892, 0.0019283464088841115, 0.0019170665003647091, 0.0021395172084198427, 0.0023299384191963414, 0.0024551000031278383, 0.0024766263277706422, 0.0023513478351092822, 0.002523979061126077, 0.002826388883910033, 0.003023054497481369, 0.003401765473967579, 0.0035088365912294955, 0.0031237483415905943, 0.0029308529102737403, 0.0033657956335761225, 0.0036621942979762623, 0.0035980500037143745, 0.0038200481815252704, 0.004301268829933464, 0.004676051901162808, 0.00516290422290914, 0.005368095765805225, 0.005297664975473697, 0.00566517531452996, 0.006424289155106612, 0.00691387722583062, 0.007379141868743794, 0.007840557370071733, 0.008248886003252912, 0.008954639236729095, 0.009296988648155011, 0.008558672877816854, 0.008373974525840891, 0.009558904319370665, 0.014775710873780261, 0.03616257658644541, 0.07280767714344638, 0.09208518609715426, 0.086167213333166, 0.07803242949789553, 0.07824074562836918, 0.08292550235290096, 0.08592139858052272, 0.08806696066839809, 0.09332032873408978, 0.10242366617293287, 0.11128268499341633, 0.10969565466727557, 0.09645485297617733, 0.07766077967129766, 0.054837495305579464, 0.033296317766609906, 0.020665154482414693, 0.016154746647537938, 0.014022930715817623, 0.011957994330763557, 0.009366129178356275, 0.005235292138531364, 0.001808008025383738, 0.0006422090775663985, 0.0003533836107815977, 0.00029138849572514416, 0.00041765108442608435, 0.0004065355561109572, 0.0003234690331352602, 0.00037641075101982113, 0.00038727091148585017, 0.0003378976956887073, 0.0003285695728668517, 0.0003852456274769159, 0.0004310828245681263, 0.00030161748658574995, 0.00012085956631470092, 7.755055456775747e-05, 8.529341806699839e-05, 0.00013168435183713584, 0.00019737510034842332, 0.00012872974149129513, 3.0951396401723514e-05, 2.6264613842124323e-06, 7.678935111103743e-08, 7.633588276187871e-10, 8.097143241404194e-11, 1.082690953873905e-08, 5.000890639634483e-07, 7.726923601212617e-06, 3.993761947735775e-05, 6.905164464670428e-05]]}