{"S_Ks": [[0.16468921167339384]], "S_Q": [[0.16972018878889522]], "S_T_Ks": [[0.8398812872872319]], "S_T_Q": [[0.8349274109020327]]}