{"S_Ks": [[0.00209388185211737]], "S_Q": [[0.9980272279480853]], "S_T_Ks": [[0.001995848962076209]], "S_T_Q": [[0.9948268267190091]]}