{"S_min_Ks": [[0.13227914314702954]], "S_min_Q": [[0.1297860679106115]], "S_Ks": [[0.16468921167339384]], "S_Q": [[0.16972018878889522]], "S_max_Ks": [[0.19793391340276834]], "S_max_Q": [[0.2112078089497405]], "S_T_min_Ks": [[0.7772282453031747]], "S_T_min_Q": [[0.7895627215751835]], "S_T_Ks": [[0.8398812872872319]], "S_T_Q": [[0.8349274109020327]], "S_T_max_Ks": [[0.8916448744740183]], "S_T_max_Q": [[0.8885169933646054]]}