{"S_min_Ks": [[0.0007512247829537647]], "S_min_Q": [[0.969307563593925]], "S_Ks": [[0.00209388185211737]], "S_Q": [[0.9980272279480853]], "S_max_Ks": [[0.0033589697130539022]], "S_max_Q": [[1.0358086353956795]], "S_T_min_Ks": [[-0.01819120441878093]], "S_T_min_Q": [[0.9744057187691724]], "S_T_Ks": [[0.001995848962076209]], "S_T_Q": [[0.9948268267190091]], "S_T_max_Ks": [[0.023276728111468366]], "S_T_max_Q": [[1.025561013275932]]}