{"Min": [[-7.190384452698595]], "SD_min": [[11.40552481207823]], "Mean": [[13.022960002517783]], "SD_max": [[14.640395192957335]], "Max": [[20.006791808778747]]}