{"Min": [[8.504178436000124]], "SD_min": [[12.101691474890707]], "Mean": [[12.91742102207748]], "SD_max": [[13.733150569264254]], "Max": [[14.284617272336062]]}