{"Min": [[7.434096321621545]], "SD_min": [[12.093745340949585]], "Mean": [[12.90815132177007]], "SD_max": [[13.722557302590555]], "Max": [[13.908655548785456]]}