{"output": [[8.504178436000124, 8.562566707074225, 8.620954978148324, 8.679343249222425, 8.737731520296526, 8.796119791370627, 8.854508062444726, 8.912896333518827, 8.971284604592928, 9.029672875667028, 9.088061146741127, 9.146449417815228, 9.204837688889329, 9.26322595996343, 9.321614231037529, 9.38000250211163, 9.43839077318573, 9.496779044259831, 9.55516731533393, 9.613555586408031, 9.671943857482132, 9.730332128556233, 9.788720399630332, 9.847108670704433, 9.905496941778534, 9.963885212852635, 10.022273483926734, 10.080661755000834, 10.139050026074935, 10.197438297149036, 10.255826568223135, 10.314214839297236, 10.372603110371337, 10.430991381445438, 10.489379652519537, 10.547767923593637, 10.606156194667738, 10.664544465741837, 10.722932736815938, 10.781321007890039, 10.83970927896414, 10.89809755003824, 10.95648582111234, 11.01487409218644, 11.073262363260541, 11.13165063433464, 11.190038905408741, 11.248427176482842, 11.306815447556943, 11.365203718631044, 11.423591989705143, 11.481980260779244, 11.540368531853344, 11.598756802927443, 11.657145074001544, 11.715533345075645, 11.773921616149746, 11.832309887223847, 11.890698158297946, 11.949086429372047, 12.007474700446148, 12.065862971520247, 12.124251242594347, 12.182639513668448, 12.241027784742549, 12.29941605581665, 12.357804326890749, 12.41619259796485, 12.47458086903895, 12.53296914011305, 12.59135741118715, 12.649745682261251, 12.708133953335352, 12.766522224409453, 12.824910495483552, 12.883298766557653, 12.941687037631752, 13.000075308705853, 13.058463579779954, 13.116851850854054, 13.175240121928155, 13.233628393002256, 13.292016664076355, 13.350404935150456, 13.408793206224555, 13.467181477298656, 13.525569748372757, 13.583958019446857, 13.642346290520958, 13.700734561595059, 13.759122832669158, 13.817511103743259, 13.875899374817358, 13.934287645891459, 13.99267591696556, 14.05106418803966, 14.109452459113761, 14.167840730187862, 14.226229001261961, 14.284617272336062]], "PDF": [[0.0005439229448400455, 0.0005751304644705403, 0.0006263311949527251, 0.0007865904619787636, 0.0010088906965415863, 0.0011643298725987888, 0.0010894185595174861, 0.0009000103952356063, 0.000829364333917522, 0.0009247771913695646, 0.0012463211542739887, 0.001876548479168386, 0.002620853891905622, 0.0030693718802433686, 0.0032752889805415268, 0.0037342093879381517, 0.0044774565139220944, 0.005095543873150424, 0.005478671157040718, 0.005968075232544185, 0.006980160576785097, 0.008437699920246502, 0.009693023783214006, 0.010236926922019832, 0.010217593978460471, 0.010026620717607414, 0.009922658005399803, 0.010250883923115527, 0.011100402305476154, 0.012577106812823093, 0.01529389914141861, 0.018648180697338663, 0.020585146417038933, 0.020960730538147412, 0.02154194325068699, 0.023203857383333935, 0.026057353756569254, 0.030297233979073305, 0.03505605934593658, 0.03814310549184894, 0.038981687018201684, 0.040384816497946854, 0.045200769770112136, 0.05243358098500518, 0.059748084883901494, 0.06654338419408887, 0.07176565656309555, 0.07388798926091061, 0.07450915092375476, 0.07725066681651867, 0.08274482882527666, 0.08998789136630529, 0.09860421354755362, 0.10645292745309146, 0.1131616966057138, 0.12153612010403333, 0.1318387536179363, 0.14203451213720408, 0.1511286290956899, 0.160061035265888, 0.17126610665627162, 0.18521712457080844, 0.20001512894567106, 0.21599096561318906, 0.23518063410711937, 0.2577289333903299, 0.27944448881363676, 0.29463383392308273, 0.30592568584216917, 0.32002969721888885, 0.3377392365021251, 0.35822832359984075, 0.3808564117736009, 0.40260524202818704, 0.4220516687017604, 0.4421140523242358, 0.46417024042408095, 0.4849811404448732, 0.5043267176747046, 0.5272323455345203, 0.5532500265950675, 0.5740612828326452, 0.583377199917624, 0.585609766929121, 0.5926817095587192, 0.6068598496196227, 0.616125566269137, 0.6153335797498966, 0.6113489975128624, 0.6007677978709673, 0.5668620995598547, 0.4998217294221842, 0.40421550019216407, 0.2951533953829292, 0.19376303303497966, 0.11576295531612221, 0.06441631900879477, 0.03433133497350511, 0.01754408427186829, 0.008110631649685068]]}