{"output": [[7.434096321621545, 7.499495909774716, 7.564895497927886, 7.630295086081057, 7.695694674234228, 7.761094262387399, 7.82649385054057, 7.8918934386937405, 7.957293026846911, 8.022692615000082, 8.088092203153252, 8.153491791306424, 8.218891379459595, 8.284290967612765, 8.349690555765935, 8.415090143919107, 8.480489732072279, 8.545889320225449, 8.611288908378619, 8.67668849653179, 8.742088084684962, 8.807487672838132, 8.872887260991302, 8.938286849144474, 9.003686437297645, 9.069086025450815, 9.134485613603985, 9.199885201757157, 9.265284789910329, 9.330684378063498, 9.396083966216668, 9.46148355436984, 9.526883142523012, 9.592282730676182, 9.657682318829352, 9.723081906982523, 9.788481495135695, 9.853881083288865, 9.919280671442035, 9.984680259595207, 10.050079847748378, 10.115479435901548, 10.180879024054718, 10.24627861220789, 10.311678200361062, 10.377077788514232, 10.442477376667402, 10.507876964820573, 10.573276552973745, 10.638676141126915, 10.704075729280085, 10.769475317433256, 10.834874905586428, 10.900274493739598, 10.965674081892768, 11.03107367004594, 11.096473258199111, 11.161872846352281, 11.227272434505451, 11.292672022658623, 11.358071610811795, 11.423471198964965, 11.488870787118135, 11.554270375271306, 11.619669963424478, 11.685069551577648, 11.750469139730818, 11.81586872788399, 11.881268316037161, 11.946667904190331, 12.012067492343501, 12.077467080496673, 12.142866668649845, 12.208266256803014, 12.273665844956184, 12.339065433109356, 12.404465021262528, 12.469864609415698, 12.535264197568868, 12.60066378572204, 12.666063373875211, 12.731462962028381, 12.796862550181551, 12.862262138334723, 12.927661726487894, 12.993061314641064, 13.058460902794234, 13.123860490947406, 13.189260079100578, 13.254659667253748, 13.320059255406917, 13.38545884356009, 13.450858431713261, 13.51625801986643, 13.5816576080196, 13.647057196172772, 13.712456784325944, 13.777856372479114, 13.843255960632284, 13.908655548785456]], "PDF": [[0.000489832273072032, 0.00035483868822679246, 0.00013489059972719082, 2.690949593291894e-05, 2.836237813796289e-06, 6.749644236908671e-07, 7.407600131510424e-06, 5.587380588070874e-05, 0.0002280351828194257, 0.0005298442240430455, 0.0007903027408863444, 0.0009483869668520647, 0.0011899088489306536, 0.0015568573545980497, 0.0017151543711202493, 0.0015506119131910685, 0.0014334820599669778, 0.001546168499205893, 0.0016856526808187284, 0.001693761071307181, 0.001598832869555557, 0.0017254010081597085, 0.0020378036117775834, 0.002071104452251616, 0.002146352499415086, 0.0031295012781138594, 0.004882834041947798, 0.005915015906777707, 0.0057019262791812644, 0.00516196792661931, 0.004277104680334003, 0.003361839456132189, 0.0036479434328583133, 0.005011181015025892, 0.0061302034434503674, 0.006292169915914425, 0.006086560878087772, 0.006715471638283393, 0.00823622679188439, 0.009603690348818479, 0.010794613545163381, 0.012215402560256043, 0.013124095979415789, 0.012984088857597, 0.012713367115636162, 0.01362677680822205, 0.015769234124841512, 0.018635571076176038, 0.022185873952678473, 0.02540891039637674, 0.02793634633910249, 0.03183080618021328, 0.03790485836834575, 0.04406515121683193, 0.047792340546982594, 0.049179787642963824, 0.0501484663907326, 0.051619853135241534, 0.054708521196624664, 0.062037944688035127, 0.07377742636896997, 0.08550887370780957, 0.0968657079685281, 0.11068634471254622, 0.1226946607702618, 0.1289759204070634, 0.13294431705547743, 0.13821316478834758, 0.14896213285407087, 0.16712812664514967, 0.18557669106736993, 0.20089417921277872, 0.2205446852403095, 0.24301789327739565, 0.2572143024784839, 0.26532591201410916, 0.2801720930120981, 0.3061621047279653, 0.3389863417087407, 0.37100709072193727, 0.3948290741055436, 0.4084561952887771, 0.41856620110295506, 0.4337510663284888, 0.4527270441942036, 0.47454576409751004, 0.5016674025545143, 0.5305072509729363, 0.550383828517506, 0.549830399825884, 0.5370382468526114, 0.5410053970282409, 0.5732226482494968, 0.6115894116727072, 0.6374231815869507, 0.6529712884609262, 0.6652224619888704, 0.6576965613424247, 0.5624249688593099, 0.3535571629870845]]}