{"output": [[-52.86779411836979, -51.66505959484977, -50.46232507132976, -49.25959054780975, -48.056856024289736, -46.85412150076972, -45.65138697724971, -44.44865245372969, -43.245917930209686, -42.04318340668967, -40.84044888316966, -39.63771435964964, -38.43497983612963, -37.23224531260962, -36.0295107890896, -34.82677626556959, -33.62404174204958, -32.42130721852956, -31.218572695009552, -30.015838171489538, -28.813103647969527, -27.610369124449512, -26.407634600929498, -25.204900077409487, -24.002165553889473, -22.79943103036946, -21.596696506849447, -20.393961983329433, -19.19122745980942, -17.988492936289404, -16.785758412769397, -15.583023889249382, -14.380289365729368, -13.177554842209354, -11.97482031868934, -10.772085795169332, -9.569351271649317, -8.366616748129303, -7.163882224609289, -5.961147701089274, -4.758413177569267, -3.5556786540492524, -2.352944130529238, -1.1502096070092236, 0.05252491651079083, 1.2552594400308053, 2.4579939635508126, 3.660728487070827, 4.863463010590841, 6.066197534110856, 7.26893205763087, 8.471666581150878, 9.674401104670892, 10.877135628190906, 12.07987015171092, 13.282604675230928, 14.48533919875095, 15.688073722270957, 16.89080824579098, 18.093542769310986, 19.296277292830993, 20.499011816351015, 21.701746339871022, 22.904480863391043, 24.10721538691105, 25.309949910431058, 26.51268443395108, 27.715418957471087, 28.91815348099111, 30.120888004511116, 31.323622528031123, 32.526357051551145, 33.72909157507115, 34.93182609859117, 36.13456062211118, 37.33729514563119, 38.54002966915121, 39.74276419267122, 40.94549871619124, 42.148233239711246, 43.35096776323125, 44.553702286751275, 45.75643681027128, 46.9591713337913, 48.16190585731131, 49.36464038083133, 50.56737490435134, 51.77010942787135, 52.97284395139137, 54.175578474911376, 55.3783129984314, 56.581047521951405, 57.78378204547141, 58.98651656899143, 60.18925109251144, 61.39198561603146, 62.59472013955147, 63.79745466307148, 65.0001891865915, 66.2029237101115]], "PDF": [[3.691128896783192e-05, 1.9872768341528587e-05, 3.1013861697930945e-06, 1.402980513734786e-07, 1.8396946675902426e-09, 6.992591811410991e-12, 7.70422437100095e-15, 2.460469497624363e-18, 4.148158697758593e-22, 2.0919297590853455e-18, 6.822023895324794e-15, 6.511802929272392e-12, 1.830286915666977e-09, 1.528367388466429e-07, 3.837430082336462e-06, 2.9377827470521157e-05, 6.944452708011987e-05, 5.103818258749899e-05, 1.2460137414533344e-05, 1.4943231783155815e-05, 8.840868311663292e-05, 0.00021294148548172353, 0.00021154104255772523, 0.0001125091409348148, 6.726212658032356e-05, 0.00010476592048878759, 0.0001367051525991589, 0.00016339109851460767, 0.00020455859107956144, 0.00020483266928314196, 0.00020895126743581592, 0.0002964046309357803, 0.00035752265823104127, 0.00036436366088210114, 0.0003931492673136826, 0.0003723606464327166, 0.0003329296749078552, 0.0004092367958670697, 0.000413713191202304, 0.000378850155630597, 0.0004833601882113478, 0.0007832477783029058, 0.0011122756472351882, 0.0013937832467636518, 0.0015278795847048043, 0.0016548469872811908, 0.0019191791385560792, 0.002413686255024408, 0.0036576998368457537, 0.008095075881793213, 0.022761790765247057, 0.0515691400721114, 0.08283733633197607, 0.11980864584114871, 0.1591924696854727, 0.16372626633200954, 0.11883068902831663, 0.058225322138922286, 0.018009480286971306, 0.004039927548624877, 0.0015839203281021454, 0.0010344539429038397, 0.0005826245032649184, 0.00023240247493115727, 7.014318538730509e-05, 1.2222979224221187e-05, 9.261047194414312e-06, 3.091050439702285e-05, 3.230387228720575e-05, 9.79261473230034e-06, 1.0525684204375532e-06, 4.417745173534863e-06, 3.1021626907807404e-05, 6.920910934793587e-05, 4.9419021933497244e-05, 1.1232964282784134e-05, 7.968906687930976e-07, 1.7234691279620186e-08, 1.1630560924783572e-10, 1.373459560429023e-09, 1.126178356121997e-07, 2.679029612005428e-06, 1.8611727087772062e-05, 4.0349743578891856e-05, 4.261578798840213e-05, 4.372684906456344e-05, 3.928257487803514e-05, 3.9627357770808874e-05, 1.9378624984761867e-05, 2.9164624395499905e-06, 1.2787462677196176e-07, 1.6258851569071882e-09, 5.99250527691112e-12, 1.4106378569643946e-14, 6.992593794044426e-12, 1.8396946675904713e-09, 1.402980513734786e-07, 3.1013861697930945e-06, 1.9872768341528726e-05, 3.691128896783192e-05]]}