{"output": [[-7.190384452698595, -6.9156655005624605, -6.640946548426325, -6.366227596290191, -6.091508644154056, -5.816789692017921, -5.542070739881787, -5.2673517877456515, -4.992632835609516, -4.717913883473382, -4.443194931337247, -4.168475979201112, -3.8937570270649777, -3.619038074928843, -3.344319122792708, -3.0696001706565728, -2.7948812185204384, -2.520162266384304, -2.2454433142481687, -1.9707243621120343, -1.696005409975899, -1.4212864578397646, -1.1465675057036293, -0.8718485535674949, -0.5971296014313605, -0.3224106492952252, -0.04769169715909083, 0.22702725497704446, 0.5017462071131789, 0.7764651592493141, 1.0511841113854494, 1.325903063521583, 1.6006220156577182, 1.8753409677938535, 2.150059919929987, 2.4247788720661223, 2.6994978242022576, 2.974216776338393, 3.2489357284745264, 3.5236546806106617, 3.798373632746797, 4.0730925848829305, 4.347811537019066, 4.622530489155201, 4.897249441291336, 5.17196839342747, 5.446687345563605, 5.72140629769974, 5.996125249835874, 6.270844201972009, 6.5455631541081445, 6.82028210624428, 7.095001058380413, 7.369720010516549, 7.644438962652684, 7.919157914788819, 8.193876866924953, 8.468595819061088, 8.743314771197223, 9.018033723333357, 9.292752675469494, 9.567471627605627, 9.84219057974176, 10.116909531877898, 10.391628484014031, 10.666347436150165, 10.941066388286302, 11.215785340422435, 11.490504292558569, 11.765223244694706, 12.03994219683084, 12.314661148966977, 12.58938010110311, 12.864099053239244, 13.13881800537538, 13.413536957511514, 13.688255909647648, 13.962974861783785, 14.237693813919918, 14.512412766056052, 14.787131718192189, 15.061850670328322, 15.336569622464456, 15.611288574600593, 15.886007526736726, 16.160726478872864, 16.435445431008997, 16.71016438314513, 16.984883335281268, 17.2596022874174, 17.534321239553535, 17.80904019168967, 18.083759143825805, 18.35847809596194, 18.633197048098076, 18.90791600023421, 19.182634952370343, 19.45735390450648, 19.732072856642613, 20.006791808778747]], "PDF": [[0.00024678612327017345, 8.250598270125195e-05, 0.00022302121699315836, 0.00011404094139801117, 3.26981774549253e-06, 5.238882337172599e-09, 4.691110914730389e-13, 7.243189637395143e-12, 3.7819687503566116e-08, 1.1034593621610672e-05, 0.00017990570613081802, 0.0001639017987075939, 8.345119447633553e-06, 1.251869789518467e-06, 7.343034988194828e-05, 0.0002820186970238034, 0.0006104170285856228, 0.0008836731580257218, 0.00045315789987455376, 0.0004961942381910183, 0.0003443824968723422, 0.00042401709964718515, 0.00017094715102789, 0.000764950175398779, 0.0008660520402346436, 0.0006153210847373333, 0.00020981814774781668, 0.0003509325861267776, 0.0007511309548388348, 0.0008195774286085444, 0.0008738670247716398, 0.0007616617328969372, 0.0005774049766573108, 0.000624307231402988, 0.0005466846438937532, 0.0003078493228690802, 0.000678466878058535, 0.0006248474609274097, 0.0007692298769677477, 0.0015390000441978327, 0.001686453022964919, 0.0016941131334678847, 0.0008472375669011191, 0.0009597741285255673, 0.000882794785561883, 0.0020635064112383065, 0.0031265247840182252, 0.004257536964637629, 0.005686597749075009, 0.003876498442646082, 0.0037316001219510034, 0.004264278860835207, 0.00368053221016763, 0.004638886197857336, 0.006153286401575318, 0.007688778924120285, 0.008063337654740557, 0.009852591685182517, 0.012184160064232964, 0.013852526259892563, 0.015044648234539758, 0.01845323768505419, 0.020983645732935437, 0.024641549661413104, 0.029821659031394474, 0.032942040803776995, 0.03841093963981837, 0.04617584547180967, 0.05049405917839366, 0.059192037672531034, 0.08255960343188588, 0.10924358563234059, 0.1431633144890881, 0.19670340039501408, 0.2960235470572208, 0.611496951705626, 1.0127775253414408, 0.5777830750008666, 0.08438956980808186, 0.028187824695473315, 0.013219258341533213, 0.008248000788593376, 0.006063654159937825, 0.005302996383242053, 0.0037877463362288957, 0.002420562149860341, 0.0014912469917776382, 0.001234371643711933, 0.0008830286876399034, 0.0006499801067916476, 0.0007688458082715938, 0.00017730517782682303, 2.7444043065870414e-06, 2.582134760748414e-09, 1.9930646368841248e-13, 1.0952952867955778e-09, 1.1896756009569495e-06, 7.290914823309608e-05, 0.0003028535587990675, 0.0002929642519913406]]}