{"output": [[-52.86779411836979, -51.66505959484977, -50.46232507132976, -49.25959054780975, -48.056856024289736, -46.85412150076972, -45.65138697724971, -44.44865245372969, -43.245917930209686, -42.04318340668967, -40.84044888316966, -39.63771435964964, -38.43497983612963, -37.23224531260962, -36.0295107890896, -34.82677626556959, -33.62404174204958, -32.42130721852956, -31.218572695009552, -30.015838171489538, -28.813103647969527, -27.610369124449512, -26.407634600929498, -25.204900077409487, -24.002165553889473, -22.79943103036946, -21.596696506849447, -20.393961983329433, -19.19122745980942, -17.988492936289404, -16.785758412769397, -15.583023889249382, -14.380289365729368, -13.177554842209354, -11.97482031868934, -10.772085795169332, -9.569351271649317, -8.366616748129303, -7.163882224609289, -5.961147701089274, -4.758413177569267, -3.5556786540492524, -2.352944130529238, -1.1502096070092236, 0.05252491651079083, 1.2552594400308053, 2.4579939635508126, 3.660728487070827, 4.863463010590841, 6.066197534110856, 7.26893205763087, 8.471666581150878, 9.674401104670892, 10.877135628190906, 12.07987015171092, 13.282604675230928, 14.48533919875095, 15.688073722270957, 16.89080824579098, 18.093542769310986, 19.296277292830993, 20.499011816351015, 21.701746339871022, 22.904480863391043, 24.10721538691105, 25.309949910431058, 26.51268443395108, 27.715418957471087, 28.91815348099111, 30.120888004511116, 31.323622528031123, 32.526357051551145, 33.72909157507115, 34.93182609859117, 36.13456062211118, 37.33729514563119, 38.54002966915121, 39.74276419267122, 40.94549871619124, 42.148233239711246, 43.35096776323125, 44.553702286751275, 45.75643681027128, 46.9591713337913, 48.16190585731131, 49.36464038083133, 50.56737490435134, 51.77010942787135, 52.97284395139137, 54.175578474911376, 55.3783129984314, 56.581047521951405, 57.78378204547141, 58.98651656899143, 60.18925109251144, 61.39198561603146, 62.59472013955147, 63.79745466307148, 65.0001891865915, 66.2029237101115]], "PDF": [[3.691134151234723e-05, 1.987276159911126e-05, 3.1013687161112198e-06, 1.402960252336526e-07, 1.8396453985046323e-09, 6.992293606105841e-12, 7.703746433104716e-15, 2.4602604789882552e-18, 4.1476952304706543e-22, 2.091750479700091e-18, 6.821595383649905e-15, 6.511519801758115e-12, 1.8302362369130915e-09, 1.5283438379985527e-07, 3.8374048794335186e-06, 2.9377796515528745e-05, 6.944461423465766e-05, 5.103820413181068e-05, 1.2460086306746774e-05, 1.4943151737790145e-05, 8.840859346037116e-05, 0.00021294166612599927, 0.00021154116170516845, 0.00011250906935049233, 6.726201075919004e-05, 0.00010476594577428874, 0.00013670515805680849, 0.00016339106986258507, 0.00020455865159979723, 0.00020483267426182178, 0.00020895113982085967, 0.0002964046762734039, 0.0003575227368093093, 0.0003643636103556343, 0.00039314933569641953, 0.0003723606960303221, 0.00033292947770526834, 0.0004092369266190355, 0.000413713241536409, 0.0003788499896146691, 0.0004833599256914136, 0.0007832477744826327, 0.001112275676760507, 0.0013937834610621746, 0.0015278795854632861, 0.0016548468141814937, 0.0019191789129653668, 0.0024136855392398876, 0.0036576966683256784, 0.00809506431723778, 0.022761771614429563, 0.05156914005021822, 0.08283732939088549, 0.11980863793422154, 0.15919251255676023, 0.16372632932716316, 0.1188307066147576, 0.05822529536993977, 0.01800944774600975, 0.004039915375069205, 0.0015839189064817058, 0.001034453923203391, 0.0005826243891036669, 0.00023240223438814086, 7.014307388099543e-05, 1.2222917894075022e-05, 9.261015604086452e-06, 3.091053243758862e-05, 3.2303906006722796e-05, 9.792591609522043e-06, 1.052557636890417e-06, 4.417718149256767e-06, 3.10216005203819e-05, 6.920919556821435e-05, 4.941904018291412e-05, 1.1232924532698354e-05, 7.968821639497011e-07, 1.7234325567925753e-08, 1.1630146433897318e-10, 1.3734216284167643e-09, 1.1261613847449827e-07, 2.679013364504179e-06, 1.8611714552419267e-05, 4.034977720573184e-05, 4.261577939434176e-05, 4.372686469277959e-05, 3.928255753005007e-05, 3.9627393843395456e-05, 1.9378615003344725e-05, 2.916445481097189e-06, 1.2787274613062815e-07, 1.6258410417894503e-09, 5.992247087878656e-12, 1.4105500094533106e-14, 6.992295588569616e-12, 1.839645398504861e-09, 1.402960252336526e-07, 3.1013687161112198e-06, 1.98727615991114e-05, 3.691134151234723e-05]]}