{"output": [[-52.86779411836979, -51.66505959484977, -50.46232507132976, -49.25959054780975, -48.056856024289736, -46.85412150076972, -45.65138697724971, -44.44865245372969, -43.245917930209686, -42.04318340668967, -40.84044888316966, -39.63771435964964, -38.43497983612963, -37.23224531260962, -36.0295107890896, -34.82677626556959, -33.62404174204958, -32.42130721852956, -31.218572695009552, -30.015838171489538, -28.813103647969527, -27.610369124449512, -26.407634600929498, -25.204900077409487, -24.002165553889473, -22.79943103036946, -21.596696506849447, -20.393961983329433, -19.19122745980942, -17.988492936289404, -16.785758412769397, -15.583023889249382, -14.380289365729368, -13.177554842209354, -11.97482031868934, -10.772085795169332, -9.569351271649317, -8.366616748129303, -7.163882224609289, -5.961147701089274, -4.758413177569267, -3.5556786540492524, -2.352944130529238, -1.1502096070092236, 0.05252491651079083, 1.2552594400308053, 2.4579939635508126, 3.660728487070827, 4.863463010590841, 6.066197534110856, 7.26893205763087, 8.471666581150878, 9.674401104670892, 10.877135628190906, 12.07987015171092, 13.282604675230928, 14.48533919875095, 15.688073722270957, 16.89080824579098, 18.093542769310986, 19.296277292830993, 20.499011816351015, 21.701746339871022, 22.904480863391043, 24.10721538691105, 25.309949910431058, 26.51268443395108, 27.715418957471087, 28.91815348099111, 30.120888004511116, 31.323622528031123, 32.526357051551145, 33.72909157507115, 34.93182609859117, 36.13456062211118, 37.33729514563119, 38.54002966915121, 39.74276419267122, 40.94549871619124, 42.148233239711246, 43.35096776323125, 44.553702286751275, 45.75643681027128, 46.9591713337913, 48.16190585731131, 49.36464038083133, 50.56737490435134, 51.77010942787135, 52.97284395139137, 54.175578474911376, 55.3783129984314, 56.581047521951405, 57.78378204547141, 58.98651656899143, 60.18925109251144, 61.39198561603146, 62.59472013955147, 63.79745466307148, 65.0001891865915, 66.2029237101115]], "PDF": [[3.691133317644335e-05, 1.987276266876525e-05, 3.1013714850396253e-06, 1.4029634666808187e-07, 1.8396532146963543e-09, 6.992340913950042e-12, 7.703822253442022e-15, 2.4602936375026077e-18, 4.1477687536441842e-22, 2.0917789203991315e-18, 6.82166336295998e-15, 6.51156471761628e-12, 1.8302442767351888e-09, 1.5283475741313343e-07, 3.83740887772995e-06, 2.937780142637844e-05, 6.944460040806362e-05, 5.1038200713931344e-05, 1.2460094414710448e-05, 1.4943164436529064e-05, 8.840860768386162e-05, 0.0002129416374677719, 0.00021154114280310085, 0.00011250908070694466, 6.726202913357818e-05, 0.00010476594176286584, 0.00013670515719098553, 0.0001633910744080775, 0.0002045586419985926, 0.00020483267347197172, 0.00020895116006628135, 0.00029640466908083105, 0.0003575227243432972, 0.0003643636183713979, 0.0003931493248478768, 0.00037236068816191045, 0.0003329295089904097, 0.0004092369058759235, 0.0004137132335511891, 0.0003788500159521556, 0.0004833599673387511, 0.0007832477750886616, 0.001112275672076519, 0.0013937834270648843, 0.001527879585342965, 0.0016548468416427934, 0.0019191789487540203, 0.002413685652794957, 0.0036576971709929434, 0.00809506615188851, 0.022761774652600514, 0.051569140053689316, 0.08283733049204768, 0.11980863918862021, 0.15919250575545943, 0.16372631933333384, 0.11883070382476746, 0.058225299616687806, 0.018009452908450543, 0.004039917306333571, 0.0015839191320130219, 0.0010344539263286824, 0.000582624407214693, 0.0002324022725489474, 7.014309157082942e-05, 1.2222927623752406e-05, 9.261020615716076e-06, 3.09105279891076e-05, 3.230390065730654e-05, 9.792595277827172e-06, 1.0525593476355872e-06, 4.417722436504395e-06, 3.102160470661188e-05, 6.920918188983554e-05, 4.9419037287752146e-05, 1.1232930838830976e-05, 7.968835131920157e-07, 1.7234383585630328e-08, 1.1630212189692151e-10, 1.3734276460598982e-09, 1.1261640771472221e-07, 2.679015942078221e-06, 1.8611716541089025e-05, 4.034977187101127e-05, 4.261578075775327e-05, 4.3726862213439745e-05, 3.928256028222392e-05, 3.962738812066988e-05, 1.937861658684692e-05, 2.916448171460005e-06, 1.2787304448259593e-07, 1.6258480403396005e-09, 5.992288047459348e-12, 1.4105639456305806e-14, 6.9923428964407445e-12, 1.8396532146965832e-09, 1.4029634666808187e-07, 3.1013714850396253e-06, 1.9872762668765394e-05, 3.691133317644335e-05]]}