{"S_Ks": [[0.07460253999028256]], "S_Q": [[0.7807461555411923]], "S_T_Ks": [[0.1727249569449867]], "S_T_Q": [[0.9212766279640656]]}