{"S_min_Ks": [[0.4475833352785281]], "S_min_Q": [[0.41940994270720655]], "S_Ks": [[0.48032753900053293]], "S_Q": [[0.4538163924758568]], "S_max_Ks": [[0.5038761475312379]], "S_max_Q": [[0.4837866425775078]], "S_T_min_Ks": [[0.5119692513059467]], "S_T_min_Q": [[0.4877357774382489]], "S_T_Ks": [[0.5613844099870607]], "S_T_Q": [[0.5259592335592942]], "S_T_max_Ks": [[0.6060550914432155]], "S_T_max_Q": [[0.5607936040659909]]}