{"S_Ks": [[0.06768353643645748]], "S_Q": [[0.28571700751990803]], "S_T_Ks": [[0.72571719076553]], "S_T_Q": [[0.947855339870154]]}