{"S_Ks": [[0.4882453399749601]], "S_Q": [[0.47229499348685516]], "S_T_Ks": [[0.5459229198055572]], "S_T_Q": [[0.5141531299840963]]}