{"S_Ks": [[0.48032753900053293]], "S_Q": [[0.4538163924758568]], "S_T_Ks": [[0.5613844099870607]], "S_T_Q": [[0.5259592335592942]]}