{"S_min_Ks": [[0.06313502047936803]], "S_min_Q": [[0.6481240952334413]], "S_Ks": [[0.07460253999028256]], "S_Q": [[0.7807461555411923]], "S_max_Ks": [[0.08501641735702911]], "S_max_Q": [[0.9104736988411865]], "S_T_min_Ks": [[0.06046880089754647]], "S_T_min_Q": [[0.823417291105623]], "S_T_Ks": [[0.1727249569449867]], "S_T_Q": [[0.9212766279640656]], "S_T_max_Ks": [[0.2667561356369621]], "S_T_max_Q": [[1.018572419168894]]}