{"S_min_Ks": [[0.4538807958749207]], "S_min_Q": [[0.434494351597438]], "S_Ks": [[0.4882453399749601]], "S_Q": [[0.47229499348685516]], "S_max_Ks": [[0.5071358358062521]], "S_max_Q": [[0.5080846744363496]], "S_T_min_Ks": [[0.49589624312807246]], "S_T_min_Q": [[0.4809186277316506]], "S_T_Ks": [[0.5459229198055572]], "S_T_Q": [[0.5141531299840963]], "S_T_max_Ks": [[0.582676817299723]], "S_T_max_Q": [[0.5433188249903149]]}