{"Min": [[12.504260999044936]], "SD_min": [[13.698564405078026]], "Mean": [[14.054325149943505]], "SD_max": [[14.410085894808985]], "Max": [[17.341305947360745]]}