{"Min": [[12.375748563694264]], "SD_min": [[13.698202931614253]], "Mean": [[14.053778569343322]], "SD_max": [[14.409354207072392]], "Max": [[17.336980282048213]]}