{"output": [[12.504260999044936, 12.553120038926913, 12.601979078808892, 12.650838118690869, 12.699697158572848, 12.748556198454825, 12.797415238336804, 12.84627427821878, 12.89513331810076, 12.943992357982737, 12.992851397864715, 13.041710437746692, 13.090569477628671, 13.139428517510648, 13.188287557392627, 13.237146597274604, 13.286005637156581, 13.33486467703856, 13.383723716920537, 13.432582756802516, 13.481441796684493, 13.530300836566472, 13.579159876448449, 13.628018916330428, 13.676877956212405, 13.725736996094383, 13.77459603597636, 13.823455075858337, 13.872314115740316, 13.921173155622295, 13.970032195504272, 14.01889123538625, 14.067750275268228, 14.116609315150205, 14.165468355032184, 14.21432739491416, 14.26318643479614, 14.312045474678117, 14.360904514560096, 14.409763554442073, 14.458622594324051, 14.507481634206028, 14.556340674088005, 14.605199713969984, 14.654058753851963, 14.70291779373394, 14.751776833615917, 14.800635873497896, 14.849494913379873, 14.898353953261852, 14.947212993143829, 14.996072033025808, 15.044931072907785, 15.093790112789764, 15.14264915267174, 15.19150819255372, 15.240367232435696, 15.289226272317674, 15.338085312199652, 15.386944352081631, 15.435803391963608, 15.484662431845585, 15.533521471727564, 15.582380511609541, 15.63123955149152, 15.680098591373497, 15.728957631255476, 15.777816671137453, 15.82667571101943, 15.875534750901409, 15.924393790783387, 15.973252830665364, 16.02211187054734, 16.07097091042932, 16.1198299503113, 16.168688990193274, 16.217548030075253, 16.266407069957232, 16.31526610983921, 16.364125149721186, 16.412984189603165, 16.461843229485144, 16.510702269367123, 16.559561309249098, 16.608420349131077, 16.657279389013055, 16.70613842889503, 16.75499746877701, 16.80385650865899, 16.852715548540967, 16.901574588422946, 16.95043362830492, 16.9992926681869, 17.04815170806888, 17.097010747950854, 17.145869787832833, 17.194728827714812, 17.243587867596787, 17.292446907478766, 17.341305947360745]], "PDF": [[0.0009149825142512198, 0.0010830940628277286, 0.0011248663000015353, 0.0011051384117720213, 0.0011002626414523666, 0.001172835539335913, 0.0014278531537752588, 0.002068645763716069, 0.0033390174595993136, 0.005353563390604991, 0.008025004328132735, 0.011268243264843493, 0.015303132303457534, 0.0207263484065514, 0.028458777118811434, 0.040008644224649295, 0.057990349832997216, 0.08637746093996249, 0.13020106010783036, 0.19438744840434755, 0.28171901963579504, 0.39127959082543584, 0.5185823399304417, 0.6563612181959274, 0.7946537062673648, 0.9209643202779244, 1.022607473243952, 1.0911003092518818, 1.125033151168958, 1.1292840221940552, 1.1118257156199651, 1.079357890369945, 1.0347802783683435, 0.9799201306020091, 0.9189859742965488, 0.8565634952451484, 0.7944745105419517, 0.7330185455673975, 0.6725103116297608, 0.6120673155009686, 0.5497565135787611, 0.4848644537830741, 0.4185696126806355, 0.3531670468275031, 0.29166436136410295, 0.23680977981748175, 0.18957374324656073, 0.14904940801336505, 0.11395006557272598, 0.08391364380376251, 0.05938444718847211, 0.0406558950403464, 0.027473877876682696, 0.019301537550168266, 0.015189037102053174, 0.013361942768212657, 0.011799612499815863, 0.009600404889716294, 0.00733175796186994, 0.005860076157490846, 0.005225347410653827, 0.004826859881565967, 0.00431648364552, 0.003864053195341632, 0.003633268255022267, 0.00344077484991551, 0.003038450367585374, 0.0024561769560497233, 0.0019423676331630061, 0.001678424396880429, 0.0016097324638391427, 0.0015333699927819668, 0.0013324437146010639, 0.0010764100113477442, 0.0008846114444254849, 0.0007829057317161468, 0.0007165416319460026, 0.0006207932828967264, 0.00046712380813205905, 0.0002856392237227845, 0.00013602900163599252, 4.93815152456596e-05, 1.42947683430026e-05, 7.885101812328594e-06, 2.2947072969832097e-05, 7.335431426255431e-05, 0.0001774662746789707, 0.0003196545942929409, 0.00042842149031105457, 0.0004272461767920447, 0.00031703324753307546, 0.00017507572196959805, 7.222864253065864e-05, 2.41517801375888e-05, 1.602867271933816e-05, 4.2557834849611804e-05, 0.00011748839602381964, 0.0002457978767057045, 0.0003829455427428585, 0.00044394398842977897]]}