{"output": [[12.375748563694264, 12.42586201539481, 12.475975467095354, 12.5260889187959, 12.576202370496445, 12.62631582219699, 12.676429273897535, 12.72654272559808, 12.776656177298623, 12.826769628999168, 12.876883080699713, 12.926996532400258, 12.977109984100803, 13.027223435801348, 13.077336887501893, 13.127450339202438, 13.177563790902983, 13.227677242603528, 13.277790694304073, 13.327904146004618, 13.378017597705163, 13.428131049405708, 13.478244501106253, 13.528357952806797, 13.578471404507344, 13.628584856207887, 13.678698307908432, 13.728811759608977, 13.778925211309522, 13.829038663010067, 13.879152114710612, 13.929265566411157, 13.979379018111702, 14.029492469812247, 14.079605921512792, 14.129719373213337, 14.179832824913882, 14.229946276614427, 14.280059728314972, 14.330173180015517, 14.38028663171606, 14.430400083416608, 14.48051353511715, 14.530626986817696, 14.58074043851824, 14.630853890218786, 14.680967341919331, 14.731080793619876, 14.781194245320421, 14.831307697020966, 14.881421148721511, 14.931534600422056, 14.981648052122601, 15.031761503823146, 15.081874955523691, 15.131988407224235, 15.182101858924781, 15.232215310625325, 15.282328762325871, 15.332442214026415, 15.38255566572696, 15.432669117427505, 15.48278256912805, 15.532896020828595, 15.58300947252914, 15.633122924229685, 15.68323637593023, 15.733349827630775, 15.78346327933132, 15.833576731031865, 15.883690182732408, 15.933803634432955, 15.983917086133498, 16.034030537834045, 16.08414398953459, 16.134257441235135, 16.18437089293568, 16.234484344636225, 16.28459779633677, 16.334711248037316, 16.38482469973786, 16.434938151438402, 16.48505160313895, 16.535165054839496, 16.58527850654004, 16.635391958240582, 16.68550540994113, 16.735618861641672, 16.78573231334222, 16.835845765042762, 16.88595921674331, 16.936072668443853, 16.986186120144396, 17.036299571844943, 17.08641302354549, 17.136526475246033, 17.186639926946576, 17.236753378647123, 17.28686683034767, 17.336980282048213]], "PDF": [[0.0004995641947356194, 0.00042027719558784425, 0.0002883809635992213, 0.0003333508947578347, 0.0007567747869445139, 0.0016207306016169844, 0.002718459881810078, 0.003675657567967217, 0.00435264308430858, 0.005011256340448458, 0.006055907488559118, 0.007791645361544779, 0.010196919395845636, 0.012785741809894193, 0.015324481071141085, 0.018714185123469538, 0.0245305656537372, 0.03406935528415649, 0.048838871467511875, 0.07242897665876709, 0.11094804043661831, 0.17072481599206601, 0.2563804768145895, 0.36987897316067353, 0.5075808898795325, 0.657975290447489, 0.8046937424796717, 0.9321898108817369, 1.029732235203072, 1.0924900078103312, 1.1224600319997782, 1.129416756259873, 1.1224099600243664, 1.0978709609426103, 1.0474283707626604, 0.9768827956341269, 0.9045896418113011, 0.8426470381648389, 0.7886778128162087, 0.732802071119722, 0.6674904393986214, 0.5932742110123701, 0.5169062497068838, 0.4440119974872951, 0.37573350888437673, 0.31298813362004974, 0.2580153672260993, 0.2093432426780249, 0.16272187065592292, 0.11839948189465153, 0.08102795646869565, 0.053838385018411976, 0.036453434368547054, 0.026146350867971003, 0.019928201867464333, 0.01593121085102129, 0.01316619109168054, 0.01098628446619703, 0.009115774645037726, 0.0074825517804930726, 0.005963139386038078, 0.004591629678160933, 0.0035948951298417245, 0.003110113304336327, 0.003211601749320094, 0.0038147958928275087, 0.004308210751010871, 0.003953611257709208, 0.0028507567522288993, 0.0018523442746763694, 0.0014672366290272526, 0.0014490430976034656, 0.001399170654862522, 0.0012293814579811986, 0.0010346378456028908, 0.0008809638755072242, 0.0007662140490887607, 0.000628185545420605, 0.00042295206344874364, 0.00021158225551737715, 8.319311703992555e-05, 6.497011990020493e-05, 0.00015459848052295597, 0.00032783557779935833, 0.00047773580897467974, 0.0004709409919069788, 0.00031379169996559406, 0.00014131735134324604, 4.3020991000118025e-05, 8.938667485694853e-06, 2.2146866937328665e-06, 7.482863001320956e-06, 3.730350517178289e-05, 0.00012784697277960042, 0.0002981979121298544, 0.0004816954311459923, 0.0005711497553850009, 0.0005741884282493264, 0.0005767825531684234, 0.0005527408444889872]]}