{"output": [[12.375748563694264, 12.42586201539481, 12.475975467095354, 12.5260889187959, 12.576202370496445, 12.62631582219699, 12.676429273897535, 12.72654272559808, 12.776656177298623, 12.826769628999168, 12.876883080699713, 12.926996532400258, 12.977109984100803, 13.027223435801348, 13.077336887501893, 13.127450339202438, 13.177563790902983, 13.227677242603528, 13.277790694304073, 13.327904146004618, 13.378017597705163, 13.428131049405708, 13.478244501106253, 13.528357952806797, 13.578471404507344, 13.628584856207887, 13.678698307908432, 13.728811759608977, 13.778925211309522, 13.829038663010067, 13.879152114710612, 13.929265566411157, 13.979379018111702, 14.029492469812247, 14.079605921512792, 14.129719373213337, 14.179832824913882, 14.229946276614427, 14.280059728314972, 14.330173180015517, 14.38028663171606, 14.430400083416608, 14.48051353511715, 14.530626986817696, 14.58074043851824, 14.630853890218786, 14.680967341919331, 14.731080793619876, 14.781194245320421, 14.831307697020966, 14.881421148721511, 14.931534600422056, 14.981648052122601, 15.031761503823146, 15.081874955523691, 15.131988407224235, 15.182101858924781, 15.232215310625325, 15.282328762325871, 15.332442214026415, 15.38255566572696, 15.432669117427505, 15.48278256912805, 15.532896020828595, 15.58300947252914, 15.633122924229685, 15.68323637593023, 15.733349827630775, 15.78346327933132, 15.833576731031865, 15.883690182732408, 15.933803634432955, 15.983917086133498, 16.034030537834045, 16.08414398953459, 16.134257441235135, 16.18437089293568, 16.234484344636225, 16.28459779633677, 16.334711248037316, 16.38482469973786, 16.434938151438402, 16.48505160313895, 16.535165054839496, 16.58527850654004, 16.635391958240582, 16.68550540994113, 16.735618861641672, 16.78573231334222, 16.835845765042762, 16.88595921674331, 16.936072668443853, 16.986186120144396, 17.036299571844943, 17.08641302354549, 17.136526475246033, 17.186639926946576, 17.236753378647123, 17.28686683034767, 17.336980282048213]], "PDF": [[0.0004995639797521691, 0.00042027712465664415, 0.0002883811686249403, 0.0003333513373135197, 0.0007567753170947795, 0.0016207308896093256, 0.002718459695555641, 0.0036756572031837595, 0.00435264305211156, 0.005011256789822123, 0.0060559083035292656, 0.007791646183237014, 0.010196919586657178, 0.012785741620159607, 0.015324481967166261, 0.01871418793532224, 0.024530569896091176, 0.03406936102047402, 0.048838881218218375, 0.0724289936441881, 0.11094806482361562, 0.17072484565601823, 0.2563805090396527, 0.3698790015507814, 0.5075809048211241, 0.6579752861567195, 0.804693720096661, 0.9321897762206606, 1.0297321950057785, 1.0924899695901804, 1.1224600057566527, 1.1294167419119354, 1.122409940744267, 1.0978709297352551, 1.0474283464027905, 0.9768827944568508, 0.9045896551956247, 0.8426470479603948, 0.7886778103714629, 0.7328020595079279, 0.6674904285786699, 0.5932742087326709, 0.5169062542284683, 0.44401200271263486, 0.3757335149127786, 0.3129881429372323, 0.2580153747930312, 0.20934324443210017, 0.16272187276522, 0.11839949002460808, 0.08102796844139917, 0.05383839640964502, 0.03645344244251304, 0.026146355386860914, 0.019928204311205407, 0.01593121223367849, 0.01316619171604086, 0.010986284796199374, 0.009115774930919524, 0.007482551890777781, 0.005963139528762642, 0.0045916301219463595, 0.0035948957160414586, 0.0031101139785853966, 0.003211602384052108, 0.003814795791958975, 0.004308209687718274, 0.003953610316570391, 0.002850756917131949, 0.0018523450614222061, 0.001467237056600638, 0.0014490430220503233, 0.00139917050112484, 0.001229381435664947, 0.0010346378984732508, 0.0008809639267620329, 0.0007662140216193313, 0.0006281854555812562, 0.0004229520538061076, 0.0002115823583695754, 8.319324452358168e-05, 6.497024312055861e-05, 0.00015459858553412326, 0.000327835556196381, 0.00047773561409037205, 0.0004709408056041258, 0.00031379168943502036, 0.00014131744713549038, 4.30210658380363e-05, 8.938695994736422e-06, 2.214697760229198e-06, 7.482888228919552e-06, 3.730357506977563e-05, 0.00012784707343873344, 0.0002981979335296557, 0.00048169530977463517, 0.0005711496461749209, 0.0005741884434403607, 0.0005767825303391881, 0.0005527407055719043]]}