{"S_min_Ks": [[0.6309912214392085]], "S_min_Q": [[0.305978795701746]], "S_Ks": [[0.6716406252695045]], "S_Q": [[0.351671928774572]], "S_max_Ks": [[0.7034591975494304]], "S_max_Q": [[0.39643869898358425]], "S_T_min_Ks": [[0.6326309708306284]], "S_T_min_Q": [[0.3055884997628612]], "S_T_Ks": [[0.6756354900893494]], "S_T_Q": [[0.3333829007316232]], "S_T_max_Ks": [[0.7269466675869967]], "S_T_max_Q": [[0.3612778608918995]]}