{"S_min_Ks": [[0.6061305999359731]], "S_min_Q": [[0.3005171099834287]], "S_Ks": [[0.6510280724456554]], "S_Q": [[0.346605523868375]], "S_max_Ks": [[0.6998588745256825]], "S_max_Q": [[0.388194751605072]], "S_T_min_Ks": [[0.5947278803682762]], "S_T_min_Q": [[0.3307602116798174]], "S_T_Ks": [[0.671961535109553]], "S_T_Q": [[0.3683947941824446]], "S_T_max_Ks": [[0.7564783405098493]], "S_T_max_Q": [[0.4078854566135767]]}