{"S_Ks": [[0.6716406252695045]], "S_Q": [[0.351671928774572]], "S_T_Ks": [[0.6756354900893494]], "S_T_Q": [[0.3333829007316232]]}