{"S_Ks": [[0.6510280724456554]], "S_Q": [[0.346605523868375]], "S_T_Ks": [[0.671961535109553]], "S_T_Q": [[0.3683947941824446]]}