{"Min": [[14.031074999657172]], "SD_min": [[16.220776680499764]], "Mean": [[17.310113361016654]], "SD_max": [[18.399450041533544]], "Max": [[20.61991088230679]]}