{"Min": [[13.166164952105387]], "SD_min": [[16.838551531598675]], "Mean": [[18.081755450832826]], "SD_max": [[19.324959370066978]], "Max": [[21.38848676246172]]}