{"Min": [[14.031074976755185]], "SD_min": [[16.220776679942695]], "Mean": [[17.31011336081129]], "SD_max": [[18.399450041679884]], "Max": [[20.619910909848564]]}