{"Min": [[14.031074996025104]], "SD_min": [[16.220776678537458]], "Mean": [[17.310113359528476]], "SD_max": [[18.399450040519493]], "Max": [[20.619910844981582]]}