{"Min": [[12.32305092140276]], "SD_min": [[17.70369745605681]], "Mean": [[19.10943125236941]], "SD_max": [[20.515165048682015]], "Max": [[22.238690730421318]]}