{"output": [[13.166164952105387, 13.249218707765552, 13.332272463425717, 13.415326219085882, 13.498379974746047, 13.581433730406212, 13.664487486066376, 13.747541241726541, 13.830594997386706, 13.913648753046871, 13.996702508707036, 14.079756264367202, 14.162810020027367, 14.245863775687532, 14.328917531347697, 14.411971287007862, 14.495025042668026, 14.57807879832819, 14.661132553988356, 14.744186309648521, 14.827240065308686, 14.910293820968851, 14.993347576629017, 15.076401332289182, 15.159455087949347, 15.242508843609512, 15.325562599269677, 15.40861635492984, 15.491670110590007, 15.57472386625017, 15.657777621910336, 15.740831377570501, 15.823885133230666, 15.906938888890831, 15.989992644550997, 16.07304640021116, 16.156100155871325, 16.239153911531492, 16.322207667191655, 16.405261422851822, 16.488315178511986, 16.571368934172153, 16.654422689832316, 16.737476445492483, 16.820530201152646, 16.90358395681281, 16.986637712472977, 17.06969146813314, 17.152745223793307, 17.23579897945347, 17.318852735113637, 17.4019064907738, 17.484960246433964, 17.56801400209413, 17.651067757754298, 17.73412151341446, 17.817175269074625, 17.90022902473479, 17.983282780394955, 18.066336536055122, 18.149390291715285, 18.232444047375452, 18.315497803035615, 18.39855155869578, 18.481605314355946, 18.564659070016113, 18.647712825676276, 18.73076658133644, 18.813820336996606, 18.89687409265677, 18.979927848316937, 19.0629816039771, 19.146035359637267, 19.22908911529743, 19.312142870957594, 19.39519662661776, 19.478250382277928, 19.56130413793809, 19.644357893598254, 19.72741164925842, 19.810465404918585, 19.89351916057875, 19.976572916238915, 20.059626671899082, 20.142680427559245, 20.22573418321941, 20.308787938879576, 20.391841694539742, 20.474895450199906, 20.55794920586007, 20.641002961520236, 20.7240567171804, 20.807110472840566, 20.89016422850073, 20.973217984160897, 21.05627173982106, 21.139325495481224, 21.22237925114139, 21.305433006801557, 21.38848676246172]], "PDF": [[0.00021896018171696245, 0.00021577211156652987, 0.000210946139303013, 0.00025205613413538136, 0.0003830669644036226, 0.0006182907833112372, 0.000932878544757644, 0.0012808848353344105, 0.001631878200334398, 0.001996037485555447, 0.002415228245428213, 0.002930357883403472, 0.003552613002176161, 0.004255838147270108, 0.004996630146901747, 0.005761777265373369, 0.006620025036123382, 0.007735558135447432, 0.00932151272465298, 0.011552563423810898, 0.014469043669506925, 0.01791090119719183, 0.02155108404730757, 0.025079200684631264, 0.028437641108192985, 0.031878467253506966, 0.03573854036764761, 0.04014517595624849, 0.04495768288132972, 0.04997677520775801, 0.055184044729886715, 0.06081657220681935, 0.06726240416372387, 0.07484167601731052, 0.08357498600156002, 0.09309449763951898, 0.10281207894898402, 0.11229019494546714, 0.12157222359066334, 0.13116002189047934, 0.1415411611818149, 0.15262844705038875, 0.16369632354709177, 0.1739413127791492, 0.1830840836065753, 0.19142584470360358, 0.19951868860664515, 0.20800294553071902, 0.21763714922519123, 0.22902033366552157, 0.24192461310860777, 0.25494205196722663, 0.26607067120118094, 0.27390087597757434, 0.27841207493438325, 0.2807662314275615, 0.2823846722227851, 0.28415277455558513, 0.28637403067450184, 0.2892616875433425, 0.293138851839492, 0.29793803132752894, 0.302651687537948, 0.3056352645433855, 0.30561143526242834, 0.3023122565113128, 0.2962456046391471, 0.2881893306991591, 0.2790218763977667, 0.269640495045865, 0.26059899305113315, 0.25183274632772573, 0.242964780868002, 0.23387385108254574, 0.2248053263323427, 0.21594243614732753, 0.2070159025301732, 0.19735572091007914, 0.18623399804224047, 0.17319339871534248, 0.15825846061180535, 0.14199574135936874, 0.12532947784971288, 0.10915743587348369, 0.09403441459090084, 0.08013669151476399, 0.0674449684450884, 0.05593348218252371, 0.045632597889832836, 0.03658424393980604, 0.028790453229500378, 0.02221941815305598, 0.01683795772042871, 0.012604704024981971, 0.009418642377517104, 0.007083090658116617, 0.005338055774897972, 0.00394852677670159, 0.0027811383207292607, 0.0018113129673582792]]}