{"output": [[14.031074999657172, 14.097628897461712, 14.164182795266255, 14.230736693070796, 14.297290590875338, 14.363844488679879, 14.430398386484422, 14.496952284288962, 14.563506182093505, 14.630060079898046, 14.696613977702587, 14.76316787550713, 14.82972177331167, 14.896275671116213, 14.962829568920753, 15.029383466725296, 15.095937364529837, 15.16249126233438, 15.22904516013892, 15.295599057943463, 15.362152955748003, 15.428706853552544, 15.495260751357087, 15.561814649161628, 15.62836854696617, 15.694922444770711, 15.761476342575254, 15.828030240379794, 15.894584138184337, 15.961138035988878, 16.02769193379342, 16.09424583159796, 16.160799729402502, 16.227353627207044, 16.293907525011587, 16.360461422816126, 16.42701532062067, 16.49356921842521, 16.560123116229754, 16.626677014034293, 16.693230911838835, 16.759784809643378, 16.826338707447917, 16.89289260525246, 16.959446503057002, 17.026000400861545, 17.092554298666084, 17.159108196470626, 17.22566209427517, 17.29221599207971, 17.35876988988425, 17.425323787688793, 17.491877685493336, 17.558431583297875, 17.624985481102417, 17.69153937890696, 17.758093276711502, 17.82464717451604, 17.891201072320584, 17.957754970125126, 18.02430886792967, 18.090862765734208, 18.15741666353875, 18.223970561343293, 18.290524459147832, 18.357078356952375, 18.423632254756917, 18.49018615256146, 18.556740050366002, 18.62329394817054, 18.689847845975084, 18.756401743779627, 18.822955641584166, 18.88950953938871, 18.95606343719325, 19.02261733499779, 19.089171232802332, 19.155725130606875, 19.222279028411418, 19.28883292621596, 19.3553868240205, 19.42194072182504, 19.488494619629584, 19.555048517434123, 19.621602415238666, 19.68815631304321, 19.754710210847747, 19.82126410865229, 19.887818006456833, 19.954371904261375, 20.020925802065918, 20.087479699870457, 20.154033597675, 20.220587495479542, 20.28714139328408, 20.353695291088624, 20.420249188893166, 20.486803086697705, 20.553356984502248, 20.61991088230679]], "PDF": [[0.0007037985186338163, 0.0009005009785274591, 0.0011304287168004317, 0.0014862774756482235, 0.0020867291306570597, 0.003029555245049041, 0.00435322903357695, 0.006030348563499257, 0.008002019500799028, 0.0102275038128114, 0.012711269636462935, 0.015513478187792768, 0.018774924554402085, 0.022723119665254768, 0.027589145481178683, 0.03348518547731387, 0.04040100900559638, 0.04834439147289801, 0.05744422546092228, 0.06786158606142945, 0.0795554325018032, 0.09211212385911947, 0.10488154940950435, 0.11743679492274238, 0.12994580365003347, 0.14298085829816487, 0.1568944548579154, 0.171447196143112, 0.1861154182743565, 0.20074089625547528, 0.21579437623983386, 0.23191081306384495, 0.24913076016736355, 0.2666152233711645, 0.28306775629913866, 0.2973453863956472, 0.30872459543228775, 0.3168947215265659, 0.32201628421247924, 0.32482634414296613, 0.32647497003170384, 0.32797243259261255, 0.32954532872281145, 0.3304348689071764, 0.3294756587274654, 0.32615987975653493, 0.32130751415491715, 0.3166683529557486, 0.3137692975397738, 0.3129972108027195, 0.31350320366515433, 0.31372440332610146, 0.3120755505318466, 0.3075219097992099, 0.29990165673349317, 0.2900295681663054, 0.2796208609823846, 0.27083749382186945, 0.26534841121602804, 0.2633908398264744, 0.2635550766799841, 0.26346374823091956, 0.2609067914567988, 0.25485239312216224, 0.24585062819748324, 0.23556235162031733, 0.22566261351798492, 0.21690783894812116, 0.2090067028540192, 0.20116121208942875, 0.19269091824889353, 0.18333946237959267, 0.17319068886061434, 0.1623772187463449, 0.1509205265190728, 0.1388522005059274, 0.12637369651460684, 0.11378461367243256, 0.10129893582095584, 0.08906553844087833, 0.0773877056051279, 0.06677698600822653, 0.0576515856491173, 0.04996941975634827, 0.04321208487719065, 0.036787192476529576, 0.030507130194348607, 0.024704558319818423, 0.019871626330081164, 0.01619425819970004, 0.013443291595365474, 0.011240218771219978, 0.009322911956472888, 0.007577784236167056, 0.005959421596856843, 0.004466726366876023, 0.0031552431051642296, 0.0021019586420031005, 0.0013387238345246193, 0.0008273596587635326]]}