{"output": [[14.031074976755185, 14.09762887506926, 14.164182773383335, 14.230736671697409, 14.297290570011484, 14.363844468325558, 14.430398366639633, 14.496952264953707, 14.563506163267782, 14.630060061581856, 14.696613959895931, 14.763167858210005, 14.82972175652408, 14.896275654838155, 14.962829553152229, 15.029383451466304, 15.095937349780378, 15.162491248094453, 15.229045146408527, 15.295599044722602, 15.362152943036676, 15.42870684135075, 15.495260739664825, 15.5618146379789, 15.628368536292975, 15.694922434607049, 15.761476332921124, 15.828030231235198, 15.894584129549273, 15.961138027863347, 16.027691926177422, 16.094245824491495, 16.16079972280557, 16.227353621119644, 16.29390751943372, 16.360461417747793, 16.42701531606187, 16.493569214375942, 16.560123112690018, 16.62667701100409, 16.693230909318167, 16.75978480763224, 16.826338705946316, 16.89289260426039, 16.959446502574465, 17.026000400888538, 17.092554299202614, 17.159108197516687, 17.225662095830764, 17.292215994144836, 17.358769892458913, 17.425323790772985, 17.49187768908706, 17.558431587401135, 17.62498548571521, 17.691539384029284, 17.75809328234336, 17.824647180657433, 17.89120107897151, 17.957754977285582, 18.024308875599658, 18.09086277391373, 18.157416672227807, 18.22397057054188, 18.290524468855956, 18.35707836717003, 18.423632265484105, 18.490186163798178, 18.556740062112254, 18.623293960426327, 18.689847858740404, 18.756401757054476, 18.822955655368553, 18.889509553682625, 18.9560634519967, 19.022617350310774, 19.08917124862485, 19.155725146938924, 19.222279045253, 19.288832943567073, 19.35538684188115, 19.42194074019522, 19.488494638509298, 19.55504853682337, 19.621602435137447, 19.68815633345152, 19.754710231765596, 19.82126413007967, 19.887818028393745, 19.954371926707818, 20.020925825021894, 20.087479723335967, 20.154033621650044, 20.220587519964116, 20.287141418278193, 20.353695316592265, 20.42024921490634, 20.486803113220414, 20.553357011534487, 20.619910909848564]], "PDF": [[0.0007037986442430287, 0.000900500439694211, 0.001130426421801092, 0.0014862729144192058, 0.0020867226821995595, 0.003029548025198207, 0.0043532223033319216, 0.006030342918944308, 0.008002014560618205, 0.010227498714321579, 0.012711263400639593, 0.01551346932406742, 0.018774911292955193, 0.022723101806304394, 0.027589125367330214, 0.03348516560185349, 0.040400988985580255, 0.04834436876567373, 0.05744419921035427, 0.06786156001743818, 0.07955541399127058, 0.09211211789561582, 0.10488155195844119, 0.11743679421873622, 0.12994579149357655, 0.14298083906211917, 0.1568944405134534, 0.17144719252913154, 0.1861154181259964, 0.20074088683116906, 0.2157943539566226, 0.23191078954717073, 0.24913075273309274, 0.26661524074350473, 0.28306779510663976, 0.29734543857352846, 0.30872465365023977, 0.31689477730689375, 0.3220163265479472, 0.3248263647798684, 0.32647497127250313, 0.32797242936112986, 0.3295453402573592, 0.3304349035061272, 0.329475703821502, 0.32615990933209554, 0.321307509956518, 0.3166683194777628, 0.31376925695001207, 0.31299718654566816, 0.3135032089185101, 0.3137244382568847, 0.3120756046579831, 0.3075219668617383, 0.29990169876595935, 0.2900295782627926, 0.2796208302330439, 0.27083743127220006, 0.26534834423743875, 0.2633907998212863, 0.2635550817587684, 0.263463794887941, 0.26090685712865175, 0.25485244759031883, 0.2458506503407842, 0.23556234169410983, 0.22566258978014947, 0.21690782152461496, 0.20900670085452902, 0.2011612226614087, 0.19269093296506115, 0.18333947471369985, 0.17319069822701594, 0.16237722773215552, 0.15092053501022476, 0.13885220497271863, 0.12637369499255785, 0.11378460815844926, 0.10129892793802912, 0.08906552517054372, 0.07738768266838811, 0.06677695517070359, 0.057651555986833206, 0.049969400572361905, 0.04321207747540632, 0.03678718874657041, 0.030507119856001286, 0.024704538419916246, 0.019871603206685903, 0.016194240075446134, 0.01344328106265523, 0.011240213177843275, 0.00932290837336674, 0.007577781536591102, 0.005959419025737399, 0.004466722787015296, 0.0031552380705527436, 0.0021019530574347763, 0.0013387190755125911, 0.0008273563702395309]]}