{"output": [[12.32305092140276, 12.423208899271636, 12.523366877140509, 12.623524855009384, 12.723682832878257, 12.823840810747132, 12.923998788616007, 13.02415676648488, 13.124314744353756, 13.224472722222629, 13.324630700091504, 13.424788677960379, 13.524946655829252, 13.625104633698127, 13.725262611567, 13.825420589435875, 13.92557856730475, 14.025736545173624, 14.125894523042499, 14.226052500911372, 14.326210478780247, 14.426368456649122, 14.526526434517995, 14.62668441238687, 14.726842390255744, 14.827000368124619, 14.927158345993494, 15.027316323862367, 15.12747430173124, 15.227632279600115, 15.32779025746899, 15.427948235337865, 15.528106213206739, 15.628264191075612, 15.728422168944487, 15.828580146813362, 15.928738124682237, 16.02889610255111, 16.129054080419984, 16.22921205828886, 16.329370036157734, 16.42952801402661, 16.529685991895484, 16.629843969764355, 16.73000194763323, 16.830159925502105, 16.93031790337098, 17.030475881239852, 17.130633859108727, 17.230791836977602, 17.330949814846477, 17.431107792715352, 17.531265770584227, 17.6314237484531, 17.731581726321973, 17.83173970419085, 17.93189768205972, 18.032055659928595, 18.13221363779747, 18.232371615666345, 18.33252959353522, 18.432687571404095, 18.53284554927297, 18.63300352714184, 18.733161505010717, 18.833319482879592, 18.933477460748463, 19.03363543861734, 19.133793416486213, 19.23395139435509, 19.334109372223963, 19.43426735009284, 19.534425327961713, 19.634583305830585, 19.73474128369946, 19.834899261568335, 19.935057239437207, 20.03521521730608, 20.135373195174957, 20.23553117304383, 20.335689150912707, 20.43584712878158, 20.536005106650457, 20.63616308451933, 20.736321062388203, 20.836479040257075, 20.93663701812595, 21.036794995994825, 21.1369529738637, 21.237110951732575, 21.33726892960145, 21.437426907470325, 21.5375848853392, 21.63774286320807, 21.737900841076947, 21.838058818945818, 21.938216796814693, 22.038374774683568, 22.138532752552443, 22.238690730421318]], "PDF": [[0.00040069842578563755, 0.0005512024100914804, 0.0006924352818996834, 0.0008161178071618863, 0.0009440478667432716, 0.0010982072304128471, 0.0012318305250871293, 0.0012574652339518032, 0.0011526506535191963, 0.0010351882078539617, 0.0011072727323851225, 0.0014458500555758693, 0.0019139782886049151, 0.002433829543173509, 0.003202057517485767, 0.004373741962426445, 0.005656629621361989, 0.006492143409516938, 0.006675095533963975, 0.006625319700883439, 0.006921702930747, 0.0077223643168147435, 0.008746043596431281, 0.009624229900043978, 0.010198941485503033, 0.010581336869278793, 0.011051799865288878, 0.012045660032245439, 0.01393855850842815, 0.016467434767200546, 0.01871360651890301, 0.020057018721026484, 0.020889135730246085, 0.022053258045082427, 0.02385498533068025, 0.026150630223189895, 0.02907079333301745, 0.03286520409824473, 0.037242205393198224, 0.04157121439129394, 0.04573508039623503, 0.05019410297340978, 0.055082110365733364, 0.05985607646860368, 0.06391752625015282, 0.06706020932578509, 0.06962146754414753, 0.07259211357978466, 0.07693317036792409, 0.0826005779280485, 0.08897731384755223, 0.09606429416860218, 0.10429845778634587, 0.1135050546442682, 0.12295195233806128, 0.13225319168312957, 0.14171073886302035, 0.15184055620407738, 0.16299341188188807, 0.17576960681389686, 0.1909722994929833, 0.20826434443299463, 0.22542490652577543, 0.23972296181500183, 0.25050664876603174, 0.26015472447802457, 0.2717185643456055, 0.2859351402823632, 0.301197213633702, 0.3155405327752096, 0.32697701209968283, 0.3327424083191158, 0.33100978081433907, 0.3234135574947062, 0.3137907536031027, 0.3044325167220952, 0.29480220472281904, 0.2836932616332087, 0.27138521816881866, 0.25906396091621575, 0.24721537239279753, 0.23549418235222327, 0.22313012530236398, 0.2091528763163971, 0.19315664516804934, 0.17546506269455595, 0.15615360293003636, 0.13503524361742952, 0.11284087294572366, 0.09135358406804699, 0.07209975572152551, 0.05537536079368164, 0.04089693571639257, 0.028929097957097652, 0.019958517634007005, 0.013679186366909303, 0.00913843161437751, 0.005648521338483814, 0.003085829191804751, 0.0014682233175161681]]}