{"output": [[14.031074996025104, 14.097628893489311, 14.164182790953518, 14.230736688417725, 14.297290585881932, 14.363844483346139, 14.430398380810345, 14.496952278274552, 14.563506175738759, 14.630060073202966, 14.696613970667173, 14.76316786813138, 14.829721765595586, 14.896275663059793, 14.962829560524, 15.029383457988207, 15.095937355452413, 15.16249125291662, 15.229045150380827, 15.295599047845034, 15.36215294530924, 15.428706842773448, 15.495260740237654, 15.561814637701861, 15.628368535166068, 15.694922432630277, 15.761476330094483, 15.82803022755869, 15.894584125022897, 15.961138022487104, 16.02769191995131, 16.094245817415516, 16.160799714879722, 16.22735361234393, 16.293907509808136, 16.360461407272343, 16.42701530473655, 16.493569202200757, 16.560123099664963, 16.626676997129174, 16.693230894593377, 16.759784792057587, 16.82633868952179, 16.892892586986, 16.959446484450204, 17.026000381914415, 17.092554279378618, 17.159108176842828, 17.22566207430703, 17.292215971771242, 17.35876986923545, 17.425323766699655, 17.491877664163862, 17.55843156162807, 17.624985459092276, 17.691539356556483, 17.75809325402069, 17.824647151484896, 17.891201048949103, 17.95775494641331, 18.024308843877517, 18.090862741341724, 18.15741663880593, 18.223970536270137, 18.290524433734344, 18.35707833119855, 18.423632228662758, 18.490186126126964, 18.55674002359117, 18.623293921055378, 18.689847818519585, 18.75640171598379, 18.822955613448, 18.889509510912205, 18.956063408376412, 19.02261730584062, 19.089171203304826, 19.155725100769033, 19.22227899823324, 19.288832895697446, 19.355386793161653, 19.42194069062586, 19.488494588090067, 19.555048485554273, 19.62160238301848, 19.688156280482687, 19.754710177946894, 19.8212640754111, 19.887817972875308, 19.954371870339514, 20.02092576780372, 20.087479665267928, 20.154033562732135, 20.22058746019634, 20.28714135766055, 20.353695255124755, 20.420249152588962, 20.48680305005317, 20.553356947517376, 20.619910844981582]], "PDF": [[0.0007037987012287261, 0.0009005001890076836, 0.001130425345490507, 0.0014862707835688518, 0.002086719701957849, 0.003029544752144345, 0.00435321935421865, 0.006030340584290606, 0.008002012663124192, 0.010227496848640737, 0.01271126109891874, 0.01551346586222331, 0.018774905822552423, 0.022723094268032228, 0.027589116942305553, 0.03348515750617865, 0.04040098098504129, 0.048344359555559685, 0.057444188322925374, 0.06786154924477965, 0.07955540685273646, 0.0921121167377751, 0.10488155468637048, 0.11743679500046741, 0.1299457863196431, 0.14298083012007443, 0.15689443369951794, 0.17144719071360429, 0.18611541776286056, 0.20074088170612905, 0.21579434234861739, 0.23191077719496678, 0.24913074819677497, 0.26661524842099715, 0.2830678134850301, 0.29734546378630017, 0.3087246820801887, 0.31689480467044173, 0.3220163472912163, 0.32482637475727516, 0.32647497162113515, 0.3279724275207269, 0.3295453458919499, 0.3304349209806198, 0.3294757271762327, 0.32615992569586877, 0.32130750988515006, 0.31666830457810036, 0.3137692377938052, 0.312997174807976, 0.3135032115848697, 0.31372445601873555, 0.3120756328525333, 0.3075219977262236, 0.2999017233407978, 0.2900295876666645, 0.2796208191159749, 0.2708374030708991, 0.26534831192575736, 0.26339077922869625, 0.2635550828964847, 0.26346381732887425, 0.26090689068495354, 0.254852477541413, 0.24585066567577693, 0.23556234158515968, 0.22566258253497504, 0.21690781699358364, 0.2090067039653721, 0.20116123256556318, 0.19269094585525826, 0.18333948742688927, 0.17319071039484976, 0.16237724060302836, 0.15092054854458314, 0.13885221734643993, 0.12637370502418818, 0.11378461662570426, 0.10129893549636178, 0.08906553007865203, 0.07738768229616783, 0.06677694977389251, 0.05765154974349794, 0.04996939830988139, 0.04321208039400073, 0.036787193249824136, 0.03050712081260939, 0.024704533964048692, 0.019871596117213272, 0.016194234409157324, 0.01344327836830189, 0.011240212426568953, 0.009322908276953519, 0.007577781612697853, 0.005959418948141158, 0.0044667220145136795, 0.003155236374200137, 0.00210195087325061, 0.0013387170979701954, 0.0008273549608637815]]}