{"S_Ks": [[0.6041811423428562]], "S_Q": [[0.4083470002071745]], "S_T_Ks": [[0.6021891667609772]], "S_T_Q": [[0.4064931941690571]]}