{"S_Ks": [[0.28016509236044257]], "S_Q": [[0.7219296984296326]], "S_T_Ks": [[0.28851339921698727]], "S_T_Q": [[0.72207846444746]]}