{"S_Ks": [[0.47348799369346284]], "S_Q": [[0.546357112794506]], "S_T_Ks": [[0.466477719448473]], "S_T_Q": [[0.5523311042021769]]}