{"S_min_Ks": [[0.44834675813165054]], "S_min_Q": [[0.515907712308797]], "S_Ks": [[0.47348799369346284]], "S_Q": [[0.546357112794506]], "S_max_Ks": [[0.49599442831158225]], "S_max_Q": [[0.571783924869873]], "S_T_min_Ks": [[0.43572166437756926]], "S_T_min_Q": [[0.523076855621864]], "S_T_Ks": [[0.466477719448473]], "S_T_Q": [[0.5523311042021769]], "S_T_max_Ks": [[0.4962757468014604]], "S_T_max_Q": [[0.5807488614160136]]}