{"S_min_Ks": [[0.5745028723866467]], "S_min_Q": [[0.3853123134414723]], "S_Ks": [[0.6041811378750975]], "S_Q": [[0.4083470043360158]], "S_max_Ks": [[0.6283275479707862]], "S_max_Q": [[0.43179264961951286]], "S_T_min_Ks": [[0.5744419328341164]], "S_T_min_Q": [[0.3824022954002378]], "S_T_Ks": [[0.6021891624518196]], "S_T_Q": [[0.4064931985960699]], "S_T_max_Ks": [[0.6327860077198199]], "S_T_max_Q": [[0.4268686696402233]]}