{"S_Ks": [[0.6041811439316601]], "S_Q": [[0.40834699849174666]], "S_T_Ks": [[0.6021891683898876]], "S_T_Q": [[0.406493192584023]]}