{"S_min_Ks": [[0.5745028764932153]], "S_min_Q": [[0.385312309274473]], "S_Ks": [[0.6041811423428562]], "S_Q": [[0.4083470002071745]], "S_max_Ks": [[0.628327552516052]], "S_max_Q": [[0.4317926452147291]], "S_T_min_Ks": [[0.5744419372838399]], "S_T_min_Q": [[0.3824022909571172]], "S_T_Ks": [[0.6021891667609772]], "S_T_Q": [[0.4064931941690571]], "S_T_max_Ks": [[0.6327860119738088]], "S_T_max_Q": [[0.4268686647790644]]}