{"S_Ks": [[0.6041811378750975]], "S_Q": [[0.4083470043360158]], "S_T_Ks": [[0.6021891624518196]], "S_T_Q": [[0.4064931985960699]]}