{"S_min_Ks": [[0.26015523005950963]], "S_min_Q": [[0.6749390770960843]], "S_Ks": [[0.28016509236044257]], "S_Q": [[0.7219296984296326]], "S_max_Ks": [[0.2936227684967941]], "S_max_Q": [[0.7687013356225442]], "S_T_min_Ks": [[0.23947390702910182]], "S_T_min_Q": [[0.6835522590703773]], "S_T_Ks": [[0.28851339921698727]], "S_T_Q": [[0.72207846444746]], "S_T_max_Ks": [[0.3235843877175349]], "S_T_max_Q": [[0.7541649767334615]]}