{"S_min_Ks": [[0.5745028781869596]], "S_min_Q": [[0.38531230765644614]], "S_Ks": [[0.6041811439316601]], "S_Q": [[0.40834699849174666]], "S_max_Ks": [[0.6283275541639576]], "S_max_Q": [[0.43179264343134555]], "S_T_min_Ks": [[0.574441939093948]], "S_T_min_Q": [[0.3824022894890786]], "S_T_Ks": [[0.6021891683898876]], "S_T_Q": [[0.406493192584023]], "S_T_max_Ks": [[0.632786013486499]], "S_T_max_Q": [[0.42686866326505546]]}