{"y": [16000.0, 16000.0, 16000.0, 16000.0, 8000.0, 16000.0, 24000.0, 32000.0, 0.9610126544301609, 1.0, -0.7341597028601481, -0.6995503490062317, 6.676869985531662, 8.345191386369, -2.3994837541099914, -0.515417997511787], "x": [8000.0, 8000.0, 8000.0, 8000.0, 8000.0, 16000.0, 24000.0, 32000.0, 1.0, 0.9610126544301609, -0.5318023547186485, -0.48110020313970214, 5.784306870541922, 6.676869985531662, -1.4470550024853397, -0.29510981511108414], "Covariance": [32000.0, 32000.0, 32000.0, 32000.0, 8000.0, 16000.0, 24000.0, 32000.0, -0.48110020313970214, -0.6995503490062317, 0.990735955671558, 1.0, -0.29510981511108414, -0.515417997511787, 0.28588376708240304, 0.06504964072847597], "Correlation-YY": [24000.0, 24000.0, 24000.0, 24000.0, 8000.0, 16000.0, 24000.0, 32000.0, -0.5318023547186485, -0.7341597028601481, 1.0, 0.990735955671558, -1.4470550024853397, -2.3994837541099914, 1.2800243777002207, 0.28588376708240304]}