{"SD_max": [0.2268586366445562, -9.724906933951203, 6.063617137971057, -5.239732324963093], "Min": [16000.0, -9.965495547013408, 2.7659661715172965, -9.4496620258247], "Max": [-1.0111297851694006, -9.994301640873829, 5.95672418874549, -8.839749459260194], "SD_min": [24000.0, 0.7241690791819249, -8.517194503194787, 16.211314197407866], "x": [8000.0, -9.758765036417294, 3.3938931085764907, -7.309482072438371], "Mean": [32000.0, -0.42479184571089723, -9.721981833349265, 16.207888060236286]}