{"S_Q": [0.1668567545164288], "S_T_min_Q": [0.26750546317272217], "S_max_Q": [0.24661149706629934], "S_T_max_Ks": [1.0607424405391541], "S_T_min_Ks": [0.7549516588544274], "S_min_Ks": [0.5570485435223803], "S_min_Q": [0.08847959655801158], "S_T_Ks": [0.8813565648612283], "S_T_Q": [0.35391370517367005], "S_max_Ks": [0.745865235644869], "S_T_max_Q": [0.4153406114719448], "S_Ks": [0.6520854926540498]}