{"S_Q": [24000.0, 0.4553132751054536, 0.9306526405435644, 0.03305802118820919], "x": [8000.0, 0.22823669505489522, 0.9037298132260642, 0.045082509147714854], "S_T_Q": [0.5573496870584067, 0.14218698531340593, 0.950018477305557, 0.04500175095518268], "S_Ks": [16000.0, 0.8357469290135153, 0.32622793095253105, 0.9382584412523406], "S_T_Ks": [32000.0, 0.6793111894405368, 0.03604953066930121, 0.9505847497398531]}