{"Min": [[10.353040838444988]], "SD_min": [[12.956415647375875]], "Mean": [[13.443498377466545]], "SD_max": [[13.930581107557215]], "Max": [[14.540273635613906]]}