{"Min": [[8.603875828791663]], "SD_min": [[12.113410317764895]], "Mean": [[12.920296515632549]], "SD_max": [[13.727182713500202]], "Max": [[14.319308191589064]]}