{"output": [[8.603875828791663, 8.66160746881992, 8.719339108848176, 8.777070748876433, 8.83480238890469, 8.892534028932946, 8.950265668961203, 9.00799730898946, 9.065728949017716, 9.123460589045973, 9.18119222907423, 9.238923869102486, 9.296655509130742, 9.354387149158999, 9.412118789187256, 9.469850429215512, 9.527582069243769, 9.585313709272025, 9.643045349300282, 9.700776989328538, 9.758508629356795, 9.816240269385052, 9.873971909413308, 9.931703549441565, 9.989435189469821, 10.047166829498078, 10.104898469526335, 10.162630109554591, 10.220361749582848, 10.278093389611104, 10.335825029639361, 10.393556669667618, 10.451288309695874, 10.50901994972413, 10.566751589752387, 10.624483229780644, 10.682214869808899, 10.739946509837157, 10.797678149865412, 10.85540978989367, 10.913141429921925, 10.970873069950184, 11.028604709978438, 11.086336350006697, 11.144067990034952, 11.20179963006321, 11.259531270091465, 11.317262910119723, 11.374994550147978, 11.432726190176236, 11.490457830204491, 11.54818947023275, 11.605921110261004, 11.663652750289263, 11.721384390317517, 11.779116030345774, 11.83684767037403, 11.894579310402287, 11.952310950430544, 12.0100425904588, 12.067774230487057, 12.125505870515314, 12.18323751054357, 12.240969150571827, 12.298700790600083, 12.35643243062834, 12.414164070656597, 12.471895710684853, 12.52962735071311, 12.587358990741366, 12.645090630769623, 12.70282227079788, 12.760553910826136, 12.818285550854393, 12.87601719088265, 12.933748830910906, 12.991480470939162, 13.049212110967419, 13.106943750995676, 13.164675391023932, 13.222407031052189, 13.280138671080445, 13.337870311108702, 13.395601951136959, 13.453333591165215, 13.511065231193472, 13.568796871221728, 13.626528511249985, 13.684260151278242, 13.741991791306498, 13.799723431334755, 13.857455071363011, 13.915186711391268, 13.972918351419525, 14.030649991447781, 14.088381631476038, 14.146113271504294, 14.203844911532551, 14.261576551560808, 14.319308191589064]], "PDF": [[0.0007346116686769282, 0.000839560217753502, 0.0007559308428747855, 0.0006697512965636096, 0.0007746091168521521, 0.001041509498066523, 0.001275803231699161, 0.0013015119064031496, 0.0011754330920948244, 0.0010657237296642322, 0.0009571375316631478, 0.0009245308776829967, 0.001382987348940575, 0.0025726377474931937, 0.003971329097502816, 0.004971943059143988, 0.005869140500940582, 0.006983454963094961, 0.007973848882933548, 0.008833008337708077, 0.009860914809779037, 0.010599410395791225, 0.010470598912943193, 0.010103572609663204, 0.010195450560709671, 0.010373641220915844, 0.01066710586256196, 0.01170019974272794, 0.013191463471875435, 0.014273501998610659, 0.015016117942068514, 0.016544579317255254, 0.019253881052361106, 0.022402944315531886, 0.026121196484828815, 0.03133300105289206, 0.03744854897978637, 0.04213021594987732, 0.04382167623200711, 0.04403579389553835, 0.04510746681180445, 0.0467278578903557, 0.04808111521688258, 0.050274681008446405, 0.05459309037612905, 0.060471178549785905, 0.06584845733924026, 0.06992685098660693, 0.07533204147276956, 0.08515507214660546, 0.09712582800326211, 0.10543191218011559, 0.10915496707720915, 0.11353692756760315, 0.12160653428916839, 0.13118729994596492, 0.1414766978113581, 0.15344372341236878, 0.1652243823323503, 0.17520141341908207, 0.18562248015262567, 0.19814355802235653, 0.2107023437618934, 0.22171234539935697, 0.23396460789767773, 0.2525231020576749, 0.2768571252586734, 0.29886460572340534, 0.31335374592190446, 0.32465634446488645, 0.3394109089262499, 0.3604097513228474, 0.3877745408438897, 0.41847473589762596, 0.4484592551730394, 0.47909097800601963, 0.5130155710132025, 0.5453566226412935, 0.5702558797544597, 0.5899260930293191, 0.6076048828428264, 0.622883803320069, 0.6357013793752871, 0.6452616641132775, 0.6486292805689836, 0.6430975498342556, 0.6261742846380822, 0.5966489864521899, 0.5562553911988546, 0.5036296787534685, 0.43684785284022526, 0.36327502144519586, 0.29157597970605426, 0.22207796143150726, 0.15594980057747418, 0.10001330020747494, 0.059245327370962025, 0.032697493901713885, 0.016315415489464087, 0.006864615617166862]]}