{"output": [[10.353040838444988, 10.395336119224472, 10.437631400003957, 10.479926680783441, 10.522221961562924, 10.564517242342408, 10.606812523121892, 10.649107803901376, 10.69140308468086, 10.733698365460345, 10.775993646239828, 10.818288927019312, 10.860584207798796, 10.90287948857828, 10.945174769357765, 10.987470050137249, 11.029765330916732, 11.072060611696216, 11.1143558924757, 11.156651173255185, 11.198946454034669, 11.241241734814153, 11.283537015593637, 11.32583229637312, 11.368127577152604, 11.410422857932089, 11.452718138711573, 11.495013419491057, 11.53730870027054, 11.579603981050024, 11.621899261829508, 11.664194542608993, 11.706489823388477, 11.748785104167961, 11.791080384947445, 11.833375665726928, 11.875670946506412, 11.917966227285897, 11.960261508065381, 12.002556788844865, 12.04485206962435, 12.087147350403832, 12.129442631183316, 12.1717379119628, 12.214033192742285, 12.25632847352177, 12.298623754301254, 12.340919035080738, 12.38321431586022, 12.425509596639705, 12.467804877419189, 12.510100158198673, 12.552395438978158, 12.59469071975764, 12.636986000537124, 12.679281281316609, 12.721576562096093, 12.763871842875577, 12.806167123655062, 12.848462404434546, 12.89075768521403, 12.933052965993513, 12.975348246772997, 13.017643527552481, 13.059938808331966, 13.102234089111448, 13.144529369890932, 13.186824650670417, 13.229119931449901, 13.271415212229385, 13.31371049300887, 13.356005773788354, 13.398301054567838, 13.44059633534732, 13.482891616126805, 13.52518689690629, 13.567482177685774, 13.609777458465258, 13.65207273924474, 13.694368020024225, 13.73666330080371, 13.778958581583193, 13.821253862362678, 13.863549143142162, 13.905844423921646, 13.94813970470113, 13.990434985480613, 14.032730266260097, 14.075025547039582, 14.117320827819066, 14.159616108598549, 14.201911389378033, 14.244206670157517, 14.286501950937001, 14.328797231716486, 14.37109251249597, 14.413387793275454, 14.455683074054939, 14.497978354834423, 14.540273635613906]], "PDF": [[0.0008494787043119873, 0.0010539341820842605, 0.0012398230989792989, 0.0013377693987071816, 0.0012517267274360642, 0.0011361898779952697, 0.0011299750408437857, 0.001112700579339959, 0.0009189199065310372, 0.0005657902604246999, 0.00024187209613365802, 9.500634064884185e-05, 0.00017675965149573423, 0.0005952188090088887, 0.0014265713642668092, 0.002506290213171371, 0.0037902192688224552, 0.005680150199156852, 0.008117898050957636, 0.009792614632505454, 0.009437593625741295, 0.007842840977617909, 0.0074023276000766015, 0.009243538055455506, 0.011732671113396362, 0.012605019372748875, 0.01193931250388449, 0.011304874329272286, 0.010942856437843505, 0.01065032208992849, 0.011455937336626202, 0.013805397003208403, 0.016201369985422157, 0.017154463486235446, 0.017172745933988733, 0.017827266203425614, 0.01975137670361622, 0.022647843274953814, 0.026640402550134668, 0.03234388744658208, 0.039306644351815086, 0.04561757631070079, 0.04974664939991409, 0.05230206011004984, 0.05612054413879497, 0.06239738034932786, 0.06779942368456868, 0.06994751031958567, 0.07178383005388489, 0.07710233354833454, 0.08596105531773558, 0.09660640866825417, 0.10968940941162453, 0.1270380395065263, 0.14714616843307746, 0.16604245069716986, 0.1826572770857462, 0.20069460356550328, 0.22404954860451431, 0.2540065739392411, 0.290239960150142, 0.33157370096866406, 0.37676140381111245, 0.4235759180523716, 0.47025817471610837, 0.5193726392172643, 0.5736193363224129, 0.6278637908367738, 0.6759316687387603, 0.7195689666893806, 0.7634810046339277, 0.8125537130585793, 0.8652978430078195, 0.9096879755038542, 0.9385524077903551, 0.9516988461989356, 0.9455197516778894, 0.9239373914563135, 0.901095947065816, 0.8803293620069013, 0.8533371866747651, 0.8169324204952998, 0.7747664820119147, 0.7303889737442494, 0.6836505982829215, 0.6291220789723281, 0.5604604248101911, 0.4807496502302399, 0.40337944638957585, 0.33658658467056135, 0.27539125317661955, 0.21460809945069836, 0.1576993263603323, 0.10993276670293012, 0.0734546268442797, 0.04785464513574295, 0.03060031370162586, 0.018566295488857753, 0.01000875700161325, 0.004534977990655621]]}