{"S_min_Ks": [[0.5308123251955613]], "S_min_Q": [[0.36077680493623904]], "S_Ks": [[0.5580391012383695]], "S_Q": [[0.39566175718067725]], "S_max_Ks": [[0.5852866041919106]], "S_max_Q": [[0.43291328016946423]], "S_T_min_Ks": [[0.5463461475220504]], "S_T_min_Q": [[0.3917936013602079]], "S_T_Ks": [[0.604224332090729]], "S_T_Q": [[0.42663462241200956]], "S_T_max_Ks": [[0.6523370774030711]], "S_T_max_Q": [[0.45673976726414084]]}