{"S_min_Ks": [[0.44284379032882]], "S_min_Q": [[0.4359781863943838]], "S_Ks": [[0.4657158841794146]], "S_Q": [[0.47196631227425534]], "S_max_Ks": [[0.48804491557165436]], "S_max_Q": [[0.504710820957723]], "S_T_min_Ks": [[0.47091649984228123]], "S_T_min_Q": [[0.48303994252730065]], "S_T_Ks": [[0.5246917955621029]], "S_T_Q": [[0.5169951126777586]], "S_T_max_Ks": [[0.5635520339172083]], "S_T_max_Q": [[0.5470113647148576]]}