{"S_Ks": [[0.5580391012383695]], "S_Q": [[0.39566175718067725]], "S_T_Ks": [[0.604224332090729]], "S_T_Q": [[0.42663462241200956]]}