{"S_Ks": [[0.4657158841794146]], "S_Q": [[0.47196631227425534]], "S_T_Ks": [[0.5246917955621029]], "S_T_Q": [[0.5169951126777586]]}