{"Min": [[7.579359711752595]], "SD_min": [[14.75307146025682]], "Mean": [[16.685740020855558]], "SD_max": [[18.618408581454297]], "Max": [[18.521922778800437]]}