{"Min": [[7.579365205834215]], "SD_min": [[14.753071524129954]], "Mean": [[16.685740031259424]], "SD_max": [[18.618408538388895]], "Max": [[18.521922710773985]]}