{"Min": [[7.579352409439245]], "SD_min": [[14.753071363436511]], "Mean": [[16.685740003638763]], "SD_max": [[18.618408643841015]], "Max": [[18.521922823366133]]}