{"Min": [[7.579348018371995]], "SD_min": [[14.753071320630474]], "Mean": [[16.685739997660548]], "SD_max": [[18.61840867469062]], "Max": [[18.521922909408367]]}