{"Min": [[7.579351586329032]], "SD_min": [[14.753071358104178]], "Mean": [[16.685740003282334]], "SD_max": [[18.618408648460488]], "Max": [[18.52192284985403]]}