{"output": [[7.579352409439245, 7.689883423721335, 7.800414438003425, 7.910945452285515, 8.021476466567604, 8.132007480849694, 8.242538495131784, 8.353069509413874, 8.463600523695963, 8.574131537978053, 8.684662552260143, 8.795193566542233, 8.905724580824323, 9.016255595106411, 9.126786609388502, 9.237317623670592, 9.347848637952682, 9.458379652234772, 9.56891066651686, 9.67944168079895, 9.78997269508104, 9.90050370936313, 10.01103472364522, 10.121565737927309, 10.232096752209399, 10.34262776649149, 10.45315878077358, 10.56368979505567, 10.674220809337758, 10.784751823619848, 10.895282837901938, 11.005813852184028, 11.116344866466118, 11.226875880748207, 11.337406895030297, 11.447937909312387, 11.558468923594477, 11.668999937876567, 11.779530952158655, 11.890061966440747, 12.000592980722836, 12.111123995004926, 12.221655009287016, 12.332186023569104, 12.442717037851196, 12.553248052133284, 12.663779066415374, 12.774310080697465, 12.884841094979553, 12.995372109261645, 13.105903123543733, 13.216434137825823, 13.326965152107913, 13.437496166390002, 13.548027180672094, 13.658558194954182, 13.769089209236272, 13.879620223518362, 13.99015123780045, 14.100682252082542, 14.21121326636463, 14.32174428064672, 14.432275294928811, 14.5428063092109, 14.653337323492991, 14.76386833777508, 14.87439935205717, 14.98493036633926, 15.095461380621348, 15.20599239490344, 15.316523409185528, 15.427054423467618, 15.537585437749708, 15.648116452031799, 15.758647466313889, 15.869178480595977, 15.979709494878067, 16.090240509160157, 16.20077152344225, 16.311302537724337, 16.421833552006426, 16.532364566288514, 16.642895580570606, 16.753426594852698, 16.863957609134786, 16.974488623416875, 17.085019637698963, 17.195550651981055, 17.306081666263147, 17.416612680545235, 17.527143694827323, 17.63767470910941, 17.748205723391504, 17.858736737673595, 17.969267751955684, 18.079798766237772, 18.19032978051986, 18.300860794801952, 18.411391809084044, 18.521922823366133]], "PDF": [[0.00044325446578538137, 0.0005259557797434646, 0.0006271156393561146, 0.0008166868075693565, 0.0010622775175645437, 0.0012894498063314788, 0.0014955299722500526, 0.0017185893296997302, 0.0019700689549452476, 0.0022507922232733045, 0.002564563477072911, 0.002901890104626784, 0.0032471264478270935, 0.003600798009837184, 0.003995477362617019, 0.004481223563017765, 0.00506415879406803, 0.005685219726068442, 0.006278989834148091, 0.006811428645051404, 0.007295624475488913, 0.007812703317945093, 0.008427840078423975, 0.009092005720731103, 0.009745471458482853, 0.010420750646852451, 0.011104151161071343, 0.011655315566476393, 0.012016248860654137, 0.012381067830998247, 0.013056139357849125, 0.014149609116409938, 0.015376086053765729, 0.016285267512889147, 0.016785409249825505, 0.017225330991268443, 0.017909076350883728, 0.018807061973420754, 0.019686455878822888, 0.02030966706485905, 0.020636091950169588, 0.02091761291436424, 0.02147822132092904, 0.022406178266626078, 0.023532722914394382, 0.02467308079696272, 0.02580106111473776, 0.02697937032932766, 0.02827635875669164, 0.02983025809093317, 0.03182063524852154, 0.03431240229929041, 0.037270459899267805, 0.04070328515646662, 0.044593277489048226, 0.048650685574395384, 0.052337480228796134, 0.055298431338993606, 0.05762773233888788, 0.05958573070968627, 0.061284113207837804, 0.0627407298803175, 0.06404714509025726, 0.06536433743213757, 0.06676322817717387, 0.06823357489325894, 0.06991473328385275, 0.0720627572697802, 0.07478139269769456, 0.07820538501541725, 0.0829217416116095, 0.08955941948250952, 0.09788611451580363, 0.10698625259016192, 0.11626335218109772, 0.12551072964104215, 0.13425930490022628, 0.14206167447259732, 0.1493437108998615, 0.1571095995070216, 0.16584704865719943, 0.17516012724146252, 0.18410533109899138, 0.1917879247089094, 0.1981643095548284, 0.20410488735167268, 0.21052679851799155, 0.2178933659282683, 0.22607493974943077, 0.234042672033866, 0.24042255739519697, 0.2448686281529417, 0.24903360860086723, 0.25882900894332167, 0.2894195325632733, 0.3627024063237393, 0.47865646950436735, 0.5786794276687743, 0.5732864753183633, 0.4389367630517346]]}