{"output": [[7.579351586329032, 7.689882609192921, 7.80041363205681, 7.910944654920699, 8.021475677784588, 8.132006700648477, 8.242537723512365, 8.353068746376254, 8.463599769240144, 8.574130792104032, 8.684661814967921, 8.79519283783181, 8.905723860695698, 9.016254883559588, 9.126785906423477, 9.237316929287365, 9.347847952151254, 9.458378975015144, 9.568909997879032, 9.679441020742921, 9.78997204360681, 9.900503066470698, 10.011034089334586, 10.121565112198477, 10.232096135062365, 10.342627157926254, 10.453158180790142, 10.563689203654032, 10.674220226517921, 10.78475124938181, 10.895282272245698, 11.005813295109586, 11.116344317973475, 11.226875340837365, 11.337406363701254, 11.447937386565142, 11.55846840942903, 11.668999432292921, 11.77953045515681, 11.890061478020698, 12.000592500884586, 12.111123523748475, 12.221654546612363, 12.332185569476252, 12.442716592340142, 12.55324761520403, 12.663778638067921, 12.77430966093181, 12.884840683795698, 12.995371706659586, 13.105902729523475, 13.216433752387363, 13.326964775251252, 13.437495798115142, 13.54802682097903, 13.65855784384292, 13.76908886670681, 13.879619889570698, 13.990150912434586, 14.100681935298475, 14.211212958162363, 14.321743981026252, 14.43227500389014, 14.54280602675403, 14.65333704961792, 14.763868072481808, 14.874399095345698, 14.984930118209586, 15.095461141073475, 15.205992163937363, 15.316523186801252, 15.42705420966514, 15.537585232529029, 15.64811625539292, 15.758647278256808, 15.869178301120696, 15.979709323984585, 16.090240346848475, 16.200771369712363, 16.311302392576252, 16.42183341544014, 16.53236443830403, 16.642895461167917, 16.753426484031806, 16.863957506895694, 16.974488529759583, 17.08501955262347, 17.195550575487363, 17.306081598351252, 17.41661262121514, 17.52714364407903, 17.637674666942917, 17.74820568980681, 17.858736712670698, 17.969267735534586, 18.079798758398475, 18.190329781262363, 18.300860804126252, 18.41139182699014, 18.52192284985403]], "PDF": [[0.00044325426083949044, 0.0005259553463469267, 0.0006271148681136799, 0.0008166857852400952, 0.0010622764308436089, 0.0012894486646751564, 0.0014955286513064162, 0.0017185877950430756, 0.0019700672121982592, 0.0022507902340698016, 0.0025645612542340027, 0.0029018877266195103, 0.0032471239567146734, 0.0036007953217167712, 0.003995474233932207, 0.004481219826323319, 0.005064154660772477, 0.005685215592847623, 0.006278985959268481, 0.006811425105543742, 0.007295620990253657, 0.007812699360824054, 0.008427835661146365, 0.009092001361776568, 0.009745467188999556, 0.010420746230045099, 0.011104147170072881, 0.01165531283144786, 0.012016246953498708, 0.012381065080910171, 0.013056134425942929, 0.014149602595142308, 0.015376080387187048, 0.01628526439171953, 0.016785407539212215, 0.017225328487478635, 0.017909072431229245, 0.018807057576159268, 0.019686452315156998, 0.020309665075651993, 0.02063609090864652, 0.02091761124273182, 0.0214782180706791, 0.022406173885025943, 0.023532718438549923, 0.024673076714003175, 0.02580105725624489, 0.0269793664498169, 0.028276354507987506, 0.02983025282211616, 0.031820628524998416, 0.03431239418714925, 0.03727045036709521, 0.040703273821477724, 0.04459326445166672, 0.04865067213777302, 0.052337468134238535, 0.05529842133077764, 0.0576277241194761, 0.059585723881985096, 0.06128410743506399, 0.06274072458838328, 0.06404713967645773, 0.06536433188590203, 0.06676322321065217, 0.06823357106258468, 0.06991473043790726, 0.07206275527677458, 0.07478139167638709, 0.07820538411016106, 0.08292173872174288, 0.08955941309091722, 0.09788610459959389, 0.10698623915908109, 0.116263334660656, 0.12551070857061358, 0.1342592827410465, 0.1420616538714663, 0.14934369317430474, 0.15710958504738431, 0.16584703746181914, 0.17516011878729618, 0.18410532448735906, 0.1917879189112464, 0.19816430375617894, 0.20410488159393578, 0.2105267932463796, 0.21789336067398377, 0.2260749334968513, 0.2340426649481886, 0.24042255105304228, 0.24486862394119968, 0.2490336061963616, 0.2588290060921607, 0.28941952702901, 0.3627024000680137, 0.4786564682752221, 0.5786794286354235, 0.5732864609735493, 0.4389367230017581]]}