{"output": [[7.579359711752595, 7.689890651823785, 7.800421591894976, 7.910952531966165, 8.021483472037357, 8.132014412108546, 8.242545352179736, 8.353076292250927, 8.463607232322117, 8.574138172393308, 8.684669112464498, 8.795200052535689, 8.905730992606879, 9.01626193267807, 9.12679287274926, 9.23732381282045, 9.34785475289164, 9.45838569296283, 9.568916633034021, 9.679447573105211, 9.7899785131764, 9.900509453247592, 10.011040393318781, 10.121571333389973, 10.232102273461162, 10.342633213532352, 10.453164153603543, 10.563695093674735, 10.674226033745924, 10.784756973817114, 10.895287913888305, 11.005818853959495, 11.116349794030686, 11.226880734101876, 11.337411674173065, 11.447942614244257, 11.558473554315446, 11.669004494386638, 11.779535434457827, 11.890066374529017, 12.000597314600208, 12.1111282546714, 12.221659194742589, 12.332190134813779, 12.442721074884968, 12.55325201495616, 12.66378295502735, 12.77431389509854, 12.88484483516973, 12.99537577524092, 13.105906715312111, 13.216437655383302, 13.326968595454492, 13.437499535525681, 13.548030475596873, 13.658561415668062, 13.769092355739254, 13.879623295810443, 13.990154235881633, 14.100685175952824, 14.211216116024016, 14.321747056095205, 14.432277996166395, 14.542808936237584, 14.653339876308776, 14.763870816379967, 14.874401756451157, 14.984932696522346, 15.095463636593536, 15.205994576664727, 15.316525516735918, 15.427056456807108, 15.537587396878298, 15.648118336949489, 15.758649277020679, 15.86918021709187, 15.97971115716306, 16.09024209723425, 16.20077303730544, 16.31130397737663, 16.42183491744782, 16.53236585751901, 16.642896797590204, 16.75342773766139, 16.863958677732583, 16.974489617803773, 17.085020557874962, 17.195551497946155, 17.30608243801734, 17.416613378088535, 17.527144318159724, 17.637675258230914, 17.748206198302107, 17.858737138373293, 17.969268078444486, 18.079799018515676, 18.190329958586865, 18.30086089865806, 18.411391838729244, 18.521922778800437]], "PDF": [[0.00044325612877701927, 0.0005259591356841704, 0.0006271216095781967, 0.0008166948136862249, 0.0010622861003594507, 0.0012894588023881013, 0.001495540315209608, 0.0017186013241385684, 0.0019700825567113994, 0.002250807701760839, 0.00256458075640685, 0.0029019085881777746, 0.0032471457421882673, 0.0036008187618775094, 0.00399550167535708, 0.004481253104619024, 0.005064192218841266, 0.00568525392775811, 0.006279022453656237, 0.006811458710024727, 0.007295654058329473, 0.0078127366805577, 0.008427877395372242, 0.0090920430794137, 0.009745508564020351, 0.010420789312726312, 0.0111041869135948, 0.011655341719121583, 0.012016268475511308, 0.01238109418938955, 0.013056183840328348, 0.0141496677530197, 0.015376138923244069, 0.016285299625628476, 0.016785428620930583, 0.01722535539063222, 0.017909111528393886, 0.018807100970382077, 0.01968648796524552, 0.0203096855337272, 0.020636101637522518, 0.020917627486420745, 0.021478249851192517, 0.022406217916863393, 0.02353276517776657, 0.024673121484176965, 0.02580110174707137, 0.02697941306496513, 0.028276406489708885, 0.02983031662652927, 0.03182070876551973, 0.0343124898228374, 0.03727055978693209, 0.04070339766693172, 0.044593398300651454, 0.04865080073326407, 0.05233757475459745, 0.05529850273099915, 0.05762778868967148, 0.059585778292615216, 0.06128415318985373, 0.0627407633158066, 0.06404717576598871, 0.06536436894382373, 0.06676326068791005, 0.06823360920437864, 0.06991477467589453, 0.07206280976964288, 0.07478145630299188, 0.0782054653126779, 0.08292185174516276, 0.08955956239610269, 0.09788627405825463, 0.10698641116272137, 0.11626350397237195, 0.1255108704527434, 0.1342594263358658, 0.14206177709369544, 0.1493438090178966, 0.15710970551723935, 0.16584716168074062, 0.17516023684846063, 0.18410542479249806, 0.1917879970669396, 0.19816436747167177, 0.2041049420051823, 0.21052685606564575, 0.2178934267327741, 0.22607499801226277, 0.2340427179815618, 0.24042258661951219, 0.2448686463853591, 0.24903363124406908, 0.25882906833640124, 0.2894196749381751, 0.362702634985139, 0.47865668288273044, 0.5786795100044443, 0.5732864741555515, 0.438936831685809]]}