{"output": [[7.579365205834215, 7.689896089722495, 7.800426973610776, 7.9109578574990564, 8.021488741387337, 8.132019625275618, 8.242550509163898, 8.353081393052179, 8.46361227694046, 8.57414316082874, 8.68467404471702, 8.795204928605301, 8.905735812493582, 9.016266696381862, 9.126797580270143, 9.237328464158422, 9.347859348046702, 9.458390231934983, 9.568921115823263, 9.679451999711544, 9.789982883599825, 9.900513767488105, 10.011044651376386, 10.121575535264666, 10.232106419152947, 10.342637303041228, 10.453168186929508, 10.563699070817789, 10.67422995470607, 10.78476083859435, 10.89529172248263, 11.005822606370911, 11.116353490259192, 11.226884374147472, 11.337415258035753, 11.447946141924033, 11.558477025812312, 11.669007909700593, 11.779538793588873, 11.890069677477154, 12.000600561365435, 12.111131445253715, 12.221662329141996, 12.332193213030276, 12.442724096918557, 12.553254980806837, 12.663785864695118, 12.774316748583399, 12.88484763247168, 12.99537851635996, 13.10590940024824, 13.216440284136521, 13.326971168024802, 13.437502051913082, 13.548032935801363, 13.658563819689643, 13.769094703577924, 13.879625587466204, 13.990156471354485, 14.100687355242766, 14.211218239131046, 14.321749123019327, 14.432280006907607, 14.542810890795888, 14.653341774684169, 14.76387265857245, 14.87440354246073, 14.98493442634901, 15.09546531023729, 15.205996194125571, 15.316527078013852, 15.42705796190213, 15.537588845790411, 15.648119729678692, 15.758650613566973, 15.869181497455253, 15.979712381343534, 16.090243265231813, 16.200774149120093, 16.311305033008374, 16.421835916896654, 16.532366800784935, 16.642897684673216, 16.753428568561496, 16.863959452449777, 16.974490336338057, 17.085021220226338, 17.19555210411462, 17.3060829880029, 17.41661387189118, 17.52714475577946, 17.63767563966774, 17.74820652355602, 17.858737407444302, 17.969268291332583, 18.079799175220863, 18.190330059109144, 18.300860942997424, 18.411391826885705, 18.521922710773985]], "PDF": [[0.0004432574081041826, 0.000525961749237048, 0.0006271262594311363, 0.0008167010299918397, 0.001062292749556795, 0.0012894657759679982, 0.0014955483463302008, 0.0017186106420897325, 0.0019700931272457786, 0.0022508197404234017, 0.0025645941992368014, 0.002901922968260084, 0.0032471607672225128, 0.0036008349362616162, 0.003995520591828916, 0.004481275985075161, 0.005064217954705835, 0.0056852801071524284, 0.006279047314003399, 0.006811481572199724, 0.0072956765580522945, 0.007812762097888403, 0.008427905810921808, 0.00909207142492419, 0.009745536621178857, 0.010420818497912258, 0.011104213750023302, 0.01165536105332263, 0.012016282745099173, 0.012381113666308858, 0.013056217176757354, 0.014149711728331633, 0.015376178229758767, 0.016285322984408646, 0.016785442435026898, 0.01722537335219291, 0.017909137922088172, 0.0188071303130853, 0.019686512020501045, 0.02030969927995332, 0.020636108844849475, 0.020917638497044214, 0.021478271372126406, 0.02240624760773802, 0.023532796512568458, 0.0246731512872241, 0.025801131158088075, 0.026979443711256382, 0.02827644058410246, 0.02983035853128832, 0.03182076156604873, 0.03431255285600102, 0.03727063216513359, 0.04070348015319659, 0.044593488264796546, 0.048650888109927966, 0.05233764818809991, 0.055298559596765086, 0.05762783408844805, 0.059585816445961975, 0.06128418530571784, 0.06274079091936845, 0.06404720198910618, 0.06536439585732229, 0.06676328724025275, 0.06823363495950244, 0.06991480289301728, 0.07206284296069934, 0.07478149427574515, 0.07820551263367091, 0.08292191929903314, 0.08955965430271905, 0.09788638112883641, 0.10698652332934296, 0.11626361883882516, 0.1255109847534407, 0.1342595313180272, 0.14206186882327962, 0.14934389355178462, 0.1571097893086649, 0.16584724423148203, 0.17516031304295662, 0.1841054889375645, 0.1917880477181474, 0.19816440987533418, 0.20410498247710443, 0.21052689740712796, 0.21789346990609784, 0.22607504134017417, 0.23404275561765145, 0.24042261351147154, 0.2448686635761799, 0.24903364804926523, 0.2588291068504653, 0.2894197651659214, 0.36270277566388465, 0.4786568067536612, 0.5786795554853411, 0.5732864965367809, 0.438936935242009]]}