{"output": [[7.579348018371995, 7.689879077877413, 7.800410137382831, 7.910941196888249, 8.021472256393666, 8.132003315899084, 8.242534375404503, 8.35306543490992, 8.463596494415338, 8.574127553920755, 8.684658613426175, 8.795189672931592, 8.90572073243701, 9.016251791942427, 9.126782851447846, 9.237313910953263, 9.34784497045868, 9.4583760299641, 9.568907089469517, 9.679438148974935, 9.789969208480354, 9.900500267985771, 10.011031327491189, 10.121562386996606, 10.232093446502024, 10.342624506007443, 10.45315556551286, 10.563686625018278, 10.674217684523697, 10.784748744029114, 10.895279803534532, 11.005810863039951, 11.116341922545368, 11.226872982050786, 11.337404041556203, 11.44793510106162, 11.55846616056704, 11.668997220072457, 11.779528279577875, 11.890059339083294, 12.000590398588711, 12.111121458094129, 12.221652517599548, 12.332183577104965, 12.442714636610383, 12.553245696115802, 12.663776755621218, 12.774307815126637, 12.884838874632054, 12.995369934137472, 13.10590099364289, 13.216432053148308, 13.326963112653726, 13.437494172159145, 13.548025231664562, 13.65855629116998, 13.769087350675399, 13.879618410180814, 13.990149469686234, 14.100680529191651, 14.211211588697068, 14.321742648202488, 14.432273707707905, 14.542804767213322, 14.653335826718742, 14.763866886224159, 14.874397945729577, 14.984929005234996, 15.095460064740411, 15.20599112424583, 15.316522183751248, 15.427053243256665, 15.537584302762085, 15.648115362267502, 15.75864642177292, 15.869177481278339, 15.979708540783756, 16.090239600289173, 16.200770659794593, 16.311301719300012, 16.421832778805427, 16.532363838310843, 16.642894897816262, 16.75342595732168, 16.8639570168271, 16.974488076332516, 17.085019135837936, 17.19555019534335, 17.30608125484877, 17.41661231435419, 17.52714337385961, 17.637674433365024, 17.74820549287044, 17.85873655237586, 17.96926761188128, 18.079798671386698, 18.190329730892113, 18.300860790397532, 18.411391849902948, 18.521922909408367]], "PDF": [[0.0004432534174925434, 0.0005259536095207017, 0.0006271117778805328, 0.0008166816622056483, 0.0010622720271277859, 0.001289444044319379, 0.0014955233244399464, 0.0017185816126829411, 0.001970060197062219, 0.002250782240427017, 0.0025645523266641453, 0.0029018781763936064, 0.003247113972034938, 0.003600784567176343, 0.003995461670548061, 0.004481204675300472, 0.005064137684847254, 0.005685198391766917, 0.006278969672210232, 0.0068114101502037925, 0.00729560627037912, 0.007812682713374099, 0.008427817056102831, 0.009091982847392452, 0.009745448905767033, 0.010420727234734233, 0.01110412976972296, 0.011655300427890968, 0.012016237904616053, 0.012381052591347117, 0.013056112836242336, 0.014149574100321624, 0.015376055070686572, 0.01628524957973475, 0.01678539890798855, 0.017225317000717926, 0.017909055324059474, 0.018807038519623318, 0.01968643673117609, 0.02030965621472535, 0.020636086264194817, 0.02091760407164024, 0.021478204070264177, 0.02240615466625217, 0.023532698295687174, 0.024673057720338405, 0.02580103867396438, 0.026979347220555852, 0.028276333178988894, 0.02983022656289831, 0.03182059535784546, 0.034312354511179505, 0.03727040460330001, 0.04070322122038838, 0.0445932064434732, 0.04865061506527911, 0.05233741941009133, 0.05529838299180832, 0.057627693294659485, 0.05958569805233887, 0.061284085668707584, 0.06274070556793095, 0.0640471212416955, 0.0653643129754021, 0.06676320503194005, 0.0682335543632291, 0.06991471342026971, 0.07206273654075582, 0.0747813714318546, 0.07820535922923474, 0.082921701690897, 0.08955936038293552, 0.09788604085779584, 0.10698616950426693, 0.11626325976599967, 0.1255106306043596, 0.134259208475586, 0.14206158780842593, 0.14934363348516536, 0.15710952882493517, 0.16584698495736008, 0.17516007210343357, 0.18410528566499168, 0.19178788771141667, 0.19816427674467513, 0.2041048556034305, 0.21052676727492697, 0.21789333378839623, 0.22607490558703897, 0.23404263913856418, 0.24042253140042744, 0.24486861122771741, 0.24903359538536665, 0.2588289838309538, 0.28941947596254164, 0.3627023226886996, 0.47865640417955574, 0.5786794064423059, 0.5732864360730919, 0.4389366326052997]]}