{"S_min_Ks": [[-0.00026520583853784573]], "S_min_Q": [[0.930036164397203]], "S_Ks": [[0.0002914728136739202]], "S_Q": [[1.0026520968634738]], "S_max_Ks": [[0.0008879512245794686]], "S_max_Q": [[1.0798944001984583]], "S_T_min_Ks": [[-0.054706847047001836]], "S_T_min_Q": [[0.9313253090536948]], "S_T_Ks": [[0.0003848335834012633]], "S_T_Q": [[0.9904454744431987]], "S_T_max_Ks": [[0.036903151804148646]], "S_T_max_Q": [[1.0341576811426965]]}