{"S_Ks": [[0.0002914725910964083]], "S_Q": [[1.0026520729738324]], "S_T_Ks": [[0.00038483352308838696]], "S_T_Q": [[0.9904454735659538]]}