{"S_min_Ks": [[-0.00026520594664806226]], "S_min_Q": [[0.9300361779286481]], "S_Ks": [[0.00029147261313223886]], "S_Q": [[1.0026520898014613]], "S_max_Ks": [[0.000887950864095837]], "S_max_Q": [[1.0798943845732727]], "S_T_min_Ks": [[-0.05470684168749061]], "S_T_min_Q": [[0.9313253141914704]], "S_T_Ks": [[0.00038483347191217796]], "S_T_Q": [[0.9904454741535976]], "S_T_max_Ks": [[0.03690315427954378]], "S_T_max_Q": [[1.034157679304697]]}