{"S_min_Ks": [[-0.0002652060141008271]], "S_min_Q": [[0.9300361810912336]], "S_Ks": [[0.00029147248126719664]], "S_Q": [[1.0026520883186796]], "S_max_Ks": [[0.0008879506529733504]], "S_max_Q": [[1.0798943812059816]], "S_T_min_Ks": [[-0.05470684086821413]], "S_T_min_Q": [[0.9313253149700604]], "S_T_Ks": [[0.0003848333861474792]], "S_T_Q": [[0.9904454740725156]], "S_T_max_Ks": [[0.036903154919678646]], "S_T_max_Q": [[1.0341576792808744]]}