{"S_min_Ks": [[-0.0002652060639990035]], "S_min_Q": [[0.9300362292928397]], "S_Ks": [[0.00029147244186778745]], "S_Q": [[1.002652061825805]], "S_max_Ks": [[0.0008879503759331724]], "S_max_Q": [[1.0798943232785099]], "S_T_min_Ks": [[-0.05470681833455745]], "S_T_min_Q": [[0.9313253366256535]], "S_T_Ks": [[0.0003848334634140311]], "S_T_Q": [[0.9904454731463737]], "S_T_max_Ks": [[0.03690316324878357]], "S_T_max_Q": [[1.0341576695125734]]}