{"S_Ks": [[0.00029147261313223886]], "S_Q": [[1.0026520898014613]], "S_T_Ks": [[0.00038483347191217796]], "S_T_Q": [[0.9904454741535976]]}