{"S_Ks": [[0.0002914728136739202]], "S_Q": [[1.0026520968634738]], "S_T_Ks": [[0.0003848335834012633]], "S_T_Q": [[0.9904454744431987]]}