{"S_Ks": [[0.00029147248126719664]], "S_Q": [[1.0026520883186796]], "S_T_Ks": [[0.0003848333861474792]], "S_T_Q": [[0.9904454740725156]]}