{"S_Ks": [[0.00029147244186778745]], "S_Q": [[1.002652061825805]], "S_T_Ks": [[0.0003848334634140311]], "S_T_Q": [[0.9904454731463737]]}