{"S_min_Ks": [[-0.0002652059768616854]], "S_min_Q": [[0.9300362085339808]], "S_Ks": [[0.0002914725910964083]], "S_Q": [[1.0026520729738324]], "S_max_Ks": [[0.0008879506926241898]], "S_max_Q": [[1.0798943477821923]], "S_T_min_Ks": [[-0.05470682736462346]], "S_T_min_Q": [[0.9313253279564777]], "S_T_Ks": [[0.00038483352308838696]], "S_T_Q": [[0.9904454735659538]], "S_T_max_Ks": [[0.03690315956591797]], "S_T_max_Q": [[1.034157673088182]]}