{"Min": [[11.630958028497886]], "SD_min": [[13.108610698016147]], "Mean": [[13.607596795911372]], "SD_max": [[14.106582893806596]], "Max": [[15.430844130630064]]}