{"output": [[11.630958028497886, 11.669340716398212, 11.707723404298536, 11.746106092198861, 11.784488780099187, 11.822871467999512, 11.861254155899836, 11.899636843800161, 11.938019531700487, 11.976402219600812, 12.014784907501136, 12.053167595401462, 12.091550283301787, 12.129932971202111, 12.168315659102436, 12.206698347002762, 12.245081034903087, 12.283463722803411, 12.321846410703737, 12.360229098604062, 12.398611786504386, 12.436994474404711, 12.475377162305037, 12.513759850205362, 12.552142538105686, 12.590525226006012, 12.628907913906337, 12.667290601806663, 12.705673289706986, 12.744055977607312, 12.782438665507637, 12.820821353407961, 12.859204041308287, 12.897586729208612, 12.935969417108938, 12.974352105009261, 13.012734792909587, 13.051117480809912, 13.089500168710238, 13.127882856610562, 13.166265544510887, 13.204648232411213, 13.243030920311536, 13.281413608211862, 13.319796296112187, 13.358178984012513, 13.396561671912837, 13.434944359813162, 13.473327047713488, 13.511709735613813, 13.550092423514137, 13.588475111414462, 13.626857799314788, 13.665240487215112, 13.703623175115437, 13.742005863015763, 13.780388550916088, 13.818771238816414, 13.857153926716737, 13.895536614617063, 13.933919302517388, 13.972301990417712, 14.010684678318038, 14.049067366218363, 14.087450054118687, 14.125832742019012, 14.164215429919338, 14.202598117819663, 14.240980805719989, 14.279363493620313, 14.317746181520638, 14.356128869420964, 14.394511557321287, 14.432894245221613, 14.471276933121938, 14.509659621022262, 14.548042308922588, 14.586424996822913, 14.624807684723239, 14.663190372623564, 14.701573060523888, 14.739955748424213, 14.778338436324539, 14.816721124224863, 14.855103812125188, 14.893486500025514, 14.931869187925837, 14.970251875826163, 15.008634563726488, 15.047017251626814, 15.08539993952714, 15.123782627427463, 15.162165315327789, 15.200548003228114, 15.238930691128438, 15.277313379028763, 15.315696066929089, 15.354078754829413, 15.392461442729738, 15.430844130630064]], "PDF": [[0.0004252975026816957, 0.00041206334111093534, 0.0003693970734087918, 0.00033739306348091146, 0.00034641506006998586, 0.000398852538839692, 0.00047660461743950853, 0.0005716850794521564, 0.0007180248781476074, 0.0009983206749385385, 0.0015162644794522167, 0.0023526334065460315, 0.003546157403315262, 0.005137978000363258, 0.007274798717805668, 0.01029161495592502, 0.014659983836255627, 0.020770629490857805, 0.02868651107934377, 0.03808646411758899, 0.04848727423365666, 0.059576186454980085, 0.07137347476478932, 0.08412046614108956, 0.0980703907979313, 0.11342929296862928, 0.1304865358080405, 0.14974630309337914, 0.17185875965305292, 0.19731894596228247, 0.2260940341029604, 0.25744654682776996, 0.29014738722825273, 0.3229890780191462, 0.35524114309459426, 0.3867566514861751, 0.41778493376454123, 0.448723198845556, 0.47985508034097657, 0.5109829051205133, 0.5411307529520158, 0.5687777687087717, 0.5927230159356413, 0.6129476098719161, 0.6307174204540053, 0.6478869377053613, 0.666023328253326, 0.6858870707916205, 0.7073160562404874, 0.7292968934961078, 0.7501111457975961, 0.7676226383378797, 0.7797493555626525, 0.7849781651871669, 0.7826865108310718, 0.7731533359486865, 0.7573377441085216, 0.7365839059611, 0.7123158268335225, 0.6856655885966764, 0.6570709366564667, 0.6261472276035641, 0.5921595014584902, 0.5549256206524205, 0.5154114697110065, 0.47539131035444526, 0.43641225710906867, 0.399023653099633, 0.36294494551234435, 0.3278509298444768, 0.2939119618232941, 0.2616867765141413, 0.23171806257380265, 0.20431625577610066, 0.17959264174889528, 0.15751993287684024, 0.1379260526750825, 0.12051369228342514, 0.1049578590634701, 0.09099840229058644, 0.0784426400312266, 0.06711279784836335, 0.056836793055082435, 0.04750918365619352, 0.03914486533070895, 0.03184437812562746, 0.02568797636204679, 0.02065694757311959, 0.016645901874144203, 0.013520335361439489, 0.011133083187620149, 0.009296097052584306, 0.0077862825092300655, 0.006420921105414623, 0.005133368705806764, 0.003965827200981775, 0.00298816121218504, 0.002224021193273645, 0.0016398053215580838, 0.0011813099131472446]]}