{"S_min_Ks": [[0.2908116470821264]], "S_min_Q": [[0.6453652005373077]], "S_Ks": [[0.30802151347565015]], "S_Q": [[0.6729408184564276]], "S_max_Ks": [[0.324265474434107]], "S_max_Q": [[0.7014957418220026]], "S_T_min_Ks": [[0.28547087785452446]], "S_T_min_Q": [[0.6669604332395284]], "S_T_Ks": [[0.3179094849486915]], "S_T_Q": [[0.6941185054185982]], "S_T_max_Ks": [[0.33868591584724334]], "S_T_max_Q": [[0.7185874836330575]]}