{"S_Ks": [[0.30802151347565015]], "S_Q": [[0.6729408184564276]], "S_T_Ks": [[0.3179094849486915]], "S_T_Q": [[0.6941185054185982]]}