{"Min": [[0.9475095400744546]], "SD_min": [[11.724948852474846]], "Mean": [[13.146200998902062]], "SD_max": [[14.567453145329278]], "Max": [[15.205855299758971]]}