{"Min": [[0.9475070190651902]], "SD_min": [[11.72494889839933]], "Mean": [[13.146201016745893]], "SD_max": [[14.567453135092457]], "Max": [[15.205855653554456]]}