{"Min": [[0.9474859412303456]], "SD_min": [[11.724948659736864]], "Mean": [[13.146200973251586]], "SD_max": [[14.567453286766309]], "Max": [[15.205856905095791]]}