{"Min": [[0.9475001680171342]], "SD_min": [[11.72494878760245]], "Mean": [[13.146200992327731]], "SD_max": [[14.567453197053013]], "Max": [[15.205855969296683]]}