{"Min": [[0.947500015092194]], "SD_min": [[11.724948788069028]], "Mean": [[13.14620099269299]], "SD_max": [[14.56745319731695]], "Max": [[15.205855984501616]]}