{"output": [[0.9475095400744546, 1.0915332346167226, 1.2355569291589903, 1.3795806237012582, 1.523604318243526, 1.6676280127857939, 1.8116517073280618, 1.9556754018703295, 2.099699096412597, 2.243722790954865, 2.387746485497133, 2.531770180039401, 2.675793874581669, 2.819817569123937, 2.9638412636662044, 3.1078649582084723, 3.2518886527507402, 3.395912347293008, 3.539936041835276, 3.6839597363775436, 3.8279834309198115, 3.9720071254620795, 4.116030820004347, 4.260054514546615, 4.404078209088883, 4.548101903631151, 4.692125598173419, 4.836149292715687, 4.980172987257954, 5.124196681800222, 5.26822037634249, 5.412244070884758, 5.556267765427026, 5.700291459969294, 5.844315154511562, 5.98833884905383, 6.132362543596098, 6.2763862381383655, 6.4204099326806325, 6.5644336272229005, 6.708457321765168, 6.852481016307436, 6.996504710849704, 7.140528405391972, 7.28455209993424, 7.428575794476508, 7.572599489018776, 7.716623183561044, 7.860646878103312, 8.00467057264558, 8.148694267187846, 8.292717961730116, 8.436741656272382, 8.580765350814652, 8.724789045356918, 8.868812739899187, 9.012836434441454, 9.156860128983721, 9.30088382352599, 9.444907518068257, 9.588931212610525, 9.732954907152793, 9.876978601695061, 10.021002296237329, 10.165025990779597, 10.309049685321865, 10.453073379864133, 10.5970970744064, 10.741120768948669, 10.885144463490937, 11.029168158033205, 11.173191852575473, 11.31721554711774, 11.461239241660008, 11.605262936202276, 11.749286630744542, 11.89331032528681, 12.037334019829078, 12.181357714371346, 12.325381408913614, 12.469405103455882, 12.61342879799815, 12.757452492540418, 12.901476187082686, 13.045499881624954, 13.189523576167222, 13.33354727070949, 13.477570965251758, 13.621594659794026, 13.765618354336294, 13.909642048878561, 14.05366574342083, 14.197689437963097, 14.341713132505365, 14.485736827047633, 14.629760521589901, 14.773784216132169, 14.917807910674435, 15.061831605216703, 15.205855299758971]], "PDF": [[0.00020763092374248728, 0.00015677782752094983, 6.749357928952322e-05, 1.656629878820613e-05, 2.3183218684508037e-06, 1.8497250827669323e-07, 8.414452967738276e-09, 2.1835925176798865e-10, 1.5403344213924685e-11, 6.953448779697385e-10, 2.264149921241498e-08, 4.205593559336353e-07, 4.461119140312975e-06, 2.712528057350373e-05, 9.568051034414382e-05, 0.00020300822443515115, 0.0002837314266102338, 0.00030041836211967495, 0.0002528889070373246, 0.00015210353078164615, 6.74722988934261e-05, 6.725146467396541e-05, 0.00016580905915924022, 0.00033055176125290506, 0.0005115176211728771, 0.0006581446076180544, 0.0007137021657176632, 0.0007531450034467493, 0.0009360615233918562, 0.001289360995167016, 0.0017333969090513857, 0.002100026169590615, 0.0022181240000324633, 0.0020565742042773644, 0.0018468706646114896, 0.0020542693227403814, 0.002737488610872362, 0.0033514855319803512, 0.0038055541775570364, 0.0046545830231491895, 0.005722918045388271, 0.006451218522154396, 0.007106610600852399, 0.007750509396396768, 0.0078112619899446635, 0.0076404964904351535, 0.008349664451963381, 0.009752301029750615, 0.010725400385009952, 0.011001108280701477, 0.011107997758861846, 0.011540664965612145, 0.012465321154367279, 0.013727278464702255, 0.014546645303065533, 0.014437461827480041, 0.014374082727809318, 0.015487717342731699, 0.01747734935640854, 0.019472551993369207, 0.02170917066696413, 0.024442907856299614, 0.026836938460939718, 0.028532920606187347, 0.029753302669803538, 0.030302406471518543, 0.030272549055778992, 0.030754403379773074, 0.032586759937663516, 0.035633308895053985, 0.03939206116159961, 0.043585835728430125, 0.04878922786864532, 0.055059112119874985, 0.06133156861772142, 0.06687018194785505, 0.07146174716581757, 0.0763681397357982, 0.08454247284866583, 0.09761297951831384, 0.11414910836341317, 0.13385332279517967, 0.16260548759993637, 0.20611761786259125, 0.2640087241120936, 0.3382783364023099, 0.4340632992092012, 0.5426217605090492, 0.6315083685904843, 0.6621654268475228, 0.6200547655097609, 0.5218518506290221, 0.3992889201727213, 0.281708476816663, 0.1860846958401405, 0.11634859827851189, 0.06848016749801716, 0.036839993231825574, 0.017279192709670203, 0.006665572092088248]]}