{"output": [[0.9474859412303456, 1.0915098903602996, 1.2355338394902535, 1.3795577886202075, 1.5235817377501615, 1.6676056868801155, 1.8116296360100697, 1.9556535851400236, 2.0996775342699774, 2.2437014833999314, 2.3877254325298853, 2.5317493816598393, 2.6757733307897937, 2.8197972799197477, 2.9638212290497017, 3.1078451781796557, 3.2518691273096096, 3.3958930764395636, 3.5399170255695176, 3.6839409746994716, 3.8279649238294255, 3.9719888729593795, 4.116012822089333, 4.260036771219287, 4.404060720349242, 4.548084669479196, 4.69210861860915, 4.836132567739104, 4.980156516869058, 5.124180465999012, 5.268204415128966, 5.41222836425892, 5.556252313388874, 5.700276262518828, 5.844300211648782, 5.988324160778736, 6.13234810990869, 6.276372059038644, 6.420396008168598, 6.5644199572985515, 6.7084439064285055, 6.8524678555584595, 6.9964918046884135, 7.1405157538183675, 7.284539702948321, 7.428563652078275, 7.572587601208229, 7.716611550338183, 7.860635499468138, 8.004659448598092, 8.148683397728046, 8.292707346858, 8.436731295987954, 8.580755245117908, 8.724779194247862, 8.868803143377816, 9.01282709250777, 9.156851041637724, 9.300874990767678, 9.444898939897632, 9.588922889027586, 9.73294683815754, 9.876970787287494, 10.020994736417448, 10.165018685547402, 10.309042634677356, 10.45306658380731, 10.597090532937264, 10.741114482067218, 10.885138431197172, 11.029162380327126, 11.17318632945708, 11.317210278587034, 11.461234227716988, 11.605258176846942, 11.749282125976896, 11.89330607510685, 12.037330024236804, 12.181353973366758, 12.325377922496711, 12.469401871626665, 12.61342582075662, 12.757449769886573, 12.901473719016527, 13.045497668146481, 13.189521617276435, 13.33354556640639, 13.477569515536343, 13.621593464666297, 13.765617413796251, 13.909641362926205, 14.05366531205616, 14.197689261186113, 14.341713210316067, 14.485737159446021, 14.629761108575975, 14.77378505770593, 14.917809006835885, 15.061832955965839, 15.205856905095791]], "PDF": [[0.00020763050933157446, 0.00015677753471174017, 6.7493479198306e-05, 1.6566284842467044e-05, 2.318321997838715e-06, 1.8497273207516605e-07, 8.414475017179953e-09, 2.1836014386164757e-10, 1.5399484975476405e-11, 6.951513460092711e-10, 2.2636114626858904e-08, 4.2047648425639467e-07, 4.460422900771984e-06, 2.7122160128379654e-05, 9.567336885435658e-05, 0.00020300066765036823, 0.00028372902787142135, 0.0003004206456842196, 0.00025289402533935457, 0.00015210930453169168, 6.747435158416751e-05, 6.724686739105986e-05, 0.00016579819806799445, 0.0003305386599423064, 0.0005115048837753086, 0.0006581351134342146, 0.0007136976563775652, 0.000753134593728193, 0.0009360357832418339, 0.001289322394140937, 0.0017333557091926892, 0.002099999844893121, 0.0022181238578587946, 0.002056593306667672, 0.0018468738988888724, 0.0020542246923968164, 0.002737423734892262, 0.003351441172555148, 0.0038054971313213884, 0.004654484522526539, 0.0057228339865644275, 0.006451162048953485, 0.007106542577680033, 0.007750464431315482, 0.007811273721073305, 0.00764048271694677, 0.008349564580275472, 0.00975219165205641, 0.010725350735131452, 0.011001096641262791, 0.01110797668202827, 0.011540612673439721, 0.012465236505104841, 0.013727190302294927, 0.014546616897332469, 0.01443748025918643, 0.014374055934691442, 0.015487610800981001, 0.017477222364000896, 0.01947243532235277, 0.021709025920792, 0.024442754049735234, 0.026836826673958706, 0.028532842396092002, 0.029753250880720557, 0.030302395159144593, 0.030272550167262456, 0.030754357843779462, 0.032586654763554775, 0.03563316493238277, 0.03939190378397392, 0.043585664267042926, 0.04878901742177714, 0.05505888701586664, 0.06133136810817792, 0.0668700202640286, 0.07146161926725889, 0.07636798422811314, 0.08454221521383165, 0.09761262348663713, 0.11414871989681623, 0.13385288223121578, 0.16260486615267797, 0.20611679399445842, 0.26400777905135325, 0.3382772659327645, 0.4340621037150718, 0.5426206321098103, 0.631507615411971, 0.6621651949210657, 0.6200549081689914, 0.5218521002986884, 0.3992890860191052, 0.281708496868993, 0.18608459940884303, 0.11634844146914697, 0.06847999716067348, 0.03683984615834026, 0.017279094887032553, 0.006665525579246333]]}