{"output": [[0.9475070190651902, 1.0915307426458898, 1.2355544662265894, 1.3795781898072892, 1.5236019133879888, 1.6676256369686884, 1.8116493605493882, 1.9556730841300878, 2.0996968077107874, 2.243720531291487, 2.3877442548721866, 2.531767978452886, 2.675791702033586, 2.8198154256142853, 2.9638391491949854, 3.107862872775685, 3.2518865963563846, 3.395910319937084, 3.5399340435177837, 3.6839577670984833, 3.827981490679183, 3.972005214259883, 4.116028937840582, 4.260052661421282, 4.404076385001982, 4.548100108582681, 4.6921238321633805, 4.8361475557440805, 4.9801712793247805, 5.12419500290548, 5.26821872648618, 5.412242450066879, 5.556266173647579, 5.700289897228279, 5.844313620808978, 5.988337344389678, 6.132361067970377, 6.276384791551077, 6.4204085151317765, 6.5644322387124765, 6.708455962293176, 6.852479685873876, 6.996503409454576, 7.140527133035275, 7.284550856615975, 7.428574580196674, 7.572598303777374, 7.716622027358073, 7.860645750938773, 8.004669474519474, 8.148693198100172, 8.292716921680872, 8.436740645261573, 8.58076436884227, 8.72478809242297, 8.86881181600367, 9.012835539584371, 9.156859263165071, 9.30088298674577, 9.44490671032647, 9.58893043390717, 9.73295415748787, 9.876977881068568, 10.021001604649268, 10.165025328229968, 10.309049051810668, 10.453072775391368, 10.597096498972066, 10.741120222552766, 10.885143946133466, 11.029167669714166, 11.173191393294864, 11.317215116875564, 11.461238840456264, 11.605262564036964, 11.749286287617664, 11.893310011198363, 12.037333734779063, 12.181357458359763, 12.325381181940463, 12.469404905521161, 12.613428629101861, 12.757452352682561, 12.901476076263261, 13.045499799843961, 13.18952352342466, 13.33354724700536, 13.47757097058606, 13.62159469416676, 13.76561841774746, 13.909642141328158, 14.053665864908858, 14.197689588489558, 14.341713312070258, 14.485737035650956, 14.629760759231656, 14.773784482812356, 14.917808206393056, 15.061831929973756, 15.205855653554456]], "PDF": [[0.00020763094804307773, 0.00015677781779970977, 6.749353885155478e-05, 1.656627403224849e-05, 2.318315498487648e-06, 1.8497170197216136e-07, 8.414399716641608e-09, 2.1835735634567636e-10, 1.540276254487328e-11, 6.953186380038507e-10, 2.2640795722196475e-08, 4.205489384389048e-07, 4.461035031555545e-06, 2.7124917901225463e-05, 9.567970097034299e-05, 0.0002030073213265921, 0.0002837309234173598, 0.00030041836370359306, 0.0002528895504637219, 0.0001521044490908882, 6.747269482709632e-05, 6.725097033121678e-05, 0.0001658076732511658, 0.00033054967899218547, 0.0005115152762977684, 0.000658143155759664, 0.0007137019468657417, 0.0007531441025827659, 0.0009360586625933799, 0.0012893564009394487, 0.001733391829261804, 0.002100022706408741, 0.002218123330045513, 0.002056576193569997, 0.00184687135765346, 0.002054263533890586, 0.002737479555574718, 0.0033514800470161622, 0.0038055483661630736, 0.004654571575338046, 0.005722907019674603, 0.006451210575280956, 0.007106602863916599, 0.007750505883636605, 0.007811264255779494, 0.007640493680207768, 0.008349650948934275, 0.009752286999913488, 0.010725393756591003, 0.011001107440561163, 0.011107997521390299, 0.011540660562885325, 0.012465311427982033, 0.013727268825182812, 0.014546645312940741, 0.014437468915641358, 0.014374083044613581, 0.015487706069892079, 0.017477333390870608, 0.01947253493743384, 0.02170915132097569, 0.024442889930050976, 0.026836926447497366, 0.028532915295835785, 0.02975330413379557, 0.030302411399133217, 0.03027255120703749, 0.030754399512109253, 0.032586751438550145, 0.035633297237021244, 0.039392048265418644, 0.04358582187446348, 0.04878921060106172, 0.055059093643048264, 0.0613315531271864, 0.06687017106970415, 0.07146173943100481, 0.07636812966095924, 0.08454245548448835, 0.09761295624266497, 0.11414908363951777, 0.1338532935408408, 0.16260544858832895, 0.2061175738120877, 0.26400868107680425, 0.33827829908305823, 0.4340632810847569, 0.5426217742117859, 0.6315084005768831, 0.6621654366450783, 0.6200547201990357, 0.5218517495312813, 0.39928878738132434, 0.2817083402410437, 0.18608457399233097, 0.11634849916443547, 0.06848009215098234, 0.03683994115014564, 0.017279162427477127, 0.0066655582609225624]]}