{"output": [[0.947500015092194, 1.0915238127629963, 1.2355476104337983, 1.3795714081046007, 1.5235952057754027, 1.667619003446205, 1.8116428011170074, 1.9556665987878095, 2.0996903964586116, 2.243714194129414, 2.387737991800216, 2.5317617894710187, 2.675785587141821, 2.819809384812623, 2.963833182483425, 3.1078569801542275, 3.2518807778250296, 3.3959045754958317, 3.5399283731666342, 3.6839521708374363, 3.8279759685082384, 3.971999766179041, 4.1160235638498435, 4.260047361520645, 4.404071159191448, 4.54809495686225, 4.692118754533052, 4.836142552203854, 4.980166349874656, 5.124190147545459, 5.268213945216261, 5.412237742887063, 5.556261540557865, 5.700285338228667, 5.844309135899469, 5.9883329335702715, 6.1323567312410745, 6.276380528911877, 6.420404326582679, 6.564428124253481, 6.708451921924283, 6.852475719595085, 6.996499517265888, 7.14052331493669, 7.284547112607492, 7.428570910278294, 7.572594707949096, 7.716618505619898, 7.860642303290701, 8.004666100961504, 8.148689898632306, 8.292713696303107, 8.43673749397391, 8.580761291644713, 8.724785089315514, 8.868808886986317, 9.012832684657118, 9.156856482327921, 9.300880279998724, 9.444904077669525, 9.588927875340328, 9.73295167301113, 9.876975470681932, 10.020999268352734, 10.165023066023537, 10.30904686369434, 10.45307066136514, 10.597094459035944, 10.741118256706745, 10.885142054377548, 11.029165852048349, 11.173189649719152, 11.317213447389955, 11.461237245060756, 11.60526104273156, 11.74928484040236, 11.893308638073163, 12.037332435743966, 12.181356233414768, 12.32538003108557, 12.469403828756372, 12.613427626427175, 12.757451424097976, 12.901475221768779, 13.045499019439582, 13.189522817110383, 13.333546614781186, 13.477570412451987, 13.62159421012279, 13.765618007793591, 13.909641805464394, 14.053665603135197, 14.197689400805999, 14.341713198476802, 14.485736996147603, 14.629760793818406, 14.773784591489209, 14.91780838916001, 15.061832186830813, 15.205855984501616]], "PDF": [[0.0002076305494206451, 0.00015677764060955762, 6.749362246176909e-05, 1.6566359963391522e-05, 2.3183403387622876e-06, 1.849749985116332e-07, 8.414622768341502e-09, 2.1836537558034094e-10, 1.540229067709428e-11, 6.95283548226018e-10, 2.2639715412817135e-08, 4.205306989434329e-07, 4.460868067592459e-06, 2.712410725131495e-05, 9.567770563266735e-05, 0.000203005097073974, 0.00028373028012256956, 0.00030041911614713554, 0.00025289087703613824, 0.00015210595408141666, 6.747333260150364e-05, 6.724980292311087e-05, 0.00016580475862765877, 0.0003305463636399552, 0.0005115122251398706, 0.0006581404885374254, 0.0007137003474080801, 0.0007531411483080938, 0.0009360514462692575, 0.0012893455093225482, 0.00173337999892705, 0.002100014918903594, 0.002218123242609757, 0.0020565817534427596, 0.0018468729019802605, 0.002054252142523159, 0.00273746177345805, 0.0033514670117481718, 0.003805532133625948, 0.004654543591566777, 0.0057228828430818625, 0.0064511952634219456, 0.007106583198611804, 0.007750490204329922, 0.007811266301347247, 0.007640492616994574, 0.00834962507292411, 0.009752255394656345, 0.010725378625594174, 0.01100110336325195, 0.011107990340196362, 0.011540645054147538, 0.012465287628455815, 0.013727241973019295, 0.01454663237837464, 0.014437470356018531, 0.01437407507497037, 0.015487676145206823, 0.017477297358438313, 0.01947250442733322, 0.02170911268577071, 0.024442844688182634, 0.0268368918850878, 0.0285328888778297, 0.02975328186313535, 0.030302401816044055, 0.03027255094636671, 0.030754387955005034, 0.03258672037136919, 0.03563325288469024, 0.039391999039129946, 0.043585769440112825, 0.048789146258388386, 0.055059022262095345, 0.061331487461606715, 0.06687011594569033, 0.07146169695646538, 0.07636808471941797, 0.08454238081227496, 0.0976128452719605, 0.11414895960215155, 0.1338531656945443, 0.1626052717458601, 0.20611732080874157, 0.264008384329658, 0.3382779630112798, 0.43406286743626976, 0.5426212962752043, 0.631507972544386, 0.6621651969169785, 0.620054702355709, 0.5218518800142532, 0.3992889683574539, 0.2817085006539568, 0.1860846847153352, 0.11634855993694898, 0.068480117614079, 0.036839949244202704, 0.017279166172154296, 0.0066655627351389106]]}