{"output": [[0.9475001680171342, 1.091523963989655, 1.2355477599621756, 1.3795715559346964, 1.523595351907217, 1.6676191478797378, 1.8116429438522585, 1.9556667398247791, 2.0996905357972997, 2.2437143317698207, 2.3877381277423413, 2.5317619237148623, 2.675785719687383, 2.8198095156599035, 2.963833311632424, 3.107857107604945, 3.2518809035774656, 3.395904699549986, 3.539928495522507, 3.683952291495028, 3.8279760874675484, 3.9719998834400694, 4.11602367941259, 4.260047475385111, 4.4040712713576315, 4.548095067330152, 4.692118863302673, 4.836142659275193, 4.980166455247714, 5.124190251220235, 5.268214047192756, 5.4122378431652765, 5.556261639137797, 5.700285435110318, 5.844309231082838, 5.988333027055359, 6.13235682302788, 6.276380619000401, 6.420404414972921, 6.564428210945442, 6.7084520069179625, 6.852475802890483, 6.9964995988630045, 7.140523394835525, 7.284547190808046, 7.428570986780566, 7.572594782753087, 7.716618578725607, 7.860642374698129, 8.00466617067065, 8.14868996664317, 8.29271376261569, 8.436737558588211, 8.580761354560732, 8.724785150533252, 8.868808946505773, 9.012832742478293, 9.156856538450814, 9.300880334423336, 9.444904130395857, 9.588927926368378, 9.732951722340898, 9.876975518313419, 10.02099931428594, 10.16502311025846, 10.30904690623098, 10.453070702203501, 10.597094498176022, 10.741118294148542, 10.885142090121063, 11.029165886093583, 11.173189682066106, 11.317213478038626, 11.461237274011147, 11.605261069983667, 11.749284865956188, 11.893308661928709, 12.037332457901229, 12.18135625387375, 12.32538004984627, 12.46940384581879, 12.613427641791311, 12.757451437763832, 12.901475233736353, 13.045499029708875, 13.189522825681395, 13.333546621653916, 13.477570417626437, 13.621594213598957, 13.765618009571478, 13.909641805543998, 14.053665601516519, 14.19768939748904, 14.34171319346156, 14.48573698943408, 14.629760785406601, 14.773784581379124, 14.917808377351644, 15.061832173324165, 15.205855969296683]], "PDF": [[0.00020763055989869432, 0.00015677764511468995, 6.749362000153342e-05, 1.6566357559667608e-05, 2.318339649751321e-06, 1.8497490736305964e-07, 8.414616610680298e-09, 2.1836515431822902e-10, 1.540229675372551e-11, 6.952841707659068e-10, 2.263973563270341e-08, 4.2053105524712883e-07, 4.4608714493229356e-06, 2.7124124244201505e-05, 9.567774934102686e-05, 0.00020300515102582718, 0.00028373030759358233, 0.0003004191127341196, 0.0002528908463694591, 0.0001521059075086762, 6.747330740687506e-05, 6.724982437500139e-05, 0.0001658048292476542, 0.00033054646493100025, 0.0005115123355178407, 0.0006581405699644485, 0.0007137003720611487, 0.0007531411971288599, 0.0009360516014070753, 0.0012893457633705292, 0.0017333802896272329, 0.002100015127677891, 0.0022181232850258664, 0.002056581637509943, 0.0018468728346975214, 0.0020542524129549787, 0.0027374622582566465, 0.0033514673385647447, 0.003805532455892162, 0.004654544231375851, 0.005722883477765541, 0.00645119568210601, 0.007106583644979545, 0.007750490518720601, 0.00781126622636578, 0.007640492655980043, 0.00834962572779824, 0.009752256207563096, 0.010725379044244383, 0.011001103441193918, 0.011107990395077703, 0.011540645320756451, 0.012465288160460065, 0.013727242586865496, 0.01454663257343492, 0.014437470102018478, 0.014374075057086474, 0.015487676754686916, 0.017477298253353014, 0.01947250528134263, 0.021709113669680345, 0.02444284575624058, 0.026836892672850096, 0.02853288933901621, 0.029753282074707683, 0.03030240178848068, 0.030272550842197776, 0.03075438810482183, 0.03258672088035908, 0.03563325366191296, 0.039391999929961806, 0.04358577034686198, 0.04878914738643589, 0.05505902357967587, 0.061331488666928745, 0.06687011691427235, 0.07146169762102153, 0.07636808527728915, 0.0845423817857962, 0.09761284690988312, 0.11414896147580729, 0.13385316733581218, 0.16260527377147801, 0.2061173238324141, 0.26400838762395834, 0.3382779660427812, 0.43406287104925145, 0.5426213016069779, 0.6315079794476431, 0.6621652037380263, 0.6200547077448709, 0.5218518837462606, 0.39928897074497943, 0.2817085022796802, 0.18608468609329779, 0.11634856131535702, 0.06848011890088793, 0.036839950167829365, 0.017279166592562296, 0.006665562783754347]]}