{"S_min_Ks": [[0.08212702624243907]], "S_min_Q": [[0.7755103176172762]], "S_Ks": [[0.09287845318969787]], "S_Q": [[0.8508551023655208]], "S_max_Ks": [[0.10392745426453195]], "S_max_Q": [[0.9207486804627605]], "S_T_min_Ks": [[0.06256572790701093]], "S_T_min_Q": [[0.8598418846348755]], "S_T_Ks": [[0.13748045507069712]], "S_T_Q": [[0.9194817175624852]], "S_T_max_Ks": [[0.18744197278950703]], "S_T_max_Q": [[0.9657878599485367]]}