{"S_Ks": [[0.0928784345454062]], "S_Q": [[0.8508551232343133]], "S_T_Ks": [[0.13748042307665836]], "S_T_Q": [[0.9194817376956875]]}