{"S_Ks": [[0.0928784393080535]], "S_Q": [[0.8508551344262867]], "S_T_Ks": [[0.13748042543675376]], "S_T_Q": [[0.9194817319307139]]}