{"S_min_Ks": [[0.08212699687773573]], "S_min_Q": [[0.7755102904113002]], "S_Ks": [[0.09287842028396517]], "S_Q": [[0.8508551197158957]], "S_max_Ks": [[0.10392742047151605]], "S_max_Q": [[0.9207487170738239]], "S_T_min_Ks": [[0.06256565631443747]], "S_T_min_Q": [[0.8598418866870768]], "S_T_Ks": [[0.13748040545792165]], "S_T_Q": [[0.9194817538292832]], "S_T_max_Ks": [[0.1874419523655045]], "S_T_max_Q": [[0.9657879025244164]]}