{"S_min_Ks": [[0.0821270142479757]], "S_min_Q": [[0.7755103528585215]], "S_Ks": [[0.0928784393080535]], "S_Q": [[0.8508551344262867]], "S_max_Ks": [[0.10392744001513464]], "S_max_Q": [[0.9207487107763141]], "S_T_min_Ks": [[0.06256569800950823]], "S_T_min_Q": [[0.8598419015681965]], "S_T_Ks": [[0.13748042543675376]], "S_T_Q": [[0.9194817319307139]], "S_T_max_Ks": [[0.18744194777252182]], "S_T_max_Q": [[0.9657878730028875]]}