{"S_Ks": [[0.09287843483290367]], "S_Q": [[0.85085512235266]], "S_T_Ks": [[0.13748042376626596]], "S_T_Q": [[0.9194817374063429]]}