{"S_min_Ks": [[0.0821270097801444]], "S_min_Q": [[0.7755103230449898]], "S_Ks": [[0.0928784345454062]], "S_Q": [[0.8508551232343133]], "S_max_Ks": [[0.10392743512048662]], "S_max_Q": [[0.9207487078401854]], "S_T_min_Ks": [[0.0625656874782177]], "S_T_min_Q": [[0.8598418929656346]], "S_T_Ks": [[0.13748042307665836]], "S_T_Q": [[0.9194817376956875]], "S_T_max_Ks": [[0.1874419539003569]], "S_T_max_Q": [[0.9657878818829001]]}