{"S_Ks": [[0.09287842028396517]], "S_Q": [[0.8508551197158957]], "S_T_Ks": [[0.13748040545792165]], "S_T_Q": [[0.9194817538292832]]}