{"S_min_Ks": [[0.08212701002503842]], "S_min_Q": [[0.7755103219038746]], "S_Ks": [[0.09287843483290367]], "S_Q": [[0.85085512235266]], "S_max_Ks": [[0.10392743541540583]], "S_max_Q": [[0.92074870708152]], "S_T_min_Ks": [[0.06256568809413915]], "S_T_min_Q": [[0.8598418924735314]], "S_T_Ks": [[0.13748042376626596]], "S_T_Q": [[0.9194817374063429]], "S_T_max_Ks": [[0.18744195456222404]], "S_T_max_Q": [[0.9657878816556155]]}