{"S_Ks": [[0.09287845318969787]], "S_Q": [[0.8508551023655208]], "S_T_Ks": [[0.13748045507069712]], "S_T_Q": [[0.9194817175624852]]}