{"Min": [[16.749524296146458]], "SD_min": [[18.057029933733105]], "Mean": [[18.29617508188305]], "SD_max": [[18.535320230032994]], "Max": [[18.505163383488128]]}