{"Min": [[16.72737402776505]], "SD_min": [[16.858180964813556]], "Mean": [[17.50747658638301]], "SD_max": [[18.156772207952464]], "Max": [[18.504734488821203]]}