{"Min": [[16.749524811839297]], "SD_min": [[18.057029941708084]], "Mean": [[18.296175082955006]], "SD_max": [[18.53532022420193]], "Max": [[18.50516338307246]]}