{"Min": [[16.74952597844639]], "SD_min": [[18.057029960918005]], "Mean": [[18.296175086007494]], "SD_max": [[18.535320211096984]], "Max": [[18.50516338342428]]}