{"output": [[16.74952597844639, 16.767259689607783, 16.784993400769174, 16.80272711193057, 16.82046082309196, 16.838194534253354, 16.855928245414745, 16.87366195657614, 16.89139566773753, 16.909129378898925, 16.926863090060316, 16.94459680122171, 16.962330512383105, 16.980064223544495, 16.99779793470589, 17.01553164586728, 17.033265357028675, 17.050999068190066, 17.06873277935146, 17.08646649051285, 17.104200201674246, 17.121933912835637, 17.13966762399703, 17.157401335158426, 17.175135046319816, 17.19286875748121, 17.210602468642602, 17.228336179803996, 17.246069890965387, 17.26380360212678, 17.281537313288172, 17.299271024449567, 17.317004735610958, 17.334738446772352, 17.352472157933747, 17.370205869095138, 17.387939580256532, 17.405673291417923, 17.423407002579317, 17.441140713740708, 17.458874424902103, 17.476608136063494, 17.494341847224888, 17.51207555838628, 17.529809269547673, 17.547542980709068, 17.56527669187046, 17.583010403031853, 17.600744114193244, 17.61847782535464, 17.63621153651603, 17.653945247677424, 17.671678958838815, 17.68941267000021, 17.7071463811616, 17.724880092322994, 17.74261380348439, 17.76034751464578, 17.778081225807174, 17.795814936968565, 17.81354864812996, 17.83128235929135, 17.849016070452745, 17.866749781614136, 17.88448349277553, 17.90221720393692, 17.919950915098315, 17.93768462625971, 17.9554183374211, 17.973152048582495, 17.990885759743886, 18.00861947090528, 18.02635318206667, 18.044086893228066, 18.061820604389457, 18.07955431555085, 18.097288026712242, 18.115021737873636, 18.13275544903503, 18.150489160196422, 18.168222871357816, 18.185956582519207, 18.2036902936806, 18.221424004841992, 18.239157716003387, 18.256891427164778, 18.274625138326172, 18.292358849487563, 18.310092560648958, 18.327826271810352, 18.345559982971743, 18.363293694133137, 18.381027405294528, 18.398761116455923, 18.416494827617313, 18.434228538778708, 18.4519622499401, 18.469695961101493, 18.487429672262884, 18.50516338342428]], "PDF": [[0.0023128932273281115, 0.0027039480351604282, 0.00266273493501812, 0.0027306518640945413, 0.003230546845588226, 0.003502368476882246, 0.003378474588087342, 0.004151527331026715, 0.006184926777120542, 0.008484208956206343, 0.010769957700838235, 0.01257305432510651, 0.013422808788484992, 0.015213227072642383, 0.019073017811375263, 0.023130588855590106, 0.025620012209602815, 0.02572659359406509, 0.024266268779762866, 0.023657127459414604, 0.025593524236222995, 0.029982174422379222, 0.03428019184704992, 0.03650895245020197, 0.03694332430431514, 0.03564870125928861, 0.03449427784667343, 0.035772196689753795, 0.03937043839968182, 0.04402427513668256, 0.048222628909703975, 0.050751504809909684, 0.05216560608029896, 0.05484727313427987, 0.05954507019290114, 0.06379233048529567, 0.06634940108790154, 0.06887606710692443, 0.0705626080049457, 0.07054171649928252, 0.07246378370439018, 0.07754577255323389, 0.08038732401458788, 0.07764748400485251, 0.07407741607199404, 0.0769342316250929, 0.08759447946159225, 0.09941948035181743, 0.10459996731004031, 0.10178913808817704, 0.0980716842494329, 0.10179295669133998, 0.1113254349452168, 0.11906711815384882, 0.12402963609827576, 0.13263162618329932, 0.1449112705309884, 0.15105711340900338, 0.15064025757093277, 0.15388261384112256, 0.16312398943959117, 0.17469080110919166, 0.18360914838534081, 0.18519536376183804, 0.1847664658882562, 0.19071122213117103, 0.20356917345399855, 0.22091993362880122, 0.2408326521642418, 0.2584836377933076, 0.2652761009576413, 0.25828992811964063, 0.24967246866646098, 0.2576958509523218, 0.2843076629714126, 0.3111885379233641, 0.32247412786656354, 0.3263969529859215, 0.336556101804279, 0.3471107192676432, 0.35224219854435485, 0.3572158949403942, 0.36476223442836964, 0.3788946714302852, 0.4026259681671986, 0.43447714908340035, 0.5002317609038998, 0.7224315850356887, 1.4181454831654021, 2.9356840883602917, 5.024226034667955, 6.685216815741296, 7.112264250510101, 6.367749960747436, 5.056956272271757, 3.7313690044856394, 2.619517368115915, 1.7439313520667286, 1.0640948547481792, 0.5456323103941578]]}