{"output": [[16.749524296146458, 16.767258024301423, 16.784991752456392, 16.802725480611358, 16.820459208766323, 16.83819293692129, 16.855926665076257, 16.873660393231223, 16.89139412138619, 16.909127849541154, 16.926861577696123, 16.944595305851088, 16.962329034006054, 16.98006276216102, 16.997796490315988, 17.015530218470953, 17.03326394662592, 17.050997674780884, 17.068731402935853, 17.08646513109082, 17.104198859245784, 17.121932587400753, 17.13966631555572, 17.157400043710684, 17.17513377186565, 17.19286750002062, 17.210601228175584, 17.22833495633055, 17.246068684485515, 17.263802412640484, 17.28153614079545, 17.299269868950415, 17.31700359710538, 17.33473732526035, 17.352471053415314, 17.37020478157028, 17.387938509725245, 17.405672237880214, 17.42340596603518, 17.441139694190145, 17.458873422345114, 17.47660715050008, 17.494340878655045, 17.51207460681001, 17.52980833496498, 17.547542063119945, 17.56527579127491, 17.583009519429876, 17.600743247584845, 17.61847697573981, 17.636210703894776, 17.65394443204974, 17.67167816020471, 17.689411888359675, 17.70714561651464, 17.724879344669606, 17.742613072824575, 17.76034680097954, 17.778080529134506, 17.79581425728947, 17.81354798544444, 17.831281713599406, 17.84901544175437, 17.86674916990934, 17.884482898064306, 17.90221662621927, 17.919950354374237, 17.937684082529206, 17.95541781068417, 17.973151538839137, 17.990885266994102, 18.00861899514907, 18.026352723304036, 18.044086451459002, 18.061820179613967, 18.079553907768936, 18.0972876359239, 18.115021364078867, 18.132755092233836, 18.1504888203888, 18.168222548543767, 18.185956276698732, 18.2036900048537, 18.221423733008667, 18.239157461163632, 18.256891189318598, 18.274624917473567, 18.292358645628532, 18.310092373783498, 18.327826101938463, 18.345559830093432, 18.363293558248397, 18.381027286403363, 18.39876101455833, 18.416494742713297, 18.434228470868263, 18.451962199023228, 18.469695927178194, 18.487429655333163, 18.505163383488128]], "PDF": [[0.002312876713449765, 0.0027039272627121165, 0.0026627167109702144, 0.002730626028293846, 0.0032305182711897854, 0.0035023593629574146, 0.0033784559906108367, 0.004151453003321237, 0.0061848139875774685, 0.008484080295322282, 0.010769826289847998, 0.012572972725483746, 0.013422734830998253, 0.01521303518083857, 0.01907273908253031, 0.023130344623674793, 0.025619886928282924, 0.025726610748122398, 0.024266312563694027, 0.023657057575244975, 0.02559328017020062, 0.029981836389563338, 0.034279945536686764, 0.03650883036378726, 0.03694331465982032, 0.035648762346046955, 0.034494240233603334, 0.03577201150616393, 0.03937015746333919, 0.044023964447984516, 0.04822238044460669, 0.0507513696441504, 0.05216547034949609, 0.054847000264839886, 0.059544740314450006, 0.06379211398441267, 0.0663492379583662, 0.06887589240947146, 0.07056254892825321, 0.07054168065746329, 0.07246354450636933, 0.07754548092038908, 0.08038731560709446, 0.07764770699465108, 0.07407746960320893, 0.07693384436339952, 0.08759382546918104, 0.09941900713116865, 0.10459993028098573, 0.10178937334176057, 0.09807171941719689, 0.10179259620925356, 0.11132499880203886, 0.11906687029917713, 0.12402939199147084, 0.1326311370377375, 0.14491082686938825, 0.15105705684491275, 0.15064025989790777, 0.15388235568617967, 0.1631235780230367, 0.17469038818454866, 0.18360895500154886, 0.18519540303176077, 0.1847663993628193, 0.190710901540583, 0.2035686850861572, 0.22091934966852453, 0.24083205575968228, 0.2584832431165946, 0.265276118484707, 0.25829022420784087, 0.2496725397302397, 0.2576953788216669, 0.2843069282951118, 0.31118807559842276, 0.32247402855585894, 0.32639682008886933, 0.33655584878021977, 0.3471105688233713, 0.35224211490721874, 0.35721578132385085, 0.3647620666266127, 0.37889436480323985, 0.40262555885854234, 0.43447660452541187, 0.5002304051721402, 0.722427225583544, 1.4181344292165, 2.935665937083998, 5.024208216360501, 6.685207959592576, 7.112265393646082, 6.367756253358025, 5.05696286174727, 3.7313738009276642, 2.6195203026784952, 1.7439329136479853, 1.0640955163594783, 0.5456323905072878]]}