{"output": [[16.749524811839297, 16.767258534781046, 16.784992257722795, 16.802725980664544, 16.820459703606293, 16.83819342654804, 16.85592714948979, 16.87366087243154, 16.89139459537329, 16.90912831831504, 16.92686204125679, 16.94459576419854, 16.962329487140288, 16.980063210082037, 16.997796933023785, 17.015530655965534, 17.033264378907283, 17.050998101849032, 17.06873182479078, 17.08646554773253, 17.10419927067428, 17.121932993616028, 17.139666716557777, 17.157400439499526, 17.175134162441275, 17.192867885383027, 17.210601608324776, 17.228335331266525, 17.246069054208274, 17.263802777150023, 17.28153650009177, 17.29927022303352, 17.31700394597527, 17.33473766891702, 17.352471391858767, 17.370205114800516, 17.387938837742265, 17.405672560684014, 17.423406283625763, 17.44114000656751, 17.45887372950926, 17.47660745245101, 17.494341175392762, 17.51207489833451, 17.52980862127626, 17.54754234421801, 17.565276067159758, 17.583009790101507, 17.600743513043255, 17.618477235985004, 17.636210958926753, 17.653944681868502, 17.67167840481025, 17.689412127752, 17.70714585069375, 17.724879573635498, 17.742613296577247, 17.760347019518996, 17.778080742460745, 17.795814465402497, 17.813548188344246, 17.831281911285995, 17.849015634227744, 17.866749357169493, 17.88448308011124, 17.90221680305299, 17.91995052599474, 17.93768424893649, 17.955417971878237, 17.973151694819986, 17.990885417761735, 18.008619140703484, 18.026352863645233, 18.04408658658698, 18.061820309528734, 18.079554032470483, 18.097287755412232, 18.11502147835398, 18.13275520129573, 18.15048892423748, 18.168222647179228, 18.185956370120977, 18.203690093062725, 18.221423816004474, 18.239157538946223, 18.256891261887972, 18.27462498482972, 18.29235870777147, 18.31009243071322, 18.327826153654968, 18.345559876596717, 18.363293599538466, 18.381027322480218, 18.398761045421967, 18.416494768363716, 18.434228491305465, 18.451962214247214, 18.469695937188963, 18.48742966013071, 18.50516338307246]], "PDF": [[0.002312881837462041, 0.002703933706499033, 0.0026627223548040986, 0.0027306340248993183, 0.003230527119629002, 0.003502362183782177, 0.003378461766121563, 0.004151476071224395, 0.006184848954374611, 0.00848412014981189, 0.010769867021421244, 0.012572998045980995, 0.013422757772553003, 0.01521309461342371, 0.01907282528436066, 0.023130420024597777, 0.02561992552129695, 0.025726605345381442, 0.02426629899274336, 0.023657079138089936, 0.025593355454749663, 0.02998194057428927, 0.03428002132013562, 0.036508867883201776, 0.0369433175296036, 0.03564874320575596, 0.034494251520622805, 0.035772068697270704, 0.0393702444149107, 0.04402406020154783, 0.048222456639235065, 0.05075141095004735, 0.05216551173323533, 0.05484708366975223, 0.05954484138009599, 0.0637921802707099, 0.06634928770567063, 0.068875945610194, 0.0705625664299675, 0.07054169092951511, 0.07246361751414519, 0.07754557022731769, 0.0803873177363758, 0.07764763775098435, 0.07407745211006525, 0.07693396209787158, 0.08759402531814177, 0.09941915184990151, 0.10459994133419584, 0.10178930091111979, 0.09807170836038774, 0.10179270649767085, 0.11132513235975644, 0.1190669462134402, 0.12402946679256649, 0.13263128693634163, 0.14491096286627436, 0.15105707428398255, 0.15064025922996355, 0.15388243469081797, 0.16312370391476383, 0.17469051452530973, 0.18360901409590108, 0.18519539084335918, 0.18476641950353606, 0.19071099941296477, 0.20356883429469624, 0.220919528153554, 0.24083223809096288, 0.2584833638284196, 0.2652761132864579, 0.2582901339428617, 0.24967251832478263, 0.25769552356494474, 0.2843071533116039, 0.31118821718499584, 0.3224740590013213, 0.32639686057965916, 0.3365559252463101, 0.34711061274294597, 0.3522421375336198, 0.35721581297075866, 0.36476211463672226, 0.37889445398571453, 0.4026256780965307, 0.43447676531182566, 0.5002308181435854, 0.7224285759402811, 1.418137864072364, 2.9356715519728342, 5.024213661602196, 6.685210577069386, 7.112264944678605, 6.367754297837072, 5.056960887602875, 3.7313724037700604, 2.6195194633552847, 1.7439324632656228, 1.0640953121211818, 0.5456323524497549]]}