{"output": [[16.72737402776505, 16.74532716373531, 16.763280299705578, 16.78123343567584, 16.799186571646104, 16.81713970761637, 16.835092843586633, 16.853045979556896, 16.870999115527162, 16.888952251497425, 16.906905387467692, 16.924858523437955, 16.942811659408218, 16.960764795378484, 16.978717931348747, 16.99667106731901, 17.014624203289276, 17.03257733925954, 17.050530475229802, 17.06848361120007, 17.086436747170332, 17.104389883140595, 17.12234301911086, 17.140296155081124, 17.158249291051387, 17.176202427021654, 17.194155562991916, 17.212108698962183, 17.230061834932446, 17.24801497090271, 17.265968106872975, 17.28392124284324, 17.3018743788135, 17.319827514783768, 17.33778065075403, 17.355733786724294, 17.37368692269456, 17.391640058664823, 17.409593194635086, 17.427546330605352, 17.445499466575615, 17.46345260254588, 17.481405738516145, 17.499358874486408, 17.517312010456674, 17.535265146426937, 17.5532182823972, 17.571171418367467, 17.58912455433773, 17.607077690307992, 17.62503082627826, 17.642983962248522, 17.660937098218785, 17.67889023418905, 17.696843370159314, 17.714796506129577, 17.732749642099844, 17.750702778070107, 17.768655914040373, 17.786609050010636, 17.8045621859809, 17.822515321951165, 17.84046845792143, 17.85842159389169, 17.876374729861958, 17.89432786583222, 17.912281001802484, 17.93023413777275, 17.948187273743013, 17.966140409713276, 17.984093545683542, 18.002046681653805, 18.01999981762407, 18.037952953594335, 18.055906089564598, 18.07385922553486, 18.091812361505127, 18.10976549747539, 18.127718633445657, 18.14567176941592, 18.163624905386182, 18.18157804135645, 18.199531177326712, 18.217484313296975, 18.23543744926724, 18.253390585237504, 18.271343721207767, 18.289296857178034, 18.307249993148297, 18.32520312911856, 18.343156265088826, 18.36110940105909, 18.379062537029355, 18.39701567299962, 18.41496880896988, 18.432921944940148, 18.45087508091041, 18.468828216880674, 18.48678135285094, 18.504734488821203]], "PDF": [[0.8686763106487021, 1.0686205126396873, 1.2471859408449528, 1.3851653356869291, 1.4693057497111666, 1.495073802474561, 1.4670091785268258, 1.3967143656726422, 1.2993700329383913, 1.1900570018014338, 1.0809922911559378, 0.9802221576524747, 0.8916873225961186, 0.8161658955785146, 0.7525085949025266, 0.6987302618861756, 0.6527552321026815, 0.6128066100898902, 0.5775326025870787, 0.5459872328597992, 0.5175583052749834, 0.4918904737393874, 0.4688092794115177, 0.44823238172642677, 0.43006432718127147, 0.4140988743815987, 0.39997157122044374, 0.38719330562548926, 0.37525494569628626, 0.3637509811599901, 0.3524585300539077, 0.3413382431255545, 0.3304743962370995, 0.32000493185719875, 0.31008437385679116, 0.3008831728707687, 0.29259106622908504, 0.28538942772171894, 0.2793883906065818, 0.27456071123523307, 0.27071536508467786, 0.26753220558928553, 0.2646436963874928, 0.26172741174053, 0.2585756937915999, 0.25512766772434675, 0.2514662290905232, 0.24778903066496843, 0.24436152512129744, 0.24146027499012312, 0.2393183853410665, 0.2380862979194492, 0.23781457452388619, 0.2384534617465212, 0.23985722411041446, 0.24178696489134235, 0.2439196389399436, 0.2458794155442247, 0.24729989228285235, 0.24790551636648492, 0.2475835522958168, 0.24641768174814743, 0.2446705019677833, 0.24272227139559335, 0.24098523808077166, 0.23981499201707768, 0.23943816805377735, 0.2399127426987799, 0.241129969433021, 0.24285289398179816, 0.2447713845533714, 0.246550342600839, 0.24786245642549387, 0.24841916096542932, 0.24802257324044544, 0.24664547777025364, 0.2445179573661638, 0.24218668332831605, 0.24053679809998785, 0.24081756727080708, 0.2447522774698915, 0.2547925446716552, 0.2744716458227817, 0.30864280434046365, 0.3632379183756411, 0.44417519933831173, 0.555291519395054, 0.6956782656858146, 0.8573714580150167, 1.024641444380176, 1.1758224529068078, 1.2876797111160945, 1.3411155519578597, 1.3262168712671392, 1.2447589596950417, 1.1093095477172792, 0.9394774728431952, 0.7568803383511972, 0.5806019817776408, 0.42433574464120294]]}