{"S_Ks": [[0.015106962586844654]], "S_Q": [[1.0061280374329138]], "S_T_Ks": [[0.01683211792024566]], "S_T_Q": [[1.0006320215952669]]}