{"S_min_Ks": [[0.010627842299539884]], "S_min_Q": [[0.8861533192426636]], "S_Ks": [[0.015106960831280374]], "S_Q": [[1.0061280527973435]], "S_max_Ks": [[0.019122790319973486]], "S_max_Q": [[1.0929694479233532]], "S_T_min_Ks": [[-0.04064441525212381]], "S_T_min_Q": [[0.9346234917488236]], "S_T_Ks": [[0.01683211546350097]], "S_T_Q": [[1.0006320259935684]], "S_T_max_Ks": [[0.074314300045421]], "S_T_max_Q": [[1.0586217671599196]]}