{"S_min_Ks": [[0.010627843196859867]], "S_min_Q": [[0.8861533206527128]], "S_Ks": [[0.015106961594431692]], "S_Q": [[1.0061280479788617]], "S_max_Ks": [[0.019122791257869604]], "S_max_Q": [[1.0929694440764364]], "S_T_min_Ks": [[-0.040644403759115544]], "S_T_min_Q": [[0.9346234953482815]], "S_T_Ks": [[0.0168321163427725]], "S_T_Q": [[1.0006320245458529]], "S_T_max_Ks": [[0.07431429104609391]], "S_T_max_Q": [[1.0586217584926456]]}