{"S_Ks": [[0.015106961594431692]], "S_Q": [[1.0061280479788617]], "S_T_Ks": [[0.0168321163427725]], "S_T_Q": [[1.0006320245458529]]}