{"S_min_Ks": [[0.010627844439084187]], "S_min_Q": [[0.8861533254703362]], "S_Ks": [[0.015106962586844654]], "S_Q": [[1.0061280374329138]], "S_max_Ks": [[0.019122792381405546]], "S_max_Q": [[1.092969435712448]], "S_T_min_Ks": [[-0.040644377399858427]], "S_T_min_Q": [[0.9346235043963533]], "S_T_Ks": [[0.01683211792024566]], "S_T_Q": [[1.0006320215952669]], "S_T_max_Ks": [[0.07431426971638566]], "S_T_max_Q": [[1.0586217380390446]]}