{"S_Ks": [[0.015106960831280374]], "S_Q": [[1.0061280527973435]], "S_T_Ks": [[0.01683211546350097]], "S_T_Q": [[1.0006320259935684]]}