{"S_Ks": [[0.002178342537258414]], "S_Q": [[0.9759497425693895]], "S_T_Ks": [[0.003102883534056136]], "S_T_Q": [[0.9774361019057474]]}