{"S_min_Ks": [[0.0006054665579279723]], "S_min_Q": [[0.9455771205090626]], "S_Ks": [[0.002178342537258414]], "S_Q": [[0.9759497425693895]], "S_max_Ks": [[0.003741675634214738]], "S_max_Q": [[0.9987430346328843]], "S_T_min_Ks": [[-0.010838595395224053]], "S_T_min_Q": [[0.9518803380929803]], "S_T_Ks": [[0.003102883534056136]], "S_T_Q": [[0.9774361019057474]], "S_T_max_Ks": [[0.016189669367681105]], "S_T_max_Q": [[1.001642784949122]]}