{"y": [16000.0, 16000.0, 16000.0, 16000.0, 8000.0, 16000.0, 24000.0, 32000.0, 0.9660691739374193, 1.0, -0.733059908936171, -0.6994975498093551, 7.251277893969593, 8.890053216015644, -2.402117521206149, -0.5116496722285078], "x": [8000.0, 8000.0, 8000.0, 8000.0, 8000.0, 16000.0, 24000.0, 32000.0, 1.0, 0.9660691739374193, -0.545768470224261, -0.4969016356808512, 6.337358688441026, 7.251277893969593, -1.5099591167688553, -0.3068731511230767], "Covariance": [32000.0, 32000.0, 32000.0, 32000.0, 8000.0, 16000.0, 24000.0, 32000.0, -0.4969016356808512, -0.6994975498093551, 0.9917038021143414, 1.0, -0.3068731511230767, -0.5116496722285078, 0.26737383341512866, 0.060182281069876935], "Correlation-YY": [24000.0, 24000.0, 24000.0, 24000.0, 8000.0, 16000.0, 24000.0, 32000.0, -0.545768470224261, -0.733059908936171, 1.0, 0.9917038021143414, -1.5099591167688553, -2.402117521206149, 1.2078283085368604, 0.26737383341512866]}