{"SD_max": [0.38108829710798053, -9.71905005100372, 6.048587175772061, -5.396269212348551], "Min": [16000.0, -9.96535697430513, 2.964665696895, -9.507091513949836], "Max": [-1.0039646565667346, -9.990688307037777, 5.9984326287388114, -8.892668217364779], "SD_min": [24000.0, 0.9222805170634585, -8.626845873262123, 14.445456502498695], "x": [8000.0, -9.760660116415574, 3.48543384641776, -7.534641695520527], "Mean": [32000.0, -0.06910123494881137, -9.748889910493807, 14.44209357957219]}