{"S_Q": [0.12473310623488622], "S_T_min_Q": [0.210268219029143], "S_max_Q": [0.17264712797965995], "S_T_max_Ks": [1.0573711016846823], "S_T_min_Ks": [0.8135636592036632], "S_min_Ks": [0.6057208165101516], "S_min_Q": [0.08051428071588779], "S_T_Ks": [0.9496856380332743], "S_T_Q": [0.34729811389380605], "S_max_Ks": [0.8068237395078852], "S_T_max_Q": [0.42616290874641277], "S_Ks": [0.7106814868273663]}