{"S_Q": [24000.0, 0.4407372723564222, 1.153444791219458, 0.035498279905001366], "x": [8000.0, 0.16840910873959794, 0.977581032797076, 0.061580433762876544], "S_T_Q": [0.5672014043034371, 0.10699642546833245, 0.9932159285272898, 0.06827580091662369], "S_Ks": [16000.0, 0.9009265051389582, 0.3237651885159442, 1.1983459188795886], "S_T_Ks": [32000.0, 0.7458324777381561, 0.03664085851959916, 1.0037311351363076]}