{"Min": [[12.794316156654581]], "SD_min": [[13.709015864250915]], "Mean": [[14.047383050061608]], "SD_max": [[14.385750235872301]], "Max": [[15.327332889648261]]}