{"Min": [[8.593705933019892]], "SD_min": [[12.877244042689005]], "Mean": [[13.522428745238855]], "SD_max": [[14.167613447788705]], "Max": [[15.698754914941212]]}