{"Min": [[12.375748563694057]], "SD_min": [[13.698202931614182]], "Mean": [[14.053778569344571]], "SD_max": [[14.40935420707496]], "Max": [[17.336980282189952]]}