{"output": [[8.593705933019892, 8.665474104554452, 8.73724227608901, 8.809010447623569, 8.880778619158127, 8.952546790692686, 9.024314962227246, 9.096083133761804, 9.167851305296363, 9.23961947683092, 9.31138764836548, 9.38315581990004, 9.454923991434597, 9.526692162969157, 9.598460334503715, 9.670228506038274, 9.741996677572832, 9.813764849107391, 9.885533020641951, 9.957301192176509, 10.029069363711068, 10.100837535245628, 10.172605706780185, 10.244373878314745, 10.316142049849303, 10.387910221383862, 10.45967839291842, 10.53144656445298, 10.603214735987539, 10.674982907522097, 10.746751079056656, 10.818519250591216, 10.890287422125773, 10.962055593660331, 11.03382376519489, 11.10559193672945, 11.177360108264008, 11.249128279798567, 11.320896451333127, 11.392664622867684, 11.464432794402244, 11.536200965936802, 11.607969137471361, 11.679737309005919, 11.751505480540478, 11.823273652075038, 11.895041823609596, 11.966809995144155, 12.038578166678715, 12.110346338213272, 12.182114509747832, 12.25388268128239, 12.325650852816949, 12.397419024351507, 12.469187195886066, 12.540955367420626, 12.612723538955183, 12.684491710489743, 12.756259882024302, 12.82802805355886, 12.899796225093418, 12.971564396627977, 13.043332568162537, 13.115100739697095, 13.186868911231654, 13.258637082766214, 13.330405254300771, 13.402173425835331, 13.47394159736989, 13.545709768904448, 13.617477940439006, 13.689246111973565, 13.761014283508125, 13.832782455042683, 13.904550626577242, 13.976318798111802, 14.04808696964636, 14.119855141180917, 14.191623312715478, 14.263391484250036, 14.335159655784594, 14.406927827319153, 14.478695998853713, 14.55046417038827, 14.62223234192283, 14.69400051345739, 14.765768684991947, 14.837536856526505, 14.909305028061064, 14.981073199595624, 15.052841371130182, 15.124609542664741, 15.1963777141993, 15.268145885733858, 15.339914057268418, 15.411682228802977, 15.483450400337535, 15.555218571872093, 15.626986743406652, 15.698754914941212]], "PDF": [[0.00025024576135846815, 0.00022613031571358785, 0.00016685354283454704, 0.00010053210390564454, 4.947629091964781e-05, 1.9984821443011587e-05, 7.130186599910257e-06, 4.3833500974393636e-06, 9.653448171389634e-06, 2.668055927320433e-05, 6.238295294406994e-05, 0.00011937321819231334, 0.00018656854336501256, 0.0002382313691196506, 0.0002491317744915324, 0.00021612001396630938, 0.0001659081937604046, 0.00014365308142524322, 0.00019599103198092462, 0.00035710504536996574, 0.0006330380001217747, 0.0009895324929881052, 0.0013645696854000953, 0.0017045837286335018, 0.001984737128749244, 0.002191917756734514, 0.0023108028821450144, 0.0023533097535372526, 0.0023977325490923164, 0.0025724813225625866, 0.002981495420339957, 0.0036361455518257317, 0.004452197400398533, 0.005312711266460216, 0.00614953121135172, 0.006989206974003128, 0.00794467827585954, 0.00917753459449513, 0.010856344116995147, 0.013105045025280319, 0.015940742418651066, 0.01924896533006626, 0.022856599935150653, 0.02669434708523018, 0.030939599047643127, 0.03599394890873659, 0.042265405404346056, 0.04993270981084008, 0.05892333372691378, 0.06911886793696788, 0.0805499895456367, 0.093391682641885, 0.10786761880920975, 0.12425687450582565, 0.14290804617601596, 0.16404029614994997, 0.18747261303165616, 0.21269046938301184, 0.2392818879849057, 0.2672387833574685, 0.2967866607136425, 0.3281441990982675, 0.36177769721540326, 0.39883775820838396, 0.440815547329684, 0.48824789508195626, 0.5395273482909586, 0.5908039946730421, 0.6369426267699245, 0.6729437368888365, 0.6952039284729107, 0.7020277663549096, 0.6933095634861353, 0.6700600743133843, 0.6342576912693266, 0.5886103813759597, 0.5358527864891354, 0.4781257425810966, 0.4171395697422054, 0.3549175394268223, 0.29424774988920244, 0.23827196511098372, 0.18948078051102943, 0.14894127194928217, 0.11630047645774931, 0.09033984662921653, 0.06956341252986609, 0.052638650718062355, 0.03871117943741178, 0.02746738636893912, 0.018861843554988003, 0.012739585150534036, 0.00867005955620078, 0.00605124090618934, 0.004313847258454881, 0.00306299762512211, 0.0021051205959504906, 0.0013832062501992948, 0.0008797207576570884, 0.0005547163739765017]]}