{"output": [[-53.498988356344796, -52.661276044524215, -51.82356373270363, -50.98585142088305, -50.14813910906247, -49.31042679724189, -48.47271448542131, -47.635002173600725, -46.79728986178014, -45.95957754995956, -45.12186523813898, -44.2841529263184, -43.44644061449782, -42.608728302677235, -41.771015990856654, -40.93330367903607, -40.09559136721549, -39.25787905539491, -38.42016674357433, -37.582454431753746, -36.744742119933164, -35.90702980811258, -35.069317496292, -34.23160518447142, -33.39389287265084, -32.556180560830256, -31.718468249009675, -30.880755937189093, -30.04304362536851, -29.20533131354793, -28.36761900172735, -27.529906689906767, -26.692194378086185, -25.854482066265604, -25.016769754445022, -24.17905744262444, -23.34134513080386, -22.503632818983277, -21.665920507162696, -20.828208195342114, -19.990495883521533, -19.15278357170095, -18.31507125988037, -17.477358948059788, -16.639646636239206, -15.801934324418625, -14.964222012598043, -14.126509700777461, -13.28879738895688, -12.451085077136298, -11.613372765315717, -10.775660453495135, -9.937948141674553, -9.100235829853972, -8.26252351803339, -7.424811206212809, -6.587098894392227, -5.7493865825716455, -4.911674270751064, -4.073961958930482, -3.2362496471099007, -2.398537335289319, -1.5608250234687375, -0.7231127116481559, 0.11459960017242565, 0.9523119119930072, 1.7900242238135888, 2.6277365356341704, 3.465448847454752, 4.303161159275334, 5.140873471095915, 5.978585782916497, 6.816298094737078, 7.65401040655766, 8.491722718378242, 9.329435030198823, 10.167147342019405, 11.004859653839986, 11.842571965660568, 12.68028427748115, 13.517996589301731, 14.355708901122313, 15.193421212942894, 16.031133524763476, 16.868845836584057, 17.70655814840464, 18.54427046022522, 19.381982772045802, 20.219695083866384, 21.057407395686965, 21.895119707507547, 22.73283201932813, 23.57054433114871, 24.40825664296929, 25.245968954789873, 26.083681266610455, 26.921393578431037, 27.759105890251618, 28.5968182020722, 29.43453051389278]], "PDF": [[0.0001229237901580524, 4.394181910054739e-06, 2.007263094346265e-10, 1.1716954572665784e-17, 8.739958513408179e-28, 8.330828128299399e-41, 8.722303373845853e-46, 8.420809592510328e-32, 1.038868756850445e-20, 1.63776543834021e-12, 3.2993386693331335e-07, 8.493491780977784e-05, 2.794022011275918e-05, 1.1763511114397628e-08, 1.2660573487906114e-06, 0.0001114040716311041, 4.3011110479278184e-05, 8.115272851165198e-05, 2.760227939357889e-07, 1.1997218678654159e-12, 6.663468999015053e-21, 4.7293817012785204e-32, 4.289360324774949e-46, 4.971241628535121e-63, 3.8951192838410185e-80, 1.1106702056672652e-60, 4.05466825596044e-44, 1.8915146560715276e-30, 1.127582359788714e-19, 8.589562352498044e-12, 8.361601799351845e-07, 0.00010541084090980947, 0.00013026945183563455, 0.00011274958584176972, 1.8147547881014934e-05, 4.1618350015979176e-09, 9.537428212920606e-08, 8.076169135950112e-05, 0.00014263667255289935, 0.00012374611316943212, 9.934367046353311e-05, 0.0001289083003075236, 0.00019145274548572743, 0.0002940731809607287, 4.0483490568794336e-06, 2.4639244341254606e-05, 0.00022073570749699752, 0.0002425342070421732, 0.0004075769204502247, 0.000601595281874083, 0.0002728527253801292, 0.00015539499144182832, 0.0004194188580661422, 0.0004353117998885346, 0.0008333926002347347, 0.0003015050656856436, 0.0003915723874692342, 0.0003829091029390001, 0.0002886219147569335, 0.000673217435063985, 0.0009645613489327251, 0.001353080976239468, 0.0012092376045437078, 0.0010923919396563905, 0.0014121308111809574, 0.0012412794739442244, 0.001989809811308428, 0.0017405514137309056, 0.0017217653562138127, 0.002646351992346322, 0.003403711903217105, 0.004166501939645955, 0.004789325927931067, 0.005616000312164901, 0.007122107432592963, 0.010462434364718061, 0.014274337899785564, 0.020790720229193663, 0.0338583603652728, 0.07197006215928521, 0.4954273516947183, 0.4323371953261134, 0.03560746069101294, 0.014948605896627887, 0.006967644356767991, 0.0025871404537783616, 6.896599991610846e-05, 6.177002248442087e-08, 1.0269790681151813e-13, 1.5071822834537683e-08, 3.7440965712505156e-05, 0.00020201065378475558, 2.930057347474405e-06, 7.567374241806765e-11, 2.6778398447373937e-18, 9.964823695817584e-28, 1.1716954572665784e-17, 2.007263094346265e-10, 4.394181910054739e-06, 0.0001229237901580524]]}