{"output": [[12.794316156654581, 12.819902184260577, 12.845488211866575, 12.871074239472572, 12.896660267078568, 12.922246294684564, 12.947832322290562, 12.973418349896559, 12.999004377502555, 13.024590405108553, 13.050176432714549, 13.075762460320545, 13.101348487926542, 13.12693451553254, 13.152520543138536, 13.178106570744532, 13.20369259835053, 13.229278625956526, 13.254864653562523, 13.280450681168519, 13.306036708774517, 13.331622736380513, 13.35720876398651, 13.382794791592506, 13.408380819198504, 13.4339668468045, 13.459552874410496, 13.485138902016494, 13.51072492962249, 13.536310957228487, 13.561896984834483, 13.587483012440481, 13.613069040046478, 13.638655067652474, 13.664241095258472, 13.689827122864468, 13.715413150470464, 13.74099917807646, 13.766585205682459, 13.792171233288455, 13.817757260894451, 13.84334328850045, 13.868929316106446, 13.894515343712442, 13.920101371318438, 13.945687398924436, 13.971273426530432, 13.996859454136429, 14.022445481742427, 14.048031509348423, 14.07361753695442, 14.099203564560415, 14.124789592166413, 14.15037561977241, 14.175961647378406, 14.201547674984404, 14.2271337025904, 14.252719730196397, 14.278305757802393, 14.303891785408391, 14.329477813014387, 14.355063840620383, 14.380649868226381, 14.406235895832378, 14.431821923438374, 14.45740795104437, 14.482993978650368, 14.508580006256365, 14.53416603386236, 14.559752061468359, 14.585338089074355, 14.610924116680351, 14.636510144286348, 14.662096171892346, 14.687682199498342, 14.713268227104338, 14.738854254710336, 14.764440282316333, 14.790026309922329, 14.815612337528325, 14.841198365134323, 14.86678439274032, 14.892370420346316, 14.917956447952314, 14.94354247555831, 14.969128503164306, 14.994714530770302, 15.0203005583763, 15.045886585982297, 15.071472613588293, 15.097058641194291, 15.122644668800287, 15.148230696406284, 15.17381672401228, 15.199402751618276, 15.224988779224274, 15.25057480683027, 15.276160834436268, 15.301746862042265, 15.327332889648261]], "PDF": [[0.0008019061590205871, 0.0008671777219230838, 0.0009356843524269069, 0.0011108332197088044, 0.0014760895635357767, 0.0020725556551611504, 0.002883235503291343, 0.0038068663390697604, 0.0046810839383803655, 0.0054001992507814916, 0.006061132663524469, 0.007013508320365283, 0.008728527601435377, 0.011507917314935381, 0.015232303457949927, 0.019438693927543504, 0.023785098713077647, 0.028550642188791178, 0.03470822215019896, 0.043506758996594334, 0.056016474609285084, 0.0730713357310257, 0.09544391843372171, 0.12373371703328848, 0.15791398426395922, 0.19715188528871921, 0.24036209544308423, 0.2869942111688657, 0.33715457091007744, 0.39114566420455577, 0.4493391479548612, 0.5124116530595819, 0.5809665839847912, 0.6544948059371386, 0.7309647532307749, 0.8077237547310564, 0.8828000343834457, 0.9553327316897837, 1.024785787083003, 1.089626758445877, 1.1466180846184781, 1.1915427287809892, 1.2211844535002103, 1.2352488974399976, 1.2364052583353162, 1.2278415531476183, 1.2104810107985569, 1.1830284272517648, 1.144876585666199, 1.0982279755696776, 1.0469407579479069, 0.9941102906720911, 0.9417450280149703, 0.892467910647732, 0.8502285215272262, 0.8183576814991284, 0.7966230011264674, 0.780289887140377, 0.7625359591760974, 0.7386314186606298, 0.7086129254370994, 0.6761936120897601, 0.6447922125537713, 0.6144031552939013, 0.5823595166245982, 0.5467272670167325, 0.5082724973083632, 0.46940606713760813, 0.4322672365064114, 0.3980046569508181, 0.3669651279248448, 0.33888707839695054, 0.313052090268952, 0.28856561373557393, 0.26458505432585244, 0.2403659349635308, 0.21532759622638897, 0.18934307610098286, 0.1630714135806032, 0.13787894881008425, 0.11521060263943979, 0.09587037111480581, 0.0797697012995005, 0.06621767567885033, 0.05441028112799298, 0.04379910619830728, 0.03425099114761529, 0.026000384028424868, 0.019378062728191488, 0.014454747160752316, 0.010924393640739731, 0.008341783785462294, 0.006409069070469065, 0.004995619838977666, 0.003975711617646804, 0.0031727799179589304, 0.0024655837643646657, 0.0018557475587311965, 0.0013871324739517872, 0.0010442101804606031]]}