{"output": [[-53.498988356344796, -52.661276044524215, -51.82356373270363, -50.98585142088305, -50.14813910906247, -49.31042679724189, -48.47271448542131, -47.635002173600725, -46.79728986178014, -45.95957754995956, -45.12186523813898, -44.2841529263184, -43.44644061449782, -42.608728302677235, -41.771015990856654, -40.93330367903607, -40.09559136721549, -39.25787905539491, -38.42016674357433, -37.582454431753746, -36.744742119933164, -35.90702980811258, -35.069317496292, -34.23160518447142, -33.39389287265084, -32.556180560830256, -31.718468249009675, -30.880755937189093, -30.04304362536851, -29.20533131354793, -28.36761900172735, -27.529906689906767, -26.692194378086185, -25.854482066265604, -25.016769754445022, -24.17905744262444, -23.34134513080386, -22.503632818983277, -21.665920507162696, -20.828208195342114, -19.990495883521533, -19.15278357170095, -18.31507125988037, -17.477358948059788, -16.639646636239206, -15.801934324418625, -14.964222012598043, -14.126509700777461, -13.28879738895688, -12.451085077136298, -11.613372765315717, -10.775660453495135, -9.937948141674553, -9.100235829853972, -8.26252351803339, -7.424811206212809, -6.587098894392227, -5.7493865825716455, -4.911674270751064, -4.073961958930482, -3.2362496471099007, -2.398537335289319, -1.5608250234687375, -0.7231127116481559, 0.11459960017242565, 0.9523119119930072, 1.7900242238135888, 2.6277365356341704, 3.465448847454752, 4.303161159275334, 5.140873471095915, 5.978585782916497, 6.816298094737078, 7.65401040655766, 8.491722718378242, 9.329435030198823, 10.167147342019405, 11.004859653839986, 11.842571965660568, 12.68028427748115, 13.517996589301731, 14.355708901122313, 15.193421212942894, 16.031133524763476, 16.868845836584057, 17.70655814840464, 18.54427046022522, 19.381982772045802, 20.219695083866384, 21.057407395686965, 21.895119707507547, 22.73283201932813, 23.57054433114871, 24.40825664296929, 25.245968954789873, 26.083681266610455, 26.921393578431037, 27.759105890251618, 28.5968182020722, 29.43453051389278]], "PDF": [[0.00012292379145753809, 4.39418164701165e-06, 2.0072625500546294e-10, 1.1716947269175449e-17, 8.739948756483135e-28, 8.330813547219791e-41, 8.722285992898314e-46, 8.42079854543284e-32, 1.0388679549260469e-20, 1.6377648277333733e-12, 3.299338291216335e-07, 8.493491804380444e-05, 2.7940219532950805e-05, 1.176350893416461e-08, 1.2660572396926674e-06, 0.00011140407257396021, 4.3011109430490974e-05, 8.115272865665236e-05, 2.760227612613414e-07, 1.1997214126791473e-12, 6.66346379278094e-21, 4.7293754392182527e-32, 4.2893517129934014e-46, 4.971227548960526e-63, 3.895105007181791e-80, 1.1106671870412631e-60, 4.054660505337843e-44, 1.891512299083762e-30, 1.127581546232565e-19, 8.589559451022407e-12, 8.361601005427107e-07, 0.0001054108415240818, 0.00013026945223247683, 0.0001127495860351927, 1.8147547338509854e-05, 4.1618341398047545e-09, 9.537426816794019e-08, 8.076169048370188e-05, 0.00014263667252408167, 0.00012374611274655186, 9.934366951837053e-05, 0.0001289083011740762, 0.00019145274499773627, 0.00029407318259061467, 4.048348752284607e-06, 2.4639243568217925e-05, 0.00022073570899974613, 0.00024253420704279445, 0.0004075769179610014, 0.0006015952827376531, 0.00027285272569053525, 0.0001553949913061738, 0.0004194188590985422, 0.0004353117977818024, 0.000833392604355383, 0.00030150506283373483, 0.00039157238756439716, 0.0003829091023071375, 0.00028862191078559557, 0.0006732174350838957, 0.0009645613486315522, 0.0013530809796086483, 0.0012092376065497223, 0.0010923919351056245, 0.0014121308094732134, 0.0012412794700006776, 0.0019898098176014374, 0.0017405514157971082, 0.001721765355932834, 0.0026463519924253462, 0.0034037118984647377, 0.004166501939512249, 0.00478932592935167, 0.005616000312310725, 0.00712210742627964, 0.010462434366902024, 0.014274337893628784, 0.02079072021416296, 0.03385836033685039, 0.07197006168336376, 0.49542735221836115, 0.4323371953262578, 0.03560746033999403, 0.014948605893636679, 0.006967644347217825, 0.00258714045241902, 6.896599792454985e-05, 6.177001317187653e-08, 1.0269786185968959e-13, 1.5071820075865148e-08, 3.7440964785094264e-05, 0.0002020106551636827, 2.9300571275674677e-06, 7.567372020632672e-11, 2.677838091003836e-18, 9.96481252052424e-28, 1.1716947269175449e-17, 2.0072625500546294e-10, 4.39418164701165e-06, 0.00012292379145753809]]}