{"output": [[12.375748563694057, 12.425862015396035, 12.475975467098014, 12.526088918799992, 12.57620237050197, 12.62631582220395, 12.67642927390593, 12.726542725607908, 12.776656177309887, 12.826769629011865, 12.876883080713844, 12.926996532415822, 12.977109984117801, 13.02722343581978, 13.077336887521758, 13.127450339223738, 13.177563790925717, 13.227677242627696, 13.277790694329674, 13.327904146031653, 13.378017597733631, 13.42813104943561, 13.478244501137588, 13.528357952839567, 13.578471404541546, 13.628584856243524, 13.678698307945504, 13.728811759647483, 13.778925211349462, 13.82903866305144, 13.879152114753419, 13.929265566455397, 13.979379018157376, 14.029492469859354, 14.079605921561335, 14.129719373263313, 14.179832824965292, 14.22994627666727, 14.280059728369249, 14.330173180071228, 14.380286631773206, 14.430400083475185, 14.480513535177163, 14.530626986879142, 14.58074043858112, 14.630853890283099, 14.68096734198508, 14.731080793687058, 14.781194245389036, 14.831307697091015, 14.881421148792993, 14.931534600494972, 14.98164805219695, 15.031761503898931, 15.08187495560091, 15.131988407302888, 15.182101859004867, 15.232215310706845, 15.282328762408824, 15.332442214110802, 15.38255566581278, 15.43266911751476, 15.482782569216738, 15.532896020918717, 15.583009472620695, 15.633122924322674, 15.683236376024654, 15.733349827726633, 15.783463279428611, 15.83357673113059, 15.883690182832568, 15.933803634534547, 15.983917086236525, 16.034030537938506, 16.084143989640484, 16.134257441342463, 16.18437089304444, 16.23448434474642, 16.2845977964484, 16.334711248150377, 16.384824699852356, 16.434938151554334, 16.485051603256313, 16.53516505495829, 16.58527850666027, 16.63539195836225, 16.685505410064227, 16.735618861766206, 16.785732313468188, 16.835845765170163, 16.885959216872145, 16.93607266857412, 16.986186120276102, 17.03629957197808, 17.08641302368006, 17.136526475382038, 17.186639927084016, 17.236753378785995, 17.286866830487973, 17.336980282189952]], "PDF": [[0.0004995637325295658, 0.00042027704308475656, 0.00028838140439301976, 0.00033335184625653096, 0.0007567759268276284, 0.0016207312209456691, 0.0027184594815632796, 0.003675656783861703, 0.004352643015225607, 0.005011257306792064, 0.006055909241117079, 0.007791647128849594, 0.010196919807018617, 0.012785741402953563, 0.015324482998691413, 0.0187141911707592, 0.024530574778129484, 0.034069367622808905, 0.04883889244057098, 0.07242901319280579, 0.11094809289466459, 0.1707248798103091, 0.2563805461572094, 0.3698790342776139, 0.5075809220985378, 0.6579752813248149, 0.8046936944553308, 0.93218973644584, 1.0297321488432079, 1.0924899256765115, 1.1224599755943947, 1.1294167254146235, 1.1224099185627352, 1.097870893815453, 1.0474283183304567, 0.9768827930305342, 0.9045896705196674, 0.8426470591670852, 0.7886778075031593, 0.7328020460875596, 0.6674904160541771, 0.5932742060198315, 0.5169062593366631, 0.4440120086345409, 0.37573352176309704, 0.3129881535768098, 0.25801538342857266, 0.20934324638699178, 0.16272187512896852, 0.11839949931676608, 0.08102798216410145, 0.053838409477710195, 0.036453451708026684, 0.026146360572169486, 0.019928207114287052, 0.01593121381861133, 0.013166192430256239, 0.010986285172798647, 0.009115775257296507, 0.007482552015443089, 0.005963139690906465, 0.00459163063072281, 0.003594896389158258, 0.003110114753444782, 0.0032116031138587423, 0.0038147956758858856, 0.0043082084643789416, 0.0039536092332514315, 0.002850757105992168, 0.001852345966071474, 0.0014672375485833885, 0.001449042935295602, 0.0013991703241513726, 0.0012293814096901157, 0.0010346379589845011, 0.0008809639854778841, 0.0007662139898428782, 0.0006281853520528556, 0.00042295204246636705, 0.00021158247644804202, 8.319339104055385e-05, 6.497038484875146e-05, 0.00015459870643008382, 0.0003278355315424519, 0.0004777353900709367, 0.0004709405912573482, 0.0003137916771181275, 0.0001413175571349227, 4.3021151830123507e-05, 8.938728760438273e-06, 2.214710482184136e-06, 7.482917234126604e-06, 3.730365543040479e-05, 0.0001278471891482598, 0.0002981979580791274, 0.0004816951701661975, 0.0005711495205962257, 0.0005741884609401763, 0.0005767825041117118, 0.0005527405458345824]]}