{"output": [[-53.498988356344796, -52.661276044524215, -51.82356373270363, -50.98585142088305, -50.14813910906247, -49.31042679724189, -48.47271448542131, -47.635002173600725, -46.79728986178014, -45.95957754995956, -45.12186523813898, -44.2841529263184, -43.44644061449782, -42.608728302677235, -41.771015990856654, -40.93330367903607, -40.09559136721549, -39.25787905539491, -38.42016674357433, -37.582454431753746, -36.744742119933164, -35.90702980811258, -35.069317496292, -34.23160518447142, -33.39389287265084, -32.556180560830256, -31.718468249009675, -30.880755937189093, -30.04304362536851, -29.20533131354793, -28.36761900172735, -27.529906689906767, -26.692194378086185, -25.854482066265604, -25.016769754445022, -24.17905744262444, -23.34134513080386, -22.503632818983277, -21.665920507162696, -20.828208195342114, -19.990495883521533, -19.15278357170095, -18.31507125988037, -17.477358948059788, -16.639646636239206, -15.801934324418625, -14.964222012598043, -14.126509700777461, -13.28879738895688, -12.451085077136298, -11.613372765315717, -10.775660453495135, -9.937948141674553, -9.100235829853972, -8.26252351803339, -7.424811206212809, -6.587098894392227, -5.7493865825716455, -4.911674270751064, -4.073961958930482, -3.2362496471099007, -2.398537335289319, -1.5608250234687375, -0.7231127116481559, 0.11459960017242565, 0.9523119119930072, 1.7900242238135888, 2.6277365356341704, 3.465448847454752, 4.303161159275334, 5.140873471095915, 5.978585782916497, 6.816298094737078, 7.65401040655766, 8.491722718378242, 9.329435030198823, 10.167147342019405, 11.004859653839986, 11.842571965660568, 12.68028427748115, 13.517996589301731, 14.355708901122313, 15.193421212942894, 16.031133524763476, 16.868845836584057, 17.70655814840464, 18.54427046022522, 19.381982772045802, 20.219695083866384, 21.057407395686965, 21.895119707507547, 22.73283201932813, 23.57054433114871, 24.40825664296929, 25.245968954789873, 26.083681266610455, 26.921393578431037, 27.759105890251618, 28.5968182020722, 29.43453051389278]], "PDF": [[0.00012292381832523227, 4.394176208431038e-06, 2.0072512965098792e-10, 1.1716796265862107e-17, 8.739747028256797e-28, 8.330512079792534e-41, 8.721926638452519e-46, 8.420570143288873e-32, 1.0388513747650525e-20, 1.6377522030974295e-12, 3.2993304734192267e-07, 8.493492288245048e-05, 2.7940207545042696e-05, 1.1763463856542867e-08, 1.2660549840249843e-06, 0.00011140409206810713, 4.301108774614963e-05, 8.115273165462619e-05, 2.760220856970954e-07, 1.199712001450568e-12, 6.663356151470337e-21, 4.729245968973556e-32, 4.289173662776797e-46, 4.970936453686782e-63, 3.8948098398445494e-80, 1.1106047768559536e-60, 4.0545002595775675e-44, 1.8914635675115796e-30, 1.1275647255701972e-19, 8.589499461377375e-12, 8.361584590541562e-07, 0.00010541085422455198, 0.00013026946043744465, 0.00011274959003433671, 1.8147536121873042e-05, 4.1618163217198766e-09, 9.53739795103032e-08, 8.076167237599072e-05, 0.00014263667192825278, 0.00012374610400322792, 9.934364997652921e-05, 0.00012890831909060692, 0.0001914527349082189, 0.00029407321628954693, 4.0483424545969565e-06, 2.4639227585194945e-05, 0.0002207357400700301, 0.0002425342070556413, 0.00040757686649472264, 0.0006015953005925027, 0.00027285273210838723, 0.0001553949885014413, 0.00041941888044407037, 0.00043531175422377444, 0.0008333926895524097, 0.0003015050038687192, 0.00039157238953195, 0.00038290908924296574, 0.00028862182867565227, 0.0006732174354955665, 0.0009645613424046352, 0.0013530810492685997, 0.0012092376480253412, 0.0010923918410156272, 0.0014121307741645425, 0.001241279388465286, 0.0019898099477134623, 0.0017405514585172378, 0.0017217653501233154, 0.002646351994059351, 0.0034037118002067457, 0.00416650193674798, 0.004789325958723776, 0.005616000315326511, 0.007122107295746172, 0.010462434412054295, 0.014274337766332081, 0.02079071990340067, 0.033858359749210525, 0.07197005184339791, 0.4954273630445714, 0.4323371953286562, 0.03560745308240119, 0.014948605831782664, 0.006967644149762643, 0.002587140424313417, 6.896595674784631e-05, 6.176982062937768e-08, 1.0269693245630358e-13, 1.507176303865887e-08, 3.74409456102856e-05, 0.00020201068367387587, 2.930052580854537e-06, 7.567326096584098e-11, 2.677801831698368e-18, 9.96458146699577e-28, 1.1716796265862107e-17, 2.0072512965098792e-10, 4.394176208431038e-06, 0.00012292381832523227]]}