{"S_min_Ks": [[0.6061305999240078]], "S_min_Q": [[0.3005171099824611]], "S_Ks": [[0.6510280724369962]], "S_Q": [[0.3466055238726414]], "S_max_Ks": [[0.6998588745186259]], "S_max_Q": [[0.38819475161319367]], "S_T_min_Ks": [[0.5947278803504505]], "S_T_min_Q": [[0.33076021168951275]], "S_T_Ks": [[0.6719615351024522]], "S_T_Q": [[0.3683947941907915]], "S_T_max_Ks": [[0.7564783405155875]], "S_T_max_Q": [[0.40788545662484865]]}