{"S_Ks": [[0.726693670401563]], "S_Q": [[0.27907008807755584]], "S_T_Ks": [[0.711528288524424]], "S_T_Q": [[0.27722958306076867]]}