{"S_Ks": [[0.25797578161722184]], "S_Q": [[0.734826621333814]], "S_T_Ks": [[0.26220032615664407]], "S_T_Q": [[0.7281597803678015]]}