{"S_min_Ks": [[0.6953860248189054]], "S_min_Q": [[0.26000955069956627]], "S_Ks": [[0.726693670401563]], "S_Q": [[0.27907008807755584]], "S_max_Ks": [[0.7583381003894505]], "S_max_Q": [[0.29730232312798843]], "S_T_min_Ks": [[0.6722180032380802]], "S_T_min_Q": [[0.25125026815900425]], "S_T_Ks": [[0.711528288524424]], "S_T_Q": [[0.27722958306076867]], "S_T_max_Ks": [[0.7460151224338909]], "S_T_max_Q": [[0.30380000637264737]]}