{"S_min_Ks": [[0.2390591957546397]], "S_min_Q": [[0.6795767921232837]], "S_Ks": [[0.25797578161722184]], "S_Q": [[0.734826621333814]], "S_max_Ks": [[0.2766120125053204]], "S_max_Q": [[0.7848455333299633]], "S_T_min_Ks": [[0.20564311587099776]], "S_T_min_Q": [[0.6863880680455283]], "S_T_Ks": [[0.26220032615664407]], "S_T_Q": [[0.7281597803678015]], "S_T_max_Ks": [[0.300829174062191]], "S_T_max_Q": [[0.7717039088605078]]}