{"S_Ks": [[0.6510280724369962]], "S_Q": [[0.3466055238726414]], "S_T_Ks": [[0.6719615351024522]], "S_T_Q": [[0.3683947941907915]]}