{"x": [[8000.0, 16000.0, 24000.0, 32000.0, 8000.0, 16000.0, 24000.0, 32000.0, 8000.0, 16000.0, 24000.0, 32000.0, 8000.0, 16000.0, 24000.0, 32000.0]], "y": [[8000.0, 8000.0, 8000.0, 8000.0, 16000.0, 16000.0, 16000.0, 16000.0, 24000.0, 24000.0, 24000.0, 24000.0, 32000.0, 32000.0, 32000.0, 32000.0]], "Correlation-YY": [[1.0, 0.9643520562063063, -0.5311792095012791, -0.48494481177941406, 0.9643520562063063, 1.0, -0.7247408079492953, -0.693723595923658, -0.5311792095012791, -0.7247408079492953, 1.0, 0.9916222556654182, -0.48494481177941406, -0.693723595923658, 0.9916222556654182, 1.0]], "Covariance": [[6.072917239752665, 6.96009596029579, -1.4416618459035535, -0.29363555243459377, 6.96009596029579, 8.577522587305422, -2.337692083906594, -0.4992120277450877, -1.4416618459035535, -2.337692083906594, 1.2129623212828844, 0.2683413246202079, -0.29363555243459377, -0.4992120277450877, 0.2683413246202079, 0.06037196023996929]]}