{"x": [[8000.0, 16000.0, 24000.0, 32000.0]], "Min": [[-3.7493927401265585, -4.290820549101209, -9.85294806346413, -9.97830300156029]], "SD_min": [[1.0083589084884665, 0.06727539712331554, -9.78697255576138, -10.007388013323867]], "Mean": [[3.195472557050238, 2.702362687307185, -8.688433099633398, -9.759723489721063]], "SD_max": [[5.382586205612009, 5.337449977491055, -7.589893643505416, -9.512058966118259]], "Max": [[17.255482141841576, 17.252828244035317, -4.943739571612088, -8.711271387357284]]}