{"S_min_Ks": [[0.5501614477115182]], "S_min_Q": [[0.0696071182414626]], "S_Ks": [[0.6335155774557442]], "S_Q": [[0.1411687161388607]], "S_max_Ks": [[0.7187032147439616]], "S_max_Q": [[0.2019652717916412]], "S_T_min_Ks": [[0.7929338251552087]], "S_T_min_Q": [[0.2676405101730099]], "S_T_Ks": [[0.9102773251471933]], "S_T_Q": [[0.3561282931204963]], "S_T_max_Ks": [[1.0214265487854006]], "S_T_max_Q": [[0.4423082441577737]]}