{"x": [[8000.0], [16000.0], [24000.0], [32000.0]], "S_Ks": [[0.5158892411621806], [0.6678125058005653], [0.9718276725047695], [0.9799877195724537]], "S_Q": [[0.19265283821159473], [0.11939462144647027], [0.03914299272316669], [0.03936023063765]], "S_T_Ks": [[0.8635408924886521], [0.9406459173110898], [0.9304860395637502], [0.9288953215315527]], "S_T_Q": [[0.45629680713114934], [0.3274818038332203], [0.06336999783261901], [0.07437129677992745]]}