{"Min": [[12.905546653878403]], "SD_min": [[18.95210809503012]], "Mean": [[20.463470740276314]], "SD_max": [[21.97483338552251]], "Max": [[24.525352305635764]]}