{"output": [[12.905546653878403, 13.022918428138578, 13.140290202398754, 13.257661976658929, 13.375033750919105, 13.49240552517928, 13.609777299439456, 13.72714907369963, 13.844520847959807, 13.961892622219981, 14.079264396480157, 14.196636170740332, 14.314007945000508, 14.431379719260683, 14.548751493520857, 14.666123267781034, 14.783495042041208, 14.900866816301384, 15.018238590561559, 15.135610364821735, 15.25298213908191, 15.370353913342086, 15.48772568760226, 15.605097461862435, 15.722469236122611, 15.839841010382788, 15.957212784642962, 16.074584558903137, 16.19195633316331, 16.30932810742349, 16.426699881683664, 16.54407165594384, 16.661443430204013, 16.77881520446419, 16.896186978724366, 17.01355875298454, 17.130930527244715, 17.248302301504893, 17.365674075765067, 17.483045850025242, 17.600417624285416, 17.71778939854559, 17.83516117280577, 17.952532947065944, 18.069904721326118, 18.187276495586293, 18.304648269846467, 18.422020044106645, 18.53939181836682, 18.656763592626994, 18.774135366887172, 18.891507141147347, 19.00887891540752, 19.126250689667696, 19.24362246392787, 19.36099423818805, 19.478366012448223, 19.595737786708398, 19.713109560968572, 19.830481335228747, 19.947853109488925, 20.0652248837491, 20.182596658009274, 20.299968432269452, 20.417340206529627, 20.5347119807898, 20.652083755049976, 20.76945552931015, 20.88682730357033, 21.004199077830503, 21.121570852090677, 21.238942626350855, 21.356314400611026, 21.473686174871204, 21.59105794913138, 21.708429723391554, 21.82580149765173, 21.943173271911903, 22.06054504617208, 22.177916820432255, 22.29528859469243, 22.412660368952608, 22.530032143212782, 22.647403917472957, 22.764775691733135, 22.882147465993306, 22.999519240253484, 23.11689101451366, 23.234262788773833, 23.35163456303401, 23.469006337294182, 23.58637811155436, 23.703749885814535, 23.82112166007471, 23.938493434334887, 24.055865208595062, 24.173236982855236, 24.290608757115415, 24.407980531375586, 24.525352305635764]], "PDF": [[0.00017604217600541159, 0.00017828631876008372, 0.0001752924756441008, 0.00019303694288318283, 0.00024413082612112714, 0.000329900327130782, 0.00045580189888478646, 0.0006292536351289051, 0.0008406072905853621, 0.0010630482335184587, 0.001280140420431875, 0.0014998050788332987, 0.0017341365396343067, 0.001984809022318835, 0.0022592877517131045, 0.0025833514780179492, 0.0029833375556486724, 0.0034585424194023256, 0.003974714443058969, 0.004495182666258429, 0.005037521459553981, 0.005712259205579578, 0.006702611749626582, 0.008169608517462639, 0.010116291875511971, 0.012318383322910373, 0.014413392392798157, 0.016101831560690644, 0.017318661588309275, 0.01826574555936402, 0.01928470597909002, 0.020646031676792298, 0.022400355362175137, 0.024399605276663898, 0.02644293191134188, 0.028413178756203306, 0.030343922172109485, 0.03239336906731705, 0.03468854439797588, 0.03719774362259243, 0.03988283712299827, 0.04296845912042979, 0.04689179567987781, 0.05193557187183761, 0.05795385207948989, 0.06441357998425179, 0.07070843993072456, 0.07658117555447537, 0.0823348278066538, 0.08862625346859117, 0.0960736570025473, 0.1050615918320539, 0.11579147439553066, 0.12829600361543686, 0.14226471405853047, 0.15697653638178038, 0.17168491187805307, 0.18617872712084596, 0.20084415432621716, 0.21607806110945968, 0.23164398215204535, 0.24661125237640188, 0.25992631262044197, 0.27101763180686245, 0.27983952694319536, 0.2865332884208987, 0.29131248470763527, 0.2945372287246379, 0.296384969118798, 0.2962067196288343, 0.2926026247763902, 0.284687057536273, 0.2733203352431333, 0.2606952735837314, 0.2484208288371699, 0.23605799884383113, 0.22175393777739974, 0.20431839976149258, 0.1844107924754935, 0.1637552658895836, 0.14373254000438337, 0.12490779059585735, 0.10740393914531468, 0.09127310984937953, 0.0765933813855188, 0.06346736082119493, 0.05198945384636089, 0.042160929432433256, 0.03382724927574184, 0.026725218097281882, 0.020615491673330665, 0.015393063481415784, 0.011085461023219308, 0.007743385513170662, 0.005324670524686228, 0.0036672519622479778, 0.002550252365788075, 0.0017747188076098295, 0.0012076459098548065, 0.0007800195838484743]]}