{"S_Ks": [[0.16876565755170989]], "S_Q": [[0.8407586850650322]], "S_T_Ks": [[0.1705423837307714]], "S_T_Q": [[0.8510775739142137]]}