{"S_min_Ks": [[0.15319115241580816]], "S_min_Q": [[0.7936666630760586]], "S_Ks": [[0.16876565755170989]], "S_Q": [[0.8407586850650322]], "S_max_Ks": [[0.17898093438673135]], "S_max_Q": [[0.8823487098180259]], "S_T_min_Ks": [[0.13554816980633733]], "S_T_min_Q": [[0.8122976456733676]], "S_T_Ks": [[0.1705423837307714]], "S_T_Q": [[0.8510775739142137]], "S_T_max_Ks": [[0.19929954692892185]], "S_T_max_Q": [[0.8783964424622211]]}