{"Min": [[6.524209023717779]], "SD_min": [[8.981077163996263]], "Mean": [[10.227083783389654]], "SD_max": [[11.473090402783045]], "Max": [[13.464367709067394]]}