{"Min": [[5.515747945995193]], "SD_min": [[9.661651581250746]], "Mean": [[11.057424600754333]], "SD_max": [[12.453197620257919]], "Max": [[13.891692409953569]]}