{"output": [[5.515747945995193, 5.600353445631136, 5.684958945267079, 5.769564444903022, 5.854169944538965, 5.938775444174908, 6.023380943810851, 6.107986443446795, 6.192591943082738, 6.277197442718681, 6.3618029423546245, 6.446408441990568, 6.531013941626511, 6.615619441262454, 6.700224940898397, 6.784830440534341, 6.869435940170284, 6.954041439806227, 7.03864693944217, 7.123252439078113, 7.2078579387140564, 7.2924634383499995, 7.377068937985943, 7.461674437621886, 7.546279937257829, 7.630885436893772, 7.715490936529715, 7.800096436165658, 7.884701935801601, 7.969307435437544, 8.053912935073487, 8.138518434709432, 8.223123934345374, 8.307729433981319, 8.39233493361726, 8.476940433253205, 8.561545932889148, 8.646151432525091, 8.730756932161034, 8.815362431796977, 8.89996793143292, 8.984573431068863, 9.069178930704807, 9.15378443034075, 9.238389929976693, 9.322995429612636, 9.407600929248579, 9.492206428884522, 9.576811928520465, 9.661417428156408, 9.746022927792353, 9.830628427428294, 9.91523392706424, 9.99983942670018, 10.084444926336126, 10.169050425972067, 10.253655925608012, 10.338261425243953, 10.422866924879898, 10.507472424515841, 10.592077924151784, 10.676683423787727, 10.76128892342367, 10.845894423059613, 10.930499922695557, 11.0151054223315, 11.099710921967443, 11.184316421603386, 11.268921921239329, 11.353527420875272, 11.438132920511215, 11.52273842014716, 11.607343919783101, 11.691949419419046, 11.776554919054988, 11.861160418690933, 11.945765918326874, 12.030371417962819, 12.11497691759876, 12.199582417234705, 12.284187916870648, 12.368793416506591, 12.453398916142534, 12.538004415778477, 12.62260991541442, 12.707215415050364, 12.791820914686307, 12.87642641432225, 12.961031913958193, 13.045637413594136, 13.130242913230079, 13.214848412866022, 13.299453912501967, 13.384059412137908, 13.468664911773853, 13.553270411409795, 13.637875911045738, 13.722481410681683, 13.807086910317626, 13.891692409953569]], "PDF": [[0.00025994489571303306, 0.00022365054513754815, 0.00014393085817915053, 7.72807207924165e-05, 6.079290471061082e-05, 0.0001019000115012424, 0.00018074746533691983, 0.0002483300672057237, 0.00025463271679269933, 0.00020036421423374185, 0.00014320594925858887, 0.00014607929092872037, 0.0002356703237480396, 0.000416631067367187, 0.0007134505592224239, 0.0011534724061433067, 0.001674416067670314, 0.0021303843276675232, 0.002480705280303752, 0.002916033597775694, 0.0037587015093341466, 0.0052890020556183885, 0.007612121494186127, 0.010571726322371345, 0.013771888864338885, 0.016772657359393997, 0.019385488792014256, 0.021879474891652564, 0.024905437685691267, 0.028959240361664407, 0.03374447447870191, 0.038371137921277804, 0.042345757746976714, 0.046092251002209615, 0.05044771100099766, 0.05591051381206748, 0.06255236867857054, 0.07047157539705864, 0.0798518471771729, 0.09051647321628617, 0.10186774485988472, 0.11330470132177424, 0.12433394414490893, 0.13439429879701306, 0.1431170951274425, 0.15090802427052505, 0.1589617748407883, 0.16826261294620137, 0.17832628781292448, 0.18740481616657848, 0.1944736189437295, 0.20044823209733215, 0.20677417923091412, 0.21349350764784125, 0.21947997444626124, 0.2239859020009867, 0.22719749904057512, 0.22965427472841027, 0.2318504360403671, 0.23436488419222357, 0.23759221570462213, 0.24087162506566767, 0.24251598822063447, 0.24141115242380998, 0.2383926127543651, 0.23566831755203646, 0.23497023963015812, 0.23646887923608598, 0.23915361339803942, 0.24159216272775996, 0.24234333285828025, 0.2404619506386343, 0.23620592674901864, 0.230910961720133, 0.22573343514130007, 0.2208793525689525, 0.21607369461098994, 0.21115729691920226, 0.20637357353622454, 0.20249132998709443, 0.2003457009637881, 0.2001174909464719, 0.201329697792452, 0.20326858836360673, 0.2049483679418441, 0.20500991887316453, 0.2023644891287067, 0.1970168918700797, 0.18975715947672778, 0.18085479108875988, 0.1694145032604058, 0.1542523518900744, 0.13519968271211297, 0.11332206283736194, 0.0901473626910119, 0.06721737687672706, 0.04622873211451007, 0.028841326881154268, 0.01604059886283013, 0.007795267898727162]]}