{"output": [[6.524209023717779, 6.594311636701108, 6.664414249684437, 6.734516862667767, 6.804619475651097, 6.874722088634426, 6.944824701617756, 7.014927314601085, 7.085029927584414, 7.1551325405677435, 7.225235153551074, 7.295337766534403, 7.365440379517732, 7.435542992501062, 7.505645605484391, 7.57574821846772, 7.64585083145105, 7.71595344443438, 7.786056057417709, 7.856158670401038, 7.926261283384368, 7.996363896367697, 8.066466509351027, 8.136569122334356, 8.206671735317686, 8.276774348301014, 8.346876961284345, 8.416979574267675, 8.487082187251003, 8.557184800234333, 8.627287413217662, 8.697390026200992, 8.767492639184322, 8.83759525216765, 8.90769786515098, 8.97780047813431, 9.04790309111764, 9.11800570410097, 9.188108317084298, 9.258210930067627, 9.328313543050957, 9.398416156034287, 9.468518769017615, 9.538621382000946, 9.608723994984274, 9.678826607967604, 9.748929220950934, 9.819031833934263, 9.889134446917593, 9.959237059900921, 10.029339672884252, 10.099442285867582, 10.16954489885091, 10.23964751183424, 10.309750124817569, 10.3798527378009, 10.44995535078423, 10.520057963767558, 10.590160576750886, 10.660263189734216, 10.730365802717547, 10.800468415700877, 10.870571028684205, 10.940673641667534, 11.010776254650864, 11.080878867634194, 11.150981480617522, 11.221084093600851, 11.291186706584181, 11.361289319567511, 11.431391932550842, 11.50149454553417, 11.571597158517498, 11.641699771500829, 11.711802384484159, 11.781904997467489, 11.852007610450817, 11.922110223434146, 11.992212836417476, 12.062315449400806, 12.132418062384135, 12.202520675367465, 12.272623288350793, 12.342725901334124, 12.412828514317454, 12.482931127300782, 12.55303374028411, 12.62313635326744, 12.693238966250771, 12.763341579234101, 12.83344419221743, 12.903546805200758, 12.973649418184088, 13.043752031167418, 13.113854644150749, 13.183957257134077, 13.254059870117405, 13.324162483100736, 13.394265096084066, 13.464367709067394]], "PDF": [[0.0003933881252797844, 0.000438930117106802, 0.00044394147594213455, 0.0004189166666409369, 0.00037986488147453946, 0.00038991732905281764, 0.0005347111069079275, 0.0008569553570543031, 0.0013358631832718771, 0.001910212440337066, 0.0025699282638143735, 0.003538218780724972, 0.005334271391030173, 0.008451704692457747, 0.01284511930732062, 0.017884222107142904, 0.022996660460225565, 0.028196997977078343, 0.03385541140014586, 0.040268304510614715, 0.047658722564733906, 0.05624796051014138, 0.06604344411464053, 0.07679914449644239, 0.08847722498005986, 0.10175656374263055, 0.11779070184931742, 0.13686592562420502, 0.15728887910828804, 0.17645080021239373, 0.193163952697878, 0.20827434694679106, 0.22297638199465425, 0.2372654749502242, 0.25020224776705907, 0.2610999565538597, 0.2704378964574714, 0.27991347272956246, 0.2909003671984004, 0.30227432088840805, 0.3105366770659368, 0.31295702911919043, 0.31028671710739236, 0.3056621828250205, 0.3012178920918809, 0.29685557413866226, 0.29210707716573975, 0.2875681890596712, 0.2841017340799763, 0.28199735784006763, 0.2809536123829818, 0.27951528071607784, 0.2749982741985665, 0.265683118262563, 0.2533713091309713, 0.24290032173998372, 0.23832307199997374, 0.23917971411821087, 0.24061280935683638, 0.2374840115744869, 0.22865153322867135, 0.21743717964491896, 0.20824275901758754, 0.20291262160792195, 0.20025906366632312, 0.1985003740251731, 0.19718613992450262, 0.19650120490994424, 0.1956392551747899, 0.193078211125801, 0.18869194698626407, 0.18448159567308156, 0.18230755971912588, 0.18155961769956394, 0.17989225599955042, 0.1757831026367131, 0.16967278813279063, 0.16279188214810117, 0.1556144127232062, 0.14794854475701383, 0.13994081672606998, 0.131888865454491, 0.12337022550550834, 0.11374987845850165, 0.10333802023956522, 0.09310177897379292, 0.08358774422149544, 0.07483861556824149, 0.06686299356324664, 0.059576214602823044, 0.0526216603615403, 0.04557883640247255, 0.038314858821096615, 0.031174972005588802, 0.02471055895127542, 0.019092052998619647, 0.014043139531206837, 0.009444041256610972, 0.0056199243265169785, 0.002918296077594823]]}