{"S_Ks": [[0.4880216391160916]], "S_Q": [[0.4896609079523516]], "S_T_Ks": [[0.5087931895099338]], "S_T_Q": [[0.5084535746620013]]}