{"S_min_Ks": [[0.6671603517014983]], "S_min_Q": [[0.2694465152976699]], "S_Ks": [[0.6945751225092431]], "S_Q": [[0.2864179714061523]], "S_max_Ks": [[0.720347742859686]], "S_max_Q": [[0.30112170654680764]], "S_T_min_Ks": [[0.6760864452896664]], "S_T_min_Q": [[0.27006496927859786]], "S_T_Ks": [[0.7104058113643732]], "S_T_Q": [[0.29670026057051513]], "S_T_max_Ks": [[0.7359587189607244]], "S_T_max_Q": [[0.3147808819470869]]}