{"S_min_Ks": [[0.4645760250710458]], "S_min_Q": [[0.4670815916630886]], "S_Ks": [[0.4880216391160916]], "S_Q": [[0.4896609079523516]], "S_max_Ks": [[0.5080143096260215]], "S_max_Q": [[0.513201055755617]], "S_T_min_Ks": [[0.47611822983101726]], "S_T_min_Q": [[0.48631522463820676]], "S_T_Ks": [[0.5087931895099338]], "S_T_Q": [[0.5084535746620013]], "S_T_max_Ks": [[0.5319974794041838]], "S_T_max_Q": [[0.5309621609254758]]}