{"S_Ks": [[0.6945751225092431]], "S_Q": [[0.2864179714061523]], "S_T_Ks": [[0.7104058113643732]], "S_T_Q": [[0.29670026057051513]]}