{"Min": [[17.46180899286816]], "SD_min": [[19.73455887470354]], "Mean": [[20.450889728815667]], "SD_max": [[21.167220582927794]], "Max": [[22.401779435556215]]}