{"output": [[17.46180899286816, 17.511707684208442, 17.561606375548727, 17.61150506688901, 17.661403758229294, 17.711302449569576, 17.76120114090986, 17.811099832250143, 17.86099852359043, 17.91089721493071, 17.960795906270995, 18.010694597611277, 18.060593288951562, 18.110491980291844, 18.16039067163213, 18.21028936297241, 18.260188054312696, 18.310086745652978, 18.359985436993263, 18.409884128333545, 18.459782819673826, 18.50968151101411, 18.559580202354393, 18.60947889369468, 18.65937758503496, 18.709276276375245, 18.759174967715527, 18.809073659055812, 18.858972350396094, 18.90887104173638, 18.95876973307666, 19.008668424416946, 19.058567115757228, 19.108465807097513, 19.158364498437795, 19.20826318977808, 19.25816188111836, 19.308060572458647, 19.35795926379893, 19.407857955139214, 19.457756646479496, 19.507655337819777, 19.557554029160062, 19.607452720500344, 19.65735141184063, 19.70725010318091, 19.757148794521196, 19.807047485861478, 19.856946177201763, 19.906844868542045, 19.95674355988233, 20.006642251222612, 20.056540942562897, 20.10643963390318, 20.156338325243464, 20.206237016583746, 20.25613570792403, 20.306034399264313, 20.355933090604594, 20.40583178194488, 20.455730473285165, 20.505629164625446, 20.555527855965728, 20.605426547306013, 20.655325238646295, 20.70522392998658, 20.755122621326862, 20.805021312667147, 20.85492000400743, 20.904818695347714, 20.954717386687996, 21.00461607802828, 21.054514769368563, 21.104413460708848, 21.15431215204913, 21.204210843389415, 21.254109534729697, 21.304008226069982, 21.353906917410264, 21.403805608750545, 21.45370430009083, 21.503602991431116, 21.553501682771397, 21.60340037411168, 21.653299065451964, 21.703197756792246, 21.75309644813253, 21.802995139472813, 21.852893830813098, 21.90279252215338, 21.952691213493665, 22.002589904833947, 22.052488596174232, 22.102387287514514, 22.1522859788548, 22.20218467019508, 22.252083361535362, 22.301982052875648, 22.351880744215933, 22.401779435556215]], "PDF": [[0.0008385442841657284, 0.0008632418417332201, 0.0008004507335253864, 0.0007447465302688354, 0.0007427919860677466, 0.0007767769889296455, 0.0008235509054109315, 0.0009052399432550717, 0.0010931797847636548, 0.0014741508341725713, 0.002093920266099012, 0.002911091002359799, 0.0038096821703182443, 0.004671021381685251, 0.0054469652058655085, 0.00620927502840166, 0.007173816434759932, 0.008612761229247212, 0.010609875065651843, 0.01288489985480852, 0.014971660947338684, 0.016649840178659038, 0.018205466619219363, 0.02026853911364035, 0.023386434691448212, 0.027688478656608728, 0.03290617422524008, 0.038749315808151094, 0.04528196627354444, 0.05286657600318521, 0.06180716042172912, 0.07227079861459686, 0.08445732443250853, 0.09837185590077607, 0.11335620550222374, 0.12839213028132399, 0.14319866690080843, 0.15872233965528737, 0.17623239316773123, 0.19603903356243035, 0.2172230366812022, 0.23857058219670044, 0.25983237886861854, 0.28212556948533096, 0.3069108234730394, 0.334432193141484, 0.36325581974405674, 0.39130428505593656, 0.41704634373008376, 0.43961596047854584, 0.45836602876458143, 0.47312732948829345, 0.4848941807595217, 0.4952173518101655, 0.5042618627382065, 0.5101579625100354, 0.5111430718049688, 0.5081362790421586, 0.5046063724378264, 0.5038426430587325, 0.5063838862214238, 0.5097216879263754, 0.5100749176658967, 0.5047260414033332, 0.49377942344781406, 0.48047938087099273, 0.46916657796389677, 0.4617507535181531, 0.4559872826968822, 0.4476319118099665, 0.43438351797300206, 0.4176792550406626, 0.4008879616410033, 0.3859943896085286, 0.37196675246734184, 0.3561670964756323, 0.3371377472802155, 0.3157207047240275, 0.29355185848629234, 0.27115075569126873, 0.2479070299448116, 0.22351038179390725, 0.19882414804366844, 0.17539499610819403, 0.15442874184403066, 0.13619773979176897, 0.12015533227788516, 0.10551734199164957, 0.09173208801641569, 0.07850560907748673, 0.0657546987294579, 0.0537404010595158, 0.042974785595632205, 0.033782331737431184, 0.026090503931906803, 0.019682824447590123, 0.014421800023738385, 0.010175299469676866, 0.006767347084360853, 0.004100464567986336]]}