{"S_min_Ks": [[0.6516961739147933]], "S_min_Q": [[0.2996786054255303]], "S_Ks": [[0.682613788775646]], "S_Q": [[0.31957892191945164]], "S_max_Ks": [[0.7025053250185797]], "S_max_Q": [[0.3444525803606138]], "S_T_min_Ks": [[0.6563444078137218]], "S_T_min_Q": [[0.29648413812331786]], "S_T_Ks": [[0.6878497989616416]], "S_T_Q": [[0.3207663125753541]], "S_T_max_Ks": [[0.7200273146460239]], "S_T_max_Q": [[0.3411541214389602]]}