{"S_Ks": [[0.682613788775646]], "S_Q": [[0.31957892191945164]], "S_T_Ks": [[0.6878497989616416]], "S_T_Q": [[0.3207663125753541]]}