{"Min": [[9.780229568414775]], "SD_min": [[19.656535247627655]], "Mean": [[22.423671259164838]], "SD_max": [[25.19080727070202]], "Max": [[28.383335018832163]]}