{"output": [[9.780229568414775, 9.968139724479597, 10.156049880544419, 10.343960036609241, 10.531870192674063, 10.719780348738885, 10.907690504803707, 11.09560066086853, 11.283510816933353, 11.471420972998175, 11.659331129062997, 11.847241285127819, 12.03515144119264, 12.223061597257463, 12.410971753322285, 12.598881909387107, 12.786792065451928, 12.97470222151675, 13.162612377581574, 13.350522533646394, 13.538432689711218, 13.72634284577604, 13.914253001840862, 14.102163157905684, 14.290073313970506, 14.477983470035328, 14.66589362610015, 14.853803782164972, 15.041713938229794, 15.229624094294618, 15.417534250359438, 15.605444406424262, 15.793354562489082, 15.981264718553906, 16.169174874618726, 16.35708503068355, 16.544995186748373, 16.732905342813194, 16.920815498878014, 17.108725654942837, 17.29663581100766, 17.48454596707248, 17.672456123137305, 17.860366279202125, 18.04827643526695, 18.236186591331773, 18.424096747396593, 18.612006903461413, 18.799917059526237, 18.98782721559106, 19.17573737165588, 19.3636475277207, 19.551557683785525, 19.73946783985035, 19.92737799591517, 20.11528815197999, 20.303198308044813, 20.491108464109637, 20.67901862017446, 20.86692877623928, 21.0548389323041, 21.242749088368925, 21.43065924443375, 21.61856940049857, 21.80647955656339, 21.994389712628212, 22.182299868693036, 22.370210024757856, 22.558120180822677, 22.7460303368875, 22.933940492952324, 23.121850649017148, 23.309760805081968, 23.497670961146788, 23.685581117211612, 23.873491273276436, 24.061401429341256, 24.249311585406076, 24.4372217414709, 24.625131897535724, 24.813042053600544, 25.000952209665364, 25.188862365730188, 25.37677252179501, 25.564682677859835, 25.752592833924655, 25.940502989989476, 26.1284131460543, 26.31632330211912, 26.504233458183943, 26.692143614248767, 26.880053770313587, 27.06796392637841, 27.25587408244323, 27.443784238508055, 27.631694394572875, 27.8196045506377, 28.00751470670252, 28.195424862767343, 28.383335018832163]], "PDF": [[0.0002507899057007769, 0.00022911585916077408, 0.00016945732434114745, 0.00013897748621709456, 0.00016689959804539874, 0.00024761961872599874, 0.00038512744393725607, 0.0005850611841934432, 0.000820648454384191, 0.0010465251305693513, 0.0012217951515682412, 0.0013097355123653143, 0.0013101592779419852, 0.00132026862448114, 0.0015135590826453912, 0.0019698691564242277, 0.0025359551987081904, 0.0029909699289048797, 0.0033388278602366696, 0.0037404716948497194, 0.004208095179680829, 0.004642368620905082, 0.00513160738547693, 0.005921238223531752, 0.007066510219282122, 0.008304772340947942, 0.009270046300111759, 0.00979776247855474, 0.010127291455953709, 0.010707790453554068, 0.011662533269711449, 0.012668844927035242, 0.01345141328764919, 0.014086125085691886, 0.01481676849569411, 0.0158881581931745, 0.017487313992659997, 0.019618432726984554, 0.022074870417953488, 0.024540961239003498, 0.026754607867612027, 0.028782567015281913, 0.03109867385014002, 0.03405561335851671, 0.03733358105117641, 0.0403502725832449, 0.04303660732969508, 0.04570844362044973, 0.048466268227721376, 0.051266989614754614, 0.054389582649401226, 0.05821909324676025, 0.0626295914916928, 0.06721326724994468, 0.07197920657386812, 0.0771385621633195, 0.08246161761712396, 0.08755830139947968, 0.09254016899437649, 0.09785995917050253, 0.10363684077964357, 0.10944967912150665, 0.11487519609294211, 0.12010493791892915, 0.12573772117800358, 0.1318165446988751, 0.137384779763527, 0.14145187929518632, 0.1442309523731781, 0.14682927208336183, 0.14969965466089, 0.15207227872442086, 0.15309260728977223, 0.1528108751185542, 0.15195309249079111, 0.15131332892951363, 0.15114058755368442, 0.15063712261563536, 0.14840773943294283, 0.14375834528122633, 0.13737309946680828, 0.13042486604217882, 0.12317563455789733, 0.11501332029306996, 0.1055432061144288, 0.09487637573411357, 0.08337725622659835, 0.07174358018550514, 0.060756518016117034, 0.050758109773949824, 0.041782104873794336, 0.03383683155541975, 0.02677900932073119, 0.020397258826538193, 0.014721201216380753, 0.009998933876487065, 0.0064231482974976654, 0.003942976757559482, 0.0022999042295901513, 0.0012258721640544526]]}