{"S_min_Ks": [[0.05956645546202596]], "S_min_Q": [[0.8906254257487087]], "S_Ks": [[0.06937931502169914]], "S_Q": [[0.9446854594262065]], "S_max_Ks": [[0.07631657350928736]], "S_max_Q": [[0.9843356751998522]], "S_T_min_Ks": [[0.034663546474949736]], "S_T_min_Q": [[0.9106709065767822]], "S_T_Ks": [[0.06779342985062349]], "S_T_Q": [[0.9457387380151882]], "S_T_max_Ks": [[0.09115682226034372]], "S_T_max_Q": [[0.9707065788404906]]}