{"S_Ks": [[0.06937931502169914]], "S_Q": [[0.9446854594262065]], "S_T_Ks": [[0.06779342985062349]], "S_T_Q": [[0.9457387380151882]]}