{"Min": [[13.20181428398742]], "SD_min": [[16.291576092652843]], "Mean": [[17.01102282925939]], "SD_max": [[17.730469565865935]], "Max": [[18.55492736977464]]}