{"output": [[13.20181428398742, 13.255886133338807, 13.309957982690193, 13.36402983204158, 13.418101681392965, 13.472173530744351, 13.526245380095737, 13.580317229447123, 13.63438907879851, 13.688460928149896, 13.742532777501282, 13.796604626852668, 13.850676476204054, 13.90474832555544, 13.958820174906826, 14.01289202425821, 14.066963873609598, 14.121035722960983, 14.175107572312369, 14.229179421663755, 14.283251271015141, 14.337323120366527, 14.391394969717913, 14.4454668190693, 14.499538668420685, 14.553610517772071, 14.607682367123457, 14.661754216474844, 14.71582606582623, 14.769897915177616, 14.823969764529002, 14.878041613880388, 14.932113463231774, 14.98618531258316, 15.040257161934546, 15.094329011285932, 15.148400860637318, 15.202472709988704, 15.25654455934009, 15.310616408691477, 15.364688258042863, 15.418760107394249, 15.472831956745635, 15.526903806097021, 15.580975655448405, 15.635047504799793, 15.689119354151178, 15.743191203502565, 15.79726305285395, 15.851334902205338, 15.905406751556722, 15.95947860090811, 16.013550450259494, 16.067622299610882, 16.121694148962266, 16.175765998313654, 16.22983784766504, 16.283909697016426, 16.33798154636781, 16.3920533957192, 16.446125245070583, 16.50019709442197, 16.554268943773355, 16.60834079312474, 16.662412642476127, 16.716484491827515, 16.7705563411789, 16.824628190530284, 16.87870003988167, 16.932771889233056, 16.986843738584444, 17.040915587935828, 17.094987437287216, 17.1490592866386, 17.203131135989988, 17.257202985341372, 17.31127483469276, 17.365346684044145, 17.419418533395532, 17.473490382746917, 17.527562232098305, 17.58163408144969, 17.635705930801077, 17.68977778015246, 17.74384962950385, 17.797921478855233, 17.85199332820662, 17.906065177558006, 17.960137026909393, 18.014208876260778, 18.068280725612162, 18.12235257496355, 18.176424424314938, 18.230496273666322, 18.284568123017706, 18.338639972369094, 18.392711821720482, 18.446783671071866, 18.50085552042325, 18.55492736977464]], "PDF": [[0.00044816062177513953, 0.0004432948470294067, 0.0004308895144102425, 0.0005024681851948676, 0.0006623179516797395, 0.0008737620080324955, 0.0011041871468518377, 0.0012675638400242348, 0.0012528269612579583, 0.0010863775382837547, 0.0009469677807458012, 0.0009625260597035622, 0.0011104517229098925, 0.0013536002794926078, 0.0017410716338258452, 0.0023085090188745025, 0.0029662232078990157, 0.003555273020337749, 0.003967372465936151, 0.004190437205658521, 0.004353375225904954, 0.004731032184773326, 0.005513313499749368, 0.006560880677861329, 0.007557473960513869, 0.008419415384727824, 0.009458244371764846, 0.011084607222673883, 0.013322293178843982, 0.015633102332727446, 0.01737321345964032, 0.018532137383862505, 0.019960262785307614, 0.0227691643944841, 0.027252876443314145, 0.032301361264725624, 0.03649319054926819, 0.03993250583795314, 0.04401274100226405, 0.04932187469613188, 0.055102764105208604, 0.06082368046429541, 0.06699163793196423, 0.07431131752895564, 0.08297100995388844, 0.09275292695876404, 0.10336885550919979, 0.11479767443101813, 0.1271076988940575, 0.13993593363440587, 0.1529347543574179, 0.1664382622088672, 0.18081282289980938, 0.1958156145368898, 0.21130864544885514, 0.22778693078121134, 0.24585363056002352, 0.26603568897365754, 0.28871689210818147, 0.31330157475365017, 0.3383187725555776, 0.36286862398912956, 0.3868043894326723, 0.40952659646045125, 0.4299974600345822, 0.4483007420119745, 0.4661106233260115, 0.4843595838767637, 0.501261148759273, 0.5146988025234666, 0.5259800054882828, 0.5387272227889753, 0.553673576546243, 0.5666267907411469, 0.5727790718853384, 0.5716960783531927, 0.566789036221221, 0.5610049283503129, 0.5543804656276544, 0.54493521125941, 0.5307975249871371, 0.511520181178084, 0.48733917451174674, 0.457786697165612, 0.423009917093401, 0.38640423194964724, 0.3526657101184717, 0.3225372240640328, 0.2927375237910626, 0.26098797895519155, 0.2275428422868342, 0.19283499618440836, 0.15750171653982523, 0.12379212371692594, 0.09412148917455558, 0.06896396594566066, 0.04764226754060592, 0.030212638259509466, 0.017351062455112087, 0.009019345155200703]]}