{"S_min_Ks": [[0.005234658475272441]], "S_min_Q": [[0.9290047579832323]], "S_Ks": [[0.007953298264594365]], "S_Q": [[0.9693349288207455]], "S_max_Ks": [[0.010501326193557453]], "S_max_Q": [[1.0062195806992902]], "S_T_min_Ks": [[-0.026455704792722516]], "S_T_min_Q": [[0.9469272222195095]], "S_T_Ks": [[0.009912222915990983]], "S_T_Q": [[0.9885366728672537]], "S_T_max_Ks": [[0.04741479450356981]], "S_T_max_Q": [[1.0292741821325495]]}