{"S_Ks": [[0.007953298264594365]], "S_Q": [[0.9693349288207455]], "S_T_Ks": [[0.009912222915990983]], "S_T_Q": [[0.9885366728672537]]}