{"y": [16000.0, 16000.0, 16000.0, 16000.0, 8000.0, 16000.0, 24000.0, 32000.0, 0.963324814999069, 1.0, -0.7327138646583965, -0.6982249204502443, 6.930946726827513, 8.582657448197596, -2.38517771739724, -0.5112382973514502], "x": [8000.0, 8000.0, 8000.0, 8000.0, 8000.0, 16000.0, 24000.0, 32000.0, 1.0, 0.963324814999069, -0.5369589823285934, -0.4866199449666739, 6.031396043177315, 6.930946726827513, -1.4652963892635216, -0.2986867611546158], "Covariance": [32000.0, 32000.0, 32000.0, 32000.0, 8000.0, 16000.0, 24000.0, 32000.0, -0.4866199449666739, -0.6982249204502443, 0.9911295349953094, 1.0, -0.2986867611546158, -0.5112382973514502, 0.275247261829154, 0.062464646973735334], "Correlation-YY": [24000.0, 24000.0, 24000.0, 24000.0, 8000.0, 16000.0, 24000.0, 32000.0, -0.5369589823285934, -0.7327138646583965, 1.0, 0.9911295349953094, -1.4652963892635216, -2.38517771739724, 1.2346699798198848, 0.275247261829154]}