{"SD_max": [-1.7472358795894882, -9.745695906236175, 6.237084234752514, -5.287378504701184], "Min": [16000.0, -9.975541726285611, 2.9389252296479067, -9.501092602297932], "Max": [-1.8959343176074803, -9.993356281574956, 6.163569844495196, -8.85719699582087], "SD_min": [24000.0, 0.7297826288887719, -8.623352992815159, 16.37633414776422], "x": [8000.0, -9.826698820808662, 3.483433431820643, -7.501010079394143], "Mean": [32000.0, -0.28571938519938334, -9.747224441936444, 16.374235956946922]}