{"S_Q": [24000.0, 0.4566296253918073, 0.9329106215805153, 0.03628285905110752], "x": [8000.0, 0.20379703378698374, 0.8826496061738076, 0.054088064569205084], "S_T_Q": [0.5235062053677496, 0.1122048199616367, 0.9471874885574033, 0.06752967685733849], "S_Ks": [16000.0, 0.8035249781698396, 0.3272001504370536, 0.9095150453917871], "S_T_Ks": [32000.0, 0.6611217636497171, 0.044891912303139, 0.9568562835271697]}