{"S_Q": [0.14162415066811512], "S_T_min_Q": [0.25520307472264653], "S_max_Q": [0.19899764471355688], "S_T_max_Ks": [0.9693534648051078], "S_T_min_Ks": [0.732480907085097], "S_min_Ks": [0.5001439074989524], "S_min_Q": [0.08441864015872774], "S_T_Ks": [0.8577567896114695], "S_T_Q": [0.35456629647724974], "S_max_Ks": [0.7124196981319174], "S_T_max_Q": [0.4356612108472785], "S_Ks": [0.6304952041750823]}