{"Min": [[9.817612396360026]], "SD_min": [[12.012487626141061]], "Mean": [[12.871199732062884]], "SD_max": [[13.729911837984707]], "Max": [[13.908030728911333]]}