{"Min": [[-15.138260428583637]], "SD_min": [[6.215155734829115]], "Mean": [[10.858521604558357]], "SD_max": [[15.5018874742876]], "Max": [[31.11401810869214]]}