{"output": [[9.817612396360026, 9.858929753254484, 9.90024711014894, 9.9415644670434, 9.982881823937857, 10.024199180832314, 10.065516537726772, 10.10683389462123, 10.148151251515687, 10.189468608410145, 10.230785965304603, 10.27210332219906, 10.313420679093518, 10.354738035987975, 10.396055392882433, 10.437372749776891, 10.478690106671348, 10.520007463565806, 10.561324820460264, 10.60264217735472, 10.643959534249179, 10.685276891143637, 10.726594248038094, 10.767911604932552, 10.80922896182701, 10.850546318721467, 10.891863675615925, 10.933181032510383, 10.97449838940484, 11.015815746299298, 11.057133103193756, 11.098450460088213, 11.13976781698267, 11.181085173877129, 11.222402530771586, 11.263719887666044, 11.305037244560502, 11.346354601454959, 11.387671958349417, 11.428989315243875, 11.470306672138332, 11.51162402903279, 11.552941385927248, 11.594258742821705, 11.635576099716163, 11.676893456610621, 11.718210813505078, 11.759528170399536, 11.800845527293994, 11.84216288418845, 11.883480241082909, 11.924797597977367, 11.966114954871824, 12.007432311766282, 12.04874966866074, 12.090067025555197, 12.131384382449655, 12.172701739344113, 12.21401909623857, 12.255336453133028, 12.296653810027486, 12.337971166921943, 12.3792885238164, 12.420605880710857, 12.461923237605316, 12.503240594499774, 12.54455795139423, 12.585875308288689, 12.627192665183145, 12.668510022077603, 12.709827378972061, 12.751144735866518, 12.792462092760976, 12.833779449655434, 12.875096806549891, 12.91641416344435, 12.957731520338807, 12.999048877233264, 13.040366234127722, 13.08168359102218, 13.123000947916637, 13.164318304811095, 13.205635661705553, 13.24695301860001, 13.288270375494468, 13.329587732388926, 13.370905089283383, 13.412222446177841, 13.4535398030723, 13.494857159966756, 13.536174516861214, 13.577491873755672, 13.618809230650129, 13.660126587544587, 13.701443944439045, 13.742761301333502, 13.78407865822796, 13.825396015122418, 13.866713372016875, 13.908030728911333]], "PDF": [[0.003532033814316505, 0.005377469067653022, 0.007360739966853977, 0.009144584565037502, 0.010462181873901596, 0.011327896585960345, 0.012100085609222289, 0.013284538272137712, 0.015230936335560353, 0.01802656075897898, 0.021652997345681914, 0.026078125905002594, 0.031059664986799386, 0.036003538516913625, 0.040268116161799074, 0.04362510695371496, 0.0462990320416299, 0.04856073407592318, 0.050380794774559375, 0.05154705301473479, 0.05210923327356341, 0.05259302325135107, 0.05371553080779128, 0.056001135591168635, 0.05966161958561525, 0.06452976217995612, 0.06992979998987721, 0.07488746323514879, 0.07876309606060997, 0.08166013097044639, 0.0841954796141246, 0.08702772102345104, 0.09058626179598339, 0.09490661424838635, 0.09949494687754266, 0.10360087505333374, 0.10692824712509569, 0.1098717667670479, 0.11276264858196214, 0.11523059595624732, 0.1167648188684958, 0.11757009901024867, 0.11837317368638654, 0.11976716765101339, 0.12235803139336472, 0.12715653687855966, 0.13487155264753833, 0.14464399367025205, 0.15404166105484005, 0.1606673486623478, 0.1638384372904801, 0.1648667177849274, 0.16594992683086765, 0.16878127065962079, 0.17379535875534863, 0.18025142455510254, 0.187022908261675, 0.19360190663726218, 0.20043270849522096, 0.20828330295244954, 0.21741362730831051, 0.22729037972214589, 0.23689409503506556, 0.24537535492890525, 0.2527612806679382, 0.2602130835725596, 0.2693685909648339, 0.28101527706468976, 0.29435075858485527, 0.30789772267038495, 0.32120215607163427, 0.3352443686364434, 0.3512268202953584, 0.3696607022498183, 0.39086303868929223, 0.4155264968511419, 0.444076926700166, 0.4757747518666175, 0.50887314429223, 0.5411633530642904, 0.5698224118667301, 0.5914203451906007, 0.6033090791151382, 0.6054111234957569, 0.6004695735550075, 0.5925784833475188, 0.58541265866606, 0.5811999527862853, 0.5804689893427553, 0.5824334206492457, 0.5861103825555916, 0.5917270203812345, 0.601036112165141, 0.6157336810324328, 0.6347468631827524, 0.6510940235463623, 0.6493334944885819, 0.6086159603698859, 0.5161290793425283, 0.382611178334484]]}