{"output": [[-15.138260428583637, -14.67106569588388, -14.203870963184126, -13.73667623048437, -13.269481497784616, -12.80228676508486, -12.335092032385106, -11.86789729968535, -11.400702566985593, -10.93350783428584, -10.466313101586085, -9.999118368886329, -9.531923636186573, -9.064728903486817, -8.597534170787062, -8.130339438087308, -7.663144705387552, -7.195949972687797, -6.7287552399880415, -6.261560507288285, -5.794365774588531, -5.327171041888775, -4.859976309189021, -4.392781576489265, -3.9255868437895085, -3.458392111089754, -2.991197378389998, -2.524002645690244, -2.0568079129904877, -1.5896131802907334, -1.1224184475909773, -0.655223714891223, -0.1880289821914669, 0.2791657505082892, 0.7463604832080435, 1.2135552159077978, 1.680749948607554, 2.14794468130731, 2.615139414007066, 3.0823341467068186, 3.5495288794065747, 4.016723612106331, 4.483918344806087, 4.951113077505843, 5.4183078102055955, 5.885502542905352, 6.352697275605108, 6.819892008304864, 7.28708674100462, 7.754281473704372, 8.221476206404128, 8.688670939103885, 9.15586567180364, 9.623060404503393, 10.09025513720315, 10.557449869902905, 11.024644602602661, 11.491839335302418, 11.95903406800217, 12.426228800701926, 12.893423533401682, 13.360618266101438, 13.82781299880119, 14.295007731500947, 14.762202464200703, 15.22939719690046, 15.696591929600215, 16.16378666229997, 16.630981394999722, 17.09817612769948, 17.565370860399234, 18.032565593098994, 18.499760325798746, 18.966955058498506, 19.43414979119826, 19.90134452389801, 20.36853925659777, 20.835733989297523, 21.302928721997276, 21.770123454697035, 22.237318187396788, 22.704512920096548, 23.1717076527963, 23.638902385496053, 24.106097118195812, 24.573291850895565, 25.040486583595325, 25.507681316295077, 25.97487604899483, 26.44207078169459, 26.909265514394342, 27.3764602470941, 27.843654979793854, 28.310849712493606, 28.778044445193366, 29.24523917789312, 29.71243391059288, 30.17962864329263, 30.646823375992383, 31.11401810869214]], "PDF": [[0.00013339436094633413, 0.00025756782941049314, 0.0004088380225541772, 0.0004731150666153381, 0.0005434799811284516, 0.0005806485404200119, 0.0006737090524398661, 0.0012849081032095646, 0.00190035978469695, 0.0019679674993168706, 0.0020167942247429366, 0.002211219633283325, 0.002414788336538068, 0.0023013140994952237, 0.0021647087411730877, 0.002404976461248744, 0.002823811961778507, 0.002901529535482735, 0.00273114906689528, 0.0028660931625101413, 0.00337820177285716, 0.003987607917470365, 0.00428186863618207, 0.004373060458262363, 0.0047609275403204965, 0.004972745019084812, 0.004688826056701282, 0.004501968001419792, 0.004584255697228673, 0.005041531691021649, 0.005947855925026873, 0.006818515191441889, 0.007236575515279223, 0.007016734914922546, 0.006410946512045363, 0.006199487825539146, 0.006630874948856462, 0.006834125810655139, 0.007014221200694939, 0.0075758505250871746, 0.008077897999990346, 0.00816844391383703, 0.008351548100217182, 0.008937478939558626, 0.010216190002781745, 0.011937127295377815, 0.013054829342964999, 0.014498131195579501, 0.018350546889304518, 0.029897657129985825, 0.0544424659314799, 0.08676924359713191, 0.11335525966437887, 0.11753438281351543, 0.1085131319005746, 0.10212674815535892, 0.100564101169225, 0.10207904987964787, 0.10959176047055848, 0.12301405315261013, 0.13475753459977824, 0.13749065291132362, 0.13190464106240404, 0.1220756094551539, 0.10616725192200764, 0.07986957819771777, 0.04872598049273008, 0.026643421810747404, 0.01759381566670862, 0.014316700983909995, 0.011518020141694675, 0.00678248294821513, 0.0022301494535421408, 0.0004645361531153942, 0.0002108757924317099, 0.0001777340606992034, 0.00011120141617859993, 7.480022299071296e-05, 0.00020067969023195576, 0.00041498728213164125, 0.0004098671075339316, 0.00023620590483613407, 0.00024700838636065175, 0.0004608720693093249, 0.0005237178296517495, 0.0003487637151945969, 0.00023937368670961054, 0.0002003100942401286, 0.0001800191270941353, 0.00010640194788544033, 3.784485948209829e-05, 6.693248458331116e-05, 0.00015559104425865537, 0.0001424348081035532, 5.096310777414565e-05, 2.4512577573587036e-05, 6.566568809616977e-05, 9.466218921014095e-05, 9.092329762465625e-05, 9.259220287190265e-05]]}