{"S_min_Ks": [[0.1263766900299725]], "S_min_Q": [[0.12207928476735519]], "S_Ks": [[0.161844272103584]], "S_Q": [[0.15049175619228036]], "S_max_Ks": [[0.1894502954454776]], "S_max_Q": [[0.1787190259939066]], "S_T_min_Ks": [[0.7950477302982295]], "S_T_min_Q": [[0.8044104949162181]], "S_T_Ks": [[0.8550440018353801]], "S_T_Q": [[0.8611963621474725]], "S_T_max_Ks": [[0.9319760660101895]], "S_T_max_Q": [[0.9245271659139829]]}