{"S_min_Ks": [[0.43061084147355566]], "S_min_Q": [[0.45925042877254074]], "S_Ks": [[0.45727277816395895]], "S_Q": [[0.49004337226925226]], "S_max_Ks": [[0.48138923288534097]], "S_max_Q": [[0.5127463020466912]], "S_T_min_Ks": [[0.4736554379600183]], "S_T_min_Q": [[0.5156614421185844]], "S_T_Ks": [[0.5101505997447818]], "S_T_Q": [[0.5546337252588585]], "S_T_max_Ks": [[0.5407919348829868]], "S_T_max_Q": [[0.582380408441099]]}