{"S_Ks": [[0.161844272103584]], "S_Q": [[0.15049175619228036]], "S_T_Ks": [[0.8550440018353801]], "S_T_Q": [[0.8611963621474725]]}