{"S_Ks": [[0.45727277816395895]], "S_Q": [[0.49004337226925226]], "S_T_Ks": [[0.5101505997447818]], "S_T_Q": [[0.5546337252588585]]}