{"Min": [[12.86261020930628]], "SD_min": [[16.829192807182046]], "Mean": [[18.06929318187133]], "SD_max": [[19.309393556560615]], "Max": [[21.15890639365394]]}