{"output": [[12.86261020930628, 12.946411180865349, 13.030212152424415, 13.114013123983483, 13.19781409554255, 13.281615067101617, 13.365416038660685, 13.449217010219751, 13.53301798177882, 13.616818953337887, 13.700619924896953, 13.784420896456021, 13.868221868015087, 13.952022839574155, 14.035823811133223, 14.11962478269229, 14.203425754251358, 14.287226725810424, 14.371027697369492, 14.45482866892856, 14.538629640487626, 14.622430612046694, 14.70623158360576, 14.790032555164828, 14.873833526723896, 14.957634498282962, 15.04143546984203, 15.125236441401096, 15.209037412960164, 15.292838384519232, 15.376639356078298, 15.460440327637366, 15.544241299196432, 15.6280422707555, 15.711843242314568, 15.795644213873635, 15.879445185432703, 15.963246156991769, 16.047047128550837, 16.130848100109905, 16.214649071668973, 16.298450043228037, 16.382251014787105, 16.466051986346173, 16.54985295790524, 16.63365392946431, 16.717454901023373, 16.80125587258244, 16.88505684414151, 16.968857815700577, 17.052658787259645, 17.13645975881871, 17.220260730377777, 17.304061701936845, 17.387862673495913, 17.47166364505498, 17.555464616614046, 17.639265588173114, 17.72306655973218, 17.80686753129125, 17.890668502850318, 17.974469474409382, 18.058270445968454, 18.142071417527518, 18.225872389086586, 18.309673360645654, 18.39347433220472, 18.47727530376379, 18.561076275322854, 18.644877246881922, 18.72867821844099, 18.812479190000058, 18.896280161559126, 18.98008113311819, 19.06388210467726, 19.147683076236326, 19.231484047795394, 19.315285019354462, 19.399085990913527, 19.482886962472595, 19.566687934031663, 19.65048890559073, 19.7342898771498, 19.818090848708863, 19.90189182026793, 19.985692791827, 20.069493763386067, 20.153294734945135, 20.2370957065042, 20.320896678063267, 20.404697649622335, 20.488498621181403, 20.57229959274047, 20.656100564299535, 20.739901535858603, 20.82370250741767, 20.907503478976736, 20.991304450535807, 21.07510542209487, 21.15890639365394]], "PDF": [[0.00023858019497988625, 0.00024063006458106283, 0.00024678747124863294, 0.0003085965902700897, 0.000448714830435601, 0.0006358142433630878, 0.0008117225041262278, 0.0009518128364005509, 0.001095462302300866, 0.0013120572862178905, 0.0016455703301200073, 0.0020935632390317992, 0.0026143128610145367, 0.003135632806458112, 0.0035804991864621673, 0.003923337248157527, 0.0042337847043192435, 0.004653332855720965, 0.0053204749824564595, 0.006324760887429626, 0.007728186255557996, 0.009588186505773364, 0.01192494519368034, 0.01468332234382398, 0.017730596539793204, 0.020863854456819958, 0.02387583334507619, 0.02673432879219513, 0.029695882223008816, 0.03312105411471531, 0.03713613721869558, 0.04154810284421258, 0.046105857490188897, 0.050777306119562965, 0.05579371604727671, 0.06154085410050447, 0.06841201496963215, 0.07661666849354348, 0.08598540835192282, 0.09592519765496409, 0.10568723477709183, 0.11493209713535744, 0.12416745384495464, 0.13442295124116468, 0.1461812262092713, 0.15864736902420656, 0.17033494534604285, 0.1804291562880213, 0.18946586335384863, 0.19878232065938983, 0.20952565162792072, 0.22211764375767093, 0.23627169235185633, 0.2511293261796919, 0.2653273235231344, 0.27725360750963224, 0.2856484138237086, 0.29023225268778663, 0.2918751445787089, 0.29214490012415967, 0.2925561870799849, 0.29402645831531005, 0.29675520630761165, 0.3003334609653458, 0.3038731321264452, 0.30626830013724904, 0.3066526781862611, 0.3046369980289712, 0.3000507889740592, 0.29277594951159, 0.2832464821342519, 0.2728687820368118, 0.2632081501248829, 0.25455131312352297, 0.24577544490511988, 0.2358525461241188, 0.22507122254150397, 0.21459305460874897, 0.20517641695745825, 0.1965211479931214, 0.18756508815708856, 0.1772061219122863, 0.16493373651637397, 0.15109003456985634, 0.13664299521843543, 0.12258295461975377, 0.1093561935366176, 0.09677129067152422, 0.08437418860599168, 0.07188342787066551, 0.05938484452932881, 0.04731424575054235, 0.036322525624573304, 0.02702653524818501, 0.01972295811745976, 0.014264676717927883, 0.010203131582024048, 0.007075132536248133, 0.004610915595181343, 0.0027384039157738794]]}