{"S_Ks": [[0.47796124838126997]], "S_Q": [[0.5422149134069911]], "S_T_Ks": [[0.47246342538193836]], "S_T_Q": [[0.5480739932826484]]}