{"S_min_Ks": [[0.45299785422448646]], "S_min_Q": [[0.5111446271319748]], "S_Ks": [[0.47796124838126997]], "S_Q": [[0.5422149134069911]], "S_max_Ks": [[0.5035795517998909]], "S_max_Q": [[0.5676156238491845]], "S_T_min_Ks": [[0.4383849873066771]], "S_T_min_Q": [[0.5185083870827232]], "S_T_Ks": [[0.47246342538193836]], "S_T_Q": [[0.5480739932826484]], "S_T_max_Ks": [[0.5030976724289842]], "S_T_max_Q": [[0.5748492300034267]]}