{"Min": [[14.839305590826758]], "SD_min": [[18.450843013471605]], "Mean": [[20.113178501026013]], "SD_max": [[21.77551398858042]], "Max": [[22.551137146999668]]}