{"output": [[14.839305590826758, 14.91720287927295, 14.995100167719139, 15.07299745616533, 15.150894744611522, 15.228792033057713, 15.306689321503903, 15.384586609950095, 15.462483898396286, 15.540381186842477, 15.618278475288667, 15.696175763734859, 15.77407305218105, 15.85197034062724, 15.929867629073431, 16.007764917519623, 16.085662205965814, 16.163559494412006, 16.241456782858197, 16.31935407130439, 16.397251359750577, 16.475148648196768, 16.55304593664296, 16.63094322508915, 16.708840513535343, 16.786737801981534, 16.864635090427726, 16.942532378873914, 17.020429667320105, 17.098326955766296, 17.176224244212488, 17.25412153265868, 17.33201882110487, 17.409916109551062, 17.48781339799725, 17.565710686443442, 17.643607974889633, 17.721505263335825, 17.799402551782016, 17.877299840228208, 17.9551971286744, 18.033094417120587, 18.11099170556678, 18.18888899401297, 18.26678628245916, 18.344683570905353, 18.422580859351545, 18.500478147797736, 18.578375436243928, 18.65627272469012, 18.734170013136307, 18.8120673015825, 18.88996459002869, 18.96786187847488, 19.045759166921073, 19.123656455367264, 19.201553743813456, 19.279451032259644, 19.357348320705835, 19.435245609152027, 19.513142897598218, 19.59104018604441, 19.6689374744906, 19.746834762936793, 19.82473205138298, 19.902629339829172, 19.980526628275364, 20.058423916721555, 20.136321205167746, 20.214218493613938, 20.29211578206013, 20.370013070506317, 20.447910358952512, 20.5258076473987, 20.603704935844892, 20.681602224291083, 20.759499512737275, 20.837396801183466, 20.915294089629658, 20.99319137807585, 21.071088666522037, 21.14898595496823, 21.22688324341442, 21.30478053186061, 21.382677820306803, 21.460575108752995, 21.538472397199186, 21.616369685645374, 21.694266974091565, 21.772164262537757, 21.85006155098395, 21.92795883943014, 22.00585612787633, 22.083753416322523, 22.16165070476871, 22.239547993214906, 22.317445281661094, 22.395342570107285, 22.473239858553477, 22.551137146999668]], "PDF": [[0.003773627861826922, 0.005852936229912261, 0.008202038550203608, 0.010609297462707959, 0.012931689630183396, 0.015120604297292011, 0.017191341282572794, 0.019173514323100462, 0.021095140553489825, 0.02303182774215875, 0.025152194460148252, 0.027648074144312085, 0.03057454790782937, 0.033764497666794895, 0.03691929988638112, 0.03978892609227602, 0.042261627352251654, 0.04431081614786079, 0.04593384100925017, 0.04714847669190472, 0.04793781472050503, 0.04818667381635356, 0.04784644149771999, 0.04723585625641027, 0.047000492403680705, 0.04761923847054198, 0.049008999613750284, 0.050691321406871895, 0.05227558801374797, 0.05370327757657902, 0.055094568665961345, 0.056508074550403735, 0.05792583252033117, 0.05942216632520226, 0.06122339033947414, 0.06349578108439588, 0.06606582585132771, 0.06844239866498412, 0.07020525987419007, 0.07136876058877077, 0.07232608327490979, 0.0734646287510794, 0.07489869341956346, 0.07656922520761777, 0.07851569112073627, 0.0809775672853537, 0.08421354549030775, 0.08823105964052165, 0.09273227811883661, 0.09736464780225262, 0.1020096642184395, 0.10684002839167714, 0.1121777037742482, 0.1182686988376465, 0.12501953762753207, 0.13186975063996206, 0.1380091623796802, 0.14284028951160788, 0.14636724899497996, 0.149261677765862, 0.1524799333737151, 0.15657851298955416, 0.16128047758365124, 0.16576132472811062, 0.1694155821568311, 0.17240992379273917, 0.1756291505000716, 0.18013073525578646, 0.18646490325200962, 0.19430448803616432, 0.20274717791634178, 0.21117836421967054, 0.2199754852611951, 0.23034557169965184, 0.24343091644603296, 0.25955545614894315, 0.27821545212128884, 0.29857519305552566, 0.31976795976862604, 0.3405678192134397, 0.3588246890961638, 0.37167764074395865, 0.376923195612791, 0.37438728108160446, 0.3657521835068498, 0.3529222811210172, 0.33668202737541436, 0.3168924761893339, 0.29363016111586066, 0.26789271057644154, 0.2413136054145411, 0.21537251298276885, 0.19079565571420679, 0.16746177020781663, 0.14475133587161157, 0.12201412446128107, 0.09888251349667751, 0.07555414405026872, 0.0531308611680094, 0.03352422251620647]]}