{"S_Ks": [[0.1332886333639906]], "S_Q": [[0.8556886774901692]], "S_T_Ks": [[0.13695174856172665]], "S_T_Q": [[0.8868262215064714]]}