{"S_min_Ks": [[0.12383848388137522]], "S_min_Q": [[0.823063335410796]], "S_Ks": [[0.1332886333639906]], "S_Q": [[0.8556886774901692]], "S_max_Ks": [[0.14615856671387595]], "S_max_Q": [[0.899610006896273]], "S_T_min_Ks": [[0.111247250157954]], "S_T_min_Q": [[0.8522321643829988]], "S_T_Ks": [[0.13695174856172665]], "S_T_Q": [[0.8868262215064714]], "S_T_max_Ks": [[0.16501636816897078]], "S_T_max_Q": [[0.9283021341818656]]}