{"Min": [[16.727165101493487]], "SD_min": [[16.858897544439394]], "Mean": [[17.507772836953027]], "SD_max": [[18.15664812946666]], "Max": [[18.50350194787244]]}