{"output": [[16.727165101493487, 16.745107897921557, 16.763050694349626, 16.780993490777696, 16.798936287205766, 16.81687908363384, 16.83482188006191, 16.85276467648998, 16.87070747291805, 16.88865026934612, 16.90659306577419, 16.92453586220226, 16.94247865863033, 16.9604214550584, 16.97836425148647, 16.99630704791454, 17.01424984434261, 17.03219264077068, 17.05013543719875, 17.06807823362682, 17.08602103005489, 17.10396382648296, 17.12190662291103, 17.139849419339104, 17.157792215767174, 17.175735012195243, 17.193677808623313, 17.211620605051383, 17.229563401479453, 17.247506197907523, 17.265448994335593, 17.283391790763662, 17.301334587191736, 17.319277383619806, 17.337220180047876, 17.355162976475945, 17.373105772904015, 17.391048569332085, 17.408991365760155, 17.426934162188225, 17.444876958616295, 17.462819755044368, 17.480762551472438, 17.498705347900508, 17.516648144328578, 17.534590940756647, 17.552533737184717, 17.570476533612787, 17.588419330040857, 17.606362126468927, 17.624304922897, 17.64224771932507, 17.66019051575314, 17.67813331218121, 17.69607610860928, 17.71401890503735, 17.73196170146542, 17.74990449789349, 17.76784729432156, 17.785790090749632, 17.803732887177702, 17.821675683605772, 17.83961848003384, 17.85756127646191, 17.87550407288998, 17.89344686931805, 17.91138966574612, 17.92933246217419, 17.947275258602264, 17.965218055030334, 17.983160851458404, 18.001103647886474, 18.019046444314544, 18.036989240742614, 18.054932037170683, 18.072874833598753, 18.090817630026823, 18.108760426454896, 18.126703222882966, 18.144646019311036, 18.162588815739106, 18.180531612167176, 18.198474408595246, 18.216417205023316, 18.234360001451385, 18.252302797879455, 18.27024559430753, 18.2881883907356, 18.30613118716367, 18.324073983591738, 18.342016780019808, 18.359959576447878, 18.377902372875948, 18.395845169304017, 18.413787965732087, 18.43173076216016, 18.44967355858823, 18.4676163550163, 18.48555915144437, 18.50350194787244]], "PDF": [[0.8753176245757706, 1.0789176965808371, 1.2599265562626594, 1.3982162419096524, 1.480172715890975, 1.5016413621462843, 1.4681603687043865, 1.3925898172546414, 1.2911985214594253, 1.179670589585639, 1.0702380250322034, 0.9704736107126157, 0.8835785620947373, 0.8095737630600414, 0.7467368793074076, 0.6928144868940136, 0.6458020964124581, 0.6042923334035103, 0.5674974818755417, 0.5350784550613172, 0.5068986332027617, 0.48279472833535436, 0.4624256910275656, 0.4452254741894519, 0.4304511736075355, 0.41729386168073557, 0.4050110402910872, 0.3930441056708388, 0.3810934155769293, 0.36913264614497804, 0.3573555146935777, 0.34606576736215877, 0.33554252351573566, 0.3259259588929684, 0.3171621917418338, 0.30902246492890284, 0.3011838477795281, 0.29334087210188303, 0.28531355327324304, 0.27712144900407304, 0.26900064677311514, 0.26135256444294785, 0.25463390773076633, 0.24922207919877282, 0.24530599722767554, 0.24284491132150993, 0.2416069414554434, 0.241261300770512, 0.24147650985487557, 0.24198401562245847, 0.2425953435011525, 0.24318992823669702, 0.2437006903689481, 0.24411179475889977, 0.24446172020747012, 0.2448339663531295, 0.24532605298148383, 0.24600627748872592, 0.24687940636969827, 0.24787690319067596, 0.2488709216561417, 0.24970024361680349, 0.25019967185837594, 0.25023473618662784, 0.2497453912170474, 0.2487895316030011, 0.24756112395756896, 0.24635730282536628, 0.2454911715043438, 0.24517976226404753, 0.2454570057829864, 0.24615466234961092, 0.24696305116548023, 0.2475458548319717, 0.24766002659047318, 0.24723544979758083, 0.24639852202152582, 0.24546596744198743, 0.2449702743938128, 0.24578772069631738, 0.24941201827274648, 0.2583474101760178, 0.27649035233682123, 0.30925133796933346, 0.3630908911377551, 0.44419245776736793, 0.5562536355719149, 0.6978443086197117, 0.8602868098207725, 1.0272383714434947, 1.176801433593234, 1.286035123098794, 1.3365887417238476, 1.319470931332714, 1.237184149707301, 1.102539176385839, 0.9348311149209333, 0.7549755331702853, 0.5812749396099951, 0.42685111017912764]]}