{"S_Ks": [[0.0030853806997929345]], "S_Q": [[0.9872863203058889]], "S_T_Ks": [[0.0024339708658455577]], "S_T_Q": [[0.9900060150859963]]}