{"S_min_Ks": [[0.0016427422524754667]], "S_min_Q": [[0.9602779093768306]], "S_Ks": [[0.0030853806997929345]], "S_Q": [[0.9872863203058889]], "S_max_Ks": [[0.0047154608331112235]], "S_max_Q": [[1.013512173368294]], "S_T_min_Ks": [[-0.01012503638789981]], "S_T_min_Q": [[0.9667216410690853]], "S_T_Ks": [[0.0024339708658455577]], "S_T_Q": [[0.9900060150859963]], "S_T_max_Ks": [[0.019507257759569147]], "S_T_max_Q": [[1.0096038387514992]]}