{"Min": [[11.371322540889302]], "SD_min": [[14.991674279720261]], "Mean": [[15.929975317270586]], "SD_max": [[16.86827635482091]], "Max": [[18.36233692148607]]}