{"Min": [[13.304035526574687]], "SD_min": [[16.298036108145432]], "Mean": [[16.99862592981402]], "SD_max": [[17.699215751482605]], "Max": [[18.436411658684158]]}