{"output": [[13.304035526574687, 13.355877709727308, 13.407719892879928, 13.45956207603255, 13.51140425918517, 13.56324644233779, 13.615088625490412, 13.666930808643034, 13.718772991795655, 13.770615174948276, 13.822457358100896, 13.874299541253517, 13.926141724406138, 13.977983907558759, 14.02982609071138, 14.081668273864, 14.133510457016621, 14.185352640169242, 14.237194823321863, 14.289037006474484, 14.340879189627104, 14.392721372779725, 14.444563555932348, 14.496405739084969, 14.54824792223759, 14.60009010539021, 14.651932288542831, 14.703774471695452, 14.755616654848072, 14.807458838000693, 14.859301021153314, 14.911143204305935, 14.962985387458556, 15.014827570611176, 15.066669753763797, 15.11851193691642, 15.170354120069039, 15.222196303221661, 15.274038486374282, 15.325880669526903, 15.377722852679524, 15.429565035832145, 15.481407218984765, 15.533249402137386, 15.585091585290007, 15.636933768442628, 15.688775951595249, 15.74061813474787, 15.792460317900492, 15.84430250105311, 15.896144684205733, 15.947986867358352, 15.999829050510975, 16.051671233663594, 16.103513416816217, 16.155355599968836, 16.207197783121458, 16.25903996627408, 16.3108821494267, 16.362724332579322, 16.41456651573194, 16.466408698884564, 16.518250882037183, 16.570093065189806, 16.621935248342425, 16.673777431495047, 16.725619614647666, 16.77746179780029, 16.829303980952908, 16.88114616410553, 16.932988347258153, 16.984830530410772, 17.03667271356339, 17.088514896716013, 17.140357079868636, 17.192199263021255, 17.244041446173878, 17.295883629326497, 17.34772581247912, 17.399567995631738, 17.45141017878436, 17.50325236193698, 17.555094545089602, 17.606936728242225, 17.658778911394844, 17.710621094547463, 17.762463277700085, 17.814305460852708, 17.866147644005327, 17.91798982715795, 17.96983201031057, 18.02167419346319, 18.07351637661581, 18.125358559768433, 18.177200742921052, 18.229042926073674, 18.280885109226297, 18.332727292378916, 18.384569475531535, 18.436411658684158]], "PDF": [[0.0005762535465394206, 0.00048019161879593163, 0.0003798387469338384, 0.0005012183475116079, 0.0006975373921175245, 0.0008023335418628312, 0.0009107511563643345, 0.001117787466823919, 0.0013494833322699998, 0.0014147241207987848, 0.0014625760020683944, 0.001893299911394043, 0.0024544967704779996, 0.002574936955852137, 0.0024919675565765317, 0.0029174909512794016, 0.0037502552163790285, 0.004433751192012001, 0.004898436628469095, 0.00526168454643861, 0.005739828067029162, 0.006518616013069618, 0.0073856424644974765, 0.00807170009500357, 0.008811398220708588, 0.0101188274112704, 0.012094005856593685, 0.01410468550380425, 0.015320288469446422, 0.015706950515573536, 0.015965541922421975, 0.01672005330958826, 0.018375819350819785, 0.021314608262371422, 0.025360650983597435, 0.029250993671811255, 0.031867202924781374, 0.03387754025739234, 0.03671452744959088, 0.040809987161348565, 0.045449426231432596, 0.05018984531822932, 0.05562427824802759, 0.06246606718996719, 0.07051353669619924, 0.0789883590899666, 0.08899291185700547, 0.10211747796638126, 0.1165337987222317, 0.13081092354708468, 0.1456460627085998, 0.1610034308418401, 0.17775469770992436, 0.1958560590163298, 0.21271356915142522, 0.22847153457982108, 0.24605979167209416, 0.26466706624243963, 0.28453508892058527, 0.3099011836809526, 0.3396450129277041, 0.3669531350817434, 0.38924644060244856, 0.4140129262599707, 0.4470788787335569, 0.47981375235689483, 0.5003566839039589, 0.514645598366271, 0.5350877191763459, 0.556659131797899, 0.5673363893910506, 0.5680782000972168, 0.5704015283812575, 0.5772048633014938, 0.5789667064986173, 0.5708673064011, 0.5606023401748966, 0.5595885792013489, 0.5693323074173148, 0.5790708902679363, 0.575189768121991, 0.5525840770330281, 0.51746908013813, 0.47830424891969714, 0.4379564039480773, 0.39480721469852775, 0.3525094367925581, 0.3208612202452823, 0.3000306603279862, 0.2768632839373004, 0.24407577199942093, 0.20916043960875713, 0.18006946451350306, 0.15605334216872394, 0.13429594485898136, 0.1158621767110163, 0.10444015586673099, 0.09691586256562398, 0.07945936845809816, 0.048320959152537]]}