{"output": [[11.371322540889302, 11.441938847764018, 11.512555154638733, 11.583171461513446, 11.653787768388161, 11.724404075262877, 11.795020382137592, 11.865636689012305, 11.93625299588702, 12.006869302761736, 12.077485609636451, 12.148101916511166, 12.21871822338588, 12.289334530260595, 12.35995083713531, 12.430567144010025, 12.501183450884739, 12.571799757759454, 12.642416064634169, 12.713032371508884, 12.7836486783836, 12.854264985258313, 12.924881292133028, 12.995497599007743, 13.066113905882458, 13.136730212757172, 13.207346519631887, 13.277962826506602, 13.348579133381318, 13.419195440256033, 13.489811747130748, 13.560428054005461, 13.631044360880177, 13.701660667754892, 13.772276974629605, 13.84289328150432, 13.913509588379036, 13.98412589525375, 14.054742202128466, 14.125358509003181, 14.195974815877895, 14.26659112275261, 14.337207429627325, 14.407823736502039, 14.478440043376754, 14.549056350251469, 14.619672657126184, 14.6902889640009, 14.760905270875615, 14.831521577750328, 14.902137884625043, 14.972754191499758, 15.043370498374472, 15.113986805249187, 15.184603112123902, 15.255219418998617, 15.325835725873333, 15.396452032748048, 15.467068339622763, 15.537684646497476, 15.608300953372192, 15.678917260246905, 15.74953356712162, 15.820149873996336, 15.89076618087105, 15.961382487745766, 16.03199879462048, 16.102615101495196, 16.173231408369908, 16.243847715244627, 16.31446402211934, 16.385080328994054, 16.45569663586877, 16.526312942743484, 16.5969292496182, 16.667545556492914, 16.73816186336763, 16.80877817024234, 16.87939447711706, 16.95001078399177, 17.020627090866487, 17.091243397741202, 17.161859704615917, 17.232476011490633, 17.303092318365348, 17.373708625240063, 17.444324932114775, 17.514941238989493, 17.585557545864205, 17.65617385273892, 17.726790159613635, 17.79740646648835, 17.868022773363066, 17.93863908023778, 18.009255387112496, 18.079871693987208, 18.150488000861927, 18.22110430773664, 18.291720614611354, 18.36233692148607]], "PDF": [[0.0003949160011226393, 0.0004571911362646894, 0.0004899379730734682, 0.0005185214199027136, 0.0005795121662527912, 0.0006973627632791923, 0.0008683142415107009, 0.0010677350466793503, 0.0012728722320878496, 0.0014808679547488736, 0.001712394535426993, 0.0019947636769601213, 0.002328899299582076, 0.00267562457313137, 0.0029894366249730874, 0.0032705136480589473, 0.003581539480768879, 0.004011836509233288, 0.004616692844206376, 0.005385274784528245, 0.006270680045044435, 0.007248303656008092, 0.008337377093415916, 0.009573098960753694, 0.010976041552005439, 0.012563236347867638, 0.014393391072950646, 0.016584834205602597, 0.019263649507666396, 0.022496260047285947, 0.026295191906291066, 0.03068383128775296, 0.03571886259635337, 0.041435202472135634, 0.047785270096655626, 0.05463160966892196, 0.061776791384119525, 0.06901466318861625, 0.07622171803982701, 0.08345793931923198, 0.0909694189758347, 0.09903354301953048, 0.10773361720958642, 0.11682951805097068, 0.12585029809879147, 0.13439460843635537, 0.14242229418639654, 0.15026384580429106, 0.1583574969887064, 0.16705387450838108, 0.17668247459206993, 0.1876103981551004, 0.2000185834288514, 0.21366848416016054, 0.22813202007293748, 0.2433605597563906, 0.2598757213491746, 0.2782053151606904, 0.29817467044425605, 0.318998646402704, 0.34013813234011836, 0.36175322057996434, 0.3840396716674022, 0.40632131690398343, 0.42706151963429806, 0.4445406278381922, 0.45728689865673583, 0.4642960041866563, 0.4655053969042936, 0.46211614832045306, 0.4560279667923943, 0.4486434197709867, 0.4400911189470491, 0.42944805211803777, 0.4155328801069503, 0.3974979298362407, 0.37501039072345266, 0.3483933861829206, 0.31883376845158584, 0.28815283817768295, 0.25794821542365926, 0.2289400866102157, 0.20129460066211247, 0.1753144661588917, 0.15140323250996737, 0.12949614364961906, 0.10904589344873632, 0.08973953245109477, 0.07198981637969355, 0.056575525952492364, 0.04391687493786541, 0.0338019847468219, 0.02570472266882606, 0.019187377318767913, 0.013997596774992469, 0.009958853926143721, 0.006897479382762389, 0.0046425926723700495, 0.003027575172073499, 0.0018923985095842784]]}