{"S_Ks": [[0.0017735976259578715]], "S_Q": [[0.9786527181209435]], "S_T_Ks": [[0.002571752408720382]], "S_T_Q": [[0.995011404793825]]}