{"S_min_Ks": [[0.0019201676054789061]], "S_min_Q": [[0.9316222920703348]], "S_Ks": [[0.0035765696315336886]], "S_Q": [[0.973993015140133]], "S_max_Ks": [[0.005330857101781962]], "S_max_Q": [[1.0118254653092542]], "S_T_min_Ks": [[-0.0331085210197056]], "S_T_min_Q": [[0.9483550066045128]], "S_T_Ks": [[0.005370718229137649]], "S_T_Q": [[0.9937859119924684]], "S_T_max_Ks": [[0.04354483603845575]], "S_T_max_Q": [[1.034960080788566]]}