{"S_Ks": [[0.0035765696315336886]], "S_Q": [[0.973993015140133]], "S_T_Ks": [[0.005370718229137649]], "S_T_Q": [[0.9937859119924684]]}