{"S_min_Ks": [[0.0002402939391011722]], "S_min_Q": [[0.9382449446688008]], "S_Ks": [[0.0017735976259578715]], "S_Q": [[0.9786527181209435]], "S_max_Ks": [[0.003509854059131834]], "S_max_Q": [[1.0172616198556685]], "S_T_min_Ks": [[-0.03065506035135317]], "S_T_min_Q": [[0.9530932238875212]], "S_T_Ks": [[0.002571752408720382]], "S_T_Q": [[0.995011404793825]], "S_T_max_Ks": [[0.03730148291241641]], "S_T_max_Q": [[1.0325649620284767]]}