{"Min": [[-106.65575456096758]], "SD_min": [[13.11257407906428]], "Mean": [[16.448930315128596]], "SD_max": [[19.78528655119291]], "Max": [[78.28801069560294]]}