{"Min": [[3.895936761960992]], "SD_min": [[14.598815723038317]], "Mean": [[16.73442849509814]], "SD_max": [[18.870041267157962]], "Max": [[52.30422098279634]]}