{"Min": [[4.910432234180636]], "SD_min": [[14.697052709388544]], "Mean": [[16.672824104646967]], "SD_max": [[18.64859549990539]], "Max": [[19.978234274883675]]}