{"Min": [[-6.804954435939798]], "SD_min": [[14.543458499458994]], "Mean": [[16.66613258980013]], "SD_max": [[18.78880668014127]], "Max": [[28.714723641941063]]}