{"Min": [[0.9006224444284872]], "SD_min": [[14.645532397204704]], "Mean": [[16.649466427380098]], "SD_max": [[18.65340045755549]], "Max": [[18.568440519031526]]}