{"output": [[4.910432234180636, 5.062632254793798, 5.21483227540696, 5.367032296020122, 5.519232316633284, 5.671432337246446, 5.823632357859608, 5.97583237847277, 6.128032399085932, 6.280232419699094, 6.432432440312256, 6.584632460925418, 6.73683248153858, 6.889032502151742, 7.041232522764904, 7.193432543378066, 7.345632563991228, 7.4978325846043905, 7.650032605217552, 7.8022326258307135, 7.954432646443876, 8.106632667057038, 8.2588326876702, 8.411032708283361, 8.563232728896525, 8.715432749509686, 8.867632770122848, 9.019832790736011, 9.172032811349172, 9.324232831962334, 9.476432852575496, 9.628632873188657, 9.78083289380182, 9.933032914414984, 10.085232935028145, 10.237432955641307, 10.389632976254468, 10.54183299686763, 10.694033017480791, 10.846233038093954, 10.998433058707116, 11.15063307932028, 11.30283309993344, 11.455033120546602, 11.607233141159764, 11.759433161772925, 11.911633182386089, 12.06383320299925, 12.216033223612413, 12.368233244225575, 12.520433264838736, 12.672633285451898, 12.82483330606506, 12.977033326678223, 13.129233347291384, 13.281433367904546, 13.433633388517709, 13.58583340913087, 13.738033429744032, 13.890233450357195, 14.042433470970357, 14.194633491583518, 14.34683351219668, 14.499033532809843, 14.651233553423005, 14.803433574036166, 14.95563359464933, 15.107833615262491, 15.260033635875653, 15.412233656488814, 15.564433677101977, 15.716633697715139, 15.8688337183283, 16.021033738941462, 16.173233759554627, 16.325433780167785, 16.47763380078095, 16.62983382139411, 16.782033842007273, 16.934233862620435, 17.086433883233596, 17.23863390384676, 17.39083392445992, 17.543033945073084, 17.695233965686246, 17.847433986299407, 17.99963400691257, 18.15183402752573, 18.304034048138895, 18.456234068752053, 18.60843408936522, 18.76063410997838, 18.91283413059154, 19.065034151204703, 19.217234171817864, 19.36943419243103, 19.521634213044187, 19.673834233657352, 19.826034254270514, 19.978234274883675]], "PDF": [[0.00034851494038614896, 0.0003519456173746276, 0.0002161635691737435, 9.009323876267842e-05, 9.014365241690726e-05, 0.00026883243219132205, 0.0005672591460637737, 0.0007302536488988021, 0.000629238607805817, 0.0005204815797535043, 0.0006491420620449266, 0.0008352802831103197, 0.0008399375674973969, 0.0008750324025472043, 0.0010993816859843494, 0.001281136661754923, 0.0013306092594087405, 0.0013852426789196302, 0.0015641027080546593, 0.001881388444290389, 0.0021243663596053255, 0.002192319851308957, 0.0023640414132647634, 0.002719539558508655, 0.003038237688280822, 0.003336993498543706, 0.0037293752280719334, 0.004170421913648646, 0.00455609477584902, 0.004900116379512546, 0.005371936792638983, 0.005923081761827664, 0.006399983014973671, 0.006937229096766885, 0.007701876404454741, 0.00846615262642701, 0.008993402630664622, 0.00943457122757843, 0.010107610347140339, 0.011181824822720047, 0.012533317250597462, 0.013718516461253404, 0.01457957048906157, 0.01557659309228923, 0.016921398342131543, 0.01841907401656567, 0.019800280324839353, 0.020982955744667423, 0.02240451430357697, 0.02430342208181375, 0.02633433225222855, 0.02832173532922772, 0.03035214284631168, 0.0325298479058057, 0.03501355719309397, 0.03759867889553798, 0.040046642320463476, 0.04261190130024971, 0.045682419042073624, 0.04941675565755669, 0.05344138019496225, 0.057448818474668276, 0.06132254615129598, 0.06509808451349837, 0.06941838937793567, 0.07448012895707318, 0.0797759736147511, 0.08499754576409982, 0.09066456925380517, 0.09740252501975293, 0.10431768125906206, 0.11080935011558218, 0.11773290154213711, 0.12511958271339488, 0.13322772772259459, 0.14327657410145744, 0.15459101711819836, 0.1655477607677591, 0.17577300176287716, 0.18692920163817242, 0.20165272012136798, 0.219176738254711, 0.2371528216256723, 0.25716454014979917, 0.28374032160368023, 0.3218104959467655, 0.3833115546488798, 0.4759638321749952, 0.5381655329982975, 0.45706065386142103, 0.2557134744949522, 0.08848833752516069, 0.018730409628595252, 0.0027471231357698357, 0.000516988085477233, 0.00017006456206529116, 5.942393407767062e-05, 6.909824902060705e-05, 0.00015077977501025598, 0.00020194468762565232]]}