{"output": [[-6.804954435939798, -6.446169808890497, -6.087385181841195, -5.7286005547918935, -5.369815927742592, -5.01103130069329, -4.6522466736439885, -4.293462046594687, -3.9346774195453853, -3.5758927924960835, -3.217108165446782, -2.8583235383974803, -2.4995389113481785, -2.140754284298877, -1.7819696572495758, -1.4231850302002735, -1.0644004031509722, -0.7056157761016708, -0.34683114905236856, 0.011953477996932804, 0.37073810504623417, 0.7295227320955364, 1.0883073591448378, 1.44709198619414, 1.8058766132434414, 2.1646612402927428, 2.523445867342044, 2.8822304943913455, 3.241015121440647, 3.59979974848995, 3.9585843755392514, 4.317369002588553, 4.676153629637854, 5.0349382566871554, 5.393722883736457, 5.752507510785758, 6.111292137835061, 6.470076764884363, 6.828861391933664, 7.187646018982965, 7.546430646032267, 7.905215273081568, 8.263999900130871, 8.622784527180173, 8.981569154229474, 9.340353781278775, 9.699138408328078, 10.057923035377378, 10.416707662426681, 10.77549228947598, 11.134276916525284, 11.493061543574584, 11.851846170623887, 12.21063079767319, 12.56941542472249, 12.928200051771793, 13.286984678821092, 13.645769305870395, 14.004553932919698, 14.363338559968998, 14.722123187018301, 15.0809078140676, 15.439692441116904, 15.798477068166203, 16.157261695215507, 16.51604632226481, 16.87483094931411, 17.233615576363412, 17.592400203412712, 17.951184830462015, 18.309969457511315, 18.668754084560618, 19.02753871160992, 19.38632333865922, 19.745107965708524, 20.103892592757823, 20.462677219807127, 20.82146184685643, 21.18024647390573, 21.539031100955032, 21.897815728004332, 22.256600355053635, 22.615384982102935, 22.974169609152238, 23.33295423620154, 23.69173886325084, 24.050523490300144, 24.409308117349443, 24.768092744398746, 25.126877371448046, 25.48566199849735, 25.844446625546652, 26.203231252595955, 26.56201587964525, 26.920800506694555, 27.279585133743858, 27.63836976079316, 27.997154387842464, 28.35593901489176, 28.714723641941063]], "PDF": [[0.00030733549585241365, 0.00018821375738364396, 1.0483975886230974e-05, 3.9538851923946454e-08, 8.904797154298783e-12, 1.1616095629537422e-16, 8.72097776507208e-23, 3.76340515613153e-30, 1.0764849563728272e-38, 7.4208073277001594e-31, 2.2090731742603825e-23, 3.7786802595390666e-17, 3.713994742403088e-12, 2.097555811202776e-08, 6.807030436163561e-06, 0.00012698353453751402, 0.00014764188915426663, 0.00016825250648774769, 0.0002542975118821768, 0.0001259640575659687, 6.671297995610935e-05, 0.00018464464203528984, 3.8087631501242896e-05, 0.0001239205517869819, 0.00023286610895780155, 0.0002863326549403452, 0.00038598649980138854, 0.00011021700335347023, 0.00026953133945420584, 0.0004326921703963404, 0.0007371011536440004, 0.0004442556180638175, 0.0002998533892932633, 0.0002873455884572749, 0.001095577233697971, 0.0007681078552433229, 0.0007771565515767765, 0.001270969160566417, 0.001514724792796627, 0.001529327919164755, 0.0017716824944229326, 0.0020825216786124236, 0.002488141298037809, 0.003833468729925527, 0.0041266225276855445, 0.004838423672508456, 0.005799994645637364, 0.006196660454995987, 0.007966292028880499, 0.009831668370084045, 0.012293587650150215, 0.014686745771123626, 0.017650514447073253, 0.021191864177986183, 0.025716901487916846, 0.030915436456812745, 0.03754279291098556, 0.04414394722670794, 0.05312103635849737, 0.06318354541241701, 0.07435995063075573, 0.08701896978543992, 0.10123877071251901, 0.11732203689335367, 0.13404282301681553, 0.15767871519092114, 0.17882641666629268, 0.21079809659417703, 0.25218416223926293, 0.3437906643067899, 0.5109511072521528, 0.20548751985362224, 0.016518186308407925, 0.005175222156547438, 0.002668853629894469, 0.001735591590060141, 0.001086422557208415, 0.001013848804398327, 0.0005819999585642007, 0.00034383240861044314, 0.0004505816668035282, 0.000258078738713692, 3.5352916587611735e-05, 6.691493856763067e-05, 0.0003529913524653746, 0.00025456641996703615, 0.00035821920971629994, 8.100628414466762e-05, 1.3152099835766382e-06, 2.0634585426468675e-09, 7.843398738812826e-07, 5.0586714870936555e-05, 0.00018747363262382514, 4.022443271429806e-05, 3.159668643392921e-05, 0.00018397061400826715, 6.251655439648588e-05, 1.8412014454486673e-06, 4.505093229358854e-05, 0.00018793385889589174]]}