{"output": [[-106.65575456096758, -104.78763571999212, -102.91951687901665, -101.0513980380412, -99.18327919706574, -97.31516035609027, -95.44704151511482, -93.57892267413936, -91.71080383316391, -89.84268499218844, -87.97456615121298, -86.10644731023753, -84.23832846926206, -82.3702096282866, -80.50209078731115, -78.63397194633569, -76.76585310536022, -74.89773426438477, -73.0296154234093, -71.16149658243384, -69.29337774145839, -67.42525890048293, -65.55714005950747, -63.689021218532005, -61.82090237755655, -59.95278353658109, -58.08466469560563, -56.21654585463017, -54.34842701365471, -52.48030817267925, -50.61218933170379, -48.74407049072833, -46.87595164975287, -45.00783280877741, -43.13971396780195, -41.2715951268265, -39.40347628585103, -37.53535744487557, -35.66723860390012, -33.79911976292465, -31.93100092194919, -30.062882080973736, -28.19476323999828, -26.32664439902281, -24.458525558047356, -22.5904067170719, -20.72228787609643, -18.854169035120975, -16.98605019414552, -15.11793135317005, -13.249812512194595, -11.38169367121914, -9.513574830243684, -7.645455989268214, -5.777337148292759, -3.9092183073173032, -2.0410994663418336, -0.17298062536637815, 1.6951382156090773, 3.563257056584547, 5.431375897560002, 7.299494738535458, 9.167613579510913, 11.035732420486383, 12.903851261461838, 14.771970102437294, 16.640088943412763, 18.50820778438822, 20.376326625363674, 22.24444546633913, 24.112564307314585, 25.98068314829007, 27.848801989265525, 29.71692083024098, 31.585039671216435, 33.45315851219189, 35.321277353167346, 37.1893961941428, 39.057515035118286, 40.92563387609374, 42.7937527170692, 44.66187155804465, 46.52999039902011, 48.39810923999556, 50.26622808097102, 52.1343469219465, 54.00246576292196, 55.87058460389741, 57.73870344487287, 59.606822285848324, 61.47494112682378, 63.34305996779926, 65.21117880877472, 67.07929764975017, 68.94741649072563, 70.81553533170108, 72.68365417267654, 74.551773013652, 76.41989185462748, 78.28801069560294]], "PDF": [[2.5182704064429933e-05, 1.2564447912674695e-05, 1.5605099976823656e-06, 4.824716477455605e-08, 3.7132922907362625e-10, 7.114240970662421e-13, 3.3929706546641494e-16, 4.028225111077013e-20, 1.1905001599969654e-24, 8.758450514616431e-30, 1.6040104735805913e-35, 7.312556180650708e-42, 8.298762358238931e-49, 2.3444422419342136e-56, 1.648723560360045e-64, 2.886278584747918e-73, 1.2577975567694529e-82, 1.3644742471446522e-92, 3.6846991700574124e-103, 2.476970455810326e-114, 2.573109760242776e-113, 3.3831010214068914e-102, 1.1072761235563369e-91, 9.021590890280466e-82, 1.829785161797111e-72, 9.238755350915412e-64, 1.1612762150239668e-55, 3.634035675976355e-48, 2.8315028493922804e-41, 5.494119277907964e-35, 2.655701285702471e-29, 3.1998687269719027e-24, 9.621828639087713e-20, 7.235531191989598e-16, 1.365890656308001e-12, 6.515826673815202e-10, 7.941473714826582e-08, 2.5143354988514625e-06, 2.112558306041695e-05, 4.808203224247175e-05, 2.997017864326733e-05, 5.924140515077388e-06, 9.382075008976116e-06, 2.5877028553073497e-05, 4.0152381551915725e-05, 0.00010937960880059887, 0.000158417633402242, 0.0001315768939634075, 7.808480331111171e-05, 7.021137631829824e-05, 8.796372550239834e-05, 0.00010467992238013679, 0.00012364524087567634, 0.00011870709743606856, 0.0001086981469075949, 0.00017403153694631855, 0.00028749907555733256, 0.00036850345775141756, 0.0005285893038996676, 0.0008652481868856869, 0.0014500932603545892, 0.002600117461074534, 0.006075714379570298, 0.018462322519738155, 0.04580760751349217, 0.09728676788998919, 0.1607819843018532, 0.14116324237500488, 0.048258375634769785, 0.006510393563090418, 0.001235193994111766, 0.0005904987678498111, 0.00031584545536108395, 0.0002843650575820711, 0.00026199911801408495, 0.00015568801465519933, 7.707535419657512e-05, 7.175978483825766e-05, 8.354239699122411e-05, 6.51364935994272e-05, 5.1472052231948785e-05, 3.6743356715830645e-05, 1.1929801084820795e-05, 3.015699546353694e-06, 1.3681686778740282e-05, 2.5116641951428682e-05, 1.1503323184273922e-05, 1.311506917883165e-06, 3.72220217934048e-08, 2.629731624995683e-10, 4.624928212764854e-13, 2.0247931471480636e-16, 6.234900341489393e-20, 3.3929706606507256e-16, 7.114240970662421e-13, 3.7132922907361043e-10, 4.824716477455451e-08, 1.5605099976823323e-06, 1.2564447912674695e-05, 2.5182704064429933e-05]]}