{"output": [[3.895936761960992, 4.384909329848218, 4.873881897735443, 5.36285446562267, 5.851827033509895, 6.340799601397121, 6.829772169284347, 7.318744737171572, 7.807717305058798, 8.296689872946024, 8.78566244083325, 9.274635008720475, 9.7636075766077, 10.252580144494928, 10.741552712382152, 11.23052528026938, 11.719497848156603, 12.20847041604383, 12.697442983931055, 13.186415551818282, 13.675388119705506, 14.164360687592733, 14.653333255479957, 15.142305823367185, 15.631278391254412, 16.120250959141636, 16.609223527028863, 17.098196094916087, 17.587168662803315, 18.07614123069054, 18.565113798577766, 19.05408636646499, 19.543058934352217, 20.032031502239445, 20.52100407012667, 21.009976638013896, 21.49894920590112, 21.987921773788347, 22.47689434167557, 22.9658669095628, 23.454839477450022, 23.94381204533725, 24.432784613224474, 24.9217571811117, 25.410729748998925, 25.899702316886152, 26.388674884773376, 26.877647452660604, 27.36662002054783, 27.855592588435055, 28.344565156322282, 28.833537724209506, 29.322510292096734, 29.811482859983958, 30.300455427871185, 30.78942799575841, 31.278400563645636, 31.76737313153286, 32.25634569942009, 32.74531826730731, 33.234290835194535, 33.72326340308176, 34.21223597096899, 34.701208538856214, 35.19018110674344, 35.67915367463067, 36.16812624251789, 36.65709881040512, 37.14607137829234, 37.635043946179565, 38.124016514066795, 38.61298908195402, 39.10196164984124, 39.59093421772847, 40.0799067856157, 40.56887935350292, 41.057851921390146, 41.54682448927737, 42.0357970571646, 42.524769625051825, 43.01374219293905, 43.50271476082628, 43.9916873287135, 44.48065989660073, 44.96963246448795, 45.45860503237518, 45.947577600262406, 46.43655016814963, 46.925522736036854, 47.414495303924085, 47.90346787181131, 48.39244043969853, 48.881413007585756, 49.37038557547299, 49.85935814336021, 50.348330711247435, 50.837303279134666, 51.32627584702189, 51.815248414909114, 52.30422098279634]], "PDF": [[0.0001827217929443168, 1.717182149157132e-05, 0.00014101605820347144, 6.705816551902716e-05, 0.0003411838980836082, 0.000258990102679648, 7.342041068750963e-05, 0.0006177853676849802, 0.0012613887662995895, 0.0010678998260067454, 0.001981881712717576, 0.0031920322297310016, 0.007030317562027065, 0.0112162189097911, 0.013279201590098837, 0.015458200745450528, 0.018194100650830033, 0.022732632871058527, 0.02778295682549633, 0.0353933427453804, 0.04362009328088505, 0.05523473671287857, 0.06994903225346857, 0.08795835805024832, 0.11042059055093079, 0.1358475919982382, 0.16863541484889624, 0.20180998372089007, 0.24997183669053782, 0.39376243588647986, 0.32455620086222525, 0.017278049821301628, 0.00446225061559581, 0.0032358163304463347, 0.0026067124916667296, 0.0016619187008963326, 0.001359153853656038, 0.0008670626167309833, 0.0007845815957581036, 0.0006473153759296885, 0.00016840718365868974, 0.0006102185486743478, 0.0006903470643155216, 0.00021168910632246566, 0.0002938220116498053, 0.0002495410486505192, 0.0002160121696408761, 0.0001905236949369245, 2.0312131239076526e-05, 0.00017871438418852364, 0.00017476155594038485, 0.00026560939147073006, 0.00019235310175492855, 1.8562068354861504e-05, 0.00018272011823170745, 1.4728569951847532e-05, 7.875190933770516e-09, 2.7931011981921846e-14, 1.6748597630378725e-20, 3.025425889945724e-13, 3.77313096809281e-08, 3.121348855231986e-05, 0.00017128045522890232, 6.234453486163321e-06, 2.9407754591565516e-08, 2.7260602678234802e-05, 0.00022375807173147762, 0.0001592422388837154, 3.156857790620742e-06, 4.3510748277033427e-10, 6.875707663559467e-09, 1.3758138779581994e-05, 0.00018261105364060336, 1.6077536619195194e-05, 9.389382279664416e-09, 3.637304031022126e-14, 9.346462229243538e-22, 1.5930887667844203e-31, 1.801182688171292e-43, 1.3508297653867708e-57, 6.722578523942934e-74, 1.3770572436390057e-60, 4.857047725645024e-46, 1.1363649148950883e-33, 1.7635522477772874e-23, 1.815448417799493e-15, 1.2396656447730538e-09, 5.615006795064727e-06, 0.00016870232791088384, 3.362148824386082e-05, 4.4446529947390377e-08, 3.897479644289966e-13, 2.267017746487834e-20, 8.989140816057053e-30, 1.3066754850660241e-21, 4.674132379165428e-14, 1.1090738290499148e-08, 1.7463958990281874e-05, 0.00019712483163926702, 0.00019534228342214135]]}