{"output": [[-106.65575456096758, -104.78763571999212, -102.91951687901665, -101.0513980380412, -99.18327919706574, -97.31516035609027, -95.44704151511482, -93.57892267413936, -91.71080383316391, -89.84268499218844, -87.97456615121298, -86.10644731023753, -84.23832846926206, -82.3702096282866, -80.50209078731115, -78.63397194633569, -76.76585310536022, -74.89773426438477, -73.0296154234093, -71.16149658243384, -69.29337774145839, -67.42525890048293, -65.55714005950747, -63.689021218532005, -61.82090237755655, -59.95278353658109, -58.08466469560563, -56.21654585463017, -54.34842701365471, -52.48030817267925, -50.61218933170379, -48.74407049072833, -46.87595164975287, -45.00783280877741, -43.13971396780195, -41.2715951268265, -39.40347628585103, -37.53535744487557, -35.66723860390012, -33.79911976292465, -31.93100092194919, -30.062882080973736, -28.19476323999828, -26.32664439902281, -24.458525558047356, -22.5904067170719, -20.72228787609643, -18.854169035120975, -16.98605019414552, -15.11793135317005, -13.249812512194595, -11.38169367121914, -9.513574830243684, -7.645455989268214, -5.777337148292759, -3.9092183073173032, -2.0410994663418336, -0.17298062536637815, 1.6951382156090773, 3.563257056584547, 5.431375897560002, 7.299494738535458, 9.167613579510913, 11.035732420486383, 12.903851261461838, 14.771970102437294, 16.640088943412763, 18.50820778438822, 20.376326625363674, 22.24444546633913, 24.112564307314585, 25.98068314829007, 27.848801989265525, 29.71692083024098, 31.585039671216435, 33.45315851219189, 35.321277353167346, 37.1893961941428, 39.057515035118286, 40.92563387609374, 42.7937527170692, 44.66187155804465, 46.52999039902011, 48.39810923999556, 50.26622808097102, 52.1343469219465, 54.00246576292196, 55.87058460389741, 57.73870344487287, 59.606822285848324, 61.47494112682378, 63.34305996779926, 65.21117880877472, 67.07929764975017, 68.94741649072563, 70.81553533170108, 72.68365417267654, 74.551773013652, 76.41989185462748, 78.28801069560294]], "PDF": [[2.5182709131631498e-05, 1.2564446925234077e-05, 1.5605085651149318e-06, 4.824705298356342e-08, 3.713276413833072e-10, 7.114192636874889e-13, 3.392937159915375e-16, 4.028170692728302e-20, 1.1904790806319865e-24, 8.758253774039908e-30, 1.6039659155274928e-35, 7.312310077070414e-42, 8.298429658626352e-49, 2.34433185351264e-56, 1.6486334748086787e-64, 2.88609746061798e-73, 1.257707716102492e-82, 1.3643641887658148e-92, 3.6843658803824286e-103, 2.4767207667021604e-114, 2.5728528033311169e-113, 3.3827980301608764e-102, 1.107187743533427e-91, 9.020953656333721e-82, 1.8296716955658769e-72, 9.238256950950228e-64, 1.1612222826640675e-55, 3.63389213957528e-48, 2.8314090890203527e-41, 5.493969348293375e-35, 2.6556427919280867e-29, 3.1998132927941573e-24, 9.62170177927758e-20, 7.235461665289373e-16, 1.3658816435120783e-12, 6.515799615354634e-10, 7.941455703391308e-08, 2.5143331534798383e-06, 2.112558042158555e-05, 4.8082041035936725e-05, 2.9970178772642526e-05, 5.924136153905556e-06, 9.382072620799786e-06, 2.58770309216421e-05, 4.015237071512117e-05, 0.00010937961256529071, 0.0001584176452831818, 0.00013157689919425115, 7.808479418957628e-05, 7.021137317296658e-05, 8.796372626959944e-05, 0.00010467992104643452, 0.00012364524525328388, 0.00011870709923102189, 0.00010869813451766638, 0.00017403152809486198, 0.0002874990848360366, 0.00036850344439653916, 0.0005285892785161068, 0.0008652481534146803, 0.00145009318661996, 0.002600117204962992, 0.0060757130697489435, 0.01846232038366967, 0.0458076040211284, 0.09728676450275733, 0.16078199774748486, 0.1411632555166916, 0.04825836507138458, 0.006510388701940146, 0.001235193649129638, 0.000590498726690179, 0.00031584541727041124, 0.0002843650578074204, 0.00026199913434461774, 0.00015568800843804593, 7.707534259595794e-05, 7.175978223605673e-05, 8.35424030864155e-05, 6.513649179519584e-05, 5.1472052416016864e-05, 3.674335895921689e-05, 1.1929798145219577e-05, 3.0156967087269356e-06, 1.3681686085181307e-05, 2.5116646977763645e-05, 1.1503321871753642e-05, 1.311505622153755e-06, 3.7221931661990376e-08, 2.6297200159169013e-10, 4.624895989728477e-13, 2.024772738130933e-16, 6.234815578134794e-20, 3.392937165901844e-16, 7.114192636874889e-13, 3.713276413832914e-10, 4.824705298356188e-08, 1.5605085651148985e-06, 1.2564446925234077e-05, 2.5182709131631498e-05]]}