{"output": [[0.9006224444284872, 1.0790852532628614, 1.2575480620972355, 1.4360108709316095, 1.6144736797659838, 1.792936488600358, 1.971399297434732, 2.149862106269106, 2.3283249151034804, 2.5067877239378547, 2.685250532772229, 2.8637133416066027, 3.042176150440977, 3.2206389592753513, 3.399101768109725, 3.5775645769440994, 3.7560273857784736, 3.934490194612848, 4.112953003447222, 4.2914158122815955, 4.469878621115971, 4.648341429950344, 4.826804238784718, 5.005267047619093, 5.183729856453467, 5.362192665287841, 5.540655474122215, 5.71911828295659, 5.897581091790963, 6.076043900625337, 6.2545067094597115, 6.432969518294086, 6.61143232712846, 6.789895135962834, 6.968357944797209, 7.146820753631583, 7.325283562465957, 7.5037463713003305, 7.682209180134705, 7.860671988969079, 8.039134797803452, 8.217597606637828, 8.396060415472203, 8.574523224306576, 8.75298603314095, 8.931448841975325, 9.109911650809698, 9.288374459644073, 9.466837268478447, 9.64530007731282, 9.823762886147195, 10.002225694981568, 10.180688503815944, 10.359151312650317, 10.537614121484692, 10.716076930319065, 10.894539739153439, 11.073002547987814, 11.251465356822187, 11.429928165656563, 11.608390974490936, 11.786853783325311, 11.965316592159684, 12.14377940099406, 12.322242209828433, 12.500705018662806, 12.679167827497182, 12.857630636331555, 13.03609344516593, 13.214556254000303, 13.393019062834679, 13.571481871669052, 13.749944680503427, 13.9284074893378, 14.106870298172174, 14.285333107006549, 14.463795915840922, 14.642258724675298, 14.820721533509671, 14.999184342344046, 15.17764715117842, 15.356109960012793, 15.534572768847168, 15.713035577681541, 15.891498386515917, 16.069961195350288, 16.248424004184663, 16.42688681301904, 16.605349621853414, 16.78381243068779, 16.962275239522164, 17.140738048356532, 17.319200857190907, 17.497663666025282, 17.676126474859657, 17.854589283694033, 18.033052092528408, 18.211514901362783, 18.38997771019715, 18.568440519031526]], "PDF": [[0.00019907303124072596, 0.0001340564660758438, 4.370723530143719e-05, 3.1927208320114036e-05, 0.00010652492308872857, 0.00019385184701058882, 0.00016012828586522545, 5.9852536107345294e-05, 1.0122746097980173e-05, 7.853994370621768e-07, 4.0198152405516675e-07, 5.918510100783519e-06, 4.233221813436545e-05, 0.0001388657360754708, 0.0002234464616437162, 0.00023762807307659207, 0.0002720373632133718, 0.00033359050759369075, 0.0003928172159490304, 0.00035404573524509564, 0.000203690231361677, 0.00016472226292440516, 0.00035573707155199405, 0.0005772022722120894, 0.0005948835508318898, 0.000475782530868127, 0.0004611700159765783, 0.0006237059720334033, 0.0007510173311068449, 0.0007583943325836074, 0.0008108627940199831, 0.0009566315382700857, 0.0010688029590227438, 0.0011010981324882, 0.0012299228840031817, 0.0014713754184203312, 0.0016010854031572057, 0.0016192889232618107, 0.0017735538051785224, 0.0020908876405450675, 0.0023545678139591623, 0.0025730040473326255, 0.0028228691303455343, 0.003159324311782524, 0.003580087360720015, 0.0038168563196306375, 0.004060762088632892, 0.004610326448965291, 0.0052350842569258765, 0.00565268012999012, 0.006115717491357952, 0.0069244531098170805, 0.007698101281198429, 0.008216001535169928, 0.008709922068840258, 0.009530122497115967, 0.010927158974167468, 0.0124636820372067, 0.013392365195525124, 0.014346407840209867, 0.015920646086377353, 0.01778680610193732, 0.019347060068596433, 0.020573698817430312, 0.02246629837270759, 0.025051649485609256, 0.02753067732195853, 0.029824166399024014, 0.03244683715000823, 0.03575730392069505, 0.039040518585893635, 0.04204448688284372, 0.04561379961276793, 0.0502672376105098, 0.055263432944548434, 0.060230269965523865, 0.065255359695398, 0.07074798697551578, 0.07722493026626974, 0.08398383886982343, 0.09083357033530332, 0.09884775295559724, 0.1074774169278984, 0.11581087747311036, 0.12458428081321622, 0.134109298987079, 0.14535630796881863, 0.15805081578245095, 0.17057520923638195, 0.18300456271615848, 0.1975696563372842, 0.21508524470041596, 0.23340687684241457, 0.25369984823913694, 0.27999718276179647, 0.3154661009630376, 0.3705606138001103, 0.45049644399245375, 0.4746338872997978, 0.3323221039637572]]}