{"output": [[3.895936761960992, 4.384909329848218, 4.873881897735443, 5.36285446562267, 5.851827033509895, 6.340799601397121, 6.829772169284347, 7.318744737171572, 7.807717305058798, 8.296689872946024, 8.78566244083325, 9.274635008720475, 9.7636075766077, 10.252580144494928, 10.741552712382152, 11.23052528026938, 11.719497848156603, 12.20847041604383, 12.697442983931055, 13.186415551818282, 13.675388119705506, 14.164360687592733, 14.653333255479957, 15.142305823367185, 15.631278391254412, 16.120250959141636, 16.609223527028863, 17.098196094916087, 17.587168662803315, 18.07614123069054, 18.565113798577766, 19.05408636646499, 19.543058934352217, 20.032031502239445, 20.52100407012667, 21.009976638013896, 21.49894920590112, 21.987921773788347, 22.47689434167557, 22.9658669095628, 23.454839477450022, 23.94381204533725, 24.432784613224474, 24.9217571811117, 25.410729748998925, 25.899702316886152, 26.388674884773376, 26.877647452660604, 27.36662002054783, 27.855592588435055, 28.344565156322282, 28.833537724209506, 29.322510292096734, 29.811482859983958, 30.300455427871185, 30.78942799575841, 31.278400563645636, 31.76737313153286, 32.25634569942009, 32.74531826730731, 33.234290835194535, 33.72326340308176, 34.21223597096899, 34.701208538856214, 35.19018110674344, 35.67915367463067, 36.16812624251789, 36.65709881040512, 37.14607137829234, 37.635043946179565, 38.124016514066795, 38.61298908195402, 39.10196164984124, 39.59093421772847, 40.0799067856157, 40.56887935350292, 41.057851921390146, 41.54682448927737, 42.0357970571646, 42.524769625051825, 43.01374219293905, 43.50271476082628, 43.9916873287135, 44.48065989660073, 44.96963246448795, 45.45860503237518, 45.947577600262406, 46.43655016814963, 46.925522736036854, 47.414495303924085, 47.90346787181131, 48.39244043969853, 48.881413007585756, 49.37038557547299, 49.85935814336021, 50.348330711247435, 50.837303279134666, 51.32627584702189, 51.815248414909114, 52.30422098279634]], "PDF": [[0.0001827218666055345, 1.7171790236214917e-05, 0.00014101608550611802, 6.705811109576066e-05, 0.0003411839769116647, 0.0002589901103842209, 7.342032655267006e-05, 0.000617785345414857, 0.0012613888768684715, 0.0010678997537877724, 0.0019818816310093476, 0.0031920318667747203, 0.007030317786566045, 0.01121621898556735, 0.01327920162740408, 0.015458200969961946, 0.01819410022702051, 0.022732632645466797, 0.02778295667520426, 0.035393343017151725, 0.04362009281015273, 0.05523473658355569, 0.06994903187806789, 0.08795835763258264, 0.11042059053599218, 0.13584759092913795, 0.16863541609318516, 0.2018099824679966, 0.2499718312556857, 0.39376242494071995, 0.3245562214271976, 0.01727803288002914, 0.004462250203016705, 0.003235816434222995, 0.002606712692613235, 0.0016619185453615286, 0.00135915384488537, 0.000867062519222609, 0.0007845814728176346, 0.0006473154248519709, 0.00016840709523771358, 0.0006102186616829253, 0.0006903471635050359, 0.0002116890138218211, 0.0002938220452255416, 0.00024954105168054, 0.00021601218208893916, 0.0001905237503907347, 2.0312092498326894e-05, 0.00017871444245647452, 0.0001747615428719585, 0.0002656093800241021, 0.0001923531098654064, 1.8562034102506873e-05, 0.00018272019188804708, 1.4728545984862112e-05, 7.875130281330222e-09, 2.7930514246131396e-14, 1.674810346134083e-20, 3.0253777880053153e-13, 3.773106675027553e-08, 3.121345666250446e-05, 0.00017128051535038094, 6.2344390196449175e-06, 2.9407554539912275e-08, 2.726057130700709e-05, 0.00022375810427166572, 0.0001592422610186819, 3.1568487189768927e-06, 4.3510311551902254e-10, 6.875653956422216e-09, 1.3758115635634541e-05, 0.00018261112717080246, 1.6077511593129868e-05, 9.389311296735785e-09, 3.637239988087945e-14, 9.346165960592809e-22, 1.5930093777154094e-31, 1.801052981644986e-43, 1.3506970686032238e-57, 6.721714668863115e-74, 1.376914322772178e-60, 4.856674794862143e-46, 1.1363037571587705e-33, 1.7634907005573333e-23, 1.8154120651216598e-15, 1.2396542492223922e-09, 5.614993292143821e-06, 0.00016870238506439824, 3.3621455908465225e-05, 4.4446249651168857e-08, 3.8974184732866633e-13, 2.2669517137625282e-20, 8.988721186616582e-30, 1.3066344184497357e-21, 4.674051025715604e-14, 1.1090655934319672e-08, 1.7463932914578287e-05, 0.00019712488063292267, 0.00019534233497725567]]}