{"S_Ks": [[0.0004478382284762111]], "S_Q": [[1.0094816663572415]], "S_T_Ks": [[6.952154743350752e-05]], "S_T_Q": [[0.9901964254212442]]}