{"S_min_Ks": [[-0.0003630246806585167]], "S_min_Q": [[0.9125591988288617]], "S_Ks": [[0.0001295487208670808]], "S_Q": [[1.0182967741041067]], "S_max_Ks": [[0.0006652715928926016]], "S_max_Q": [[1.105414607405047]], "S_T_min_Ks": [[-0.057828202719008924]], "S_T_min_Q": [[0.9234429515676097]], "S_T_Ks": [[9.56775293639318e-05]], "S_T_Q": [[0.9901104809514336]], "S_T_max_Ks": [[0.043559734061507954]], "S_T_max_Q": [[1.0359226095811673]]}