{"S_min_Ks": [[0.025588272950574614]], "S_min_Q": [[0.19411858726133502]], "S_Ks": [[0.0774680120926297]], "S_Q": [[0.4987970098165993]], "S_max_Ks": [[0.10651058916767253]], "S_max_Q": [[0.7136885045065561]], "S_T_min_Ks": [[0.0764278938922498]], "S_T_min_Q": [[0.4992235165615553]], "S_T_Ks": [[0.5490389097037696]], "S_T_Q": [[0.9434252897529103]], "S_T_max_Ks": [[0.7709028944690142]], "S_T_max_Q": [[1.1422081027293176]]}