{"S_min_Ks": [[-0.00035363118632894617]], "S_min_Q": [[0.9199775879211307]], "S_Ks": [[0.0004478382284762111]], "S_Q": [[1.0094816663572415]], "S_max_Ks": [[0.0012521356706778647]], "S_max_Q": [[1.0898128280877581]], "S_T_min_Ks": [[-0.059541301303261414]], "S_T_min_Q": [[0.9237070257955609]], "S_T_Ks": [[6.952154743350752e-05]], "S_T_Q": [[0.9901964254212442]], "S_T_max_Ks": [[0.03905389502113614]], "S_T_max_Q": [[1.0335070073586035]]}