{"S_Ks": [[0.0774680120926297]], "S_Q": [[0.4987970098165993]], "S_T_Ks": [[0.5490389097037696]], "S_T_Q": [[0.9434252897529103]]}