{"S_min_Ks": [[-0.0038791064331870685]], "S_min_Q": [[0.5831671533147551]], "S_Ks": [[-0.0010774417121231206]], "S_Q": [[1.2206456516839785]], "S_max_Ks": [[0.0015373624830913157]], "S_max_Q": [[1.5450789041560968]], "S_T_min_Ks": [[-0.06302832399710746]], "S_T_min_Q": [[0.853908281180644]], "S_T_Ks": [[0.03937758587969039]], "S_T_Q": [[0.9916934130081934]], "S_T_max_Ks": [[0.12112267056282355]], "S_T_max_Q": [[1.1032588194567694]]}