{"S_Ks": [[-0.0010774417121231206]], "S_Q": [[1.2206456516839785]], "S_T_Ks": [[0.03937758587969039]], "S_T_Q": [[0.9916934130081934]]}