{"S_Ks": [[0.0001295487208670808]], "S_Q": [[1.0182967741041067]], "S_T_Ks": [[9.56775293639318e-05]], "S_T_Q": [[0.9901104809514336]]}