{"S_min_Ks": [[-0.0005034010987771077]], "S_min_Q": [[0.9354877862600499]], "S_Ks": [[0.0006321097532238738]], "S_Q": [[1.0726456765748058]], "S_max_Ks": [[0.0015726094232111048]], "S_max_Q": [[1.196954814228154]], "S_T_min_Ks": [[-0.07170102921735583]], "S_T_min_Q": [[0.9128327338158468]], "S_T_Ks": [[-0.0006919086681575035]], "S_T_Q": [[0.992547800638937]], "S_T_max_Ks": [[0.059514273447779306]], "S_T_max_Q": [[1.0523449879351765]]}