{"S_Ks": [[0.0006321097532238738]], "S_Q": [[1.0726456765748058]], "S_T_Ks": [[-0.0006919086681575035]], "S_T_Q": [[0.992547800638937]]}