{"Min": [[12.983182846498991]], "SD_min": [[13.711202452821894]], "Mean": [[14.047281229800102]], "SD_max": [[14.383360006778311]], "Max": [[15.215047209662586]]}