{"Min": [[12.983182653715673]], "SD_min": [[13.711202451577238]], "Mean": [[14.0472812273759]], "SD_max": [[14.38336000317456]], "Max": [[15.215047242104944]]}