{"Min": [[11.706775519699747]], "SD_min": [[13.10195162520022]], "Mean": [[13.607650949402425]], "SD_max": [[14.11335027360463]], "Max": [[15.437416444233847]]}