{"output": [[12.983182734453564, 13.005726821764252, 13.02827090907494, 13.050814996385629, 13.07335908369632, 13.095903171007008, 13.118447258317696, 13.140991345628384, 13.163535432939073, 13.186079520249761, 13.20862360756045, 13.23116769487114, 13.253711782181828, 13.276255869492516, 13.298799956803204, 13.321344044113893, 13.343888131424581, 13.36643221873527, 13.38897630604596, 13.411520393356648, 13.434064480667336, 13.456608567978025, 13.479152655288713, 13.501696742599401, 13.52424082991009, 13.54678491722078, 13.569329004531468, 13.591873091842157, 13.614417179152845, 13.636961266463533, 13.659505353774222, 13.68204944108491, 13.704593528395598, 13.727137615706289, 13.749681703016977, 13.772225790327665, 13.794769877638354, 13.817313964949042, 13.83985805225973, 13.86240213957042, 13.884946226881109, 13.907490314191797, 13.930034401502486, 13.952578488813174, 13.975122576123862, 13.99766666343455, 14.020210750745239, 14.042754838055929, 14.065298925366617, 14.087843012677306, 14.110387099987994, 14.132931187298682, 14.15547527460937, 14.178019361920061, 14.20056344923075, 14.223107536541438, 14.245651623852126, 14.268195711162814, 14.290739798473503, 14.313283885784191, 14.33582797309488, 14.35837206040557, 14.380916147716258, 14.403460235026946, 14.426004322337635, 14.448548409648323, 14.471092496959011, 14.4936365842697, 14.51618067158039, 14.538724758891078, 14.561268846201767, 14.583812933512455, 14.606357020823143, 14.628901108133832, 14.65144519544452, 14.673989282755208, 14.696533370065898, 14.719077457376587, 14.741621544687275, 14.764165631997964, 14.786709719308652, 14.80925380661934, 14.83179789393003, 14.854341981240719, 14.876886068551407, 14.899430155862095, 14.921974243172784, 14.944518330483472, 14.96706241779416, 14.989606505104849, 15.012150592415539, 15.034694679726227, 15.057238767036916, 15.079782854347604, 15.102326941658292, 15.12487102896898, 15.14741511627967, 15.16995920359036, 15.192503290901048, 15.215047378211736]], "PDF": [[0.0010223227096442028, 0.001215536906136669, 0.001480222700622547, 0.0019679038854593465, 0.002831439209041081, 0.004157147490458165, 0.005919713371260757, 0.008030444030472011, 0.010492230799718984, 0.013506957347865112, 0.017365355437571867, 0.022228729149224625, 0.02813904311596893, 0.0353545174259689, 0.044637436996504166, 0.0571118192990817, 0.07384929072583764, 0.09563351579494551, 0.12295567538123382, 0.1559287373726943, 0.194128162091103, 0.236735079101391, 0.2829626281882232, 0.33219553544708913, 0.3837044387665982, 0.43668237980244373, 0.49098560920860673, 0.5475650770708406, 0.6075373567450173, 0.6706949123153285, 0.735273505976082, 0.7992956845635539, 0.8619257930851196, 0.923516143375633, 0.9845850497654616, 1.0446466458855022, 1.1015139926174708, 1.1514790428977137, 1.1905179256526586, 1.2160313767890991, 1.2281613409167165, 1.229768197864087, 1.2246507190413103, 1.2148198647553061, 1.1990446789550566, 1.1744337450374545, 1.1399015831148747, 1.0980221918143485, 1.053264646644158, 1.008648302168339, 0.9645852947634579, 0.9209152502317074, 0.8794568839694089, 0.844167096709563, 0.8187001574278538, 0.8034094302464933, 0.7941476629438925, 0.7839902021722263, 0.7669171476791196, 0.7410072456155007, 0.709058384276988, 0.676176088501846, 0.6458370004152356, 0.6174930304207401, 0.5879286579496067, 0.5548795054732573, 0.5190333931298101, 0.4828586424529514, 0.4484672018161631, 0.41688271889164275, 0.38846862831646106, 0.36317324128533907, 0.34041288882547766, 0.31922997689615085, 0.298802127688201, 0.27876047846016483, 0.2589883077313425, 0.2391543776579812, 0.21852812035980104, 0.19640621648403792, 0.1728680850606351, 0.14910652840347147, 0.12688954627924726, 0.10756107806115593, 0.09138715969940545, 0.07764799868589499, 0.06526979119458995, 0.05352052379711316, 0.04236809466598146, 0.03234283738748898, 0.02404970366039586, 0.017714946879973107, 0.013107987231755052, 0.009801469176425949, 0.007423766125562574, 0.005699023119147137, 0.004396936552934825, 0.00334518127588281, 0.002462683010102405, 0.0017319184735528628]]}