{"output": [[11.706775519699747, 11.744458761361708, 11.782142003023669, 11.819825244685628, 11.857508486347589, 11.89519172800955, 11.932874969671511, 11.97055821133347, 12.008241452995431, 12.045924694657392, 12.083607936319353, 12.121291177981313, 12.158974419643274, 12.196657661305235, 12.234340902967196, 12.272024144629157, 12.309707386291116, 12.347390627953077, 12.385073869615038, 12.422757111276999, 12.460440352938958, 12.49812359460092, 12.53580683626288, 12.573490077924841, 12.6111733195868, 12.648856561248762, 12.686539802910723, 12.724223044572684, 12.761906286234645, 12.799589527896604, 12.837272769558565, 12.874956011220526, 12.912639252882487, 12.950322494544446, 12.988005736206407, 13.025688977868368, 13.06337221953033, 13.101055461192288, 13.13873870285425, 13.17642194451621, 13.214105186178172, 13.251788427840133, 13.289471669502092, 13.327154911164053, 13.364838152826014, 13.402521394487975, 13.440204636149934, 13.477887877811895, 13.515571119473856, 13.553254361135817, 13.590937602797776, 13.628620844459737, 13.666304086121698, 13.70398732778366, 13.74167056944562, 13.77935381110758, 13.81703705276954, 13.854720294431502, 13.892403536093463, 13.930086777755424, 13.967770019417383, 14.005453261079344, 14.043136502741305, 14.080819744403264, 14.118502986065225, 14.156186227727186, 14.193869469389147, 14.231552711051108, 14.269235952713068, 14.306919194375029, 14.34460243603699, 14.38228567769895, 14.419968919360912, 14.457652161022871, 14.495335402684832, 14.533018644346793, 14.570701886008752, 14.608385127670713, 14.646068369332674, 14.683751610994635, 14.721434852656596, 14.759118094318556, 14.796801335980517, 14.834484577642478, 14.872167819304439, 14.9098510609664, 14.947534302628359, 14.98521754429032, 15.022900785952281, 15.06058402761424, 15.098267269276201, 15.135950510938162, 15.173633752600123, 15.211316994262084, 15.249000235924044, 15.286683477586005, 15.324366719247966, 15.362049960909927, 15.399733202571888, 15.437416444233847]], "PDF": [[0.0004714855397861263, 0.0004912872699508598, 0.0005006521806743292, 0.0005493222706384581, 0.0006916966884969213, 0.0009897380363911858, 0.0015242956192708177, 0.0023789534274577676, 0.0035852327200879435, 0.005077948801817389, 0.006728788886280056, 0.008460629119760919, 0.01035573235965132, 0.012664548535097936, 0.015715106788075445, 0.01981006301606023, 0.025182009563759444, 0.031994753811293006, 0.04034278390672898, 0.050244182697974114, 0.06166382228987192, 0.07458193484897924, 0.0890728627477632, 0.1053428211806442, 0.12370204457380456, 0.1444801492224372, 0.16791522232484815, 0.19406528378840057, 0.22277920582441946, 0.2536842675656252, 0.28609818256719527, 0.3189193992085084, 0.3507596767863208, 0.38046280071533983, 0.40768054421823674, 0.43293807818717644, 0.45705770017740965, 0.48049719225545245, 0.5032575541046914, 0.5253737338783426, 0.547393279436629, 0.5703540916329215, 0.5953258993315518, 0.6228572827472195, 0.652534261613956, 0.6827626513553667, 0.7109925374912066, 0.7345201557621681, 0.7515423019223375, 0.7617829841741541, 0.7662881361469431, 0.7666429799963652, 0.7641697544060545, 0.7594168408865083, 0.7519749918543661, 0.7406822583058585, 0.7242885760776097, 0.7023289378926165, 0.6756091300382867, 0.6458803242442066, 0.614925853163723, 0.5837535071270717, 0.5524234992745296, 0.5204795408017562, 0.4875355806768102, 0.45358202812869, 0.4188916868435998, 0.38373824408057755, 0.348263902658752, 0.31266964948633613, 0.27755748153447274, 0.24403521574606324, 0.21337255973410504, 0.18642845791196436, 0.16329471025072917, 0.14340942484855554, 0.12602316878206882, 0.1106654656221711, 0.09728074486896104, 0.08595642794801965, 0.0765003189877769, 0.06826443064656099, 0.06039343445797516, 0.05228863829711347, 0.043903776293938504, 0.03567312423848914, 0.028189765319821106, 0.021896564809050556, 0.01695409308290692, 0.013272702112769538, 0.010611766088598509, 0.00867519957274196, 0.007182626483679087, 0.00591668480401156, 0.004749615069070604, 0.0036498172109695123, 0.002661358319572751, 0.0018527911141185136, 0.0012583458113385902, 0.0008529499893670664]]}