{"output": [[12.983182846498991, 13.00572693097539, 13.028271015451791, 13.05081509992819, 13.073359184404591, 13.09590326888099, 13.118447353357391, 13.14099143783379, 13.163535522310191, 13.18607960678659, 13.208623691262991, 13.23116777573939, 13.253711860215791, 13.27625594469219, 13.298800029168591, 13.32134411364499, 13.343888198121391, 13.36643228259779, 13.388976367074191, 13.41152045155059, 13.434064536026991, 13.45660862050339, 13.47915270497979, 13.50169678945619, 13.52424087393259, 13.54678495840899, 13.56932904288539, 13.59187312736179, 13.61441721183819, 13.63696129631459, 13.65950538079099, 13.68204946526739, 13.70459354974379, 13.72713763422019, 13.74968171869659, 13.77222580317299, 13.79476988764939, 13.81731397212579, 13.83985805660219, 13.86240214107859, 13.88494622555499, 13.907490310031388, 13.93003439450779, 13.952578478984188, 13.97512256346059, 13.997666647936988, 14.020210732413389, 14.042754816889788, 14.065298901366189, 14.087842985842588, 14.110387070318989, 14.132931154795388, 14.155475239271789, 14.178019323748188, 14.200563408224589, 14.223107492700988, 14.245651577177389, 14.268195661653788, 14.290739746130189, 14.313283830606588, 14.335827915082987, 14.358371999559388, 14.380916084035787, 14.403460168512188, 14.426004252988587, 14.448548337464988, 14.471092421941387, 14.493636506417788, 14.516180590894187, 14.538724675370588, 14.561268759846987, 14.583812844323388, 14.606356928799787, 14.628901013276188, 14.651445097752587, 14.673989182228988, 14.696533266705387, 14.719077351181788, 14.741621435658187, 14.764165520134586, 14.786709604610987, 14.809253689087388, 14.831797773563787, 14.854341858040186, 14.876885942516587, 14.899430026992986, 14.921974111469387, 14.944518195945786, 14.967062280422187, 14.989606364898586, 15.012150449374987, 15.034694533851386, 15.057238618327787, 15.079782702804186, 15.102326787280585, 15.124870871756986, 15.147414956233387, 15.169959040709786, 15.192503125186185, 15.215047209662586]], "PDF": [[0.0010223232900251817, 0.0012155379401305154, 0.0014802244400087248, 0.001967906664679936, 0.0028314433545438486, 0.004157153100791979, 0.005919720230590713, 0.008030451961622009, 0.010492240219205024, 0.01350696929602061, 0.017365370866977394, 0.022228748356725437, 0.028139066270518803, 0.03535454571569604, 0.04463747289385123, 0.057111865515252276, 0.07384934912022728, 0.09563358719236045, 0.12295575960807863, 0.15592883277468156, 0.19412826527656996, 0.23673518575769104, 0.2829627341610195, 0.3321956368601443, 0.38370453183657405, 0.4366824618940224, 0.49098568046174457, 0.5475651401049664, 0.6075374141087073, 0.6706949645285627, 0.7352735522627319, 0.7992957249101756, 0.8619258291042482, 0.9235161774908642, 0.9845850840117536, 1.044646681347369, 1.101514029585368, 1.1514790813257139, 1.1905179653675961, 1.2160314172233875, 1.2281613808271576, 1.229768235761182, 1.2246507544180827, 1.2148198992086539, 1.1990447159350188, 1.174433787909823, 1.1399016329721967, 1.0980222471966141, 1.0532647056047857, 1.0086483642993327, 0.9645853604788549, 0.920915317875379, 0.879456948239068, 0.8441671507938848, 0.81870019773058, 0.8034094602536123, 0.7941476930252046, 0.7839902447095645, 0.766917210341307, 0.7410073270314897, 0.7090584751246914, 0.6761761782345426, 0.6458370853654304, 0.6174931158879552, 0.5879287516158204, 0.554879609230105, 0.5190335020354897, 0.48285875008418533, 0.4484673044030163, 0.4168828150021979, 0.3884687175223443, 0.3631733243969076, 0.34041296809956384, 0.31923005475540606, 0.2988022054557162, 0.2787605569812745, 0.2589883893004731, 0.2391544669044963, 0.21852822237509584, 0.19640633285091758, 0.1728682109741043, 0.14910665402409337, 0.126889661795116, 0.10756117844308653, 0.09138724580183924, 0.07764807474989785, 0.06526986115524026, 0.053520588830556305, 0.042368153066359576, 0.03234288633245396, 0.024049741441825097, 0.017714974046076658, 0.013108006018180528, 0.009801482091694522, 0.007423775062981277, 0.005699029358223544, 0.0043969410067699125, 0.0033451845328591055, 0.002462685342331687, 0.001731920002908344]]}