{"output": [[12.983182653715673, 13.005726740467079, 13.028270827218487, 13.050814913969893, 13.0733590007213, 13.095903087472706, 13.118447174224114, 13.14099126097552, 13.163535347726928, 13.186079434478334, 13.208623521229741, 13.231167607981147, 13.253711694732555, 13.276255781483961, 13.298799868235367, 13.321343954986775, 13.34388804173818, 13.366432128489588, 13.388976215240994, 13.411520301992402, 13.434064388743808, 13.456608475495216, 13.479152562246622, 13.50169664899803, 13.524240735749435, 13.546784822500843, 13.569328909252249, 13.591872996003657, 13.614417082755063, 13.63696116950647, 13.659505256257876, 13.682049343009282, 13.70459342976069, 13.727137516512096, 13.749681603263504, 13.77222569001491, 13.794769776766318, 13.817313863517724, 13.839857950269131, 13.862402037020537, 13.884946123771945, 13.90749021052335, 13.930034297274759, 13.952578384026165, 13.97512247077757, 13.997666557528978, 14.020210644280384, 14.042754731031792, 14.065298817783198, 14.087842904534606, 14.110386991286012, 14.13293107803742, 14.155475164788825, 14.178019251540233, 14.200563338291639, 14.223107425043047, 14.245651511794453, 14.268195598545859, 14.290739685297266, 14.313283772048672, 14.33582785880008, 14.358371945551486, 14.380916032302894, 14.4034601190543, 14.426004205805707, 14.448548292557113, 14.471092379308521, 14.493636466059927, 14.516180552811335, 14.53872463956274, 14.561268726314147, 14.583812813065554, 14.606356899816962, 14.628900986568368, 14.651445073319774, 14.673989160071182, 14.696533246822588, 14.719077333573996, 14.741621420325401, 14.76416550707681, 14.786709593828215, 14.809253680579623, 14.831797767331029, 14.854341854082437, 14.876885940833843, 14.89943002758525, 14.921974114336656, 14.944518201088062, 14.96706228783947, 14.989606374590876, 15.012150461342284, 15.03469454809369, 15.057238634845097, 15.079782721596503, 15.102326808347911, 15.124870895099317, 15.147414981850723, 15.16995906860213, 15.192503155353538, 15.215047242104944]], "PDF": [[0.0010223233650888438, 0.0012155382804446588, 0.0014802251743027844, 0.0019679077800277946, 0.002831444535006402, 0.004157153547194248, 0.005919718705419157, 0.008030447197215684, 0.010492231407012175, 0.013506956242906005, 0.01736535371291763, 0.022228726923737712, 0.0281390390714455, 0.035354509022033985, 0.044637420792344666, 0.05711179127635488, 0.07384924672360561, 0.09563345186395213, 0.12295558801126256, 0.1559286238007783, 0.19412802021602169, 0.2367349063511567, 0.282962420710443, 0.3321952900714102, 0.3837041564745754, 0.436682065630812, 0.49098526758048483, 0.5475647091922474, 0.6075369651435683, 0.6706945072709221, 0.7352731047611275, 0.7992953033149046, 0.8619254400712077, 0.9235158197471898, 0.9845847556034325, 1.0446463864023878, 1.1015137809507973, 1.151478897249431, 1.190517860932918, 1.216031395033736, 1.22816142678509, 1.2297683236867487, 1.2246508587190608, 1.2148200083444105, 1.1990448358263583, 1.1744339310268062, 1.1399018025156664, 1.0980224316611895, 1.0532648883277802, 1.0086485363559237, 0.9645855227157467, 0.9209154718980914, 0.8794570885016713, 0.8441672663027503, 0.8187002804271686, 0.8034095122579865, 0.7941477276048802, 0.7839902804227032, 0.7669172620731846, 0.7410073993369303, 0.7090585611050652, 0.676176264398395, 0.645837160482722, 0.6174931779708113, 0.587928806745999, 0.5548796637034512, 0.5190335565978054, 0.48285880130259945, 0.44846734903439994, 0.41688285160461147, 0.38846874546784044, 0.36317334346351304, 0.34041297910123375, 0.319230059558973, 0.2988022061019735, 0.2787605550475119, 0.25898838600202506, 0.2391544634464586, 0.2185282201035797, 0.1964063330613794, 0.17286821434198577, 0.14910666001141773, 0.12688966868332535, 0.10756118415137542, 0.09138724893647542, 0.07764807521369599, 0.06526986001269633, 0.05352058756946711, 0.04236815271840002, 0.032342886981068755, 0.024049742418235473, 0.017714974625101902, 0.013108005973552857, 0.009801481640048165, 0.0074237744502687894, 0.005699028662500193, 0.004396940262078898, 0.0033451838396394585, 0.0024626848085808153, 0.0017319196692258667]]}