{"S_min_Ks": [[0.30273825764794227]], "S_min_Q": [[0.6428008786397857]], "S_Ks": [[0.3206422625767366]], "S_Q": [[0.6743583877515658]], "S_max_Ks": [[0.3410586065287591]], "S_max_Q": [[0.7076425404836751]], "S_T_min_Ks": [[0.28098044934895877]], "S_T_min_Q": [[0.6412031553735928]], "S_T_Ks": [[0.3143717082519066]], "S_T_Q": [[0.6724530312490397]], "S_T_max_Ks": [[0.346231321298177]], "S_T_max_Q": [[0.7082266524088565]]}