{"S_min_Ks": [[0.7000429601595983]], "S_min_Q": [[0.2588767261639521]], "S_Ks": [[0.730287242034709]], "S_Q": [[0.2759210615083529]], "S_max_Ks": [[0.7618271491483891]], "S_max_Q": [[0.2937704296064704]], "S_T_min_Ks": [[0.67621208863935]], "S_T_min_Q": [[0.24912570423147845]], "S_T_Ks": [[0.7141967376610022]], "S_T_Q": [[0.2746544999400872]], "S_T_max_Ks": [[0.7474881030655199]], "S_T_max_Q": [[0.30105934408319823]]}