{"S_Ks": [[0.7302872372579189]], "S_Q": [[0.2759210653625452]], "S_T_Ks": [[0.7141967334906311]], "S_T_Q": [[0.27465450433353206]]}