{"S_min_Ks": [[0.700042955558712]], "S_min_Q": [[0.2588767303088408]], "S_Ks": [[0.7302872372579189]], "S_Q": [[0.2759210653625452]], "S_max_Ks": [[0.7618271455956289]], "S_max_Q": [[0.2937704340839091]], "S_T_min_Ks": [[0.6762120825081891]], "S_T_min_Q": [[0.24912570809099294]], "S_T_Ks": [[0.7141967334906311]], "S_T_Q": [[0.27465450433353206]], "S_T_max_Ks": [[0.7474880993532859]], "S_T_max_Q": [[0.30105934860034833]]}