{"S_min_Ks": [[0.7000429291459865]], "S_min_Q": [[0.2588767485962729]], "S_Ks": [[0.73028721235314]], "S_Q": [[0.27592108840602547]], "S_max_Ks": [[0.7618271224345662]], "S_max_Q": [[0.29377045812855807]], "S_T_min_Ks": [[0.6762120520854421]], "S_T_min_Q": [[0.24912572849908599]], "S_T_Ks": [[0.7141967105422165]], "S_T_Q": [[0.2746545267298308]], "S_T_max_Ks": [[0.7474880785375292]], "S_T_max_Q": [[0.3010593724764685]]}