{"S_Ks": [[0.3206422625767366]], "S_Q": [[0.6743583877515658]], "S_T_Ks": [[0.3143717082519066]], "S_T_Q": [[0.6724530312490397]]}