{"S_Ks": [[0.73028721235314]], "S_Q": [[0.27592108840602547]], "S_T_Ks": [[0.7141967105422165]], "S_T_Q": [[0.2746545267298308]]}