{"x": [[8000.0, 16000.0, 24000.0, 32000.0, 8000.0, 16000.0, 24000.0, 32000.0, 8000.0, 16000.0, 24000.0, 32000.0, 8000.0, 16000.0, 24000.0, 32000.0]], "y": [[8000.0, 8000.0, 8000.0, 8000.0, 16000.0, 16000.0, 16000.0, 16000.0, 24000.0, 24000.0, 24000.0, 24000.0, 32000.0, 32000.0, 32000.0, 32000.0]], "Correlation-YY": [[1.0, 0.9708270984761866, -0.5542978264060908, -0.5139892762084672, 0.9708270984761866, 1.0, -0.7274663842118149, -0.6999996107267195, -0.5542978264060908, -0.7274663842118149, 1.0, 0.9928863073096228, -0.5139892762084672, -0.6999996107267195, 0.9928863073096228, 1.0]], "Covariance": [[6.87012580018628, 7.834594625892133, -1.5602496037192837, -0.31770287145834614, 7.834594625892133, 9.479481659697962, -2.405325112742211, -0.5082470084852762, -1.5602496037192837, -2.405325112742211, 1.1532862684779663, 0.251450682825064, -0.31770287145834614, -0.5082470084852762, 0.251450682825064, 0.055612122982245285]]}