{"x": [[8000.0, 16000.0, 24000.0, 32000.0]], "Min": [[-0.45351429551016675, -1.0264229618669383, -9.803227206346339, -9.972002020753008]], "SD_min": [[0.845165189165165, -0.16000659656982297, -9.688721115117021, -9.98364309769052]], "Mean": [[3.5886816370634436, 3.0572843328597252, -8.610175318793049, -9.746436062397628]], "SD_max": [[6.332198084961722, 6.274575262289273, -7.531629522469076, -9.509229027104736]], "Max": [[17.611855117855093, 17.60952035393986, -5.446449774204513, -8.918775836391161]]}