{"x": [[8000.0], [16000.0], [24000.0], [32000.0]], "S_Ks": [[0.6561127089750666], [0.7589384373683755], [0.9501294538127308], [0.9366727565707818]], "S_Q": [[0.23213135799097176], [0.1357194045177682], [0.03283301545142041], [0.03341899733970092]], "S_T_Ks": [[0.8100177794729327], [0.8761275932220598], [0.9463710426521067], [0.9590573831896976]], "S_T_Q": [[0.4149550134980487], [0.29499969030313633], [0.07643351223809536], [0.09083588576517462]]}