{"S_min_Ks": [[0.6218174042797051]], "S_min_Q": [[0.0779285060362723]], "S_Ks": [[0.7361195623775809]], "S_Q": [[0.16343792767194837]], "S_max_Ks": [[0.8518049206819718]], "S_max_Q": [[0.22930894575677147]], "S_T_min_Ks": [[0.7258629740978707]], "S_T_min_Q": [[0.2160474549870144]], "S_T_Ks": [[0.857147362656557]], "S_T_Q": [[0.32198805140720055]], "S_T_max_Ks": [[0.9786474570176746]], "S_T_max_Q": [[0.4202666215431552]]}