{"y": [16000.0, 16000.0, 16000.0, 16000.0, 8000.0, 16000.0, 24000.0, 32000.0, 0.9629462651070259, 1.0, -0.7396899496221122, -0.7012065797704584, 6.869239442223081, 8.542553404605258, -2.430908054381321, -0.5206252462757512], "x": [8000.0, 8000.0, 8000.0, 8000.0, 8000.0, 16000.0, 24000.0, 32000.0, 1.0, 0.9629462651070259, -0.5439073818742117, -0.48923070700171495, 5.956971210897726, 6.869239442223081, -1.4926660914221377, -0.3033275442108084], "Covariance": [32000.0, 32000.0, 32000.0, 32000.0, 8000.0, 16000.0, 24000.0, 32000.0, -0.48923070700171495, -0.7012065797704584, 0.9900656134367856, 1.0, -0.3033275442108084, -0.5206252462757512, 0.2827966957603551, 0.06453135444415366], "Correlation-YY": [24000.0, 24000.0, 24000.0, 24000.0, 8000.0, 16000.0, 24000.0, 32000.0, -0.5439073818742117, -0.7396899496221122, 1.0, 0.9900656134367856, -1.4926660914221377, -2.430908054381321, 1.2642993857547693, 0.2827966957603551]}