{"SD_max": [-1.9377860376186153, -9.885700375393705, 6.122080994090659, -4.711436208022224], "Min": [16000.0, -9.970908117555101, 2.9970637010064904, -9.442605664622109], "Max": [-2.174302117660479, -10.032169687847967, 6.075316346396365, -8.593427901505212], "SD_min": [24000.0, 1.0751640973277286, -8.619894037153406, 13.297715751156012], "x": [8000.0, -9.800761681273162, 3.598622545709194, -7.354087698913107], "Mean": [32000.0, -0.08118894438338398, -9.737387676235038, 13.295759080924828]}