{"S_Q": [24000.0, 0.34041299848052886, 0.932712212800152, 0.04242820527210375], "x": [8000.0, 0.12834422121616249, 0.9271308555752698, 0.06063843983125976], "S_T_Q": [0.570301973554528, 0.06481672592976565, 0.942739534867051, 0.09445815386408427], "S_Ks": [16000.0, 0.861608598505849, 0.2396232335910112, 0.8742620636037893], "S_T_Ks": [32000.0, 0.7096801581853702, 0.04264604799990914, 0.9361409523039232]}