{"S_Q": [0.08733753435962781], "S_T_min_Q": [0.13455647674321047], "S_max_Q": [0.12411868082826807], "S_T_max_Ks": [1.0134497759259014], "S_T_min_Ks": [0.7497753830800185], "S_min_Ks": [0.5570192529863794], "S_min_Q": [0.037347756359655065], "S_T_Ks": [0.9033040966610117], "S_T_Q": [0.26413682539998473], "S_max_Ks": [0.7767420598259557], "S_T_max_Q": [0.3661619880787719], "S_Ks": [0.6738050812661188]}