{"Min": [[13.770971988081715]], "SD_min": [[16.233449599617]], "Mean": [[17.33997071926534]], "SD_max": [[18.446491838913683]], "Max": [[20.23522613245716]]}