{"Min": [[13.00462166283926]], "SD_min": [[16.842902585582443]], "Mean": [[18.084656949924817]], "SD_max": [[19.32641131426719]], "Max": [[21.151543057672303]]}