{"output": [[13.00462166283926, 13.086913798140603, 13.169205933441948, 13.251498068743292, 13.333790204044634, 13.416082339345978, 13.498374474647322, 13.580666609948667, 13.66295874525001, 13.745250880551353, 13.827543015852697, 13.909835151154041, 13.992127286455386, 14.07441942175673, 14.156711557058074, 14.239003692359418, 14.32129582766076, 14.403587962962105, 14.485880098263449, 14.568172233564793, 14.650464368866137, 14.73275650416748, 14.815048639468824, 14.897340774770168, 14.979632910071512, 15.061925045372856, 15.1442171806742, 15.226509315975544, 15.308801451276889, 15.391093586578231, 15.473385721879575, 15.55567785718092, 15.637969992482263, 15.720262127783606, 15.80255426308495, 15.884846398386294, 15.967138533687638, 16.049430668988983, 16.131722804290327, 16.21401493959167, 16.296307074893015, 16.37859921019436, 16.460891345495703, 16.543183480797047, 16.625475616098388, 16.707767751399732, 16.790059886701076, 16.87235202200242, 16.954644157303765, 17.03693629260511, 17.119228427906453, 17.201520563207797, 17.28381269850914, 17.366104833810486, 17.448396969111826, 17.53068910441317, 17.612981239714514, 17.69527337501586, 17.777565510317203, 17.859857645618547, 17.94214978091989, 18.024441916221235, 18.10673405152258, 18.189026186823924, 18.271318322125268, 18.353610457426612, 18.435902592727956, 18.5181947280293, 18.600486863330644, 18.682778998631985, 18.76507113393333, 18.847363269234673, 18.929655404536017, 19.01194753983736, 19.094239675138706, 19.17653181044005, 19.258823945741394, 19.34111608104274, 19.42340821634408, 19.505700351645423, 19.587992486946767, 19.67028462224811, 19.752576757549456, 19.8348688928508, 19.917161028152144, 19.999453163453488, 20.081745298754832, 20.164037434056176, 20.24632956935752, 20.328621704658865, 20.41091383996021, 20.493205975261553, 20.575498110562897, 20.657790245864238, 20.740082381165582, 20.822374516466926, 20.90466665176827, 20.986958787069614, 21.06925092237096, 21.151543057672303]], "PDF": [[0.00021928842954927144, 0.00020408100493394247, 0.00017083704239223004, 0.00016043079536852273, 0.00021639615198311974, 0.000365334992795644, 0.0006031040072267974, 0.0008943891052872316, 0.0011934981480699102, 0.0014767018535982496, 0.0017591973268005839, 0.002083040944904848, 0.0024912266118060316, 0.0030070687286846954, 0.003621250091022048, 0.004289504327008128, 0.0049583831456901, 0.005621894435391783, 0.006369868959092877, 0.007381472456402761, 0.00886622568602959, 0.010990677096702785, 0.013805171766430082, 0.01717395509294767, 0.02077323506874338, 0.024248338061028468, 0.027476591776515947, 0.03069078968857573, 0.03428770112902534, 0.03848761136523247, 0.04319676838235088, 0.048183467785040145, 0.05334258774265443, 0.05881842064258589, 0.06495807595078876, 0.07214262682297871, 0.08054206984216336, 0.08992923151563058, 0.09973269506205003, 0.10936900577452752, 0.11866732599931969, 0.12803622526893357, 0.13810870245459403, 0.14906643399464928, 0.16030599648994437, 0.17087449309004912, 0.18025119899638192, 0.18865186087362468, 0.19667454711946208, 0.20490747139075952, 0.21394757938342113, 0.22445227580067392, 0.23668057062260542, 0.24980764458482543, 0.26191497639314715, 0.27098241972012266, 0.2761275713023784, 0.2780660961605264, 0.2784937554741296, 0.2789862179430887, 0.2803261513457249, 0.2826700732673021, 0.2860730783060726, 0.29055549613393966, 0.29562646314485724, 0.3000669488689218, 0.30249845180037366, 0.3021619371863627, 0.29907315496253134, 0.2936468489206544, 0.28646936901042414, 0.27832234996705885, 0.26998156307981264, 0.26178216678036775, 0.25355140636603823, 0.2450708752178397, 0.23644088486461562, 0.2278758535872249, 0.21924438633620671, 0.2099241490580617, 0.19910053717175485, 0.1862062814207191, 0.17120849026806054, 0.15466311861259321, 0.13753574445633746, 0.12082606662974996, 0.10519418663327028, 0.09083752171795914, 0.07763542799236824, 0.06537378137622349, 0.05392664725078502, 0.04337288553017439, 0.033988389295086144, 0.02607516172119751, 0.019741679418459956, 0.014814799946694818, 0.010944387407430837, 0.0078035667883831275, 0.005228321410035015, 0.0032071515461616898]]}