{"output": [[13.770971988081715, 13.836267484489548, 13.901562980897381, 13.966858477305214, 14.032153973713047, 14.09744947012088, 14.162744966528711, 14.228040462936544, 14.293335959344377, 14.35863145575221, 14.423926952160043, 14.489222448567876, 14.554517944975709, 14.619813441383542, 14.685108937791375, 14.750404434199208, 14.815699930607039, 14.880995427014872, 14.946290923422705, 15.011586419830538, 15.07688191623837, 15.142177412646204, 15.207472909054037, 15.27276840546187, 15.338063901869702, 15.403359398277535, 15.468654894685368, 15.5339503910932, 15.599245887501032, 15.664541383908865, 15.729836880316698, 15.795132376724531, 15.860427873132364, 15.925723369540197, 15.99101886594803, 16.056314362355863, 16.121609858763694, 16.18690535517153, 16.25220085157936, 16.317496347987195, 16.382791844395026, 16.44808734080286, 16.513382837210692, 16.578678333618527, 16.643973830026358, 16.70926932643419, 16.774564822842024, 16.839860319249855, 16.90515581565769, 16.97045131206552, 17.035746808473355, 17.101042304881187, 17.166337801289018, 17.231633297696852, 17.296928794104687, 17.36222429051252, 17.42751978692035, 17.492815283328184, 17.558110779736015, 17.62340627614385, 17.68870177255168, 17.753997268959516, 17.819292765367347, 17.88458826177518, 17.949883758183013, 18.015179254590848, 18.08047475099868, 18.14577024740651, 18.211065743814345, 18.276361240222176, 18.34165673663001, 18.406952233037842, 18.472247729445677, 18.537543225853508, 18.60283872226134, 18.668134218669174, 18.73342971507701, 18.79872521148484, 18.86402070789267, 18.929316204300505, 18.994611700708337, 19.05990719711617, 19.125202693524002, 19.190498189931837, 19.25579368633967, 19.3210891827475, 19.386384679155334, 19.45168017556317, 19.516975671971, 19.58227116837883, 19.647566664786666, 19.712862161194497, 19.778157657602332, 19.843453154010163, 19.908748650417998, 19.97404414682583, 20.03933964323366, 20.104635139641495, 20.16993063604933, 20.23522613245716]], "PDF": [[0.00029634855272742377, 0.0003308292434939922, 0.00038942553747180577, 0.0005207172751034696, 0.0007578428210355548, 0.0011078600969480449, 0.0015676230211251222, 0.0021439565360576655, 0.002851691766309944, 0.0036962374086964736, 0.004676168168269679, 0.005822379099876014, 0.007240344828734694, 0.009101891770614033, 0.011572104814319315, 0.014721255615954424, 0.018501951245111326, 0.02282677018499339, 0.0276768855502502, 0.03311737276640693, 0.03919450260051415, 0.045849420733203125, 0.052984332949607436, 0.06064632269427729, 0.06915837897020242, 0.07905139295930393, 0.09079066738898948, 0.10446805518515308, 0.11970871544185976, 0.1358685169987078, 0.15231211030131853, 0.16853137704525972, 0.18413329778759494, 0.1988956130822948, 0.21291144287947666, 0.22658907602121875, 0.24034031141013254, 0.2541637061313891, 0.2675461094117661, 0.279812505872763, 0.29054568209971404, 0.2996524182335901, 0.30716440546111284, 0.31316191027698403, 0.31782399946108764, 0.32125548735145243, 0.3231823619943942, 0.3231387894938798, 0.32122322826469646, 0.3184885532724268, 0.3162683919436267, 0.3151213157838802, 0.3145838299328588, 0.3138322558073078, 0.3123194129806612, 0.3098115310835394, 0.30615774750642594, 0.3012786013643444, 0.29540037379156175, 0.28923978169775477, 0.28381080107152434, 0.27976792984841836, 0.2767520489597566, 0.27348652174902477, 0.26872598992521496, 0.26218983747330077, 0.2546053078160318, 0.24698674251109587, 0.2399710335129502, 0.23367131281688638, 0.2278548146656292, 0.22216413907590785, 0.21632684879236716, 0.21028455839199403, 0.20411531295063015, 0.19782917391600316, 0.19127345860014525, 0.18421594391573576, 0.17647310015024711, 0.16797603817191953, 0.15877286595260742, 0.14899764307125934, 0.13882966836475072, 0.12845721622058726, 0.11803520436708491, 0.10762042132693367, 0.09711799919953579, 0.08632239406857109, 0.07509001526218173, 0.06354868992760336, 0.05216659843038322, 0.04159183379068162, 0.03237325496190201, 0.024765369079365256, 0.018711385541793378, 0.01395254921063532, 0.01017657935428972, 0.007141928021843289, 0.00472834878611311, 0.0028991814733637425]]}