{"S_min_Ks": [[0.6621494868538372]], "S_min_Q": [[0.3163041436573957]], "S_Ks": [[0.688329523427552]], "S_Q": [[0.3366864937086541]], "S_max_Ks": [[0.7128188123077472]], "S_max_Q": [[0.3538229575704365]], "S_T_min_Ks": [[0.6521089414496261]], "S_T_min_Q": [[0.31393403842355516]], "S_T_Ks": [[0.6767811071373028]], "S_T_Q": [[0.33880527972505425]], "S_T_max_Ks": [[0.7068949173384521]], "S_T_max_Q": [[0.36311131682995257]]}