{"S_Ks": [[0.688329523427552]], "S_Q": [[0.3366864937086541]], "S_T_Ks": [[0.6767811071373028]], "S_T_Q": [[0.33880527972505425]]}