{"S_Ks": [[0.4836338518459119]], "S_Q": [[0.5337195983423572]], "S_T_Ks": [[0.47818028330141543]], "S_T_Q": [[0.5418559066913531]]}