{"S_min_Ks": [[0.4588512335274185]], "S_min_Q": [[0.5033370998173097]], "S_Ks": [[0.4836338518459119]], "S_Q": [[0.5337195983423572]], "S_max_Ks": [[0.5061031171170078]], "S_max_Q": [[0.5586884639727544]], "S_T_min_Ks": [[0.44650282873729297]], "S_T_min_Q": [[0.5134254770202953]], "S_T_Ks": [[0.47818028330141543]], "S_T_Q": [[0.5418559066913531]], "S_T_max_Ks": [[0.5086081225467826]], "S_T_max_Q": [[0.5690870645434456]]}