{"Min": [[19.44307802412807]], "SD_min": [[20.84887314184487]], "Mean": [[21.362045489660243]], "SD_max": [[21.875217837475617]], "Max": [[22.749769808041222]]}