{"Min": [[19.443077542538347]], "SD_min": [[20.848873133750686]], "Mean": [[21.362045486011613]], "SD_max": [[21.87521783827254]], "Max": [[22.749769672527194]]}