{"Min": [[17.432306309278445]], "SD_min": [[19.72565246280603]], "Mean": [[20.596045952989883]], "SD_max": [[21.466439443173737]], "Max": [[22.930545919213458]]}