{"Min": [[19.443076935683465]], "SD_min": [[20.84887312808427]], "Mean": [[21.362045497543058]], "SD_max": [[21.875217867001844]], "Max": [[22.749770712099874]]}