{"output": [[19.443076935683465, 19.476477882919994, 19.509878830156524, 19.543279777393053, 19.576680724629583, 19.610081671866112, 19.64348261910264, 19.67688356633917, 19.7102845135757, 19.74368546081223, 19.77708640804876, 19.81048735528529, 19.84388830252182, 19.877289249758345, 19.910690196994874, 19.944091144231404, 19.977492091467933, 20.010893038704463, 20.044293985940993, 20.077694933177522, 20.11109588041405, 20.14449682765058, 20.17789777488711, 20.21129872212364, 20.24469966936017, 20.2781006165967, 20.31150156383323, 20.34490251106976, 20.378303458306288, 20.411704405542817, 20.445105352779347, 20.478506300015876, 20.511907247252406, 20.545308194488936, 20.578709141725465, 20.612110088961995, 20.64551103619852, 20.67891198343505, 20.71231293067158, 20.74571387790811, 20.77911482514464, 20.81251577238117, 20.845916719617698, 20.879317666854227, 20.912718614090757, 20.946119561327286, 20.979520508563816, 21.012921455800345, 21.046322403036875, 21.079723350273404, 21.113124297509934, 21.146525244746464, 21.179926191982993, 21.213327139219523, 21.246728086456052, 21.28012903369258, 21.31352998092911, 21.34693092816564, 21.38033187540217, 21.4137328226387, 21.44713376987523, 21.48053471711176, 21.51393566434829, 21.547336611584814, 21.580737558821344, 21.614138506057873, 21.647539453294403, 21.680940400530933, 21.714341347767462, 21.74774229500399, 21.78114324224052, 21.81454418947705, 21.84794513671358, 21.88134608395011, 21.91474703118664, 21.94814797842317, 21.9815489256597, 22.014949872896228, 22.048350820132757, 22.081751767369287, 22.115152714605816, 22.148553661842346, 22.181954609078876, 22.215355556315405, 22.24875650355193, 22.28215745078846, 22.31555839802499, 22.34895934526152, 22.38236029249805, 22.41576123973458, 22.449162186971108, 22.482563134207638, 22.515964081444167, 22.549365028680697, 22.582765975917226, 22.616166923153756, 22.649567870390285, 22.682968817626815, 22.716369764863344, 22.749770712099874]], "PDF": [[0.0010522548676801724, 0.0012206155217208176, 0.0012577331978571632, 0.0012220676578462571, 0.0012074968323666708, 0.0013122431550811674, 0.001630666118033346, 0.002226852234457823, 0.0031035686363271686, 0.004222288867148226, 0.0055876139801315375, 0.007338810858699428, 0.009709682701504801, 0.012788359737436743, 0.016301227475144717, 0.019737812074478157, 0.02279310454899823, 0.025709248946131094, 0.029109600831356466, 0.03349334315855068, 0.03905394161436462, 0.04596395076490618, 0.05443737607063049, 0.0643019868459241, 0.0748541369424138, 0.08553301658746819, 0.09671513200797674, 0.1095028164934963, 0.12442608045449283, 0.14056428204805008, 0.15660257161447408, 0.1727967438836421, 0.19108030882807736, 0.21303177279047222, 0.2385538396680615, 0.2665850907099194, 0.2959982609399229, 0.32574657284168146, 0.3554724885330167, 0.3864373593236916, 0.4211945919889854, 0.46215678989442793, 0.5100979688951557, 0.5625736348054154, 0.6133196341845505, 0.6549019911472528, 0.6833658669178747, 0.6999227565081418, 0.7080259518091881, 0.7102391157300504, 0.7085876551322806, 0.7059963638478561, 0.704873730647261, 0.7042993005857022, 0.7008480889975217, 0.6932443087377622, 0.6845512184259409, 0.6784067981454236, 0.6745409161183995, 0.66974697289285, 0.6622847086824006, 0.6535144408987422, 0.6455487756547746, 0.6385014401974829, 0.6299223338783044, 0.616657391678515, 0.5979114473066354, 0.576655931165282, 0.5574848925760484, 0.5431817901730592, 0.5334990217149831, 0.526210179586904, 0.5183156772591299, 0.5067670392018199, 0.489535198646101, 0.46693500328041554, 0.4416903509507878, 0.4170401926545497, 0.39452720442915573, 0.37356208963007403, 0.3526141124302721, 0.3302236865222392, 0.3052783233637368, 0.2774394931661576, 0.2475299665142239, 0.21684136843680143, 0.1860306942304385, 0.15528066562388868, 0.12548139445981674, 0.09850786440377482, 0.07594654889948302, 0.057867517649494, 0.04318691691707058, 0.031005952602691973, 0.021191813647268187, 0.013824320607747664, 0.008644251596660903, 0.00516281294382041, 0.002945262924773728, 0.0016337289778044777]]}