{"output": [[17.432306309278445, 17.487844083116173, 17.5433818569539, 17.598919630791627, 17.654457404629355, 17.709995178467082, 17.76553295230481, 17.821070726142537, 17.876608499980264, 17.93214627381799, 17.98768404765572, 18.043221821493447, 18.098759595331174, 18.1542973691689, 18.20983514300663, 18.265372916844356, 18.320910690682084, 18.37644846451981, 18.43198623835754, 18.487524012195266, 18.543061786032993, 18.59859955987072, 18.654137333708448, 18.709675107546175, 18.765212881383903, 18.82075065522163, 18.876288429059358, 18.931826202897085, 18.987363976734812, 19.04290175057254, 19.098439524410267, 19.153977298247995, 19.209515072085722, 19.26505284592345, 19.320590619761177, 19.376128393598904, 19.43166616743663, 19.48720394127436, 19.542741715112086, 19.598279488949814, 19.65381726278754, 19.70935503662527, 19.764892810462996, 19.820430584300723, 19.87596835813845, 19.931506131976178, 19.987043905813906, 20.042581679651633, 20.09811945348936, 20.153657227327088, 20.209195001164815, 20.264732775002543, 20.32027054884027, 20.375808322677997, 20.431346096515725, 20.486883870353452, 20.54242164419118, 20.597959418028907, 20.653497191866634, 20.70903496570436, 20.76457273954209, 20.820110513379817, 20.875648287217544, 20.93118606105527, 20.986723834893, 21.042261608730726, 21.097799382568454, 21.15333715640618, 21.20887493024391, 21.264412704081636, 21.319950477919363, 21.37548825175709, 21.431026025594818, 21.486563799432545, 21.542101573270273, 21.597639347108, 21.653177120945728, 21.708714894783455, 21.764252668621182, 21.81979044245891, 21.875328216296637, 21.930865990134365, 21.986403763972092, 22.04194153780982, 22.097479311647547, 22.153017085485274, 22.208554859323, 22.26409263316073, 22.319630406998456, 22.375168180836184, 22.43070595467391, 22.48624372851164, 22.541781502349366, 22.597319276187093, 22.65285705002482, 22.708394823862548, 22.763932597700276, 22.819470371538003, 22.87500814537573, 22.930545919213458]], "PDF": [[0.0007410138602168154, 0.0009312608143298191, 0.001066376537707377, 0.0011441992506830384, 0.0012096497281164995, 0.001361709696338456, 0.0017176247830663226, 0.002346849871072794, 0.0032438456147734387, 0.004379160074180126, 0.005771107127841717, 0.007486680608962713, 0.009561214810939845, 0.011923460905548985, 0.014421473126455715, 0.016964940445346206, 0.01968515956027385, 0.02293880328348041, 0.027069385135400612, 0.032109702328104846, 0.03776143902363982, 0.04370884839593041, 0.049886593316952214, 0.05638219982412281, 0.0631978726638434, 0.07028165278995896, 0.07774204877519648, 0.08582921556297227, 0.09465849501215368, 0.10406877964133208, 0.11383474929652265, 0.12406500765769603, 0.1354082899486794, 0.14871113477147, 0.16420627702341614, 0.1809537285830715, 0.19726459318564935, 0.2119310158644556, 0.22517339732069894, 0.23835508694285923, 0.25268134782060886, 0.2681319918982266, 0.2836280450291204, 0.2981165061639797, 0.3113689580890177, 0.3238154717905673, 0.33590095634907957, 0.3477730649115181, 0.35935159184548626, 0.3702659955732756, 0.3796560752278862, 0.3864561771317917, 0.3902608179128713, 0.39188546352488657, 0.39295011075805225, 0.39498693974747423, 0.39887557922724526, 0.4046077821833927, 0.41113907095770663, 0.4167279713845853, 0.42004976158535146, 0.42116541781925065, 0.4211210612806587, 0.4204663443674357, 0.4183550167122593, 0.41328077134744273, 0.4047094069751756, 0.39387409677480845, 0.38278421933869117, 0.3723932926297387, 0.36186508178704097, 0.34965427665221704, 0.3351418636979682, 0.31920347067916005, 0.30334792323326076, 0.288306297279439, 0.2733183464603832, 0.25677375899808313, 0.23762850218826964, 0.2162673019984381, 0.1941355192379693, 0.17272143156078845, 0.1528371830654162, 0.13450922229605086, 0.11725740641848888, 0.10057445971304962, 0.0844294959149711, 0.06941349535627069, 0.056307100432010974, 0.04545384312967417, 0.03655405598387477, 0.02900406641055046, 0.02236781299005967, 0.01657356790006791, 0.011777376499162901, 0.008100107595401609, 0.005471510986466336, 0.003661735232825337, 0.00241077646209949, 0.001526692898812612]]}