{"output": [[19.44307802412807, 19.476478951238303, 19.50987987834854, 19.54328080545877, 19.576681732569007, 19.61008265967924, 19.643483586789472, 19.676884513899708, 19.71028544100994, 19.743686368120176, 19.77708729523041, 19.81048822234064, 19.843889149450877, 19.87729007656111, 19.910691003671346, 19.94409193078158, 19.97749285789181, 20.010893785002047, 20.04429471211228, 20.07769563922251, 20.111096566332748, 20.14449749344298, 20.177898420553216, 20.21129934766345, 20.24470027477368, 20.278101201883917, 20.31150212899415, 20.344903056104386, 20.378303983214618, 20.41170491032485, 20.445105837435086, 20.47850676454532, 20.511907691655555, 20.545308618765787, 20.57870954587602, 20.612110472986256, 20.64551140009649, 20.678912327206724, 20.712313254316957, 20.74571418142719, 20.779115108537425, 20.812516035647658, 20.845916962757894, 20.879317889868126, 20.91271881697836, 20.946119744088595, 20.979520671198827, 21.012921598309063, 21.046322525419296, 21.079723452529528, 21.113124379639764, 21.146525306749997, 21.17992623386023, 21.213327160970465, 21.246728088080697, 21.280129015190933, 21.313529942301166, 21.346930869411402, 21.380331796521634, 21.413732723631867, 21.447133650742103, 21.480534577852335, 21.513935504962568, 21.547336432072804, 21.580737359183036, 21.614138286293272, 21.647539213403505, 21.680940140513737, 21.714341067623973, 21.747741994734206, 21.78114292184444, 21.814543848954674, 21.847944776064907, 21.881345703175143, 21.914746630285375, 21.94814755739561, 21.981548484505844, 22.014949411616076, 22.048350338726312, 22.081751265836544, 22.11515219294678, 22.148553120057013, 22.181954047167245, 22.21535497427748, 22.248755901387714, 22.282156828497946, 22.315557755608182, 22.348958682718415, 22.38235960982865, 22.415760536938883, 22.44916146404912, 22.48256239115935, 22.515963318269584, 22.54936424537982, 22.582765172490053, 22.616166099600285, 22.64956702671052, 22.682967953820754, 22.71636888093099, 22.749769808041222]], "PDF": [[0.0010522568676368468, 0.0012206178737925058, 0.0012577354043937599, 0.0012220693995651575, 0.0012074981524014985, 0.0013122448256439746, 0.0016306700280875922, 0.0022268609607933557, 0.003103584043083789, 0.004222311319439646, 0.0055876439387852524, 0.007338851306011883, 0.009709737999699125, 0.01278843040874233, 0.01630130688361161, 0.01973789028701065, 0.02279317719530293, 0.02570932229651147, 0.029109686516629624, 0.03349344886832704, 0.03905407015453302, 0.045964105166036925, 0.054437557366565865, 0.06430218618088882, 0.07485433801416108, 0.08553321095032772, 0.09671532974437576, 0.10950303618897028, 0.12442632487335406, 0.14056452923360663, 0.15660279966687837, 0.1727969601954356, 0.19108054176441722, 0.21303203815606447, 0.23855412959683972, 0.2665853901192949, 0.29599855761153, 0.32574685564000605, 0.3554727537623152, 0.3864376195004655, 0.4211948691518968, 0.4621571016978224, 0.510098320236876, 0.562574009687509, 0.6133199919381441, 0.6549022847578209, 0.683366075128963, 0.6999228941692418, 0.7080260466126812, 0.7102391823628471, 0.7085876961724135, 0.7059963870848694, 0.7048737533851914, 0.7042993340305594, 0.7008481258034853, 0.6932443341144952, 0.6845512327438961, 0.6784068209727162, 0.6745409653398303, 0.6697470458941142, 0.6622847875104731, 0.6535145108398384, 0.6455488369535612, 0.6385015082677128, 0.6299224291444477, 0.6166575206492773, 0.597911591013357, 0.5766560581056303, 0.5574849835169087, 0.5431818478886521, 0.5334990637800049, 0.526210231359627, 0.5183157694697715, 0.5067671992719645, 0.4895354330411376, 0.4669352885285468, 0.4416906496836533, 0.41704048241912517, 0.39452749007438015, 0.3735623913890358, 0.3526144517558375, 0.3302240834823676, 0.3052787911960926, 0.2774400259739445, 0.24753054263993746, 0.21684197111960696, 0.18603131735116135, 0.15528129351554076, 0.12548198811826955, 0.09850838005928306, 0.07594696846431453, 0.05786785340484379, 0.04318718817572069, 0.031006166733152058, 0.021191970299757747, 0.013824424205353444, 0.008644313811605742, 0.005162847118647645, 0.0029452799247592447, 0.0016337364655421567]]}