{"output": [[19.443077542538347, 19.476478473144294, 19.509879403750244, 19.54328033435619, 19.57668126496214, 19.610082195568086, 19.643483126174036, 19.676884056779983, 19.71028498738593, 19.74368591799188, 19.777086848597826, 19.810487779203775, 19.843888709809722, 19.877289640415672, 19.910690571021618, 19.944091501627568, 19.977492432233515, 20.01089336283946, 20.04429429344541, 20.077695224051357, 20.111096154657307, 20.144497085263254, 20.177898015869204, 20.21129894647515, 20.244699877081096, 20.278100807687046, 20.311501738292993, 20.344902668898943, 20.37830359950489, 20.41170453011084, 20.445105460716785, 20.478506391322732, 20.511907321928682, 20.54530825253463, 20.578709183140578, 20.612110113746525, 20.645511044352475, 20.67891197495842, 20.712312905564367, 20.745713836170317, 20.779114766776264, 20.812515697382214, 20.84591662798816, 20.87931755859411, 20.912718489200056, 20.946119419806003, 20.979520350411953, 21.0129212810179, 21.04632221162385, 21.079723142229795, 21.113124072835745, 21.146525003441692, 21.179925934047642, 21.213326864653588, 21.246727795259535, 21.280128725865485, 21.31352965647143, 21.34693058707738, 21.380331517683327, 21.413732448289277, 21.447133378895224, 21.480534309501174, 21.51393524010712, 21.547336170713066, 21.580737101319016, 21.614138031924963, 21.647538962530913, 21.68093989313686, 21.71434082374281, 21.747741754348755, 21.781142684954702, 21.814543615560652, 21.847944546166598, 21.881345476772548, 21.914746407378495, 21.948147337984445, 21.98154826859039, 22.014949199196337, 22.048350129802287, 22.081751060408234, 22.115151991014184, 22.14855292162013, 22.18195385222608, 22.215354782832026, 22.248755713437973, 22.282156644043923, 22.31555757464987, 22.34895850525582, 22.382359435861765, 22.415760366467715, 22.449161297073662, 22.482562227679608, 22.515963158285558, 22.549364088891505, 22.582765019497455, 22.6161659501034, 22.64956688070935, 22.682967811315297, 22.716368741921244, 22.749769672527194]], "PDF": [[0.001052256625843593, 0.0012206174949171132, 0.001257734836424159, 0.001222068546463949, 0.0012074967785863672, 0.0013122425468564509, 0.0016306665408400826, 0.002226856265233415, 0.0031035782608601846, 0.004222304234982507, 0.005587634706328765, 0.007338838602079665, 0.009709720853427204, 0.012788409327717049, 0.016301283866114555, 0.019737866913408213, 0.022793152286095117, 0.02570929200184484, 0.02910964727820688, 0.03349339912174845, 0.03905400792704731, 0.045964026248267904, 0.054437459082643434, 0.06430207191532253, 0.07485421425523647, 0.08553307853315022, 0.09671518004951328, 0.10950285962545293, 0.12442612428218097, 0.14056431927325747, 0.15660258730316187, 0.1727967311364451, 0.19108027421712157, 0.2130317252288702, 0.23855378114163625, 0.2665850213247135, 0.2959981850491073, 0.32574649329029726, 0.35547239970954914, 0.3864372516817048, 0.4211944601917208, 0.46215663584718375, 0.5100978063018251, 0.562573493953808, 0.6133195501167077, 0.6549019783099722, 0.6833659116922676, 0.6999228386164233, 0.7080260619576112, 0.7102392443789621, 0.7085877768378819, 0.705996452040877, 0.7048737896801597, 0.704299366210742, 0.7008481854011499, 0.6932444173589887, 0.6845513066220408, 0.6784068694149843, 0.6745410084060617, 0.6697471088236369, 0.6622848690326681, 0.6535145901249487, 0.6455489006038112, 0.6385015649150282, 0.629922502973042, 0.6166576298809147, 0.5979117276836459, 0.5766561911292948, 0.5574850838914115, 0.5431819079839689, 0.5334990952885134, 0.5262102545846702, 0.5183158070312271, 0.5067672711551613, 0.4895355475017093, 0.4669354353818454, 0.44169080664637017, 0.4170406313703006, 0.3945276274636713, 0.3735625245405916, 0.35261458982595456, 0.33022423358641095, 0.3052789572737384, 0.2774402057787025, 0.2475307280751484, 0.21684215472601395, 0.18603149629996318, 0.1552814653940169, 0.1254821457584233, 0.0985085139098876, 0.07594707368469195, 0.0578679325797392, 0.04318724717526084, 0.03100620986290967, 0.02119199984246806, 0.013824442530093486, 0.008644324130212237, 0.005162852520366377, 0.0029452825654377496, 0.0016337376224405799]]}