{"S_Ks": [[0.7262478747826668]], "S_Q": [[0.25718854112182526]], "S_T_Ks": [[0.7229776106248171]], "S_T_Q": [[0.2765912632700239]]}