{"S_Ks": [[0.7262478945227943]], "S_Q": [[0.25718851987847213]], "S_T_Ks": [[0.7229776324496008]], "S_T_Q": [[0.2765912424756962]]}