{"S_min_Ks": [[0.6951540861990689]], "S_min_Q": [[0.24037769605047005]], "S_Ks": [[0.7262478945227943]], "S_Q": [[0.25718851987847213]], "S_max_Ks": [[0.7522965917009481]], "S_max_Q": [[0.27555088004554745]], "S_T_min_Ks": [[0.6945555760216536]], "S_T_min_Q": [[0.2472314675658061]], "S_T_Ks": [[0.7229776324496008]], "S_T_Q": [[0.2765912424756962]], "S_T_max_Ks": [[0.7568041212988066]], "S_T_max_Q": [[0.30558259193923687]]}