{"S_min_Ks": [[0.29639425747915776]], "S_min_Q": [[0.6254531148467408]], "S_Ks": [[0.31179251301676214]], "S_Q": [[0.6568616834960886]], "S_max_Ks": [[0.32847569640373653]], "S_max_Q": [[0.6808483066880273]], "S_T_min_Ks": [[0.2830804915651592]], "S_T_min_Q": [[0.6604276664495594]], "S_T_Ks": [[0.3028552379226743]], "S_T_Q": [[0.6901068259807902]], "S_T_max_Ks": [[0.3287813638795711]], "S_T_max_Q": [[0.7358257467121038]]}