{"S_min_Ks": [[0.6951540682859031]], "S_min_Q": [[0.24037771622719467]], "S_Ks": [[0.7262478747826668]], "S_Q": [[0.25718854112182526]], "S_max_Ks": [[0.7522965749231587]], "S_max_Q": [[0.27555090472490373]], "S_T_min_Ks": [[0.6945555476701378]], "S_T_min_Q": [[0.24723149089763435]], "S_T_Ks": [[0.7229776106248171]], "S_T_Q": [[0.2765912632700239]], "S_T_max_Ks": [[0.7568041045717367]], "S_T_max_Q": [[0.3055826147565542]]}