{"S_Ks": [[0.7262479068703435]], "S_Q": [[0.25718850390358095]], "S_T_Ks": [[0.7229776493505135]], "S_T_Q": [[0.2765912326116838]]}