{"S_Ks": [[0.31179251301676214]], "S_Q": [[0.6568616834960886]], "S_T_Ks": [[0.3028552379226743]], "S_T_Q": [[0.6901068259807902]]}