{"S_min_Ks": [[0.6951540982562036]], "S_min_Q": [[0.24037767986900394]], "S_Ks": [[0.7262479068703435]], "S_Q": [[0.25718850390358095]], "S_max_Ks": [[0.7522966017858325]], "S_max_Q": [[0.27555086460073663]], "S_T_min_Ks": [[0.6945555937888358]], "S_T_min_Q": [[0.2472314582091597]], "S_T_Ks": [[0.7229776493505135]], "S_T_Q": [[0.2765912326116838]], "S_T_max_Ks": [[0.7568041388303427]], "S_T_max_Q": [[0.3055825788870783]]}