{"Min": [[15.734096427229293]], "SD_min": [[18.94798978883859]], "Mean": [[19.828622642218193]], "SD_max": [[20.709255495597795]], "Max": [[21.855965880078134]]}