{"Min": [[17.45528848269844]], "SD_min": [[19.731165290934904]], "Mean": [[20.448456252640405]], "SD_max": [[21.165747214345906]], "Max": [[22.09547878293181]]}