{"output": [[15.734096427229293, 15.795933492409585, 15.857770557589875, 15.919607622770167, 15.981444687950459, 16.04328175313075, 16.10511881831104, 16.166955883491333, 16.228792948671625, 16.290630013851914, 16.352467079032206, 16.414304144212498, 16.47614120939279, 16.53797827457308, 16.59981533975337, 16.661652404933662, 16.723489470113954, 16.785326535294246, 16.847163600474538, 16.90900066565483, 16.970837730835118, 17.03267479601541, 17.094511861195702, 17.156348926375994, 17.218185991556286, 17.280023056736574, 17.341860121916866, 17.40369718709716, 17.46553425227745, 17.527371317457742, 17.589208382638034, 17.651045447818323, 17.712882512998615, 17.774719578178907, 17.8365566433592, 17.89839370853949, 17.96023077371978, 18.02206783890007, 18.083904904080363, 18.145741969260655, 18.207579034440947, 18.26941609962124, 18.331253164801527, 18.39309022998182, 18.45492729516211, 18.516764360342403, 18.578601425522695, 18.640438490702984, 18.702275555883276, 18.764112621063568, 18.82594968624386, 18.88778675142415, 18.949623816604444, 19.011460881784732, 19.073297946965024, 19.135135012145316, 19.196972077325608, 19.2588091425059, 19.32064620768619, 19.38248327286648, 19.444320338046772, 19.506157403227064, 19.567994468407356, 19.629831533587648, 19.691668598767937, 19.75350566394823, 19.81534272912852, 19.877179794308812, 19.939016859489104, 20.000853924669393, 20.062690989849685, 20.124528055029977, 20.18636512021027, 20.24820218539056, 20.310039250570853, 20.371876315751145, 20.433713380931433, 20.495550446111725, 20.557387511292017, 20.61922457647231, 20.681061641652597, 20.74289870683289, 20.80473577201318, 20.866572837193473, 20.928409902373765, 20.990246967554057, 21.05208403273435, 21.113921097914638, 21.17575816309493, 21.23759522827522, 21.299432293455514, 21.361269358635802, 21.423106423816094, 21.484943488996386, 21.546780554176678, 21.60861761935697, 21.670454684537262, 21.732291749717554, 21.794128814897842, 21.855965880078134]], "PDF": [[0.0006358668422376939, 0.0007681591650510151, 0.0008105399755739273, 0.0007886057631084405, 0.000743142770056856, 0.0007092571237935642, 0.0007181636347238021, 0.0007997482599623804, 0.0009578991691725658, 0.001151348574334175, 0.0013515079201161576, 0.001605713841329223, 0.001986613002726957, 0.002510872382453346, 0.003152626737360312, 0.003887001898579949, 0.004681871819144125, 0.005509434399737266, 0.006402059887035496, 0.007428960615902707, 0.008533173608454528, 0.00943319124047481, 0.009908821745618324, 0.010208010777788698, 0.01084726956758019, 0.011973729495289284, 0.013281316440106999, 0.014645021017898881, 0.01650034490966559, 0.019308132501783593, 0.022839953694959357, 0.02642382353609256, 0.02979938777317894, 0.03327365929193069, 0.03717055823834685, 0.04161083915120117, 0.04683402901352391, 0.053339865084579975, 0.06130231809624075, 0.07006127643557382, 0.07880063046247927, 0.087381009856028, 0.09616965287477153, 0.10577958996755749, 0.11690572199227396, 0.12972000815394, 0.14387598496286197, 0.15937024448129056, 0.17665559291496408, 0.19595144789767932, 0.21716625445206258, 0.2403925133673675, 0.2659630773495361, 0.29353950272169416, 0.3210448217017482, 0.3455487750801094, 0.36572907552156986, 0.3824845014346678, 0.39712191318439655, 0.4099296130676285, 0.42034161459870645, 0.42789391461454324, 0.4326325839964942, 0.43445076417288336, 0.4331942942738893, 0.43000063056474, 0.42708998787177616, 0.4255805212284508, 0.42418348081346197, 0.41990129975092855, 0.4100231665934645, 0.39471264887982965, 0.3781199789332234, 0.36576004623924263, 0.3597291965153537, 0.3567318725454008, 0.3513406586510308, 0.341091595803406, 0.32825141485670073, 0.3169546324783932, 0.3091435640312348, 0.3032205973279503, 0.29579789319405175, 0.2843849469484509, 0.26884325606820775, 0.25070116046676644, 0.23144161718424472, 0.2114883482404639, 0.19043447606713954, 0.16809509130828384, 0.14523161975046625, 0.12302511578685657, 0.10212877869275237, 0.08260401198198992, 0.06453788909481778, 0.04837291246031973, 0.03467263119800182, 0.023694330834281862, 0.015234040656636291, 0.008922516182596525]]}