{"output": [[17.45528848269844, 17.502159091791704, 17.549029700884972, 17.595900309978237, 17.642770919071506, 17.68964152816477, 17.736512137258035, 17.783382746351304, 17.83025335544457, 17.877123964537837, 17.923994573631102, 17.97086518272437, 18.017735791817636, 18.0646064009109, 18.11147701000417, 18.158347619097434, 18.205218228190702, 18.252088837283967, 18.298959446377232, 18.3458300554705, 18.392700664563765, 18.439571273657034, 18.4864418827503, 18.533312491843567, 18.580183100936832, 18.627053710030097, 18.673924319123365, 18.72079492821663, 18.7676655373099, 18.814536146403164, 18.86140675549643, 18.908277364589697, 18.955147973682962, 19.00201858277623, 19.048889191869495, 19.09575980096276, 19.14263041005603, 19.189501019149294, 19.236371628242562, 19.283242237335827, 19.330112846429095, 19.37698345552236, 19.423854064615625, 19.470724673708894, 19.51759528280216, 19.564465891895427, 19.611336500988692, 19.65820711008196, 19.705077719175225, 19.75194832826849, 19.79881893736176, 19.845689546455024, 19.89256015554829, 19.939430764641557, 19.986301373734822, 20.03317198282809, 20.080042591921355, 20.126913201014624, 20.17378381010789, 20.220654419201153, 20.267525028294422, 20.314395637387687, 20.361266246480955, 20.40813685557422, 20.45500746466749, 20.501878073760754, 20.54874868285402, 20.595619291947287, 20.642489901040552, 20.68936051013382, 20.736231119227085, 20.78310172832035, 20.82997233741362, 20.876842946506883, 20.923713555600152, 20.970584164693417, 21.01745477378668, 21.06432538287995, 21.111195991973215, 21.158066601066484, 21.20493721015975, 21.251807819253017, 21.298678428346282, 21.345549037439547, 21.392419646532815, 21.43929025562608, 21.486160864719345, 21.533031473812613, 21.579902082905882, 21.626772691999147, 21.67364330109241, 21.72051391018568, 21.767384519278945, 21.81425512837221, 21.86112573746548, 21.907996346558743, 21.95486695565201, 22.001737564745277, 22.048608173838545, 22.09547878293181]], "PDF": [[0.0009773522929239407, 0.0009334403481132625, 0.0007713994498629948, 0.0006723283325305011, 0.0006797088408859002, 0.0007224483656414511, 0.0007492230458497173, 0.0007575470320341802, 0.0007697446606556495, 0.0008405250230499841, 0.0010707992218726165, 0.0015922517594582808, 0.0024575514137633193, 0.0035232152344309322, 0.004555460379666484, 0.0054164400112205035, 0.006047162925156572, 0.006477675940642153, 0.007014488947514966, 0.008146881406345615, 0.01008679694870481, 0.012551833143055567, 0.01497775664522309, 0.01687337435357857, 0.018261800707521935, 0.01986827671274596, 0.022586789426015313, 0.026787152335026355, 0.03220912544083343, 0.03831798469766921, 0.044902386266825745, 0.05245484757053775, 0.06164335399424379, 0.0726247653388122, 0.08536345963873722, 0.10000372640098505, 0.11614428924448683, 0.13234868702394464, 0.1473639350189674, 0.1616751292386384, 0.17713895570708835, 0.19508239024314739, 0.21505606173492794, 0.23522219257502794, 0.2539661203435708, 0.27156107007069874, 0.29023752509997275, 0.31232691262602563, 0.3381022367909119, 0.36527262696314483, 0.3907105357795348, 0.4127383689650117, 0.43146293206731895, 0.44724583177075666, 0.4601200293368899, 0.47075435350582356, 0.480566375344813, 0.49048586074082734, 0.4998487264284971, 0.5062365984371573, 0.5070095950183999, 0.5022527307032475, 0.4959907250698412, 0.49305408211233376, 0.49454871141441364, 0.4972682280214151, 0.4969124338594279, 0.49053149007960106, 0.47725875533466666, 0.4596496690294082, 0.4436231275217408, 0.4342141279751505, 0.4311221142807857, 0.4292330688462115, 0.42328174293006243, 0.41185013040318064, 0.39757332252462857, 0.384592778205827, 0.3759145771278435, 0.371742889901737, 0.3688989634704641, 0.3626717360343454, 0.3506954136556914, 0.33445535806862653, 0.31668039867763403, 0.29843330110867977, 0.2787683728001209, 0.2563577959969594, 0.23134582154245023, 0.20545575909880887, 0.18017160558630982, 0.15549068111051118, 0.13075058266286277, 0.10602695257810274, 0.082367640967595, 0.06111518452866975, 0.04330345673644584, 0.029294511634608757, 0.018706390160360974, 0.01090656917370789]]}