{"S_Ks": [[0.6739804131212896]], "S_Q": [[0.32933029594486585]], "S_T_Ks": [[0.6794141340283286]], "S_T_Q": [[0.33040647209484175]]}