{"S_min_Ks": [[0.6434414229629549]], "S_min_Q": [[0.3094655148879019]], "S_Ks": [[0.6739804131212896]], "S_Q": [[0.32933029594486585]], "S_max_Ks": [[0.6928793535258571]], "S_max_Q": [[0.3532785993389331]], "S_T_min_Ks": [[0.6468101535588859]], "S_T_min_Q": [[0.3088637917452475]], "S_T_Ks": [[0.6794141340283286]], "S_T_Q": [[0.33040647209484175]], "S_T_max_Ks": [[0.7086721497456971]], "S_T_max_Q": [[0.3509913027875406]]}