{"S_min_Ks": [[0.549563671094989]], "S_min_Q": [[0.39732762279522876]], "S_Ks": [[0.5810913876859044]], "S_Q": [[0.42243144788919773]], "S_max_Ks": [[0.5987517192099618]], "S_max_Q": [[0.45320171702341616]], "S_T_min_Ks": [[0.5503898254134395]], "S_T_min_Q": [[0.3960642093955599]], "S_T_Ks": [[0.5874310734284582]], "S_T_Q": [[0.42221838324924194]], "S_T_max_Ks": [[0.6193111355598204]], "S_T_max_Q": [[0.4439482298519194]]}