{"S_Ks": [[0.5810913876859044]], "S_Q": [[0.42243144788919773]], "S_T_Ks": [[0.5874310734284582]], "S_T_Q": [[0.42221838324924194]]}