{"Min": [[11.096949856761029]], "SD_min": [[14.984276471458793]], "Mean": [[16.799744761681023]], "SD_max": [[18.615213051903254]], "Max": [[18.874647040979696]]}