{"output": [[11.096949856761029, 11.175512454581419, 11.25407505240181, 11.3326376502222, 11.411200248042592, 11.489762845862982, 11.568325443683372, 11.646888041503763, 11.725450639324153, 11.804013237144543, 11.882575834964934, 11.961138432785326, 12.039701030605716, 12.118263628426106, 12.196826226246497, 12.275388824066887, 12.353951421887277, 12.432514019707668, 12.511076617528058, 12.58963921534845, 12.66820181316884, 12.74676441098923, 12.825327008809621, 12.903889606630011, 12.982452204450402, 13.061014802270794, 13.139577400091184, 13.218139997911575, 13.296702595731965, 13.375265193552355, 13.453827791372746, 13.532390389193136, 13.610952987013526, 13.689515584833918, 13.768078182654309, 13.846640780474699, 13.92520337829509, 14.00376597611548, 14.08232857393587, 14.160891171756262, 14.239453769576652, 14.318016367397043, 14.396578965217433, 14.475141563037823, 14.553704160858214, 14.632266758678604, 14.710829356498994, 14.789391954319385, 14.867954552139777, 14.946517149960167, 15.025079747780557, 15.103642345600948, 15.18220494342134, 15.26076754124173, 15.33933013906212, 15.41789273688251, 15.496455334702901, 15.575017932523291, 15.653580530343682, 15.732143128164072, 15.810705725984462, 15.889268323804853, 15.967830921625243, 16.046393519445637, 16.124956117266024, 16.203518715086418, 16.282081312906808, 16.360643910727198, 16.43920650854759, 16.51776910636798, 16.59633170418837, 16.67489430200876, 16.75345689982915, 16.83201949764954, 16.91058209546993, 16.98914469329032, 17.06770729111071, 17.1462698889311, 17.224832486751495, 17.303395084571882, 17.381957682392276, 17.460520280212666, 17.539082878033057, 17.617645475853447, 17.696208073673837, 17.774770671494228, 17.853333269314618, 17.931895867135008, 18.0104584649554, 18.08902106277579, 18.16758366059618, 18.246146258416573, 18.32470885623696, 18.403271454057354, 18.48183405187774, 18.560396649698134, 18.638959247518525, 18.717521845338915, 18.796084443159305, 18.874647040979696]], "PDF": [[0.007130544629479637, 0.009658061761023937, 0.012007070462951061, 0.014035872141247747, 0.015773610289767887, 0.01733211357930092, 0.01881588020803456, 0.020289379826795833, 0.021786308655373073, 0.02331585310728093, 0.02484988522155081, 0.0263228648683226, 0.027676466273178005, 0.028915397796589342, 0.03010301373244237, 0.03129755027670709, 0.0325158124911075, 0.033765875037001285, 0.035078326270132056, 0.036469259815588406, 0.037883842899620025, 0.03921588553735095, 0.04040471702382163, 0.041506537981979716, 0.04265634157500862, 0.04395136567761603, 0.04537091909175839, 0.04681353670676404, 0.048210805315125026, 0.04959732804168791, 0.051069809591600034, 0.052682494780840715, 0.05436894243834432, 0.05594822474936044, 0.05723076566665569, 0.05816697581641355, 0.0589010470348417, 0.059651896218878196, 0.06053582673734127, 0.06150881938239734, 0.062452077010861834, 0.06328939940088289, 0.06404689654382062, 0.06483107046947979, 0.06574220931605891, 0.06679243479769133, 0.06791781727680744, 0.06908572826805594, 0.07037608432075633, 0.07192737201597718, 0.07380432999589613, 0.07596526845563582, 0.07840678167032371, 0.0813287326019956, 0.08507852253566361, 0.08985957820507094, 0.09549809875916941, 0.10154753251393014, 0.10763761038938782, 0.11369494539548536, 0.11981998071177483, 0.12599896423572648, 0.132004746404919, 0.13761310171052057, 0.14288897785707355, 0.1482058527139441, 0.15396484415236694, 0.1603110104779804, 0.16709737711824826, 0.1740175352787708, 0.18069595782318645, 0.186746742505978, 0.19194397804594884, 0.19640498913411855, 0.20050337822634232, 0.20451515005580806, 0.20838159276239576, 0.21186296230494212, 0.21489276068472937, 0.2177569301536414, 0.2209996070445365, 0.2252225882924953, 0.23087769345857012, 0.23805033432336561, 0.24635721190688187, 0.2551348006586787, 0.2638396064098205, 0.2723444674594213, 0.2809467412390708, 0.29020543001324367, 0.30078510414373894, 0.31331036065260914, 0.3281541802420884, 0.34509266578663655, 0.362578046748839, 0.37641344061529236, 0.37876706697303375, 0.3599521173972487, 0.3141538533476135, 0.24554684814098207]]}