{"S_Ks": [[0.0002467546592524956]], "S_Q": [[0.9971102726034617]], "S_T_Ks": [[0.00042063288216394535]], "S_T_Q": [[0.9907860102384267]]}