{"S_min_Ks": [[-0.0003171009529913738]], "S_min_Q": [[0.9446215202300003]], "S_Ks": [[0.0002467546592524956]], "S_Q": [[0.9971102726034617]], "S_max_Ks": [[0.0009073896840360577]], "S_max_Q": [[1.061380743985219]], "S_T_min_Ks": [[-0.04009591529464152]], "S_T_min_Q": [[0.9451565040285981]], "S_T_Ks": [[0.00042063288216394535]], "S_T_Q": [[0.9907860102384267]], "S_T_max_Ks": [[0.029126660777671225]], "S_T_max_Q": [[1.0267155326199682]]}