{"Min": [[13.207156832202875]], "SD_min": [[13.826549167189768]], "Mean": [[14.137187615010308]], "SD_max": [[14.447826062830849]], "Max": [[15.024169651304922]]}