{"Min": [[12.37764107959338]], "SD_min": [[13.705951100576288]], "Mean": [[14.043386105418456]], "SD_max": [[14.380821110260625]], "Max": [[15.04534104994041]]}