{"output": [[12.37764107959338, 12.40458754394032, 12.431534008287258, 12.458480472634198, 12.485426936981138, 12.512373401328079, 12.539319865675017, 12.566266330021957, 12.593212794368897, 12.620159258715837, 12.647105723062776, 12.674052187409716, 12.700998651756656, 12.727945116103596, 12.754891580450535, 12.781838044797475, 12.808784509144415, 12.835730973491355, 12.862677437838293, 12.889623902185233, 12.916570366532174, 12.943516830879114, 12.970463295226052, 12.997409759572992, 13.024356223919932, 13.051302688266873, 13.078249152613811, 13.105195616960751, 13.132142081307691, 13.159088545654631, 13.18603501000157, 13.21298147434851, 13.23992793869545, 13.26687440304239, 13.293820867389329, 13.320767331736269, 13.347713796083209, 13.374660260430149, 13.401606724777087, 13.428553189124028, 13.455499653470968, 13.482446117817908, 13.509392582164846, 13.536339046511786, 13.563285510858726, 13.590231975205667, 13.617178439552605, 13.644124903899545, 13.671071368246485, 13.698017832593425, 13.724964296940364, 13.751910761287304, 13.778857225634244, 13.805803689981184, 13.832750154328123, 13.859696618675063, 13.886643083022003, 13.913589547368943, 13.940536011715881, 13.967482476062822, 13.994428940409762, 14.021375404756702, 14.04832186910364, 14.07526833345058, 14.10221479779752, 14.12916126214446, 14.156107726491399, 14.18305419083834, 14.21000065518528, 14.23694711953222, 14.263893583879158, 14.290840048226098, 14.317786512573038, 14.344732976919978, 14.371679441266917, 14.398625905613857, 14.425572369960797, 14.452518834307735, 14.479465298654675, 14.506411763001616, 14.533358227348556, 14.560304691695496, 14.587251156042434, 14.614197620389374, 14.641144084736315, 14.668090549083253, 14.695037013430193, 14.721983477777133, 14.748929942124073, 14.775876406471014, 14.802822870817952, 14.829769335164892, 14.856715799511832, 14.88366226385877, 14.91060872820571, 14.93755519255265, 14.964501656899591, 14.991448121246531, 15.01839458559347, 15.04534104994041]], "PDF": [[0.000624421733250517, 0.000571870580133988, 0.00044054008149126096, 0.0002921255193103985, 0.00018794118787716072, 0.00016984994120319263, 0.00026478384869343583, 0.0004930789527549993, 0.0008644142378326514, 0.001367143570506481, 0.0019646147740278942, 0.002599528103523177, 0.003201613629114913, 0.0037053290848598963, 0.004080084487368459, 0.00434681949054383, 0.004558422016270587, 0.004775127289267789, 0.005081864082026236, 0.00562633328002804, 0.006602876870703805, 0.00815151538270749, 0.010228229027429897, 0.012554930937712651, 0.014745038925794424, 0.016577007142868545, 0.018202862214906614, 0.02007371182670188, 0.02264327048609537, 0.026153971688578113, 0.03068908030214235, 0.03636560100879151, 0.04345554384572528, 0.052392456262233655, 0.06373726516195115, 0.07811161007557396, 0.09605933483939746, 0.1179059886383769, 0.14378270594282555, 0.17387670114820092, 0.20874410222426534, 0.24939738561477395, 0.2970026796899687, 0.3523339468166137, 0.4153838139350103, 0.48546296353483404, 0.561677527969583, 0.6432082261172207, 0.7289546371140284, 0.8169046401252313, 0.9040427601935075, 0.9869529263079354, 1.0623469679594604, 1.126959182386949, 1.1773808145515339, 1.210827960611853, 1.2267911268418727, 1.2281170968537687, 1.2199279883069551, 1.2064271646238722, 1.1879176278446195, 1.1609042654168964, 1.1217086512551568, 1.0706336785026138, 1.0130402386388484, 0.9565912472848517, 0.907233083852291, 0.86700191204476, 0.8346164539974171, 0.8074816774223104, 0.7831155910092725, 0.7592804122131239, 0.7336911848298773, 0.7043212124002978, 0.6701773667020301, 0.63172080733533, 0.59059663971755, 0.5489968917807951, 0.5089629249167398, 0.4716958634593261, 0.43712372506375463, 0.4041710234633048, 0.37170226602450923, 0.3393843909082725, 0.3077533435351918, 0.2775684490538013, 0.2491271839117958, 0.22208605642533552, 0.19582230741445206, 0.1699690155806799, 0.14471665328881236, 0.12073637975228595, 0.09884129262942641, 0.07958826141945353, 0.06303476547738665, 0.048821666138363466, 0.03653205367060857, 0.0260130391123238, 0.017383979555104945, 0.010787477068621699]]}