{"output": [[13.207156832202875, 13.22551049704229, 13.243864161881705, 13.262217826721118, 13.280571491560533, 13.298925156399948, 13.317278821239363, 13.335632486078778, 13.353986150918193, 13.372339815757606, 13.39069348059702, 13.409047145436435, 13.42740081027585, 13.445754475115265, 13.46410813995468, 13.482461804794093, 13.500815469633508, 13.519169134472923, 13.537522799312338, 13.555876464151753, 13.574230128991168, 13.592583793830581, 13.610937458669996, 13.629291123509411, 13.647644788348826, 13.66599845318824, 13.684352118027656, 13.702705782867069, 13.721059447706484, 13.739413112545899, 13.757766777385314, 13.776120442224729, 13.794474107064143, 13.812827771903557, 13.831181436742972, 13.849535101582386, 13.867888766421801, 13.886242431261216, 13.90459609610063, 13.922949760940044, 13.94130342577946, 13.959657090618874, 13.978010755458289, 13.996364420297704, 14.014718085137117, 14.033071749976532, 14.051425414815947, 14.069779079655362, 14.088132744494777, 14.106486409334192, 14.124840074173605, 14.14319373901302, 14.161547403852435, 14.17990106869185, 14.198254733531265, 14.216608398370678, 14.234962063210093, 14.253315728049508, 14.271669392888922, 14.290023057728337, 14.308376722567752, 14.326730387407167, 14.34508405224658, 14.363437717085995, 14.38179138192541, 14.400145046764825, 14.41849871160424, 14.436852376443653, 14.455206041283068, 14.473559706122483, 14.491913370961898, 14.510267035801313, 14.528620700640728, 14.546974365480143, 14.565328030319556, 14.58368169515897, 14.602035359998386, 14.6203890248378, 14.638742689677215, 14.657096354516629, 14.675450019356044, 14.693803684195458, 14.712157349034873, 14.730511013874288, 14.748864678713701, 14.767218343553116, 14.785572008392531, 14.803925673231946, 14.822279338071361, 14.840633002910776, 14.858986667750191, 14.877340332589604, 14.895693997429019, 14.914047662268434, 14.932401327107849, 14.950754991947264, 14.969108656786677, 14.987462321626092, 15.005815986465507, 15.024169651304922]], "PDF": [[0.0014565505894180329, 0.0019125552863703808, 0.00262143043533545, 0.0036820409861619712, 0.004948170559759097, 0.00612798358152963, 0.0070761193544505475, 0.008003830734295904, 0.009451818314084218, 0.012075004131818846, 0.016348092013895747, 0.022323931302733472, 0.029616458769768744, 0.03762792518878686, 0.04586233530875005, 0.05429444351785732, 0.06376200346616082, 0.07596637613711266, 0.09276105244347957, 0.11522264836375448, 0.14339710964764477, 0.17699052707694787, 0.21632887130120848, 0.26253266563807737, 0.3165820741910653, 0.3784618959917844, 0.4478854281819522, 0.5258585079823679, 0.6142904805311998, 0.7129154949798233, 0.8171660472472548, 0.9204892609746917, 1.018632079567746, 1.1103775937533205, 1.1944356370564913, 1.26742429334379, 1.3251939607196581, 1.3649921871342097, 1.3865984605315202, 1.3926712393845395, 1.3875754892918664, 1.3745709149516192, 1.3545498512406393, 1.3278747886380908, 1.2960016659376736, 1.261146710377307, 1.226229023636227, 1.1949358801963812, 1.1693813745222434, 1.147081140921386, 1.1218359045754531, 1.0885499521143782, 1.046946185043346, 1.0006435199785042, 0.9534876101793288, 0.907608952392361, 0.8649418574922684, 0.829265909812912, 0.8048277883092567, 0.792061457899251, 0.7855571669803048, 0.7776338762097977, 0.7641242084171168, 0.7462169346271287, 0.7273229618940144, 0.7095761194545623, 0.6933786342144893, 0.6785367664288242, 0.6643303827602103, 0.6488322479129027, 0.6295808303826541, 0.605749667371437, 0.5794686423596056, 0.5545724483625203, 0.5337514475748446, 0.5165654700678209, 0.5000051776317791, 0.48101627115165313, 0.45841101982702603, 0.43246980769674925, 0.40369590839925584, 0.3730398709998472, 0.343026275107367, 0.31725785523602135, 0.2978067361149829, 0.2829630494941813, 0.2679139469399335, 0.24806433899357888, 0.2219202285348671, 0.19119190473332556, 0.15905250268756, 0.1286691955734272, 0.10245956678371583, 0.08147756787022047, 0.06504830242918823, 0.051355783805780306, 0.03890448076770102, 0.02754479892379262, 0.018044813689556235, 0.01095232444569677]]}