{"S_min_Ks": [[0.8168968714726652]], "S_min_Q": [[0.15685585543037736]], "S_Ks": [[0.8522366195638651]], "S_Q": [[0.1707774699215897]], "S_max_Ks": [[0.8822823961801103]], "S_max_Q": [[0.18303346092997191]], "S_T_min_Ks": [[0.8190316557400847]], "S_T_min_Q": [[0.13626689163996922]], "S_T_Ks": [[0.8501645135204833]], "S_T_Q": [[0.1653481502314701]], "S_T_max_Ks": [[0.8853796828190124]], "S_T_max_Q": [[0.19290365323410003]]}