{"S_Ks": [[0.8522366195638651]], "S_Q": [[0.1707774699215897]], "S_T_Ks": [[0.8501645135204833]], "S_T_Q": [[0.1653481502314701]]}