{"S_min_Ks": [[0.6837376626074945]], "S_min_Q": [[0.28622731141314856]], "S_Ks": [[0.7161680701378523]], "S_Q": [[0.3048125701361751]], "S_max_Ks": [[0.7446740909034553]], "S_max_Q": [[0.3237682973755643]], "S_T_min_Ks": [[0.6814106738402351]], "S_T_min_Q": [[0.2731072199526076]], "S_T_Ks": [[0.7163032157928353]], "S_T_Q": [[0.303673701884922]], "S_T_max_Ks": [[0.7518928106360476]], "S_T_max_Q": [[0.33395771046721284]]}