{"S_Ks": [[0.7161680701378523]], "S_Q": [[0.3048125701361751]], "S_T_Ks": [[0.7163032157928353]], "S_T_Q": [[0.303673701884922]]}