{"Min": [[-6.076429617848285]], "SD_min": [[11.599490373114342]], "Mean": [[13.103735276845045]], "SD_max": [[14.607980180575748]], "Max": [[14.80873601504851]]}