{"Min": [[2.2397994206938217]], "SD_min": [[11.46367498135117]], "Mean": [[13.189548454084974]], "SD_max": [[14.915421926818778]], "Max": [[97.1268131610275]]}