{"Min": [[-2.8018240668489263]], "SD_min": [[11.676592528356537]], "Mean": [[13.150121268901266]], "SD_max": [[14.623650009445996]], "Max": [[15.029036911444285]]}