{"Min": [[-26.462095036553762]], "SD_min": [[11.015924184897148]], "Mean": [[12.999315976936241]], "SD_max": [[14.982707768975335]], "Max": [[25.208674602667568]]}