{"Min": [[-25.98126737148427]], "SD_min": [[11.523577741503203]], "Mean": [[13.124143795475337]], "SD_max": [[14.724709849447471]], "Max": [[18.045024425262575]]}