{"output": [[2.2397994206938217, 3.1982541049396165, 4.15670878918541, 5.115163473431205, 6.073618157677, 7.032072841922795, 7.990527526168589, 8.948982210414384, 9.90743689466018, 10.865891578905973, 11.824346263151767, 12.782800947397561, 13.741255631643355, 14.699710315889153, 15.658165000134947, 16.61661968438074, 17.575074368626534, 18.53352905287233, 19.491983737118122, 20.45043842136392, 21.408893105609714, 22.367347789855508, 23.3258024741013, 24.284257158347096, 25.24271184259289, 26.201166526838687, 27.15962121108448, 28.118075895330275, 29.07653057957607, 30.034985263821863, 30.99343994806766, 31.951894632313454, 32.91034931655925, 33.86880400080504, 34.827258685050836, 35.78571336929663, 36.744168053542424, 37.70262273778822, 38.66107742203402, 39.61953210627981, 40.57798679052561, 41.5364414747714, 42.494896159017195, 43.45335084326299, 44.41180552750878, 45.37026021175458, 46.32871489600037, 47.287169580246164, 48.24562426449196, 49.20407894873776, 50.16253363298355, 51.12098831722935, 52.07944300147514, 53.037897685720935, 53.99635236996673, 54.95480705421252, 55.91326173845832, 56.87171642270411, 57.830171106949905, 58.788625791195706, 59.7470804754415, 60.705535159687294, 61.66398984393309, 62.62244452817888, 63.580899212424676, 64.53935389667048, 65.49780858091627, 66.45626326516206, 67.41471794940786, 68.37317263365365, 69.33162731789945, 70.29008200214524, 71.24853668639103, 72.20699137063683, 73.16544605488262, 74.12390073912843, 75.08235542337422, 76.04081010762002, 76.99926479186581, 77.9577194761116, 78.9161741603574, 79.8746288446032, 80.83308352884899, 81.79153821309478, 82.74999289734058, 83.70844758158637, 84.66690226583216, 85.62535695007796, 86.58381163432375, 87.54226631856955, 88.50072100281534, 89.45917568706113, 90.41763037130693, 91.37608505555272, 92.33453973979852, 93.29299442404431, 94.2514491082901, 95.20990379253591, 96.1683584767817, 97.1268131610275]], "PDF": [[0.0003354336918075952, 0.0005742349124390838, 0.0008878492038328205, 0.0016182740224955563, 0.003040299892813063, 0.005918032074406775, 0.010816886574788015, 0.016987974149693094, 0.026512513689424894, 0.04873383642218785, 0.11179012785054501, 0.2397168785531573, 0.31176717731244535, 0.1963717934284553, 0.05673290725939518, 0.008338192205419299, 0.0012315126141866177, 0.00046324721758754506, 0.00024206320703385638, 0.00020023843341945426, 0.0002090708365507195, 0.00014750856619047387, 5.314371510523469e-05, 8.246080059618632e-06, 5.305895651392273e-07, 7.090927914440334e-07, 7.554897429399005e-06, 3.070399654419171e-05, 5.646218315457268e-05, 7.97657705411763e-05, 8.666364842723612e-05, 4.268473666102643e-05, 7.901323181052421e-06, 5.333665021003298e-07, 1.307593294196798e-08, 1.2155425582778457e-10, 9.203783856058531e-10, 5.897167174231135e-08, 1.3688744449632065e-06, 1.150666838266106e-05, 3.5026873977546116e-05, 3.861170363457525e-05, 1.5413538440815354e-05, 2.228186492606947e-06, 1.1664510704918534e-07, 2.211298220225958e-09, 1.5180773769069672e-11, 3.774038286699881e-14, 3.3976958254524026e-17, 1.1077161639565303e-20, 1.3077908395881306e-24, 5.591314106105335e-29, 8.656758290712351e-34, 4.853583372261924e-39, 9.854520520258046e-45, 7.245599149809291e-51, 1.9292073635279212e-57, 1.8601557950699045e-64, 6.495095330277588e-72, 8.212729926646626e-80, 3.760584525496924e-88, 6.235753933909199e-97, 3.7444530163790165e-106, 8.142421933919717e-116, 6.411868733921095e-126, 1.8284430733332085e-136, 1.8881829249538007e-147, 7.061102077361907e-159, 9.562395788858174e-171, 4.689502180959815e-183, 1.33599224660002e-190, 4.990291178444011e-178, 6.750195406609223e-166, 3.306531045461912e-154, 5.865359902080401e-143, 3.7677539039725726e-132, 8.76468258602896e-122, 7.383387439455437e-112, 2.252376179066566e-102, 2.4882384360684266e-93, 9.954257354349828e-85, 1.4420872478778518e-76, 7.565541359149498e-69, 1.4373227003449343e-61, 9.888589782719047e-55, 2.4636569740125372e-48, 2.2227566506612362e-42, 7.2622199685619595e-37, 8.592364295541863e-32, 3.681474238334494e-27, 5.712111171933852e-23, 3.2094996920508514e-19, 6.530460800513348e-16, 4.811894722446064e-13, 1.2839680253417664e-10, 1.240675201773776e-08, 4.341379952412373e-07, 5.501274207605208e-06, 2.5244373107185848e-05, 4.1949973380390844e-05]]}