{"output": [[-26.462095036553762, -25.94016807050102, -25.41824110444828, -24.89631413839554, -24.3743871723428, -23.852460206290058, -23.33053324023732, -22.808606274184577, -22.286679308131838, -21.764752342079095, -21.242825376026357, -20.720898409973614, -20.198971443920875, -19.677044477868133, -19.15511751181539, -18.633190545762652, -18.111263579709913, -17.58933661365717, -17.06740964760443, -16.54548268155169, -16.02355571549895, -15.501628749446208, -14.979701783393468, -14.457774817340727, -13.935847851287985, -13.413920885235244, -12.891993919182504, -12.370066953129763, -11.848139987077023, -11.326213021024282, -10.804286054971541, -10.282359088918803, -9.76043212286606, -9.238505156813318, -8.716578190760579, -8.194651224707837, -7.672724258655098, -7.1507972926023555, -6.628870326549617, -6.106943360496874, -5.585016394444136, -5.063089428391393, -4.541162462338654, -4.019235496285912, -3.4973085302331732, -2.975381564180431, -2.453454598127692, -1.9315276320749497, -1.4096006660222073, -0.8876736999694685, -0.3657467339167262, 0.15618023213601262, 0.678107198188755, 1.2000341642414938, 1.7219611302942361, 2.243888096346975, 2.7658150623997173, 3.287742028452456, 3.8096689945051985, 4.331595960557937, 4.85352292661068, 5.375449892663418, 5.897376858716157, 6.419303824768903, 6.941230790821642, 7.463157756874381, 7.985084722927127, 8.507011688979865, 9.028938655032604, 9.550865621085343, 10.072792587138089, 10.594719553190828, 11.116646519243567, 11.638573485296305, 12.160500451349051, 12.68242741740179, 13.204354383454529, 13.726281349507268, 14.248208315560014, 14.770135281612752, 15.292062247665491, 15.813989213718237, 16.335916179770976, 16.857843145823715, 17.379770111876454, 17.9016970779292, 18.42362404398194, 18.945551010034677, 19.467477976087416, 19.989404942140162, 20.5113319081929, 21.03325887424564, 21.55518584029838, 22.077112806351124, 22.599039772403863, 23.1209667384566, 23.642893704509348, 24.164820670562086, 24.686747636614825, 25.208674602667568]], "PDF": [[0.0001227568585109679, 3.380430844708049e-05, 7.059125867654878e-07, 1.1178470252854783e-09, 1.3423566773468226e-13, 6.249112215338049e-14, 6.307832561282881e-10, 4.886571120998066e-07, 3.0483428051103473e-05, 0.00018487117933942807, 0.0001514884182707298, 1.5839083578716656e-05, 1.5202263201877708e-07, 1.1554945058037744e-10, 6.717039346581325e-15, 2.9337352048681245e-17, 1.677002954281208e-12, 7.276769003645724e-09, 2.394395732102133e-06, 5.9745589503619576e-05, 0.00011304942335999027, 1.6221216927635746e-05, 1.7650259416188122e-07, 1.4564478345794826e-10, 1.393860980592193e-10, 1.9336877887368394e-07, 2.163246727828608e-05, 0.00020575747308102245, 0.0002436338635415724, 0.00011173477241392137, 0.00015849265824739397, 0.00030975119099881256, 0.0002794848970194635, 0.00021485168149410256, 0.0002061287348496974, 0.0001569770555687143, 0.00012909759157427958, 0.00013577320079184095, 0.00020084238131749596, 0.00037747668740909825, 0.00028594115493494937, 0.00011577486329900014, 0.00022380469984571426, 0.00046375377980254433, 0.00036771514177900787, 0.0003034278561071447, 0.0003706550715280446, 0.0001220584599065519, 0.00031176988935355645, 0.000592957353654065, 0.000354600116836822, 0.0002417835420506457, 0.00019726349179082964, 0.00023907530082921427, 0.0005029242118617799, 0.00045786312261292933, 0.0006290037606452166, 0.001044477464920574, 0.0014962543344895583, 0.0013699097342284516, 0.001301081603194183, 0.0012495742824823006, 0.002715108468453534, 0.004622310740136959, 0.007176320236460306, 0.009215130614500107, 0.01157536441005728, 0.012889889741135384, 0.01476718303514629, 0.018891536085483066, 0.025468504714286383, 0.031179755263969874, 0.04384504644033441, 0.06656834392141601, 0.09830437442599001, 0.1754056705011056, 0.37911735796662305, 0.5844389106589802, 0.3365640545390574, 0.06887425252257735, 0.006633515891113861, 0.0010317369380750652, 0.00030309505553885343, 0.00011764085617417246, 0.00011206445986382367, 1.880131911702832e-05, 7.291390974974071e-05, 0.00010355670235853491, 1.1176454557619605e-05, 9.147090433896107e-08, 5.67694215682365e-11, 2.6717667785922487e-15, 9.535318447798373e-21, 8.466773260770018e-25, 1.222370934760465e-18, 1.3423519720686308e-13, 1.117847025285534e-09, 7.059125867654878e-07, 3.380430844708049e-05, 0.0001227568585109679]]}