{"output": [[-25.98126737148427, -25.536557353335315, -25.091847335186355, -24.647137317037398, -24.202427298888438, -23.75771728073948, -23.313007262590524, -22.868297244441564, -22.423587226292607, -21.97887720814365, -21.53416718999469, -21.089457171845734, -20.644747153696777, -20.200037135547817, -19.75532711739886, -19.310617099249903, -18.865907081100943, -18.421197062951983, -17.976487044803026, -17.53177702665407, -17.08706700850511, -16.642356990356152, -16.197646972207195, -15.752936954058237, -15.308226935909278, -14.86351691776032, -14.418806899611361, -13.974096881462405, -13.529386863313446, -13.084676845164488, -12.639966827015531, -12.195256808866572, -11.750546790717614, -11.305836772568655, -10.861126754419697, -10.41641673627074, -9.97170671812178, -9.526996699972823, -9.082286681823867, -8.637576663674906, -8.19286664552595, -7.748156627376993, -7.303446609228033, -6.858736591079076, -6.414026572930119, -5.969316554781159, -5.524606536632202, -5.079896518483242, -4.635186500334285, -4.190476482185328, -3.745766464036368, -3.3010564458874114, -2.856346427738451, -2.4116364095894944, -1.9669263914405377, -1.5222163732915774, -1.0775063551426207, -0.632796336993664, -0.18808631884470373, 0.256623699304253, 0.7013337174532097, 1.14604373560217, 1.5907537537511267, 2.035463771900087, 2.4801737900490437, 2.9248838081980004, 3.3695938263469607, 3.8143038444959174, 4.259013862644878, 4.703723880793834, 5.148433898942791, 5.593143917091751, 6.037853935240712, 6.482563953389665, 6.927273971538625, 7.371983989687585, 7.816694007836539, 8.261404025985499, 8.706114044134459, 9.150824062283412, 9.595534080432373, 10.040244098581333, 10.484954116730286, 10.929664134879246, 11.374374153028207, 11.81908417117716, 12.26379418932612, 12.70850420747508, 13.153214225624033, 13.597924243772994, 14.042634261921954, 14.487344280070914, 14.932054298219867, 15.376764316368828, 15.821474334517788, 16.26618435266674, 16.7108943708157, 17.15560438896466, 17.600314407113615, 18.045024425262575]], "PDF": [[8.526393578849796e-05, 5.4275223791301454e-05, 1.3999430339796285e-05, 1.4631592556632346e-06, 6.196483933522034e-08, 1.0633385306527663e-09, 7.393843741999456e-12, 2.0832504258637184e-14, 2.378401578408004e-17, 1.100275350526504e-20, 2.062481571352181e-24, 1.5665752608130828e-28, 4.821530797253241e-33, 6.012998844160421e-38, 3.0385738054463665e-43, 6.221870288959575e-49, 5.162316293998449e-55, 1.7355645125996913e-61, 2.3643371531115537e-68, 1.3051203039388313e-75, 2.9192022466955708e-83, 3.767930912589703e-83, 1.6632035327913615e-75, 2.9748177458716367e-68, 2.155995362262856e-61, 6.33151696801092e-55, 7.534253384772705e-49, 3.6328307309377684e-43, 7.097781038433025e-38, 5.619174594952534e-33, 1.802581664767641e-28, 2.3430948320564328e-24, 1.2341196776454774e-20, 2.6338872621115756e-17, 2.2777684909082132e-14, 7.981682972532747e-12, 1.133318193968405e-09, 6.520512651032285e-08, 1.5201418550158892e-06, 1.4360150314949208e-05, 5.496754605600866e-05, 8.525624661247186e-05, 5.358208174049822e-05, 1.365639002896206e-05, 1.8012634809005526e-06, 5.712980612532532e-06, 3.294539761700665e-05, 7.778201871028866e-05, 7.448658268671044e-05, 3.056847264031038e-05, 2.0686858424291487e-05, 6.612975863219365e-05, 0.00013422871727815366, 0.00017568113351641205, 0.00016787222311641904, 0.00012107135250363402, 0.00010127068507774414, 8.669328146284582e-05, 9.126868359838346e-05, 0.00023071180710897824, 0.00042533275666665446, 0.0004916030375645347, 0.0004985599297753818, 0.0005639509844425095, 0.0006220408803623053, 0.0007264799847433128, 0.0010650892617182822, 0.0012295640792048114, 0.0011679712466692892, 0.0015761529250280296, 0.002269160242317751, 0.002876702549301909, 0.003617239287489636, 0.0043574251456756675, 0.005183399395570255, 0.0063555171827869, 0.007544301734098446, 0.00898181746529587, 0.010960863341169028, 0.013605048288130821, 0.01789174647670741, 0.02410243050224375, 0.03141957487822923, 0.041678124529787586, 0.05890864756807134, 0.08542447014508088, 0.12670737295306078, 0.20005315648885436, 0.3278235191047517, 0.46368472427943996, 0.44142722723503675, 0.24497803579413854, 0.0802499822881448, 0.019203084721770933, 0.0049516033367595635, 0.0019164649360792843, 0.0010763705841457432, 0.0005808787417768645, 0.0003132704075650906, 0.00018493486400895072]]}