{"output": [[-2.8018240668489263, -2.6217143599974797, -2.441604653146033, -2.2614949462945866, -2.08138523944314, -1.9012755325916935, -1.721165825740247, -1.5410561188888003, -1.3609464120373538, -1.1808367051859072, -1.0007269983344607, -0.8206172914830141, -0.6405075846315675, -0.460397877780121, -0.2802881709286744, -0.10017846407722786, 0.0799312427742187, 0.26004094962566526, 0.4401506564771118, 0.6202603633285584, 0.8003700701800049, 0.9804797770314515, 1.160589483882898, 1.3406991907343446, 1.5208088975857912, 1.7009186044372377, 1.8810283112886843, 2.061138018140131, 2.2412477249915774, 2.421357431843024, 2.6014671386944705, 2.781576845545917, 2.9616865523973637, 3.1417962592488102, 3.321905966100257, 3.5020156729517034, 3.68212537980315, 3.8622350866545965, 4.042344793506043, 4.22245450035749, 4.402564207208936, 4.582673914060383, 4.762783620911829, 4.942893327763276, 5.123003034614722, 5.303112741466169, 5.4832224483176155, 5.663332155169062, 5.843441862020509, 6.023551568871955, 6.203661275723402, 6.383770982574848, 6.563880689426295, 6.743990396277741, 6.924100103129188, 7.104209809980635, 7.284319516832081, 7.464429223683528, 7.644538930534974, 7.824648637386421, 8.004758344237867, 8.184868051089314, 8.36497775794076, 8.545087464792207, 8.725197171643654, 8.9053068784951, 9.085416585346547, 9.265526292197993, 9.44563599904944, 9.625745705900886, 9.805855412752333, 9.98596511960378, 10.166074826455226, 10.346184533306673, 10.52629424015812, 10.706403947009566, 10.886513653861012, 11.066623360712459, 11.246733067563905, 11.426842774415352, 11.606952481266799, 11.787062188118245, 11.967171894969692, 12.147281601821138, 12.327391308672585, 12.507501015524031, 12.687610722375478, 12.867720429226924, 13.047830136078371, 13.227939842929818, 13.408049549781264, 13.58815925663271, 13.768268963484157, 13.948378670335604, 14.12848837718705, 14.308598084038497, 14.488707790889944, 14.66881749774139, 14.848927204592837, 15.029036911444285]], "PDF": [[0.00014984608986982808, 0.00011919700831513313, 5.99963979211929e-05, 1.9108424445353546e-05, 3.850919703164497e-06, 4.910705928794384e-07, 3.9624452401745923e-08, 2.0231239911106605e-09, 6.536143943072185e-11, 1.336166554430387e-12, 1.728380932650373e-14, 1.4146800120117148e-16, 7.326842389019225e-19, 2.401128293974914e-21, 4.998118106647614e-24, 1.3476936149922157e-23, 6.047775738659086e-21, 1.7181090018621784e-18, 3.088487300742617e-16, 3.513026349192117e-14, 2.5284755791579167e-12, 1.1515477353154337e-10, 3.3186673873563906e-09, 6.052632760479278e-08, 6.987957866542273e-07, 5.11186247649482e-06, 2.376151160210809e-05, 7.08049496095617e-05, 0.0001388056583315756, 0.00019135217876989962, 0.000209094428632878, 0.0001974147314997414, 0.00015137920902714042, 8.32988708709952e-05, 3.09424943039554e-05, 1.1412450219571317e-05, 2.23583359658798e-05, 6.98447009716741e-05, 0.00015877067448914948, 0.00027611602482643515, 0.0004003086988697993, 0.00048432301241661357, 0.00048245658841243106, 0.0004756961584019251, 0.0006204231269692365, 0.000932817577218033, 0.0012896863799785575, 0.0015553965131455878, 0.0016180855174276127, 0.0014857784781609404, 0.0013644338853051965, 0.0015201679805685118, 0.0020535774423621677, 0.0028656891771862286, 0.0038221802860991037, 0.004841396401406573, 0.0058534517963657355, 0.006767828475628404, 0.007572375698937415, 0.008373368568498971, 0.009194854809895403, 0.010024228914836224, 0.011027473970075466, 0.012289429723997186, 0.01364504733014521, 0.015126200590630936, 0.017003857380469514, 0.019229881704641415, 0.02150508554964759, 0.023981175307253057, 0.02729662633958302, 0.0315491420897542, 0.03581046468637439, 0.03936765502747151, 0.043063658357260566, 0.04832129692987963, 0.05551683427763934, 0.06415395505583807, 0.07330832196650997, 0.0821395570980985, 0.09109750356678142, 0.10142531653826475, 0.11313664270856405, 0.12550802934210392, 0.13932598220789047, 0.15595918166867098, 0.17490778692925557, 0.19519082213265979, 0.21881409005505278, 0.25082110107224365, 0.2966287865342526, 0.35962831801016476, 0.4341128968442907, 0.4916080365092867, 0.48959544109203873, 0.4181759282775323, 0.31509842572737445, 0.2180368381861283, 0.13704390404799885, 0.07322164956337833]]}