{"output": [[-26.462095036553762, -25.94016807050102, -25.41824110444828, -24.89631413839554, -24.3743871723428, -23.852460206290058, -23.33053324023732, -22.808606274184577, -22.286679308131838, -21.764752342079095, -21.242825376026357, -20.720898409973614, -20.198971443920875, -19.677044477868133, -19.15511751181539, -18.633190545762652, -18.111263579709913, -17.58933661365717, -17.06740964760443, -16.54548268155169, -16.02355571549895, -15.501628749446208, -14.979701783393468, -14.457774817340727, -13.935847851287985, -13.413920885235244, -12.891993919182504, -12.370066953129763, -11.848139987077023, -11.326213021024282, -10.804286054971541, -10.282359088918803, -9.76043212286606, -9.238505156813318, -8.716578190760579, -8.194651224707837, -7.672724258655098, -7.1507972926023555, -6.628870326549617, -6.106943360496874, -5.585016394444136, -5.063089428391393, -4.541162462338654, -4.019235496285912, -3.4973085302331732, -2.975381564180431, -2.453454598127692, -1.9315276320749497, -1.4096006660222073, -0.8876736999694685, -0.3657467339167262, 0.15618023213601262, 0.678107198188755, 1.2000341642414938, 1.7219611302942361, 2.243888096346975, 2.7658150623997173, 3.287742028452456, 3.8096689945051985, 4.331595960557937, 4.85352292661068, 5.375449892663418, 5.897376858716157, 6.419303824768903, 6.941230790821642, 7.463157756874381, 7.985084722927127, 8.507011688979865, 9.028938655032604, 9.550865621085343, 10.072792587138089, 10.594719553190828, 11.116646519243567, 11.638573485296305, 12.160500451349051, 12.68242741740179, 13.204354383454529, 13.726281349507268, 14.248208315560014, 14.770135281612752, 15.292062247665491, 15.813989213718237, 16.335916179770976, 16.857843145823715, 17.379770111876454, 17.9016970779292, 18.42362404398194, 18.945551010034677, 19.467477976087416, 19.989404942140162, 20.5113319081929, 21.03325887424564, 21.55518584029838, 22.077112806351124, 22.599039772403863, 23.1209667384566, 23.642893704509348, 24.164820670562086, 24.686747636614825, 25.208674602667568]], "PDF": [[0.00012275686768647209, 3.380430445680457e-05, 7.05912095169624e-07, 1.1178451692954913e-09, 1.342352637081897e-13, 6.249092687034406e-14, 6.307821526851823e-10, 4.88656738312627e-07, 3.0483422614300268e-05, 0.0001848711867466523, 0.00015148842119642498, 1.583907934667544e-05, 1.5202248968950076e-07, 1.1554921923106127e-10, 6.717016118101482e-15, 2.9337226749072525e-17, 1.6769985398481727e-12, 7.276758959611162e-09, 2.394394501836237e-06, 5.974558753772412e-05, 0.00011304943041769097, 1.6221213232333753e-05, 1.7650243467150838e-07, 1.4564449725500642e-10, 1.3938581629601318e-10, 1.9336859315893284e-07, 2.163246128585819e-05, 0.00020575747935020673, 0.00024363386709093748, 0.00011173476658218704, 0.00015849265512937454, 0.00030975119766350886, 0.0002794848971400454, 0.0002148516797946014, 0.00020612873620131983, 0.00015697705557766225, 0.00012909759163180144, 0.00013577319692795078, 0.00020084237687717187, 0.00037747669749426077, 0.00028594115837737085, 0.00011577485361116279, 0.00022380469390413142, 0.00046375379194443664, 0.000367715140731616, 0.0003034278500766446, 0.00037065508486189584, 0.00012205844364378577, 0.0003117698853344765, 0.0005929573743863146, 0.0003546001106459608, 0.00024178353847961138, 0.00019726349107448014, 0.00023907528942905768, 0.0005029242265683699, 0.0004578631153371816, 0.0006290037546337027, 0.001044477453478041, 0.0014962543634493303, 0.0013699097212627582, 0.0013010816212366664, 0.0012495742190789234, 0.0027151084696039455, 0.0046223107131571585, 0.0071763202615821075, 0.00921513058235769, 0.011575364470566389, 0.012889889704044737, 0.014767182987441256, 0.018891535984374663, 0.025468504777826813, 0.03117975504654915, 0.043845046108021646, 0.06656834380826467, 0.09830437318303478, 0.1754056667308538, 0.37911735542890307, 0.5844389285734221, 0.3365640529721431, 0.06887424583403116, 0.006633514684182608, 0.0010317368566197466, 0.0003030950511313465, 0.00011764084609266539, 0.00011206446577322923, 1.880131381640611e-05, 7.291390935865699e-05, 0.00010355670746559238, 1.1176451389166357e-05, 9.147081269634489e-08, 5.676930202141576e-11, 2.6717571726440262e-15, 9.535266285365505e-21, 8.46671510962978e-25, 1.2223651347465202e-18, 1.342347931826704e-13, 1.117845169295555e-09, 7.05912095169624e-07, 3.380430445680457e-05, 0.00012275686768647209]]}