{"output": [[2.2397994206938217, 3.1982541049396165, 4.15670878918541, 5.115163473431205, 6.073618157677, 7.032072841922795, 7.990527526168589, 8.948982210414384, 9.90743689466018, 10.865891578905973, 11.824346263151767, 12.782800947397561, 13.741255631643355, 14.699710315889153, 15.658165000134947, 16.61661968438074, 17.575074368626534, 18.53352905287233, 19.491983737118122, 20.45043842136392, 21.408893105609714, 22.367347789855508, 23.3258024741013, 24.284257158347096, 25.24271184259289, 26.201166526838687, 27.15962121108448, 28.118075895330275, 29.07653057957607, 30.034985263821863, 30.99343994806766, 31.951894632313454, 32.91034931655925, 33.86880400080504, 34.827258685050836, 35.78571336929663, 36.744168053542424, 37.70262273778822, 38.66107742203402, 39.61953210627981, 40.57798679052561, 41.5364414747714, 42.494896159017195, 43.45335084326299, 44.41180552750878, 45.37026021175458, 46.32871489600037, 47.287169580246164, 48.24562426449196, 49.20407894873776, 50.16253363298355, 51.12098831722935, 52.07944300147514, 53.037897685720935, 53.99635236996673, 54.95480705421252, 55.91326173845832, 56.87171642270411, 57.830171106949905, 58.788625791195706, 59.7470804754415, 60.705535159687294, 61.66398984393309, 62.62244452817888, 63.580899212424676, 64.53935389667048, 65.49780858091627, 66.45626326516206, 67.41471794940786, 68.37317263365365, 69.33162731789945, 70.29008200214524, 71.24853668639103, 72.20699137063683, 73.16544605488262, 74.12390073912843, 75.08235542337422, 76.04081010762002, 76.99926479186581, 77.9577194761116, 78.9161741603574, 79.8746288446032, 80.83308352884899, 81.79153821309478, 82.74999289734058, 83.70844758158637, 84.66690226583216, 85.62535695007796, 86.58381163432375, 87.54226631856955, 88.50072100281534, 89.45917568706113, 90.41763037130693, 91.37608505555272, 92.33453973979852, 93.29299442404431, 94.2514491082901, 95.20990379253591, 96.1683584767817, 97.1268131610275]], "PDF": [[0.00033543369203670664, 0.0005742349108120892, 0.0008878491847574708, 0.0016182739952579313, 0.0030402998315502703, 0.005918031977699695, 0.010816886533584551, 0.016987974026249356, 0.026512513212430144, 0.04873383476526708, 0.11179012443928268, 0.2397168805907637, 0.3117671870812105, 0.19637179394585272, 0.05673290262670802, 0.008338190639532126, 0.001231512437741839, 0.00046324720406896216, 0.00024206319886770316, 0.00020023843131061918, 0.00020907084026431185, 0.00014750856781627834, 5.3143712440589775e-05, 8.246078490813792e-06, 5.305893403045715e-07, 7.090925641856749e-07, 7.554896603435567e-06, 3.0703996466602416e-05, 5.646218331952742e-05, 7.976577092486917e-05, 8.666365128676056e-05, 4.268473589047828e-05, 7.901321900469917e-06, 5.333662911115183e-07, 1.3075923561735463e-08, 1.2155411770786095e-10, 9.203775665173421e-10, 5.897164061986266e-08, 1.3688740969784044e-06, 1.1506667588390787e-05, 3.502687495142135e-05, 3.861170503538667e-05, 1.541353776879164e-05, 2.2281860206026235e-06, 1.1664505241005283e-07, 2.211296421632828e-09, 1.5180754843758955e-11, 3.774031613009605e-14, 3.3976877446371603e-17, 1.1077127558650083e-20, 1.307785787071759e-24, 5.591287611850509e-29, 8.656708930839603e-34, 4.853550592789329e-39, 9.854442730714993e-45, 7.245533053468279e-51, 1.929187224324462e-57, 1.8601337628389558e-64, 6.495008699795295e-72, 8.212607395020579e-80, 3.7605221375542885e-88, 6.235639516873853e-97, 3.7443773953206646e-106, 8.142241735787989e-116, 6.411713858975303e-126, 1.8283950467108973e-136, 1.8881291745464753e-147, 7.060884910207825e-159, 9.562078963281037e-171, 4.689335244895673e-183, 1.335942669226616e-190, 4.99011855928627e-178, 6.749978311397159e-166, 3.30643244473109e-154, 5.865198211650072e-143, 3.76765819408121e-132, 8.764478140292028e-122, 7.383229891651595e-112, 2.25233239612445e-102, 2.4881945751021287e-93, 9.954099037597309e-85, 1.4420666694560756e-76, 7.565445097484069e-69, 1.4373065076668587e-61, 9.888491921516722e-55, 2.4636357490092538e-48, 2.222740152333579e-42, 7.262174085604095e-37, 8.592318739168468e-32, 3.6814581346861134e-27, 5.712090980354453e-23, 3.2094907572595993e-19, 6.530446948110241e-16, 4.811887278959116e-13, 1.283966663125834e-10, 1.2406743787769664e-08, 4.341378415111546e-07, 5.501273474740925e-06, 2.5244373089894337e-05, 4.194997520489781e-05]]}