{"output": [[-6.076429617848285, -5.8654683488291255, -5.6545070798099655, -5.443545810790806, -5.232584541771646, -5.021623272752487, -4.810662003733327, -4.599700734714168, -4.388739465695008, -4.177778196675849, -3.9668169276566894, -3.75585565863753, -3.5448943896183702, -3.3339331205992107, -3.122971851580051, -2.9120105825608915, -2.701049313541732, -2.4900880445225724, -2.279126775503413, -2.0681655064842532, -1.857204237465094, -1.646242968445934, -1.435281699426775, -1.224320430407615, -1.0133591613884558, -0.8023978923692958, -0.5914366233501367, -0.3804753543309767, -0.16951408531181755, 0.04144718370734246, 0.2524084527265016, 0.4633697217456616, 0.6743309907648207, 0.8852922597839799, 1.0962535288031399, 1.307214797822299, 1.518176066841459, 1.7291373358606181, 1.9400986048797781, 2.151059873898938, 2.3620211429180964, 2.5729824119372564, 2.7839436809564164, 2.9949049499755764, 3.2058662189947347, 3.4168274880138947, 3.6277887570330547, 3.8387500260522147, 4.049711295071373, 4.260672564090533, 4.471633833109693, 4.682595102128851, 4.893556371148011, 5.104517640167171, 5.315478909186331, 5.5264401782054895, 5.7374014472246495, 5.9483627162438095, 6.1593239852629695, 6.370285254282128, 6.581246523301288, 6.792207792320448, 7.003169061339608, 7.214130330358766, 7.425091599377926, 7.636052868397086, 7.847014137416244, 8.057975406435403, 8.268936675454565, 8.479897944473723, 8.690859213492882, 8.901820482512043, 9.112781751531202, 9.323743020550364, 9.534704289569522, 9.74566555858868, 9.956626827607842, 10.167588096627, 10.378549365646162, 10.58951063466532, 10.800471903684478, 11.01143317270364, 11.222394441722798, 11.433355710741957, 11.644316979761118, 11.855278248780277, 12.066239517799438, 12.277200786818597, 12.488162055837755, 12.699123324856917, 12.910084593876075, 13.121045862895233, 13.332007131914395, 13.542968400933553, 13.753929669952715, 13.964890938971873, 14.175852207991031, 14.386813477010193, 14.597774746029351, 14.80873601504851]], "PDF": [[0.00019852872848922883, 0.00011441930342797821, 2.1904185804789166e-05, 1.3928578842608005e-06, 2.9419709211741145e-08, 2.064057642441262e-10, 4.810133657977397e-13, 3.7234398599549644e-16, 9.573779488266352e-20, 1.0789362397406735e-23, 3.4698429333353825e-20, 1.530652686196696e-16, 2.2428249533404575e-13, 1.0916061594862497e-10, 1.7647713823368506e-08, 9.476823782966658e-07, 1.690398412579259e-05, 0.00010015431415800895, 0.00019717189340513375, 0.0001314225041952308, 6.086580449110251e-05, 0.0001448127263151907, 0.00023986559745028303, 0.00024943596115080944, 0.00019954903661756045, 8.710501286045814e-05, 0.00010304670215227158, 0.000195930772745539, 0.00013531897869233434, 3.133898218724841e-05, 9.095892568684502e-06, 6.811621468084673e-05, 0.00027521671598744414, 0.0005166728491857578, 0.0005101983650411682, 0.0003505131014792074, 0.00029484222396944045, 0.0004734390318460008, 0.0006233524548478979, 0.0005833620609929156, 0.0004226341425140714, 0.00027706983633807086, 0.000396101741376234, 0.0005176884107362514, 0.0005050513465983474, 0.00039961871328060534, 0.00046035159953244795, 0.0007031678922513969, 0.001239650339492377, 0.0017793905793528732, 0.001777492675083123, 0.0017041526559474583, 0.00187987966160799, 0.0017456311349403981, 0.0013883183627306742, 0.0015089248511219024, 0.0016896002889639908, 0.0018275699410629904, 0.0027002034205057166, 0.004006854182070223, 0.00509435005907627, 0.0062454797578223135, 0.007104568900954594, 0.006978021007138126, 0.007072181731635138, 0.008136494038737624, 0.009486235001655815, 0.009964325273749377, 0.010733851754064916, 0.011935042305194586, 0.012588193087628713, 0.012943683927295793, 0.014144166445988395, 0.016377053347982933, 0.01872966813781687, 0.021947298786187407, 0.02538319389891558, 0.028599517036236196, 0.030715766753040195, 0.03114101045026553, 0.03375700187532118, 0.03967613876656005, 0.04702722585214603, 0.05660934039798473, 0.06721945822024838, 0.07625098567064009, 0.08604172575863255, 0.1025335145896558, 0.12396594565396653, 0.15152024492260924, 0.19744975700639586, 0.2682269743230032, 0.4014363365606168, 0.6194952428146729, 0.7635627410527619, 0.642205978316856, 0.38422864716350164, 0.1975398495329239, 0.09930514742068829, 0.042090554243638015]]}