{"S_Ks": [[0.09388232713086886]], "S_Q": [[0.9070170376770852]], "S_T_Ks": [[0.2009848026889489]], "S_T_Q": [[0.9354293117847333]]}