{"S_min_Ks": [[0.013950108669880654]], "S_min_Q": [[0.5930600220505502]], "S_Ks": [[0.026835540549446764]], "S_Q": [[0.766357591155209]], "S_max_Ks": [[0.03955875537085526]], "S_max_Q": [[0.969966804783827]], "S_T_min_Ks": [[0.14961558443622697]], "S_T_min_Q": [[0.798500129826087]], "S_T_Ks": [[0.3055924942431483]], "S_T_Q": [[0.9806907140377888]], "S_T_max_Ks": [[0.4336574811502666]], "S_T_max_Q": [[1.1308650470525086]]}