{"S_Ks": [[0.12173489251960397]], "S_Q": [[0.8181882138596315]], "S_T_Ks": [[0.17086812681639427]], "S_T_Q": [[0.8858063738001882]]}