{"S_Ks": [[0.08270659217014513]], "S_Q": [[0.8054308520237149]], "S_T_Ks": [[0.1437309953623016]], "S_T_Q": [[0.9307436340637367]]}