{"S_min_Ks": [[0.10919414678267039]], "S_min_Q": [[0.7576359264127424]], "S_Ks": [[0.12173489251960397]], "S_Q": [[0.8181882138596315]], "S_max_Ks": [[0.13486537023673437]], "S_max_Q": [[0.8731132816377126]], "S_T_min_Ks": [[0.10683200284328284]], "S_T_min_Q": [[0.8350371717081134]], "S_T_Ks": [[0.17086812681639427]], "S_T_Q": [[0.8858063738001882]], "S_T_max_Ks": [[0.21339867191510026]], "S_T_max_Q": [[0.9286385266302885]]}