{"S_min_Ks": [[0.05669338169231983]], "S_min_Q": [[0.7943043094021446]], "S_Ks": [[0.06970938911114921]], "S_Q": [[0.8962161054331205]], "S_max_Ks": [[0.082080745557911]], "S_max_Q": [[0.988075931301407]], "S_T_min_Ks": [[0.03827480172006237]], "S_T_min_Q": [[0.8609225147190873]], "S_T_Ks": [[0.1233452824219209]], "S_T_Q": [[0.9383100978318936]], "S_T_max_Ks": [[0.19051556289798866]], "S_T_max_Q": [[0.9973953810423628]]}