{"S_min_Ks": [[0.07137499960490477]], "S_min_Q": [[0.700866540286268]], "S_Ks": [[0.08270659217014513]], "S_Q": [[0.8054308520237149]], "S_max_Ks": [[0.09367678295996981]], "S_max_Q": [[0.8932353198881033]], "S_T_min_Ks": [[0.024441075169534643]], "S_T_min_Q": [[0.828085529501108]], "S_T_Ks": [[0.1437309953623016]], "S_T_Q": [[0.9307436340637367]], "S_T_max_Ks": [[0.21076908133139496]], "S_T_max_Q": [[1.0033360938303093]]}