{"S_Ks": [[0.026835540549446764]], "S_Q": [[0.766357591155209]], "S_T_Ks": [[0.3055924942431483]], "S_T_Q": [[0.9806907140377888]]}