{"S_Ks": [[0.06970938911114921]], "S_Q": [[0.8962161054331205]], "S_T_Ks": [[0.1233452824219209]], "S_T_Q": [[0.9383100978318936]]}