{"Min": [[-73.26425048632174]], "SD_min": [[4.003795850151344]], "Mean": [[9.407700276695733]], "SD_max": [[14.811604703240121]], "Max": [[19.342834298599268]]}