{"Min": [[-26.323264872558767]], "SD_min": [[-2.0746357976361147]], "Mean": [[3.4832173773598334]], "SD_max": [[9.041070552355782]], "Max": [[60.03412791683872]]}