{"Min": [[-68.49542941300743]], "SD_min": [[1.510167070357915]], "Mean": [[7.556940690934498]], "SD_max": [[13.60371431151108]], "Max": [[47.42323038808085]]}