{"Min": [[10.152039699765696]], "SD_min": [[11.804516095937956]], "Mean": [[12.514919483444993]], "SD_max": [[13.22532287095203]], "Max": [[15.662073757109507]]}