{"output": [[-73.26425048632174, -72.32882538748416, -71.39340028864657, -70.45797518980899, -69.5225500909714, -68.58712499213381, -67.65169989329623, -66.71627479445864, -65.78084969562106, -64.84542459678347, -63.90999949794588, -62.9745743991083, -62.03914930027071, -61.103724201433124, -60.16829910259554, -59.232874003757956, -58.297448904920365, -57.36202380608278, -56.42659870724519, -55.49117360840761, -54.55574850957002, -53.62032341073244, -52.684898311894855, -51.749473213057264, -50.81404811421968, -49.87862301538209, -48.943197916544506, -48.00777281770692, -47.07234771886934, -46.136922620031754, -45.20149752119416, -44.26607242235658, -43.33064732351899, -42.395222224681405, -41.45979712584382, -40.52437202700624, -39.588946928168646, -38.65352182933106, -37.71809673049348, -36.78267163165589, -35.8472465328183, -34.91182143398072, -33.976396335143136, -33.040971236305545, -32.10554613746796, -31.170121038630377, -30.234695939792786, -29.299270840955202, -28.36384574211762, -27.428420643280027, -26.492995544442444, -25.55757044560486, -24.622145346767276, -23.686720247929685, -22.7512951490921, -21.815870050254517, -20.880444951416926, -19.945019852579343, -19.00959475374176, -18.074169654904168, -17.138744556066584, -16.203319457229, -15.267894358391416, -14.332469259553825, -13.397044160716241, -12.461619061878658, -11.526193963041067, -10.590768864203483, -9.655343765365899, -8.719918666528315, -7.784493567690731, -6.849068468853133, -5.913643370015549, -4.9782182711779654, -4.042793172340382, -3.1073680735027978, -2.171942974665214, -1.23651787582763, -0.301092776990032, 0.6343323218475518, 1.5697574206851357, 2.5051825195227195, 3.4406076183603034, 4.376032717197887, 5.311457816035471, 6.246882914873069, 7.182308013710653, 8.117733112548237, 9.05315821138582, 9.988583310223405, 10.924008409060988, 11.859433507898586, 12.79485860673617, 13.730283705573754, 14.665708804411338, 15.601133903248922, 16.536559002086506, 17.47198410092409, 18.407409199761688, 19.342834298599268]], "PDF": [[4.3422597429582326e-05, 2.5858985615245278e-05, 5.4613315580878035e-06, 4.0905054421766294e-07, 1.0865426510645173e-08, 1.0235473901679729e-10, 3.41948343589975e-13, 4.0513934904780986e-16, 1.7023141932739245e-19, 2.536684100874019e-23, 1.340554349849052e-27, 2.5124292337359544e-32, 1.6753977589097316e-37, 1.3166834404095719e-34, 1.1215874980487247e-29, 3.388256808613049e-25, 3.630035332830507e-21, 1.3792301978897261e-17, 1.858463495704156e-14, 8.881016673959446e-12, 1.5050908402958641e-09, 9.045950517272919e-08, 1.9281428228342105e-06, 1.4576846072633177e-05, 3.918182409984348e-05, 3.960647628857212e-05, 3.318266285509451e-05, 6.719355543091695e-05, 8.019220858135455e-05, 3.758130051345767e-05, 6.7142072624178425e-06, 4.5605646875476975e-07, 2.9135638308291583e-07, 4.234269608649257e-06, 2.2685657989440054e-05, 4.312436615244445e-05, 2.9699770079106543e-05, 1.4402331102270124e-05, 3.1332531756046826e-05, 5.1074177986145434e-05, 5.304235387722486e-05, 4.6594759732417915e-05, 2.4152513936078155e-05, 2.660907642913439e-05, 6.437257883124328e-05, 8.869326552812795e-05, 8.464860980763522e-05, 8.485671420741473e-05, 9.779317704143261e-05, 6.782518483009004e-05, 2.4147172454168077e-05, 3.021139104582717e-05, 5.888851616675452e-05, 7.107293571948149e-05, 7.979999742945653e-05, 9.769759622361509e-05, 9.400378375506301e-05, 0.00013179202792200297, 0.00023452996417595452, 0.0003292867561965901, 0.0004351065984393101, 0.0006601214226006495, 0.001064886918514782, 0.001505724196487033, 0.0017876958463223236, 0.002028325632940143, 0.0024219829690532296, 0.002798765485628011, 0.003102365163912517, 0.0033837802275068366, 0.003713124493867345, 0.004309709381724023, 0.005019318673115986, 0.005572175044764397, 0.0056548020223671554, 0.005999717025347348, 0.007129962957211974, 0.008077474263722895, 0.008733946927255484, 0.009517390157486611, 0.010624689577113967, 0.012001907838856376, 0.013681875292550952, 0.0162006350191117, 0.019633745795722267, 0.024249157188121474, 0.030949115976498957, 0.0413632395260171, 0.063047894033964, 0.1111518766808902, 0.1748025947875235, 0.1949486394659295, 0.14696749991934724, 0.07841348290737621, 0.030284966411705857, 0.009017153030293136, 0.0032653676927038226, 0.0016886051943964522, 0.0008993896125118228, 0.00039371035217182504]]}