{"output": [[-68.49542941300743, -67.32453385946108, -66.15363830591474, -64.9827427523684, -63.81184719882204, -62.6409516452757, -61.47005609172935, -60.299160538183, -59.12826498463666, -57.957369431090314, -56.78647387754397, -55.61557832399762, -54.44468277045127, -53.27378721690493, -52.10289166335858, -50.93199610981223, -49.76110055626589, -48.59020500271954, -47.4193094491732, -46.24841389562685, -45.0775183420805, -43.90662278853416, -42.735727234987806, -41.56483168144146, -40.39393612789512, -39.22304057434877, -38.05214502080243, -36.881249467256076, -35.71035391370973, -34.53945836016339, -33.368562806617035, -32.19766725307069, -31.026771699524346, -29.855876145978, -28.684980592431657, -27.514085038885305, -26.34318948533896, -25.172293931792616, -24.001398378246265, -22.83050282469992, -21.659607271153575, -20.48871171760723, -19.317816164060886, -18.146920610514535, -16.97602505696819, -15.805129503421846, -14.634233949875494, -13.46333839632915, -12.292442842782805, -11.12154728923646, -9.950651735690116, -8.779756182143764, -7.608860628597419, -6.437965075051075, -5.267069521504723, -4.096173967958379, -2.925278414412034, -1.7543828608656895, -0.583487307319345, 0.5874082462269996, 1.7583037997733584, 2.929199353319703, 4.1000949068660475, 5.270990460412392, 6.441886013958737, 7.612781567505081, 8.783677121051426, 9.95457267459777, 11.125468228144115, 12.296363781690474, 13.467259335236818, 14.638154888783163, 15.809050442329507, 16.979945995875852, 18.150841549422196, 19.32173710296854, 20.4926326565149, 21.663528210061244, 22.83442376360759, 24.005319317153933, 25.176214870700278, 26.347110424246623, 27.518005977792967, 28.68890153133931, 29.859797084885656, 31.030692638432015, 32.20158819197836, 33.372483745524704, 34.54337929907105, 35.71427485261739, 36.88517040616374, 38.05606595971008, 39.22696151325644, 40.397857066802786, 41.56875262034913, 42.739648173895475, 43.91054372744182, 45.081439280988164, 46.25233483453451, 47.42323038808085]], "PDF": [[3.2537308397697405e-05, 2.0622929937116383e-05, 5.251176239174635e-06, 5.371558470252256e-07, 2.207402377301665e-08, 3.6441831039422057e-10, 2.417451733536299e-12, 3.038116669060707e-13, 6.291444594134859e-11, 5.347339757683e-09, 1.8258399890080626e-07, 2.504523641063085e-06, 1.3801460336128507e-05, 3.055360312473008e-05, 2.7172982542750045e-05, 9.708444936409084e-06, 1.39347608283e-06, 8.03501795493597e-08, 1.8612798227588602e-09, 1.7321042495846644e-11, 6.710552507531517e-14, 1.017276129243584e-12, 1.768396900931572e-10, 1.2350929520097456e-08, 3.4654291736309213e-07, 3.906176799220563e-06, 1.7688224950582407e-05, 3.217765662340112e-05, 2.3518367957293237e-05, 7.008876203327464e-06, 2.646166557454228e-06, 1.354707576997235e-05, 4.31510523725286e-05, 6.14927199314501e-05, 4.3107686991303227e-05, 3.284793419014947e-05, 5.307984701072668e-05, 6.930945501028341e-05, 9.336747132455297e-05, 0.00014546253231757585, 0.00015153482801477362, 0.0001262323818797984, 0.00014991882379160337, 0.00018122026721748523, 0.00020471557304163016, 0.0002403077025873744, 0.00033519344394505814, 0.0005659823277856167, 0.0008673251229413815, 0.0012219808028932258, 0.0018078948845447773, 0.0026555999531456768, 0.004273715201233738, 0.008149534368293517, 0.013974654073308525, 0.018364171144722594, 0.020701921300066376, 0.022162482776397457, 0.022823002130551693, 0.023505196407291984, 0.024898268766053895, 0.027085924514639675, 0.030916412594441313, 0.036776980108817484, 0.04501052972077609, 0.056994329767025766, 0.07689389475630061, 0.1006482816786911, 0.10228760631469819, 0.07505719888611095, 0.04917636628475604, 0.03635325905111606, 0.02696835280176959, 0.015104002135439392, 0.005026601845751889, 0.0008994319835112319, 0.00011908617697403152, 3.221376985374112e-05, 1.1712518289657934e-05, 1.5896969067182807e-05, 3.143270149172824e-05, 3.004764424174436e-05, 2.8640792595658163e-05, 5.199050430437757e-05, 7.590467004957431e-05, 6.762983694730039e-05, 3.113916307225304e-05, 6.624137770847143e-06, 2.2025376132790593e-06, 1.0654981671683006e-05, 2.811352740204308e-05, 2.986105084116351e-05, 1.2741997974342087e-05, 2.1842783081085804e-06, 1.5078765823485554e-07, 2.623561932014007e-08, 5.372021002787415e-07, 5.251176445694673e-06, 2.0622929937486825e-05, 3.2537308397697696e-05]]}