{"output": [[-26.323264872558767, -25.450967975696166, -24.578671078833565, -23.706374181970965, -22.834077285108364, -21.961780388245764, -21.089483491383163, -20.21718659452056, -19.34488969765796, -18.472592800795358, -17.600295903932757, -16.727999007070157, -15.855702110207556, -14.983405213344955, -14.111108316482353, -13.238811419619752, -12.366514522757152, -11.494217625894551, -10.62192072903195, -9.749623832169348, -8.877326935306748, -8.005030038444147, -7.1327331415815465, -6.260436244718946, -5.388139347856345, -4.515842450993745, -3.643545554131144, -2.77124865726854, -1.8989517604059394, -1.0266548635433388, -0.1543579666807382, 0.7179389301818624, 1.590235827044463, 2.4625327239070636, 3.334829620769664, 4.207126517632265, 5.079423414494865, 5.9517203113574695, 6.82401720822007, 7.696314105082671, 8.568611001945271, 9.440907898807872, 10.313204795670472, 11.185501692533073, 12.057798589395674, 12.930095486258274, 13.802392383120875, 14.674689279983475, 15.546986176846076, 16.419283073708677, 17.291579970571277, 18.163876867433878, 19.03617376429648, 19.90847066115908, 20.780767558021687, 21.653064454884287, 22.525361351746888, 23.39765824860949, 24.26995514547209, 25.14225204233469, 26.01454893919729, 26.88684583605989, 27.75914273292249, 28.631439629785092, 29.503736526647693, 30.376033423510293, 31.248330320372894, 32.120627217235494, 32.992924114098095, 33.865221010960695, 34.737517907823296, 35.6098148046859, 36.4821117015485, 37.3544085984111, 38.226705495273706, 39.0990023921363, 39.97129928899891, 40.8435961858615, 41.71589308272411, 42.5881899795867, 43.46048687644931, 44.3327837733119, 45.20508067017451, 46.077377567037104, 46.94967446389971, 47.821971360762305, 48.69426825762491, 49.56656515448752, 50.438862051350114, 51.31115894821272, 52.183455845075315, 53.05575274193792, 53.928049638800516, 54.800346535663124, 55.67264343252572, 56.544940329388325, 57.41723722625092, 58.289534123113526, 59.16183101997612, 60.03412791683872]], "PDF": [[2.2913652889000427e-05, 2.0897816877316966e-05, 1.6486673802897888e-05, 1.4052389492939886e-05, 1.625142461094545e-05, 2.2452865078685638e-05, 3.124419214084535e-05, 4.517413745156835e-05, 7.224714473305443e-05, 0.000120151388133421, 0.00018800262953111947, 0.0002668830105241397, 0.00035301255404230025, 0.0004605820522292197, 0.0006156275223105005, 0.0008309265970294058, 0.001088731722881504, 0.0013604106075053135, 0.0016612175511438944, 0.002109202337368599, 0.002965415679328754, 0.0046634747858049184, 0.007831614380600834, 0.01322317450517735, 0.021399261627611823, 0.03218203631433626, 0.04424926576123293, 0.055315186920097195, 0.0630120927324652, 0.06610391000847786, 0.06520601091875725, 0.06227949296901295, 0.05921803550826903, 0.05680030998950875, 0.05481577256503874, 0.05286020935485671, 0.05082211268465298, 0.04882396064545067, 0.047065916602407824, 0.045768051883160764, 0.044980878398462716, 0.04429058044066234, 0.04284470225070862, 0.03981873198331288, 0.034868090914578355, 0.02823368134251787, 0.020680892305215647, 0.01337238042247263, 0.007464234569497205, 0.003543688088848857, 0.00143041099416135, 0.0005057525442931164, 0.0001713232566754373, 6.407070419157413e-05, 2.76976961978e-05, 1.2227766489130153e-05, 4.8119985508665866e-06, 1.572172609087597e-06, 4.1366309475568247e-07, 8.64627287162637e-08, 1.4257962211069083e-08, 1.8479095125413983e-09, 1.8781667480553015e-10, 1.494985739155624e-11, 9.311794916032856e-13, 4.5363057811841023e-14, 1.7278480203287556e-15, 5.144650858346644e-17, 1.1972867497209825e-18, 2.17769556672082e-20, 3.0954970404134123e-22, 3.438614108855156e-24, 2.985018651415576e-26, 2.0249544433287015e-28, 1.0734559446255578e-30, 4.450073006794819e-33, 1.0776964945283733e-33, 2.7324182960408974e-31, 5.486957848475358e-29, 8.610133105357102e-27, 1.0558004702031573e-24, 1.0116902886155847e-22, 7.575425919089629e-21, 4.432617678905079e-19, 2.0267829270497445e-17, 7.241823646476594e-16, 2.0220057967455196e-14, 4.4117469314965076e-13, 7.521986205030095e-12, 1.0021857361405786e-10, 1.0434163704337932e-09, 8.489083775250259e-09, 5.39706609996632e-08, 2.6813184650436e-07, 1.0409570365324702e-06, 3.157991493078446e-06, 7.486569328261105e-06, 1.3869106716127224e-05, 2.0077418579572717e-05, 2.2712293996057678e-05]]}