{"output": [[10.152039699765696, 10.207696609435835, 10.263353519105975, 10.319010428776116, 10.374667338446255, 10.430324248116394, 10.485981157786533, 10.541638067456672, 10.597294977126813, 10.652951886796952, 10.708608796467091, 10.76426570613723, 10.81992261580737, 10.87557952547751, 10.93123643514765, 10.986893344817789, 11.042550254487928, 11.098207164158067, 11.153864073828208, 11.209520983498347, 11.265177893168486, 11.320834802838625, 11.376491712508766, 11.432148622178905, 11.487805531849045, 11.543462441519184, 11.599119351189323, 11.654776260859464, 11.710433170529603, 11.766090080199742, 11.821746989869881, 11.87740389954002, 11.933060809210161, 11.9887177188803, 12.04437462855044, 12.100031538220579, 12.155688447890718, 12.211345357560859, 12.267002267230998, 12.322659176901137, 12.378316086571276, 12.433972996241415, 12.489629905911556, 12.545286815581695, 12.600943725251835, 12.656600634921974, 12.712257544592113, 12.767914454262254, 12.823571363932393, 12.879228273602532, 12.934885183272671, 12.99054209294281, 13.046199002612951, 13.10185591228309, 13.15751282195323, 13.213169731623369, 13.268826641293508, 13.324483550963649, 13.380140460633788, 13.435797370303927, 13.491454279974066, 13.547111189644205, 13.602768099314346, 13.658425008984485, 13.714081918654625, 13.769738828324764, 13.825395737994903, 13.881052647665044, 13.936709557335183, 13.992366467005322, 14.048023376675461, 14.1036802863456, 14.159337196015741, 14.21499410568588, 14.27065101535602, 14.326307925026159, 14.381964834696298, 14.437621744366439, 14.493278654036578, 14.548935563706717, 14.604592473376856, 14.660249383046995, 14.715906292717136, 14.771563202387275, 14.827220112057415, 14.882877021727555, 14.938533931397693, 14.994190841067834, 15.049847750737973, 15.105504660408112, 15.161161570078253, 15.21681847974839, 15.272475389418531, 15.32813229908867, 15.38378920875881, 15.43944611842895, 15.495103028099088, 15.550759937769229, 15.606416847439368, 15.662073757109507]], "PDF": [[0.0008410103208814111, 0.001210435102539212, 0.0016757706257435321, 0.002239134868532986, 0.0029004665861196597, 0.003678235555993722, 0.004636817315612828, 0.0059039589758382565, 0.0076699142984764405, 0.010171352510179053, 0.013659967623806186, 0.018349225208041706, 0.024354477565009636, 0.031680555823657176, 0.040297654750035244, 0.05025455911468603, 0.06170887775880311, 0.07482532597522201, 0.08964848841753231, 0.1060975855812731, 0.12408647728438918, 0.143620361936023, 0.1647576113425743, 0.18749873098903333, 0.21174772223249314, 0.23738488800259272, 0.2643393467807135, 0.29254160345854774, 0.3217695155626617, 0.3515143520004678, 0.3809821255019463, 0.40925267142655425, 0.4355283108716625, 0.4593445835730944, 0.480610881866953, 0.4994432923277846, 0.5159088371424296, 0.5298701057149099, 0.5410169139496473, 0.5490095224592031, 0.553602403751649, 0.5546872492137629, 0.5522833364740378, 0.5465277941359735, 0.5376749621207392, 0.526066654666697, 0.5120538405415985, 0.49591518840961096, 0.4778309281093572, 0.45791478280559367, 0.43628192212248323, 0.4131607748077142, 0.3890270769334692, 0.3646303644259167, 0.34077898345961166, 0.31795809295009514, 0.29607846177676367, 0.27460605904183977, 0.2530062070842115, 0.23116295935298586, 0.20947241387683474, 0.18859673999674387, 0.16911221052224246, 0.15129461606573238, 0.13512168083819726, 0.12041596534970397, 0.1070008446649674, 0.09477714240341963, 0.08370237665435469, 0.07372956750731087, 0.06478073239222999, 0.05676471244705453, 0.04958274685707644, 0.04310035201204775, 0.03714814332201848, 0.0316007404515569, 0.026471181232984167, 0.021910041336436644, 0.01809088660591334, 0.015079754201243098, 0.012791678223173793, 0.011046404117479655, 0.009657655373763754, 0.00848909744980961, 0.007459360121501816, 0.006519915317326545, 0.005636210234984709, 0.004785916763322445, 0.003968589253867702, 0.003209804852926747, 0.002546979749252043, 0.002002923923486347, 0.0015695726999300048, 0.0012178205940118502, 0.0009238180867756561, 0.0006854432130503388, 0.0005138763459160779, 0.00041125249756568, 0.00035791891710256407, 0.0003209061963836171]]}