{"output": [[-46.478054773192085, -45.34466145124661, -44.21126812930113, -43.07787480735565, -41.94448148541017, -40.811088163464696, -39.67769484151922, -38.544301519573736, -37.41090819762826, -36.27751487568278, -35.14412155373731, -34.01072823179183, -32.877334909846354, -31.74394158790087, -30.610548265955394, -29.477154944009914, -28.343761622064438, -27.21036830011896, -26.07697497817348, -24.943581656228005, -23.810188334282525, -22.67679501233705, -21.54340169039157, -20.410008368446093, -19.276615046500616, -18.143221724555136, -17.00982840260966, -15.87643508066418, -14.743041758718704, -13.609648436773227, -12.476255114827744, -11.342861792882267, -10.209468470936791, -9.076075148991315, -7.942681827045838, -6.809288505100355, -5.6758951831548785, -4.542501861209402, -3.4091085392639258, -2.2757152173184423, -1.142321895372966, -0.008928573427489539, 1.1244647485179868, 2.257858070463463, 3.3912513924089467, 4.524644714354423, 5.658038036299899, 6.791431358245376, 7.924824680190852, 9.058218002136336, 10.191611324081812, 11.325004646027288, 12.458397967972765, 13.591791289918248, 14.725184611863725, 15.858577933809201, 16.991971255754677, 18.125364577700154, 19.25875789964563, 20.392151221591106, 21.525544543536597, 22.658937865482073, 23.79233118742755, 24.925724509373026, 26.059117831318503, 27.19251115326398, 28.325904475209455, 29.45929779715493, 30.592691119100408, 31.7260844410459, 32.859477762991375, 33.99287108493685, 35.12626440688233, 36.259657728827804, 37.39305105077328, 38.52644437271876, 39.65983769466423, 40.79323101660971, 41.9266243385552, 43.06001766050068, 44.19341098244615, 45.32680430439163, 46.460197626337106, 47.59359094828258, 48.72698427022806, 49.860377592173535, 50.99377091411901, 52.1271642360645, 53.26055755800998, 54.393950879955455, 55.52734420190093, 56.66073752384641, 57.794130845791884, 58.92752416773736, 60.060917489682836, 61.19431081162831, 62.32770413357379, 63.46109745551928, 64.59449077746476, 65.72788409941023]], "PDF": [[2.0645778816302536e-05, 1.738300413202647e-05, 1.0375416095157913e-05, 4.3900891346985145e-06, 1.3168256568226195e-06, 2.80007940601813e-07, 4.2208463911771274e-08, 4.510436985164066e-09, 3.4270753555820286e-10, 4.457074589651201e-11, 4.774775865749308e-10, 6.19958921389435e-09, 5.798937471230572e-08, 3.939920138708726e-07, 1.9743829989000268e-06, 7.461615662592305e-06, 2.1864042485152e-05, 5.1034661859909625e-05, 9.663257371445706e-05, 0.00014963733451668341, 0.0001914843555106271, 0.0002104208386695786, 0.0002195714716018217, 0.00024979517008303444, 0.0003152958305122923, 0.00039394433399206384, 0.0004617948919605249, 0.000541901965147502, 0.0006882895946035211, 0.0009187613116672537, 0.0012088477963422043, 0.0016114612801523226, 0.002406222914688929, 0.0040590880216275944, 0.006823033794189876, 0.010253289604844187, 0.013381020507624032, 0.015598711867997389, 0.017154520103774544, 0.018753966704197687, 0.021107091922425863, 0.024866067197605455, 0.03038618568280763, 0.03720054229096358, 0.04407193969162396, 0.05003952591716193, 0.05536543715359304, 0.06094077119380347, 0.06660506654531002, 0.07057663196528904, 0.0708044143374069, 0.06647990893987558, 0.058151481604736134, 0.04694518275358489, 0.0342812757203934, 0.02219780238745179, 0.012798967211155445, 0.006848533346075092, 0.0035555632070992612, 0.0017659853878236372, 0.0007904968202721087, 0.00031033516439191454, 0.00011328099791229913, 4.304645333423919e-05, 1.7116879244797626e-05, 6.183486101874785e-06, 1.7794997497333259e-06, 3.8183525265783805e-07, 5.941584418265035e-08, 6.734607309299009e-09, 2.2037901082972534e-09, 1.8039018760808768e-08, 1.370680099200144e-07, 7.395291280683276e-07, 2.8285595445269906e-06, 7.669419841476015e-06, 1.4741674786096152e-05, 2.0087147361357592e-05, 1.94033550807014e-05, 1.3286865024272431e-05, 6.449935048460909e-06, 2.2196029098352877e-06, 5.414799197601515e-07, 9.364326605473286e-08, 1.1480422606168661e-08, 9.977605397449498e-10, 6.147264976866133e-11, 2.685238938065963e-12, 1.0198114001769028e-13, 7.003586626630294e-13, 1.8348921900471048e-11, 3.416798030995557e-10, 4.510408339096873e-09, 4.2208463344644976e-08, 2.8000794059384127e-07, 1.3168256568225305e-06, 4.390089134698483e-06, 1.0375416095157913e-05, 1.738300413202647e-05, 2.0645778816302536e-05]]}