{"S_Ks": [[0.4890438846420014]], "S_Q": [[0.06535829409790338]], "S_T_Ks": [[0.9293009997981795]], "S_T_Q": [[0.5287852966983666]]}