{"S_Ks": [[0.4823071339652765]], "S_Q": [[0.1161957125320847]], "S_T_Ks": [[0.7931925817607387]], "S_T_Q": [[0.5148731566854811]]}