{"S_min_Ks": [[-0.0006285518329475035]], "S_min_Q": [[0.9560767575032361]], "S_Ks": [[0.0005165581076728349]], "S_Q": [[1.000429974752793]], "S_max_Ks": [[0.0020057586123386818]], "S_max_Q": [[1.0465033308603178]], "S_T_min_Ks": [[-0.029177381296043005]], "S_T_min_Q": [[0.948901734591886]], "S_T_Ks": [[0.0014321903498302824]], "S_T_Q": [[0.9867383482088594]], "S_T_max_Ks": [[0.03392879727384041]], "S_T_max_Q": [[1.0278312770262832]]}