{"S_min_Ks": [[0.43911213224245005]], "S_min_Q": [[0.011768020695939838]], "S_Ks": [[0.4890438846420014]], "S_Q": [[0.06535829409790338]], "S_max_Ks": [[0.5204693784607042]], "S_max_Q": [[0.12132977722029693]], "S_T_min_Ks": [[0.8622007228707727]], "S_T_min_Q": [[0.4765129952606839]], "S_T_Ks": [[0.9293009997981795]], "S_T_Q": [[0.5287852966983666]], "S_T_max_Ks": [[0.9804610008771332]], "S_T_max_Q": [[0.5687458884405012]]}