{"S_Ks": [[0.2911427376303484]], "S_Q": [[0.046689202476901795]], "S_T_Ks": [[0.9971054399487363]], "S_T_Q": [[0.7220570643283302]]}