{"S_min_Ks": [[0.2770113236089213]], "S_min_Q": [[0.03427642364783562]], "S_Ks": [[0.32384339876224183]], "S_Q": [[0.07000942859808666]], "S_max_Ks": [[0.3783761408251462]], "S_max_Q": [[0.10089602567579135]], "S_T_min_Ks": [[0.8084567094851007]], "S_T_min_Q": [[0.5634331814750608]], "S_T_Ks": [[0.9383136613214722]], "S_T_Q": [[0.6552170122483152]], "S_T_max_Ks": [[1.0910426320741644]], "S_T_max_Q": [[0.7619331242239057]]}