{"S_min_Ks": [[0.25891514316867503]], "S_min_Q": [[0.02006497824842049]], "S_Ks": [[0.2911427376303484]], "S_Q": [[0.046689202476901795]], "S_max_Ks": [[0.3267096816296336]], "S_max_Q": [[0.07227911180339223]], "S_T_min_Ks": [[0.9408769062703048]], "S_T_min_Q": [[0.6644325976144584]], "S_T_Ks": [[0.9971054399487363]], "S_T_Q": [[0.7220570643283302]], "S_T_max_Ks": [[1.076061128248888]], "S_T_max_Q": [[0.7763183819141487]]}