{"S_Ks": [[0.0005165581076728349]], "S_Q": [[1.000429974752793]], "S_T_Ks": [[0.0014321903498302824]], "S_T_Q": [[0.9867383482088594]]}