{"S_min_Ks": [[0.4113197185703007]], "S_min_Q": [[0.07113014526329234]], "S_Ks": [[0.4823071339652765]], "S_Q": [[0.1161957125320847]], "S_max_Ks": [[0.5538889729326628]], "S_max_Q": [[0.15446974129465596]], "S_T_min_Ks": [[0.5929892113227844]], "S_T_min_Q": [[0.44369597865856747]], "S_T_Ks": [[0.7931925817607387]], "S_T_Q": [[0.5148731566854811]], "S_T_max_Ks": [[0.9793976412683498]], "S_T_max_Q": [[0.5994858079931356]]}