{"Min": [[7.579360607253129]], "SD_min": [[14.753071467310999]], "Mean": [[16.685740021598125]], "SD_max": [[18.61840857588525]], "Max": [[18.521922754809502]]}