{"Min": [[7.579352260427804]], "SD_min": [[14.753071361599215]], "Mean": [[16.685740003326426]], "SD_max": [[18.618408645053638]], "Max": [[18.52192282480484]]}