{"Min": [[7.579349035565137]], "SD_min": [[14.753071320801714]], "Mean": [[16.68573999627933]], "SD_max": [[18.618408671756946]], "Max": [[18.521922852024993]]}