{"Min": [[7.579351407792494]], "SD_min": [[14.753071353337841]], "Mean": [[16.685740002178644]], "SD_max": [[18.618408651019447]], "Max": [[18.521922841694327]]}