{"output": [[7.579352260427804, 7.689883276229592, 7.80041429203138, 7.910945307833169, 8.021476323634957, 8.132007339436745, 8.242538355238533, 8.353069371040322, 8.46360038684211, 8.574131402643898, 8.684662418445686, 8.795193434247475, 8.905724450049263, 9.016255465851051, 9.12678648165284, 9.237317497454628, 9.347848513256416, 9.458379529058204, 9.568910544859992, 9.67944156066178, 9.789972576463569, 9.900503592265357, 10.011034608067146, 10.121565623868934, 10.232096639670722, 10.34262765547251, 10.453158671274299, 10.563689687076087, 10.674220702877875, 10.784751718679663, 10.895282734481452, 11.00581375028324, 11.116344766085028, 11.226875781886816, 11.337406797688605, 11.447937813490393, 11.558468829292181, 11.668999845093968, 11.779530860895758, 11.890061876697544, 12.000592892499334, 12.11112390830112, 12.22165492410291, 12.332185939904697, 12.442716955706487, 12.553247971508274, 12.663778987310064, 12.77431000311185, 12.88484101891364, 12.995372034715427, 13.105903050517217, 13.216434066319003, 13.326965082120793, 13.43749609792258, 13.54802711372437, 13.658558129526156, 13.769089145327946, 13.879620161129733, 13.990151176931523, 14.10068219273331, 14.2112132085351, 14.321744224336886, 14.432275240138676, 14.542806255940462, 14.653337271742252, 14.763868287544039, 14.874399303345829, 14.984930319147615, 15.095461334949405, 15.205992350751192, 15.316523366552982, 15.427054382354768, 15.537585398156558, 15.648116413958345, 15.758647429760133, 15.869178445561921, 15.97970946136371, 16.090240477165498, 16.200771492967284, 16.311302508769074, 16.421833524570864, 16.53236454037265, 16.642895556174437, 16.753426571976227, 16.863957587778017, 16.974488603579804, 17.08501961938159, 17.19555063518338, 17.30608165098517, 17.416612666786957, 17.527143682588743, 17.637674698390533, 17.748205714192324, 17.85873672999411, 17.969267745795896, 18.079798761597687, 18.190329777399477, 18.300860793201263, 18.41139180900305, 18.52192282480484]], "PDF": [[0.0004432544314086083, 0.0005259557098810552, 0.0006271155150647439, 0.0008166866411873057, 0.001062277339427001, 0.0012894496195546884, 0.0014955297573061134, 0.0017185890803694483, 0.001970068672143052, 0.0022507919012999702, 0.002564563117584992, 0.0029018897200838584, 0.0032471260462041294, 0.003600797577662716, 0.0039954768568143655, 0.004481222950053764, 0.005064158102882796, 0.005685219021201656, 0.006278989163548595, 0.006811428027757725, 0.007295623868037135, 0.007812702632227385, 0.008427839311659004, 0.009092004954688915, 0.009745470699123725, 0.010420749856363945, 0.011104150432482454, 0.011655315038165803, 0.012016248468062, 0.012381067298725375, 0.013056138452215234, 0.014149607922026807, 0.015376084982118114, 0.016285266869897928, 0.016785408866146847, 0.017225330499263433, 0.017909075633879775, 0.018807061177331236, 0.019686455225218627, 0.020309666690238166, 0.02063609175374202, 0.020917612616247583, 0.021478220737816026, 0.0224061774596723, 0.02353272205919758, 0.024673079979388633, 0.025801060303790625, 0.026979369480875218, 0.02827635781110161, 0.029830256929824092, 0.03182063378756221, 0.03431240055731812, 0.037270457904393456, 0.040703282894547485, 0.04459327503857402, 0.048650683213322596, 0.05233747826406536, 0.05529842983312684, 0.057627731142075825, 0.05958572970168065, 0.06128411235974405, 0.06274072915928473, 0.06404714441467138, 0.06536433673859421, 0.06676322748074932, 0.06823357419387656, 0.0699147324848916, 0.07206275629710501, 0.07478139155430624, 0.07820538358163932, 0.08292173960367666, 0.08955941681062715, 0.09788611146331967, 0.10698624946663474, 0.11626334907409856, 0.12551072663764923, 0.13425930220948598, 0.14206167215084203, 0.14934370872852637, 0.15710959727824741, 0.16584704638690856, 0.17516012510045112, 0.18410532928475232, 0.19178792329084515, 0.19816430839075017, 0.20410488624554265, 0.21052679737248411, 0.21789336472542137, 0.22607493856617686, 0.23404267104679163, 0.2404225567218948, 0.24486862772755857, 0.24903360814395611, 0.2588290078283796, 0.2894195299192361, 0.36270240214009447, 0.47865646571295206, 0.5786794262407996, 0.5732864749850668, 0.43893676085517386]]}