{"output": [[7.579349035565137, 7.689880084216247, 7.800411132867357, 7.910942181518466, 8.021473230169576, 8.132004278820686, 8.242535327471796, 8.353066376122905, 8.463597424774015, 8.574128473425125, 8.684659522076235, 8.795190570727343, 8.905721619378454, 9.016252668029562, 9.126783716680672, 9.237314765331782, 9.347845813982891, 9.458376862634001, 9.56890791128511, 9.67943895993622, 9.78997000858733, 9.90050105723844, 10.01103210588955, 10.12156315454066, 10.23209420319177, 10.342625251842879, 10.453156300493989, 10.563687349145098, 10.674218397796208, 10.784749446447318, 10.895280495098426, 11.005811543749537, 11.116342592400645, 11.226873641051757, 11.337404689702865, 11.447935738353975, 11.558466787005084, 11.668997835656196, 11.779528884307304, 11.890059932958414, 12.000590981609523, 12.111122030260633, 12.221653078911743, 12.332184127562853, 12.442715176213962, 12.553246224865072, 12.663777273516182, 12.774308322167292, 12.884839370818401, 12.99537041946951, 13.10590146812062, 13.216432516771729, 13.32696356542284, 13.437494614073948, 13.54802566272506, 13.658556711376168, 13.76908776002728, 13.879618808678387, 13.990149857329499, 14.100680905980607, 14.211211954631716, 14.321743003282826, 14.432274051933936, 14.542805100585046, 14.653336149236155, 14.763867197887265, 14.874398246538375, 14.984929295189485, 15.095460343840594, 15.205991392491704, 15.316522441142812, 15.427053489793924, 15.537584538445032, 15.648115587096143, 15.758646635747253, 15.86917768439836, 15.97970873304947, 16.090239781700582, 16.20077083035169, 16.311301879002798, 16.42183292765391, 16.53236397630502, 16.64289502495613, 16.753426073607237, 16.86395712225835, 16.97448817090946, 17.085019219560568, 17.195550268211676, 17.306081316862787, 17.4166123655139, 17.527143414165007, 17.637674462816115, 17.748205511467226, 17.858736560118338, 17.969267608769446, 18.079798657420554, 18.190329706071665, 18.300860754722773, 18.41139180337388, 18.521922852024993]], "PDF": [[0.00044325369086663973, 0.0005259542084890362, 0.000627112843994678, 0.0008166830634372956, 0.0010622735072222662, 0.0012894456019175787, 0.0014955251351998734, 0.001718583719248811, 0.001970062591742334, 0.002250784979844503, 0.0025645553900745196, 0.0029018814539316846, 0.0032471174143435394, 0.0036007882905773735, 0.003995465983496783, 0.004481209761024835, 0.005064143213380797, 0.005685203819364586, 0.006278974688520214, 0.006811414697521573, 0.0072956107507381514, 0.007812687829632872, 0.008427822757624725, 0.009091988404314336, 0.00974545428197907, 0.010420732760156693, 0.011104134656961888, 0.011655303563146521, 0.012016239912298957, 0.012381055735971836, 0.013056118836790464, 0.014149582057841555, 0.015376061736466566, 0.01628525286313914, 0.01678540047764039, 0.01722531981089009, 0.01790906011507513, 0.018807043955102864, 0.019686441073847226, 0.02030965856646682, 0.020636087493378953, 0.020917606170930244, 0.021478208126426406, 0.022406159980209478, 0.023532703495929612, 0.024673062187721924, 0.02580104261301139, 0.02697935093709547, 0.028276337128546443, 0.029830231546008466, 0.03182060186976761, 0.03431236252064219, 0.037270414398148086, 0.040703233680312124, 0.044593221889030525, 0.048650632196083024, 0.05233743601344251, 0.05529839761605538, 0.05762770560055688, 0.05958570817403005, 0.06128409425847762, 0.06274071385891954, 0.06404713018113574, 0.06536432212248035, 0.06676321266646144, 0.06823355905450226, 0.06991471484435798, 0.07206273449008829, 0.07478136562343346, 0.07820535098049274, 0.08292169431004291, 0.08955935710810284, 0.09788604383719492, 0.10698618099587227, 0.11626328189371585, 0.1255106626253385, 0.13425924560574565, 0.14206162365973998, 0.14934366305891053, 0.15710954958324316, 0.16584699701838487, 0.17516007806703845, 0.1841052892946844, 0.19178789216308123, 0.19816428306829212, 0.20410486225023547, 0.2105267723855497, 0.2178933384360487, 0.22607491294819201, 0.23404265008712677, 0.2404225427467866, 0.24486861892013065, 0.24903359819807186, 0.25882898295036044, 0.2894194707364643, 0.3627023080133671, 0.47865637949622264, 0.578679393478811, 0.5732864704134635, 0.43893671919325367]]}