{"output": [[7.579360607253129, 7.689891538036527, 7.800422468819924, 7.910953399603322, 8.02148433038672, 8.132015261170118, 8.242546191953515, 8.353077122736913, 8.46360805352031, 8.574138984303708, 8.684669915087106, 8.795200845870504, 8.905731776653901, 9.0162627074373, 9.126793638220697, 9.237324569004095, 9.347855499787492, 9.45838643057089, 9.568917361354288, 9.679448292137685, 9.789979222921083, 9.90051015370448, 10.011041084487879, 10.121572015271276, 10.232102946054674, 10.342633876838072, 10.45316480762147, 10.563695738404867, 10.674226669188265, 10.784757599971663, 10.89528853075506, 11.005819461538458, 11.116350392321856, 11.226881323105253, 11.337412253888651, 11.447943184672049, 11.558474115455446, 11.669005046238844, 11.779535977022242, 11.89006690780564, 12.000597838589037, 12.111128769372435, 12.221659700155833, 12.33219063093923, 12.442721561722628, 12.553252492506026, 12.663783423289424, 12.774314354072821, 12.884845284856219, 12.995376215639617, 13.105907146423014, 13.216438077206412, 13.32696900798981, 13.437499938773207, 13.548030869556605, 13.658561800340003, 13.7690927311234, 13.879623661906798, 13.990154592690196, 14.100685523473594, 14.211216454256991, 14.32174738504039, 14.432278315823787, 14.542809246607185, 14.653340177390582, 14.76387110817398, 14.874402038957378, 14.984932969740775, 15.095463900524173, 15.20599483130757, 15.316525762090968, 15.427056692874366, 15.537587623657764, 15.648118554441162, 15.75864948522456, 15.869180416007957, 15.979711346791355, 16.090242277574752, 16.20077320835815, 16.311304139141548, 16.421835069924946, 16.532366000708343, 16.64289693149174, 16.75342786227514, 16.863958793058536, 16.974489723841934, 17.085020654625332, 17.19555158540873, 17.306082516192127, 17.416613446975525, 17.527144377758923, 17.63767530854232, 17.748206239325718, 17.858737170109116, 17.969268100892513, 18.07979903167591, 18.19032996245931, 18.300860893242707, 18.411391824026104, 18.521922754809502]], "PDF": [[0.00044325634782497374, 0.0005259595948290457, 0.0006271224265897215, 0.0008166958990151144, 0.001062287255881864, 0.0012894600158071998, 0.0014955417175199714, 0.0017186029527694582, 0.001970084405691353, 0.002250809811032866, 0.002564583112979162, 0.0029019111092027593, 0.00324714838139347, 0.003600821608079797, 0.0039955049920721575, 0.004481257078629411, 0.00506419663354418, 0.005685258362046084, 0.006279026624837919, 0.006811462526990659, 0.007295657816257981, 0.00781274094160191, 0.008427882153784119, 0.009092047788499964, 0.009745513189448851, 0.010420794104830178, 0.011104191264268717, 0.011655344742403902, 0.012016270618600576, 0.012381097231038607, 0.013056189224519961, 0.014149674867642912, 0.015376145153850608, 0.01628530313315653, 0.01678543058818925, 0.01722535817006521, 0.017909115803078014, 0.018807105754058095, 0.019686491854237664, 0.020309687718653588, 0.020636102782001703, 0.02091762929862579, 0.0214782533796653, 0.0224062227035593, 0.023532770111963384, 0.024673126039299713, 0.025801106107025643, 0.026979417496283128, 0.028276411366262567, 0.029830322657310282, 0.03182071643156298, 0.03431249904242265, 0.03727057054563328, 0.04070341030179942, 0.044593412615546994, 0.04865081524975896, 0.05233758758999391, 0.0552985131793502, 0.05762779721268983, 0.05958578539194566, 0.06128415918584382, 0.06274076873085602, 0.06404718121636617, 0.06536437452969969, 0.06676326579856451, 0.06823361337995637, 0.0699147781805418, 0.07206281281907498, 0.07478145879465718, 0.07820546812684256, 0.08292185702834431, 0.08955957153273167, 0.09788628665925747, 0.1069864267741409, 0.11626352294291713, 0.12551089221013684, 0.13425944854222346, 0.14206179747781278, 0.1493438268046286, 0.15710972068385698, 0.16584717420712214, 0.1751602469225639, 0.18410543287359993, 0.19178800390483974, 0.19816437394348146, 0.2041049483573747, 0.21052686207050875, 0.21789343280567755, 0.2260750048845667, 0.23404272526389072, 0.24042259283880263, 0.24486865048822684, 0.24903363389795075, 0.2588290723053928, 0.28941968332549023, 0.3627026461837043, 0.4786566893569225, 0.5786795112595071, 0.5732864865034926, 0.43893686798467235]]}