{"output": [[7.579351407792494, 7.689882432377361, 7.800413456962228, 7.910944481547095, 8.021475506131962, 8.13200653071683, 8.242537555301697, 8.353068579886562, 8.46359960447143, 8.574130629056297, 8.684661653641164, 8.79519267822603, 8.905723702810898, 9.016254727395765, 9.126785751980632, 9.2373167765655, 9.347847801150365, 9.458378825735233, 9.5689098503201, 9.679440874904966, 9.789971899489833, 9.9005029240747, 10.011033948659568, 10.121564973244435, 10.232095997829301, 10.342627022414169, 10.453158046999036, 10.563689071583903, 10.67422009616877, 10.784751120753636, 10.895282145338504, 11.005813169923371, 11.116344194508237, 11.226875219093104, 11.337406243677972, 11.447937268262839, 11.558468292847706, 11.668999317432572, 11.77953034201744, 11.890061366602307, 12.000592391187173, 12.111123415772042, 12.221654440356907, 12.332185464941775, 12.442716489526642, 12.553247514111508, 12.663778538696375, 12.774309563281243, 12.88484058786611, 12.995371612450977, 13.105902637035843, 13.21643366162071, 13.326964686205578, 13.437495710790444, 13.548026735375313, 13.658557759960178, 13.769088784545046, 13.879619809129913, 13.990150833714779, 14.100681858299646, 14.211212882884514, 14.32174390746938, 14.432274932054248, 14.542805956639114, 14.653336981223982, 14.763868005808849, 14.874399030393715, 14.984930054978584, 15.09546107956345, 15.205992104148317, 15.316523128733184, 15.42705415331805, 15.537585177902917, 15.648116202487785, 15.758647227072652, 15.869178251657518, 15.979709276242385, 16.090240300827254, 16.20077132541212, 16.311302349996986, 16.42183337458185, 16.53236439916672, 16.64289542375159, 16.753426448336455, 16.86395747292132, 16.974488497506186, 17.085019522091056, 17.195550546675925, 17.30608157126079, 17.416612595845656, 17.52714362043052, 17.63767464501539, 17.748205669600257, 17.858736694185126, 17.96926771876999, 18.079798743354857, 18.190329767939726, 18.300860792524592, 18.41139181710946, 18.521922841694327]], "PDF": [[0.00044325422770768525, 0.0005259552879928422, 0.000627114764398251, 0.0008166856410394725, 0.001062276272284347, 0.0012894484995998484, 0.0014955284651006703, 0.0017185875803029283, 0.0019700669697278426, 0.0022507899607195118, 0.0025645609500211455, 0.0029018874013083742, 0.0032471236209000534, 0.0036007949643034596, 0.003995473806305434, 0.004481219278860263, 0.0050641540007124, 0.005685214876129405, 0.006278985246844839, 0.006811424435183055, 0.0072956203317144, 0.007812698629575726, 0.008427834839412913, 0.009092000511936914, 0.009745466319176197, 0.010420745309796415, 0.01110414627914165, 0.011655312100440908, 0.012016246343216458, 0.0123810643413362, 0.013056133302954112, 0.014149601123505573, 0.015376078968647355, 0.016285263392312514, 0.016785406862418816, 0.01722532778506308, 0.017909071551650987, 0.018807056623419284, 0.019686451507878643, 0.0203096645843229, 0.020636090650113726, 0.020917610898892453, 0.021478217387757445, 0.022406172877685815, 0.023532717281184428, 0.024673075502651194, 0.025801055952395385, 0.02697936500163634, 0.028276352854130264, 0.029830250819137757, 0.031820626055050795, 0.03431239129293096, 0.03727044718192893, 0.04070327049113568, 0.04459326124811972, 0.04865066951818679, 0.05233746644220089, 0.05529842042855635, 0.05762772354483757, 0.05958572334818937, 0.06128410700182859, 0.0627407244256798, 0.06404713976732544, 0.06536433197273041, 0.06676322297540309, 0.06823357020775003, 0.06991472864342067, 0.07206275230565568, 0.07478138747773763, 0.07820537864447048, 0.08292173193363583, 0.0895594054178397, 0.09788609722889803, 0.10698623336973619, 0.11626333112350008, 0.125510707360205, 0.1342592834119483, 0.14206165524522785, 0.14934369364103744, 0.1571095835350958, 0.16584703403467685, 0.17516011443002868, 0.18410532049736456, 0.19178791612650503, 0.19816430202516952, 0.20410488008428557, 0.21052679131770943, 0.21789335850063712, 0.22607493193744657, 0.23404266464439397, 0.24042255164935858, 0.24486862442392257, 0.24903360558018423, 0.2588290029850014, 0.2894195190171179, 0.36270238606485566, 0.4786564532220496, 0.5786794222062961, 0.5732864672407242, 0.43893673524873944]]}