{"S_min_Ks": [[-0.00026520603407208633]], "S_min_Q": [[0.9300362119592247]], "S_Ks": [[0.00029147248006065586]], "S_Q": [[1.0026520713053142]], "S_max_Ks": [[0.0008879505114375895]], "S_max_Q": [[1.0798943440290194]], "S_T_min_Ks": [[-0.0547068263154879]], "S_T_min_Q": [[0.9313253289574104]], "S_T_Ks": [[0.00038483345247665045]], "S_T_Q": [[0.9904454734831686]], "S_T_max_Ks": [[0.03690316023623462]], "S_T_max_Q": [[1.0341576729109074]]}