{"S_Ks": [[0.00029147248006065586]], "S_Q": [[1.0026520713053142]], "S_T_Ks": [[0.00038483345247665045]], "S_T_Q": [[0.9904454734831686]]}