{"S_Ks": [[0.0002914724826348437]], "S_Q": [[1.0026520886256884]], "S_T_Ks": [[0.0003848333858210284]], "S_T_Q": [[0.9904454740834979]]}