{"S_min_Ks": [[-0.0002652060043268798]], "S_min_Q": [[0.9300361683860656]], "S_Ks": [[0.00029147248478457547]], "S_Q": [[1.002652095315661]], "S_max_Ks": [[0.0008879507157602299]], "S_max_Q": [[1.0798943964982899]], "S_T_min_Ks": [[-0.05470684684293192]], "S_T_min_Q": [[0.9313253092277078]], "S_T_Ks": [[0.0003848333608580673]], "S_T_Q": [[0.9904454743156123]], "S_T_max_Ks": [[0.03690315272905324]], "S_T_max_Q": [[1.0341576818885914]]}