{"S_Ks": [[0.00029147254847620676]], "S_Q": [[1.0026520902827538]], "S_T_Ks": [[0.00038483342499103174]], "S_T_Q": [[0.9904454741556933]]}