{"S_Ks": [[0.00029147248478457547]], "S_Q": [[1.002652095315661]], "S_T_Ks": [[0.0003848333608580673]], "S_T_Q": [[0.9904454743156123]]}