{"S_min_Ks": [[-0.0002652059783183258]], "S_min_Q": [[0.9300361772874828]], "S_Ks": [[0.00029147254847620676]], "S_Q": [[1.0026520902827538]], "S_max_Ks": [[0.0008879507704851921]], "S_max_Q": [[1.0798943855625667]], "S_T_min_Ks": [[-0.05470684231979143]], "S_T_min_Q": [[0.9313253135794155]], "S_T_Ks": [[0.00038483342499103174]], "S_T_Q": [[0.9904454741556933]], "S_T_max_Ks": [[0.03690315421585785]], "S_T_max_Q": [[1.0341576797461165]]}