{"S_min_Ks": [[-0.0002652060130117563]], "S_min_Q": [[0.9300361805297104]], "S_Ks": [[0.0002914724826348437]], "S_Q": [[1.0026520886256884]], "S_max_Ks": [[0.0008879506575826133]], "S_max_Q": [[1.0798943818779998]], "S_T_min_Ks": [[-0.05470684112611336]], "S_T_min_Q": [[0.9313253147223706]], "S_T_Ks": [[0.0003848333858210284]], "S_T_Q": [[0.9904454740834979]], "S_T_max_Ks": [[0.036903154821825844]], "S_T_max_Q": [[1.0341576793903302]]}