{"Min": [[12.210070313353574]], "SD_min": [[13.33507751683566]], "Mean": [[13.678012805318712]], "SD_max": [[14.020948093801763]], "Max": [[14.394011174209757]]}