{"Min": [[11.402922446134019]], "SD_min": [[13.344476045923557]], "Mean": [[13.679207472544023]], "SD_max": [[14.01393889916449]], "Max": [[14.428307842879851]]}