{"Min": [[11.402922492369774]], "SD_min": [[13.344476046146262]], "Mean": [[13.679207471458792]], "SD_max": [[14.013938896771322]], "Max": [[14.42830785927645]]}