{"Min": [[0.9475176121828124]], "SD_min": [[11.724948902216719]], "Mean": [[13.14620100266282]], "SD_max": [[14.567453103108923]], "Max": [[15.205854706280254]]}