{"output": [[11.402922492369774, 11.433481940520346, 11.46404138867092, 11.49460083682149, 11.525160284972063, 11.555719733122636, 11.586279181273209, 11.61683862942378, 11.647398077574353, 11.677957525724926, 11.708516973875499, 11.739076422026072, 11.769635870176643, 11.800195318327216, 11.830754766477789, 11.861314214628361, 11.891873662778933, 11.922433110929505, 11.952992559080078, 11.983552007230651, 12.014111455381224, 12.044670903531795, 12.075230351682368, 12.105789799832941, 12.136349247983514, 12.166908696134085, 12.197468144284658, 12.22802759243523, 12.258587040585804, 12.289146488736376, 12.319705936886947, 12.35026538503752, 12.380824833188093, 12.411384281338666, 12.441943729489237, 12.47250317763981, 12.503062625790383, 12.533622073940956, 12.564181522091527, 12.5947409702421, 12.625300418392673, 12.655859866543246, 12.686419314693818, 12.71697876284439, 12.747538210994962, 12.778097659145535, 12.808657107296108, 12.83921655544668, 12.869776003597252, 12.900335451747825, 12.930894899898398, 12.96145434804897, 12.992013796199542, 13.022573244350115, 13.053132692500688, 13.08369214065126, 13.114251588801832, 13.144811036952404, 13.175370485102977, 13.20592993325355, 13.236489381404123, 13.267048829554694, 13.297608277705267, 13.32816772585584, 13.358727174006413, 13.389286622156984, 13.419846070307557, 13.45040551845813, 13.480964966608703, 13.511524414759275, 13.542083862909848, 13.57264331106042, 13.603202759210992, 13.633762207361565, 13.664321655512136, 13.69488110366271, 13.725440551813282, 13.755999999963855, 13.786559448114428, 13.817118896265, 13.847678344415572, 13.878237792566145, 13.908797240716718, 13.939356688867289, 13.969916137017862, 14.000475585168434, 14.031035033319007, 14.06159448146958, 14.092153929620153, 14.122713377770724, 14.153272825921297, 14.18383227407187, 14.214391722222441, 14.244951170373014, 14.275510618523587, 14.30607006667416, 14.336629514824732, 14.367188962975305, 14.397748411125876, 14.42830785927645]], "PDF": [[0.00062975947790356, 0.0005605855477331155, 0.00039540793266712947, 0.00022101512217223622, 9.804574151651062e-05, 3.544791364070103e-05, 1.5029969403043759e-05, 2.3662290919229236e-05, 6.756531290687017e-05, 0.0001660223400786594, 0.00032482731075548013, 0.0005037222588376582, 0.0006189715706259711, 0.0006026806829746973, 0.0004650168976692283, 0.0002845499948800282, 0.00013941494208661185, 6.087737101984399e-05, 4.582607282631656e-05, 9.148519756745024e-05, 0.00020625431135926428, 0.000386869650850227, 0.0005936509409090873, 0.0007706414947651792, 0.0009062494982701155, 0.0010580540378577045, 0.0012963616194226878, 0.001630642224129863, 0.002001030542300069, 0.0023298362123914556, 0.002576679029852028, 0.0027642244963491294, 0.002979265120643448, 0.0033612352315811325, 0.004072979723264405, 0.005269343033705197, 0.007107990681740908, 0.009762868878956162, 0.013319120308179616, 0.01758783836003683, 0.022106886966486328, 0.026476590654694012, 0.030771806793489915, 0.03559256176479314, 0.04163895869170818, 0.04919817884931811, 0.05806301722200349, 0.06797951202994917, 0.07914054331437792, 0.0921637428377655, 0.10764098616671983, 0.1259770691774713, 0.14785032668247944, 0.17456137694184964, 0.20739793331035528, 0.24650746652729683, 0.29075582866986044, 0.3388603999782243, 0.3903819229670832, 0.44557473607289166, 0.5045564707709558, 0.5665343933273855, 0.6296330278875618, 0.6917241604167278, 0.7514208187843356, 0.8077330381503606, 0.8589408049282224, 0.9027505307754258, 0.9379019487773248, 0.9654844363885685, 0.9886895831440139, 1.0106826835148321, 1.0316282857309886, 1.0478001321685129, 1.054620029515097, 1.050946581220741, 1.0401838198927555, 1.0276104672117163, 1.0169494332692166, 1.0086086163143442, 1.000322172409705, 0.9896965714833661, 0.9763420687477312, 0.9614860290573487, 0.9460339473452302, 0.9289987250757921, 0.9065558166901935, 0.8721613442943875, 0.8190608303961348, 0.7443826917655314, 0.651321550175358, 0.547350429546157, 0.4406120837760293, 0.3379663249989318, 0.24514471813887725, 0.16685454890893536, 0.10584425346511181, 0.06213931735778657, 0.03346095524146414, 0.01634873104849511]]}