{"output": [[11.402922446134019, 11.433481894585997, 11.464041343037975, 11.494600791489953, 11.52516023994193, 11.555719688393909, 11.586279136845887, 11.616838585297865, 11.647398033749843, 11.677957482201823, 11.7085169306538, 11.739076379105779, 11.769635827557757, 11.800195276009735, 11.830754724461713, 11.86131417291369, 11.891873621365669, 11.922433069817647, 11.952992518269625, 11.983551966721603, 12.01411141517358, 12.044670863625559, 12.075230312077537, 12.105789760529515, 12.136349208981493, 12.16690865743347, 12.19746810588545, 12.228027554337428, 12.258587002789406, 12.289146451241384, 12.319705899693362, 12.35026534814534, 12.380824796597318, 12.411384245049296, 12.441943693501274, 12.472503141953252, 12.50306259040523, 12.533622038857208, 12.564181487309186, 12.594740935761164, 12.625300384213142, 12.655859832665122, 12.6864192811171, 12.716978729569078, 12.747538178021056, 12.778097626473034, 12.808657074925012, 12.83921652337699, 12.869775971828968, 12.900335420280946, 12.930894868732924, 12.961454317184902, 12.99201376563688, 13.022573214088858, 13.053132662540836, 13.083692110992814, 13.114251559444792, 13.14481100789677, 13.175370456348748, 13.205929904800728, 13.236489353252706, 13.267048801704684, 13.297608250156662, 13.32816769860864, 13.358727147060618, 13.389286595512596, 13.419846043964574, 13.450405492416552, 13.48096494086853, 13.511524389320508, 13.542083837772486, 13.572643286224464, 13.603202734676442, 13.633762183128422, 13.6643216315804, 13.694881080032378, 13.725440528484356, 13.755999976936334, 13.786559425388312, 13.81711887384029, 13.847678322292268, 13.878237770744246, 13.908797219196224, 13.939356667648202, 13.96991611610018, 14.000475564552158, 14.031035013004136, 14.061594461456114, 14.092153909908092, 14.12271335836007, 14.153272806812048, 14.183832255264026, 14.214391703716004, 14.244951152167983, 14.275510600619961, 14.30607004907194, 14.336629497523917, 14.367188945975895, 14.397748394427873, 14.428307842879851]], "PDF": [[0.000629759741912014, 0.0005605857267634209, 0.00039540794047070014, 0.00022101501598032394, 9.804562468060033e-05, 3.544783487875756e-05, 1.5029911010738824e-05, 2.3662201395351393e-05, 6.756514202792681e-05, 0.00016602209003134817, 0.000324827084019026, 0.0005037222128793503, 0.000618971766036786, 0.0006026809980874104, 0.0004650171439186424, 0.00028455008860262465, 0.00013941492340495878, 6.087729684049004e-05, 4.582594232304291e-05, 9.148497483109175e-05, 0.0002062540047874967, 0.0003868693568033029, 0.0005936507612992393, 0.000770641390966689, 0.0009062492960226414, 0.0010580536212858088, 0.001296361062304652, 0.001630641706657499, 0.002001030194055282, 0.0023298360380627414, 0.0025766789251834518, 0.002764224288030496, 0.0029792645902716715, 0.0033612341600662544, 0.0040729779272676205, 0.005269340288547969, 0.007107986696264394, 0.009762863624270935, 0.013319114418612107, 0.017587832884394628, 0.02210688243214014, 0.02647658639674339, 0.03077180138791523, 0.035592554243191354, 0.04163894932448731, 0.04919816865182494, 0.05806300664968008, 0.06797950029119093, 0.07914052914394525, 0.09216372571168215, 0.10764096611549451, 0.12597704528641376, 0.14785029675048902, 0.17456133965414644, 0.2073978903317787, 0.2465074211238557, 0.29075578228943466, 0.33886035131082043, 0.3903818700624341, 0.445574678447293, 0.5045564102047162, 0.5665343331786642, 0.6296329705340417, 0.691724105729506, 0.751420766724548, 0.8077329914614658, 0.8589407668828978, 0.9027505011822078, 0.9379019233373936, 0.9654844093227887, 0.9886895517579535, 1.0106826523004981, 1.0316282643238563, 1.0478001264622145, 1.0546200355086681, 1.0509465890443506, 1.040183822381102, 1.0276104639655421, 1.0169494292928039, 1.0086086177973224, 1.0003221816463213, 0.9896965857487654, 0.97634208484409, 0.961486047220473, 0.9460339712636493, 0.9289987615486174, 0.9065558744127531, 0.8721614282202267, 0.8190609354946256, 0.7443828040882905, 0.6513216550396326, 0.5473505179216062, 0.4406121515399252, 0.33796636974556765, 0.24514473948391993, 0.1668545506308675, 0.10584424282691697, 0.06213930186361705, 0.03346094026665149, 0.016348719428278632]]}