{"output": [[0.9475176121828124, 1.0915412191938976, 1.235564826204983, 1.3795884332160682, 1.5236120402271536, 1.6676356472382388, 1.811659254249324, 1.9556828612604094, 2.0997064682714948, 2.2437300752825795, 2.387753682293665, 2.5317772893047503, 2.6758008963158355, 2.819824503326921, 2.9638481103380063, 3.1078717173490915, 3.2518953243601767, 3.395918931371262, 3.539942538382347, 3.6839661453934327, 3.827989752404518, 3.972013359415603, 4.116036966426688, 4.260060573437773, 4.404084180448859, 4.548107787459944, 4.69213139447103, 4.836155001482115, 4.9801786084932, 5.124202215504285, 5.268225822515371, 5.412249429526455, 5.556273036537541, 5.700296643548627, 5.844320250559711, 5.988343857570797, 6.132367464581882, 6.276391071592967, 6.420414678604053, 6.564438285615138, 6.708461892626223, 6.852485499637308, 6.996509106648394, 7.140532713659479, 7.284556320670564, 7.42857992768165, 7.5726035346927345, 7.71662714170382, 7.860650748714905, 8.00467435572599, 8.148697962737076, 8.29272156974816, 8.436745176759246, 8.580768783770331, 8.724792390781417, 8.868815997792503, 9.012839604803588, 9.156863211814672, 9.300886818825758, 9.444910425836843, 9.588934032847929, 9.732957639859015, 9.876981246870098, 10.021004853881184, 10.16502846089227, 10.309052067903355, 10.453075674914441, 10.597099281925525, 10.74112288893661, 10.885146495947696, 11.029170102958782, 11.173193709969867, 11.317217316980951, 11.461240923992037, 11.605264531003122, 11.749288138014208, 11.893311745025294, 12.037335352036378, 12.181358959047463, 12.325382566058549, 12.469406173069634, 12.61342978008072, 12.757453387091804, 12.90147699410289, 13.045500601113975, 13.18952420812506, 13.333547815136146, 13.47757142214723, 13.621595029158316, 13.765618636169402, 13.909642243180487, 14.053665850191573, 14.197689457202657, 14.341713064213742, 14.485736671224828, 14.629760278235914, 14.773783885246997, 14.917807492258083, 15.061831099269169, 15.205854706280254]], "PDF": [[0.00020763087406156525, 0.00015677786462104984, 6.749369162528309e-05, 1.6566365781996947e-05, 2.3183389670353263e-06, 1.8497466481619047e-07, 8.414595120426992e-09, 2.1836430846287374e-10, 1.5405131817440482e-11, 6.954266160060336e-10, 2.2643701321250763e-08, 4.2059212914076844e-07, 4.461384935755258e-06, 2.7126428005088254e-05, 9.568303343231573e-05, 0.0002030107866188841, 0.0002837322052605628, 0.0003004175458168966, 0.0002528870415285319, 0.00015210150803558468, 6.747168815015186e-05, 6.72531920205075e-05, 0.0001658129310380506, 0.00033055643063637386, 0.0005115221724445651, 0.000658147804092507, 0.0007137036037496557, 0.0007531487536142226, 0.000936070620062284, 0.0012893744631871495, 0.0017334110523273395, 0.0021000349406079814, 0.002218123757578114, 0.002056567563355515, 0.0018468701568309367, 0.0020542856603606523, 0.00273751114098014, 0.00335150051807842, 0.0038055743541827282, 0.004654617346021668, 0.005722946612134567, 0.006451238241463634, 0.00710663410012858, 0.007750523430493192, 0.007811257233747376, 0.0076405030762819945, 0.008349700492252709, 0.009752338208192504, 0.01072541653876851, 0.011001111925610997, 0.011108005019203398, 0.011540683321769322, 0.012465350890832385, 0.013727307990910955, 0.01454665263743513, 0.014437454324190314, 0.014374093115805875, 0.015487755170542386, 0.017477393172790137, 0.019472593372805234, 0.02170922208976551, 0.024442960205666008, 0.026836975573252833, 0.02853294600460038, 0.02975331764411197, 0.030302407800008344, 0.03027254899903679, 0.030754420892763396, 0.032586797093481376, 0.03563335829779123, 0.03939211452204137, 0.04358589488786893, 0.04878930038756874, 0.05505918766317827, 0.061331634634439205, 0.06687023408832915, 0.07146178964423018, 0.07636819642651244, 0.0845425663369598, 0.097613102835382, 0.11414924083525568, 0.13385348270764916, 0.16260571680604102, 0.2061179100190541, 0.26400905698889665, 0.33827871792738523, 0.434063704116854, 0.5426220854291443, 0.6315085080899393, 0.6621653844129982, 0.6200546456109947, 0.521851760251277, 0.39928890926398836, 0.28170853831298426, 0.1860847957626175, 0.11634870484061763, 0.06848026371798405, 0.03684007035906631, 0.01727924440557199, 0.006665599024175269]]}