{"output": [[12.210070313353574, 12.232130322049091, 12.254190330744608, 12.276250339440125, 12.298310348135642, 12.320370356831159, 12.342430365526676, 12.364490374222193, 12.38655038291771, 12.408610391613227, 12.430670400308744, 12.45273040900426, 12.474790417699777, 12.496850426395294, 12.518910435090811, 12.540970443786328, 12.563030452481847, 12.585090461177364, 12.607150469872881, 12.629210478568398, 12.651270487263915, 12.673330495959432, 12.695390504654949, 12.717450513350466, 12.739510522045983, 12.7615705307415, 12.783630539437016, 12.805690548132533, 12.82775055682805, 12.849810565523567, 12.871870574219084, 12.893930582914601, 12.915990591610118, 12.938050600305635, 12.960110609001152, 12.982170617696669, 13.004230626392186, 13.026290635087703, 13.04835064378322, 13.070410652478737, 13.092470661174254, 13.11453066986977, 13.136590678565288, 13.158650687260804, 13.180710695956321, 13.202770704651838, 13.224830713347355, 13.246890722042874, 13.26895073073839, 13.291010739433908, 13.313070748129423, 13.335130756824942, 13.357190765520459, 13.379250774215976, 13.401310782911493, 13.42337079160701, 13.445430800302526, 13.467490808998043, 13.48955081769356, 13.511610826389077, 13.533670835084594, 13.555730843780111, 13.577790852475628, 13.599850861171145, 13.621910869866662, 13.643970878562179, 13.666030887257696, 13.688090895953213, 13.71015090464873, 13.732210913344247, 13.754270922039764, 13.77633093073528, 13.798390939430798, 13.820450948126314, 13.842510956821831, 13.864570965517348, 13.886630974212865, 13.908690982908382, 13.930750991603901, 13.952811000299416, 13.974871008994935, 13.99693101769045, 14.018991026385969, 14.041051035081486, 14.063111043777003, 14.08517105247252, 14.107231061168036, 14.129291069863553, 14.15135107855907, 14.173411087254587, 14.195471095950104, 14.217531104645621, 14.239591113341138, 14.261651122036655, 14.283711130732172, 14.305771139427689, 14.327831148123206, 14.349891156818723, 14.37195116551424, 14.394011174209757]], "PDF": [[0.007244358983607533, 0.00812059908151113, 0.008903302369880404, 0.009677263358678672, 0.010547635819653067, 0.011621195549305229, 0.012997045418973464, 0.01475633421601631, 0.016938279386633955, 0.019502753941855643, 0.022298347132027704, 0.02506342962673564, 0.027476619621488226, 0.029246657422974866, 0.030206951779191304, 0.030374312295549013, 0.029948638171299884, 0.02925786240781816, 0.028672158884819707, 0.028515429304580887, 0.02899667012787239, 0.030178578479084287, 0.03199660298369072, 0.03433149595875425, 0.03711851134831724, 0.04045402040978141, 0.04464963665167247, 0.0501955668665973, 0.05762927387034498, 0.06735178206466996, 0.07947087595725427, 0.09375213784039459, 0.10971124092853285, 0.1268025089022817, 0.14460016182536917, 0.16287771769065676, 0.181566621870962, 0.20065933872207206, 0.22014818825879878, 0.24004471945258346, 0.26045348416619574, 0.2816387944288059, 0.3040403366742008, 0.328233314636956, 0.3548541425451148, 0.38451259343598926, 0.41769857101352925, 0.4546839959607074, 0.4954276700270129, 0.5395097872098331, 0.5861335223532581, 0.6342115860078226, 0.6825092227483387, 0.7297818969022906, 0.7748675432050125, 0.8167597373333396, 0.8547307137814142, 0.8885275680302681, 0.9185486942011102, 0.9458264488402793, 0.9717022654792071, 0.9972759018861551, 1.0228987924345796, 1.047994147951876, 1.0712883902312105, 1.0912797515402644, 1.106659537042133, 1.1165151645310425, 1.1203570678762096, 1.118126691354662, 1.1102771853944828, 1.0978620862156818, 1.082475533016079, 1.065938202942641, 1.0497741823486069, 1.0346746757523952, 1.0202072930510728, 1.0049594299558027, 0.9871097317845534, 0.9651851729303513, 0.9386267158319552, 0.9078705422231212, 0.873929750100767, 0.8377515226337586, 0.799722730496515, 0.7595482850002824, 0.7164686642079798, 0.6696153525025872, 0.6183175437031723, 0.5623026383821828, 0.5018385660574232, 0.43786482693225587, 0.3720769836131469, 0.3068595486446994, 0.24498327961118388, 0.18909749905650355, 0.141180891864007, 0.10216741439964296, 0.07189166230876087, 0.049343531104517994]]}