{"S_Ks": [[0.7289944763336974]], "S_Q": [[0.20770448497737165]], "S_T_Ks": [[0.7349474218182676]], "S_T_Q": [[0.25549183532578396]]}