{"S_min_Ks": [[0.6797968332532305]], "S_min_Q": [[0.22665550401897522]], "S_Ks": [[0.7138161685868488]], "S_Q": [[0.24394092641881268]], "S_max_Ks": [[0.7397976692306416]], "S_max_Q": [[0.26324557819681]], "S_T_min_Ks": [[0.7057524868750678]], "S_T_min_Q": [[0.24483613855153646]], "S_T_Ks": [[0.7533220351121964]], "S_T_Q": [[0.274513255785727]], "S_T_max_Ks": [[0.7890539493116384]], "S_T_max_Q": [[0.2937104190036663]]}