{"S_min_Ks": [[0.6797968266170772]], "S_min_Q": [[0.22665551341948287]], "S_Ks": [[0.7138161613529723]], "S_Q": [[0.24394093582433218]], "S_max_Ks": [[0.7397976621037713]], "S_max_Q": [[0.2632455880365728]], "S_T_min_Ks": [[0.705752477905219]], "S_T_min_Q": [[0.24483614578621138]], "S_T_Ks": [[0.7533220262063073]], "S_T_Q": [[0.27451326318968683]], "S_T_max_Ks": [[0.789053940450022]], "S_T_max_Q": [[0.2937104268382605]]}