{"S_min_Ks": [[0.08212701682066008]], "S_min_Q": [[0.7755103811683666]], "S_Ks": [[0.09287844194434836]], "S_Q": [[0.8508551468746134]], "S_max_Ks": [[0.10392744272621571]], "S_max_Q": [[0.9207487161599269]], "S_T_min_Ks": [[0.06256570391559457]], "S_T_min_Q": [[0.8598419103908124]], "S_T_Ks": [[0.13748042454315587]], "S_T_Q": [[0.9194817285045583]], "S_T_max_Ks": [[0.18744194023552058]], "S_T_max_Q": [[0.9657878668480319]]}