{"S_min_Ks": [[0.6259367516503581]], "S_min_Q": [[0.1641013975910673]], "S_Ks": [[0.7289944763336974]], "S_Q": [[0.20770448497737165]], "S_max_Ks": [[0.8188767458477847]], "S_max_Q": [[0.25968301879928896]], "S_T_min_Ks": [[0.5966596345989726]], "S_T_min_Q": [[0.1728511201315755]], "S_T_Ks": [[0.7349474218182676]], "S_T_Q": [[0.25549183532578396]], "S_T_max_Ks": [[0.8498144309641911]], "S_T_max_Q": [[0.3383645326126825]]}