{"S_Ks": [[0.7138161613529723]], "S_Q": [[0.24394093582433218]], "S_T_Ks": [[0.7533220262063073]], "S_T_Q": [[0.27451326318968683]]}