{"S_Ks": [[0.7138161685868488]], "S_Q": [[0.24394092641881268]], "S_T_Ks": [[0.7533220351121964]], "S_T_Q": [[0.274513255785727]]}