{"S_Ks": [[0.09287844194434836]], "S_Q": [[0.8508551468746134]], "S_T_Ks": [[0.13748042454315587]], "S_T_Q": [[0.9194817285045583]]}