{"Min": [[9.032413892811896]], "SD_min": [[12.112486847627217]], "Mean": [[12.919562985781617]], "SD_max": [[13.726639123936017]], "Max": [[14.206145560367581]]}