{"Min": [[7.702679145463428]], "SD_min": [[12.050132208636015]], "Mean": [[13.200787002293605]], "SD_max": [[14.351441795951196]], "Max": [[14.463798537362031]]}