{"Min": [[9.032413666232465]], "SD_min": [[12.112486844746226]], "Mean": [[12.919562986724923]], "SD_max": [[13.72663912870362]], "Max": [[14.206145601556152]]}