{"Min": [[9.032413720582333]], "SD_min": [[12.112486845404527]], "Mean": [[12.91956298639542]], "SD_max": [[13.726639127386312]], "Max": [[14.206145593848198]]}