{"output": [[7.702679145463428, 7.770973280735131, 7.839267416006834, 7.907561551278537, 7.97585568655024, 8.044149821821943, 8.112443957093646, 8.180738092365349, 8.249032227637052, 8.317326362908755, 8.385620498180458, 8.453914633452161, 8.522208768723864, 8.590502903995567, 8.65879703926727, 8.727091174538973, 8.795385309810676, 8.86367944508238, 8.931973580354082, 9.000267715625785, 9.068561850897488, 9.136855986169191, 9.205150121440894, 9.273444256712597, 9.3417383919843, 9.410032527256005, 9.478326662527708, 9.546620797799411, 9.614914933071114, 9.683209068342817, 9.75150320361452, 9.819797338886223, 9.888091474157926, 9.95638560942963, 10.024679744701332, 10.092973879973036, 10.161268015244739, 10.229562150516442, 10.297856285788145, 10.366150421059848, 10.43444455633155, 10.502738691603254, 10.571032826874957, 10.63932696214666, 10.707621097418363, 10.775915232690066, 10.844209367961769, 10.912503503233472, 10.980797638505175, 11.049091773776878, 11.117385909048581, 11.185680044320284, 11.253974179591987, 11.32226831486369, 11.390562450135393, 11.458856585407096, 11.527150720678799, 11.595444855950502, 11.663738991222205, 11.73203312649391, 11.800327261765613, 11.868621397037316, 11.936915532309019, 12.005209667580722, 12.073503802852425, 12.141797938124128, 12.210092073395831, 12.278386208667534, 12.346680343939237, 12.41497447921094, 12.483268614482643, 12.551562749754346, 12.61985688502605, 12.688151020297752, 12.756445155569455, 12.824739290841158, 12.893033426112861, 12.961327561384564, 13.029621696656267, 13.09791583192797, 13.166209967199674, 13.234504102471377, 13.30279823774308, 13.371092373014783, 13.439386508286486, 13.507680643558189, 13.575974778829892, 13.644268914101595, 13.712563049373298, 13.780857184645, 13.849151319916704, 13.917445455188407, 13.98573959046011, 14.054033725731813, 14.122327861003516, 14.190621996275219, 14.258916131546922, 14.327210266818625, 14.395504402090328, 14.463798537362031]], "PDF": [[0.0011258291322182457, 0.0017026753268015087, 0.0021856845259991126, 0.0024726055943730604, 0.002663737051723014, 0.003063764506502048, 0.003996839810464157, 0.005513044558978051, 0.007179235516973002, 0.008320904226815674, 0.008702123041061384, 0.008733437294006434, 0.00884523405063151, 0.009140453184295315, 0.009694874263139449, 0.010596765537662782, 0.011681571818682804, 0.01255828462727778, 0.012933560262712354, 0.012908501834179156, 0.012886936925043665, 0.01316006438401818, 0.01375035271202895, 0.014638830832398296, 0.015933003531404175, 0.017817304739744227, 0.020453621375904354, 0.023735450223931573, 0.02692986164048891, 0.028971998404577134, 0.029455418680596285, 0.028962728904007515, 0.028351417514944396, 0.028148713257253648, 0.02857282277593144, 0.029699176018701496, 0.03144614517074454, 0.03353576683895765, 0.035816526788646476, 0.038525027962427225, 0.04163404766391822, 0.044313673610225764, 0.04578928570788466, 0.04627593559441127, 0.046625222345681644, 0.047525038631985365, 0.049140488562891486, 0.05112140309579557, 0.052936802240287316, 0.054288355786011815, 0.05516815353334804, 0.0557679437513848, 0.05642281183249362, 0.05727203807789719, 0.05796018501384874, 0.05803002924156094, 0.05753589611549341, 0.05706405652520529, 0.05722117049207606, 0.05831669598015917, 0.06070507961850104, 0.06485071723018832, 0.07050484198022085, 0.07647988370882301, 0.08183357804513712, 0.08698227058594747, 0.09306755429777523, 0.1000051035865649, 0.10619055678301696, 0.11107625742292514, 0.11658377893882943, 0.1247102163698544, 0.13553778807386668, 0.1487474056826452, 0.16481413844853002, 0.1831907169734656, 0.20169818143545337, 0.2196790461136502, 0.2400014489625236, 0.2668651878127344, 0.3031241116555164, 0.34955726287101013, 0.404462098979225, 0.4635228839793514, 0.5211780754612676, 0.5721045392196363, 0.6131872883915822, 0.6471877896349355, 0.6812275102617495, 0.7166052130247603, 0.7430290497089607, 0.7469368102738445, 0.7225307722055815, 0.6720475221406463, 0.5994790737827401, 0.5077087240348693, 0.4006157436197538, 0.2868814613035209, 0.18081978558899134, 0.09711727250781399]]}