{"output": [[9.032413720582333, 9.08467363849411, 9.136933556405886, 9.189193474317662, 9.241453392229438, 9.293713310141216, 9.345973228052992, 9.398233145964769, 9.450493063876545, 9.502752981788321, 9.555012899700097, 9.607272817611873, 9.65953273552365, 9.711792653435428, 9.764052571347204, 9.81631248925898, 9.868572407170756, 9.920832325082532, 9.973092242994309, 10.025352160906085, 10.077612078817861, 10.129871996729637, 10.182131914641415, 10.234391832553191, 10.286651750464967, 10.338911668376744, 10.39117158628852, 10.443431504200296, 10.495691422112072, 10.54795134002385, 10.600211257935626, 10.652471175847403, 10.704731093759179, 10.756991011670955, 10.809250929582731, 10.861510847494507, 10.913770765406284, 10.96603068331806, 11.018290601229838, 11.070550519141614, 11.12281043705339, 11.175070354965166, 11.227330272876943, 11.279590190788719, 11.331850108700495, 11.384110026612273, 11.43636994452405, 11.488629862435825, 11.540889780347602, 11.593149698259378, 11.645409616171154, 11.69766953408293, 11.749929451994706, 11.802189369906483, 11.854449287818259, 11.906709205730037, 11.958969123641813, 12.01122904155359, 12.063488959465365, 12.115748877377142, 12.168008795288918, 12.220268713200696, 12.272528631112472, 12.324788549024248, 12.377048466936024, 12.4293083848478, 12.481568302759577, 12.533828220671353, 12.58608813858313, 12.638348056494905, 12.690607974406682, 12.742867892318458, 12.795127810230236, 12.847387728142012, 12.899647646053788, 12.951907563965564, 13.00416748187734, 13.056427399789118, 13.108687317700895, 13.16094723561267, 13.213207153524447, 13.265467071436223, 13.317726989348, 13.369986907259776, 13.422246825171552, 13.474506743083328, 13.526766660995104, 13.57902657890688, 13.631286496818657, 13.683546414730435, 13.73580633264221, 13.788066250553987, 13.840326168465763, 13.892586086377541, 13.944846004289317, 13.997105922201094, 14.04936584011287, 14.101625758024646, 14.153885675936422, 14.206145593848198]], "PDF": [[0.0005550901552191583, 0.0006335353977922006, 0.0008384203042840597, 0.0012991818014397567, 0.0018623915965933376, 0.002263348402815146, 0.0024078836218068985, 0.0024490664797603813, 0.002542223928697551, 0.002684109712639436, 0.002996510128178491, 0.003866452489863887, 0.005565463993305845, 0.00770975331677366, 0.009242482122172869, 0.009566975589438304, 0.009472264213208553, 0.009931059871897845, 0.010811237140538416, 0.011692765660807777, 0.012538430659587974, 0.013245674466100008, 0.013983357981731347, 0.015402478007891785, 0.017302430498479196, 0.01850157589351013, 0.018773403321568485, 0.019339478356787593, 0.021385266646103757, 0.024871547120307935, 0.02855675954749543, 0.03129658102871231, 0.03356317624243386, 0.03689064665457746, 0.04170746907763899, 0.0466952317277994, 0.0502528068794271, 0.051995880838668976, 0.052785445800673236, 0.05387650386207757, 0.05649815325924461, 0.061428907635564335, 0.06841825253721054, 0.07591944399006882, 0.0817570718566321, 0.08586160027590803, 0.0916854767848162, 0.10166658409136713, 0.1129972297704281, 0.12129163357211134, 0.12543889585892617, 0.1268273075641255, 0.12732795079298492, 0.12998465842622892, 0.13819778278051928, 0.15142296561498342, 0.16463320107764404, 0.17407621283666624, 0.18184544744728628, 0.19321663649337684, 0.20947060691796351, 0.22528950977280546, 0.23470653491602772, 0.2383172708924207, 0.24312984451419686, 0.25569690465476924, 0.276908358530106, 0.3033918085926434, 0.33081788825806385, 0.35575302920717417, 0.3771564751811034, 0.3951548595636208, 0.40965278667541316, 0.4236274234452072, 0.4418701559186861, 0.46440135996672643, 0.4891950337425605, 0.5180145136731407, 0.5523349227467695, 0.5865708550944017, 0.6092548416380289, 0.6134740517326484, 0.6071683993088258, 0.6083054054875585, 0.6257508284398796, 0.6488203706413163, 0.659569085430428, 0.6490755844636101, 0.6190735583203233, 0.5764921986621263, 0.5275162554118452, 0.47314738821651314, 0.4121921380949385, 0.34499178736629843, 0.2726850046496631, 0.19901834527779774, 0.1320780387400659, 0.07935829708506549, 0.04272324796143004, 0.019903528126440754]]}