{"output": [[9.032413666232465, 9.084673584771087, 9.136933503309711, 9.189193421848334, 9.241453340386958, 9.29371325892558, 9.345973177464204, 9.398233096002826, 9.450493014541449, 9.502752933080073, 9.555012851618695, 9.60727277015732, 9.659532688695942, 9.711792607234566, 9.764052525773188, 9.816312444311812, 9.868572362850434, 9.920832281389057, 9.973092199927681, 10.025352118466303, 10.077612037004927, 10.12987195554355, 10.182131874082174, 10.234391792620796, 10.286651711159418, 10.338911629698043, 10.391171548236665, 10.443431466775289, 10.495691385313911, 10.547951303852535, 10.600211222391158, 10.65247114092978, 10.704731059468404, 10.756990978007027, 10.80925089654565, 10.861510815084273, 10.913770733622897, 10.96603065216152, 11.018290570700142, 11.070550489238766, 11.122810407777388, 11.175070326316012, 11.227330244854635, 11.279590163393259, 11.331850081931881, 11.384110000470503, 11.436369919009127, 11.488629837547752, 11.540889756086374, 11.593149674624996, 11.64540959316362, 11.697669511702243, 11.749929430240865, 11.802189348779489, 11.854449267318113, 11.906709185856736, 11.958969104395358, 12.011229022933982, 12.063488941472604, 12.115748860011227, 12.16800877854985, 12.220268697088475, 12.272528615627097, 12.32478853416572, 12.377048452704344, 12.429308371242966, 12.481568289781588, 12.533828208320212, 12.586088126858836, 12.638348045397459, 12.690607963936081, 12.742867882474705, 12.795127801013328, 12.847387719551952, 12.899647638090574, 12.951907556629198, 13.00416747516782, 13.056427393706443, 13.108687312245067, 13.160947230783691, 13.213207149322312, 13.265467067860936, 13.31772698639956, 13.369986904938182, 13.422246823476804, 13.474506742015429, 13.526766660554053, 13.579026579092673, 13.631286497631297, 13.683546416169921, 13.735806334708544, 13.788066253247166, 13.84032617178579, 13.892586090324414, 13.944846008863037, 13.997105927401659, 14.049365845940283, 14.101625764478905, 14.153885683017528, 14.206145601556152]], "PDF": [[0.0005550901235457913, 0.0006335353057744642, 0.0008384201269487561, 0.0012991815683347, 0.0018623913823625196, 0.0022633482707027346, 0.0024078835710147403, 0.002449066478235452, 0.002542223962862551, 0.002684109671192535, 0.002996509763135954, 0.003866451648744859, 0.005565462840376449, 0.007709752353584168, 0.009242481767494898, 0.00956697554727575, 0.009472263806659578, 0.009931059023725035, 0.010811236197353953, 0.011692764667367385, 0.012538429643197664, 0.013245673615780558, 0.013983357065086343, 0.01540247671616563, 0.01730242928069921, 0.018501575242285528, 0.01877340280767592, 0.019339477126715875, 0.021385264372518194, 0.024871544343162265, 0.028556757209804932, 0.03129657938993692, 0.03356317443735135, 0.03689064383913934, 0.04170746561973304, 0.04669522882718917, 0.05025280529260885, 0.05199588028700806, 0.05278544549664255, 0.0538765030112942, 0.056498151227885214, 0.061428904267013015, 0.06841824831122621, 0.07591944005391259, 0.0817570691942389, 0.08586159801379979, 0.09168547290997868, 0.10166657863402026, 0.11299722493478798, 0.12129163078570428, 0.12543889483981843, 0.1268273074608015, 0.12732795052966925, 0.12998465649902616, 0.13819777851377985, 0.15142296037067346, 0.16463319686129652, 0.1740762100118352, 0.18184544447318884, 0.19321663198965838, 0.20947060162320183, 0.22528950577461068, 0.23470653307488915, 0.23831726977408224, 0.24312984195100648, 0.2556968998048513, 0.27690835205955944, 0.3033918016042488, 0.3308178817123853, 0.35575302355065386, 0.37715647030935484, 0.3951548554980213, 0.4096527832387538, 0.42362741964172346, 0.44187015126337115, 0.4644013550053158, 0.48919502863068015, 0.5180145081792575, 0.5523349174614326, 0.5865708514164578, 0.6092548405942632, 0.613474052986486, 0.6071684014041691, 0.6083054072311752, 0.6257508298844965, 0.6488203724052654, 0.6595690875239025, 0.6490755862731665, 0.6190735591925611, 0.5764921982013933, 0.5275162534175825, 0.4731473845332342, 0.4121921327560684, 0.3449917806545129, 0.27268499702669213, 0.1990183376162722, 0.13207803224987552, 0.0793582925651105, 0.04272324533960378, 0.019903526824050964]]}