{"S_Ks": [[0.4962092941167759]], "S_Q": [[0.4487621876525805]], "S_T_Ks": [[0.5675312785146995]], "S_T_Q": [[0.5113335563428019]]}