{"S_min_Ks": [[0.4656396235911626]], "S_min_Q": [[0.41917782941431864]], "S_Ks": [[0.4962092941167759]], "S_Q": [[0.4487621876525805]], "S_max_Ks": [[0.5186319642763448]], "S_max_Q": [[0.4741022615197097]], "S_T_min_Ks": [[0.531958421965229]], "S_T_min_Q": [[0.4757194452236303]], "S_T_Ks": [[0.5675312785146995]], "S_T_Q": [[0.5113335563428019]], "S_T_max_Ks": [[0.6043854500556122]], "S_T_max_Q": [[0.541755744756564]]}