{"S_Ks": [[0.49620929454143764]], "S_Q": [[0.44876218743768154]], "S_T_Ks": [[0.567531278733874]], "S_T_Q": [[0.5113335559784968]]}