{"S_min_Ks": [[0.12430127094329796]], "S_min_Q": [[0.7257236818788656]], "S_Ks": [[0.13856611654214232]], "S_Q": [[0.7855440327565844]], "S_max_Ks": [[0.149565025240898]], "S_max_Q": [[0.8324192383041322]], "S_T_min_Ks": [[0.16497103279717706]], "S_T_min_Q": [[0.8196755374154102]], "S_T_Ks": [[0.210433166232666]], "S_T_Q": [[0.8595258510545816]], "S_T_max_Ks": [[0.2550824205644518]], "S_T_max_Q": [[0.901355844312855]]}