{"S_min_Ks": [[0.46563962415959903]], "S_min_Q": [[0.4191778293147377]], "S_Ks": [[0.49620929454143764]], "S_Q": [[0.44876218743768154]], "S_max_Ks": [[0.518631964558824]], "S_max_Q": [[0.474102261294758]], "S_T_min_Ks": [[0.5319584226868886]], "S_T_min_Q": [[0.47571944498540353]], "S_T_Ks": [[0.567531278733874]], "S_T_Q": [[0.5113335559784968]], "S_T_max_Ks": [[0.6043854503351169]], "S_T_max_Q": [[0.5417557442790026]]}