{"S_Ks": [[0.13856611654214232]], "S_Q": [[0.7855440327565844]], "S_T_Ks": [[0.210433166232666]], "S_T_Q": [[0.8595258510545816]]}