{"Min": [[17.403633599926096]], "SD_min": [[19.723844261991346]], "Mean": [[20.596101520156676]], "SD_max": [[21.468358778322006]], "Max": [[22.900527955377655]]}