{"output": [[17.403633599926096, 17.459157785334696, 17.5146819707433, 17.5702061561519, 17.6257303415605, 17.681254526969102, 17.736778712377706, 17.792302897786307, 17.847827083194908, 17.90335126860351, 17.958875454012112, 18.014399639420713, 18.069923824829313, 18.125448010237918, 18.18097219564652, 18.23649638105512, 18.292020566463723, 18.347544751872324, 18.403068937280924, 18.458593122689525, 18.51411730809813, 18.56964149350673, 18.62516567891533, 18.68068986432393, 18.736214049732535, 18.791738235141136, 18.847262420549736, 18.90278660595834, 18.95831079136694, 19.01383497677554, 19.069359162184142, 19.124883347592746, 19.180407533001347, 19.235931718409947, 19.29145590381855, 19.346980089227152, 19.402504274635753, 19.458028460044353, 19.513552645452958, 19.569076830861558, 19.62460101627016, 19.680125201678763, 19.735649387087363, 19.791173572495964, 19.846697757904565, 19.90222194331317, 19.95774612872177, 20.01327031413037, 20.068794499538974, 20.124318684947575, 20.179842870356175, 20.235367055764776, 20.29089124117338, 20.34641542658198, 20.40193961199058, 20.457463797399186, 20.512987982807786, 20.568512168216387, 20.624036353624987, 20.67956053903359, 20.735084724442192, 20.790608909850793, 20.846133095259397, 20.901657280667997, 20.957181466076598, 21.0127056514852, 21.068229836893803, 21.123754022302403, 21.179278207711004, 21.234802393119608, 21.29032657852821, 21.34585076393681, 21.40137494934541, 21.456899134754014, 21.512423320162615, 21.567947505571215, 21.62347169097982, 21.67899587638842, 21.73452006179702, 21.79004424720562, 21.845568432614225, 21.901092618022826, 21.956616803431427, 22.01214098884003, 22.06766517424863, 22.123189359657232, 22.178713545065833, 22.234237730474437, 22.289761915883037, 22.345286101291638, 22.400810286700242, 22.456334472108843, 22.511858657517443, 22.567382842926044, 22.622907028334645, 22.67843121374325, 22.73395539915185, 22.789479584560453, 22.845003769969054, 22.900527955377655]], "PDF": [[0.0003338648120516437, 0.00036402966075207885, 0.0004208513731226644, 0.0005690908709586129, 0.0008593982596457603, 0.0013004105097676863, 0.001861372712559474, 0.002504575659450785, 0.003219896836091757, 0.004030728323067283, 0.004970415385375492, 0.006060237535802253, 0.0073157158763401346, 0.008775650178972989, 0.010529072251895356, 0.01272188628975428, 0.015535613516537816, 0.019136352276894086, 0.023603169716193025, 0.028866304450699754, 0.03470889879151369, 0.040873959454739234, 0.047227681832897085, 0.0538323009367942, 0.06084023351164932, 0.06832285843638788, 0.07623717476717498, 0.0845749446199912, 0.09352519623846037, 0.10345531889004524, 0.11467847732377474, 0.1271630007271162, 0.1404194227236708, 0.1537147495330919, 0.16653173680676328, 0.17895211674063521, 0.19161442543407042, 0.20518969435824067, 0.21974907405439456, 0.23456132973966531, 0.24852628899047763, 0.2609100157798284, 0.27182828820634897, 0.28217208214780826, 0.29307847087636896, 0.30531458809177275, 0.3189285311076179, 0.3332750302728549, 0.3472978045278679, 0.3599073717988847, 0.3703101390455413, 0.3781783248073853, 0.3836830077207638, 0.38745878898609626, 0.3904012033774506, 0.39322553158574425, 0.3961270106521652, 0.39899364505848695, 0.40198765081760834, 0.40573832145665056, 0.4107943073494697, 0.4169012477485922, 0.42288401455407393, 0.42718335160642396, 0.42844279841544275, 0.4257552854474238, 0.4187578207756621, 0.4078087187827977, 0.3940760013229712, 0.3792465811159035, 0.36489282841597687, 0.35183501568035663, 0.3398444027196487, 0.3278416281768458, 0.314483124261642, 0.2988172854895745, 0.2806807880346001, 0.2606857187717249, 0.2398683841112403, 0.21922213287199885, 0.19936788877928915, 0.1805000172396441, 0.16254782393585185, 0.14536975895377804, 0.12884705807538355, 0.11289289233319409, 0.09746999847996665, 0.08264589716906395, 0.06862207358205294, 0.05568391851956424, 0.04410845206666101, 0.034104068717612186, 0.025793512728600216, 0.019190925442950355, 0.0141589967030992, 0.010405154833438238, 0.007567299524126571, 0.005346356950232143, 0.003583586555957697, 0.0022326744427538124]]}