{"S_Ks": [[0.3218389017142525]], "S_Q": [[0.7015762133366761]], "S_T_Ks": [[0.31401524516726903]], "S_T_Q": [[0.7051799927625202]]}