{"S_min_Ks": [[0.3005684842518895]], "S_min_Q": [[0.6678891759190138]], "S_Ks": [[0.3218389017142525]], "S_Q": [[0.7015762133366761]], "S_max_Ks": [[0.3398029054795874]], "S_max_Q": [[0.7303245585927535]], "S_T_min_Ks": [[0.28978734036569326]], "S_T_min_Q": [[0.6710311974119542]], "S_T_Ks": [[0.31401524516726903]], "S_T_Q": [[0.7051799927625202]], "S_T_max_Ks": [[0.3389956294590398]], "S_T_max_Q": [[0.7328718171291323]]}