{"Min": [[5.051868857979268]], "SD_min": [[14.237470821661356]], "Mean": [[16.751310336680646]], "SD_max": [[19.265149851699938]], "Max": [[152.9508165300431]]}