{"output": [[3.895936761960992, 4.384909329848218, 4.873881897735443, 5.36285446562267, 5.851827033509895, 6.340799601397121, 6.829772169284347, 7.318744737171572, 7.807717305058798, 8.296689872946024, 8.78566244083325, 9.274635008720475, 9.7636075766077, 10.252580144494928, 10.741552712382152, 11.23052528026938, 11.719497848156603, 12.20847041604383, 12.697442983931055, 13.186415551818282, 13.675388119705506, 14.164360687592733, 14.653333255479957, 15.142305823367185, 15.631278391254412, 16.120250959141636, 16.609223527028863, 17.098196094916087, 17.587168662803315, 18.07614123069054, 18.565113798577766, 19.05408636646499, 19.543058934352217, 20.032031502239445, 20.52100407012667, 21.009976638013896, 21.49894920590112, 21.987921773788347, 22.47689434167557, 22.9658669095628, 23.454839477450022, 23.94381204533725, 24.432784613224474, 24.9217571811117, 25.410729748998925, 25.899702316886152, 26.388674884773376, 26.877647452660604, 27.36662002054783, 27.855592588435055, 28.344565156322282, 28.833537724209506, 29.322510292096734, 29.811482859983958, 30.300455427871185, 30.78942799575841, 31.278400563645636, 31.76737313153286, 32.25634569942009, 32.74531826730731, 33.234290835194535, 33.72326340308176, 34.21223597096899, 34.701208538856214, 35.19018110674344, 35.67915367463067, 36.16812624251789, 36.65709881040512, 37.14607137829234, 37.635043946179565, 38.124016514066795, 38.61298908195402, 39.10196164984124, 39.59093421772847, 40.0799067856157, 40.56887935350292, 41.057851921390146, 41.54682448927737, 42.0357970571646, 42.524769625051825, 43.01374219293905, 43.50271476082628, 43.9916873287135, 44.48065989660073, 44.96963246448795, 45.45860503237518, 45.947577600262406, 46.43655016814963, 46.925522736036854, 47.414495303924085, 47.90346787181131, 48.39244043969853, 48.881413007585756, 49.37038557547299, 49.85935814336021, 50.348330711247435, 50.837303279134666, 51.32627584702189, 51.815248414909114, 52.30422098279634]], "PDF": [[0.0001827219779493511, 1.7171742991752624e-05, 0.00014101612677582467, 6.705802883144729e-05, 0.0003411840960654944, 0.00025899012203020935, 7.342019937741762e-05, 0.0006177853117521032, 0.0012613890440005193, 0.0010678996446242327, 0.001981881507501787, 0.0031920313181425424, 0.007030318125971879, 0.011216219100107729, 0.013279201683793939, 0.015458201309325795, 0.018194099586404083, 0.022732632304470052, 0.027782956448028643, 0.03539334342795304, 0.04362009209860982, 0.05523473638807749, 0.0699490313106255, 0.08795835700125619, 0.11042059051340446, 0.1358475893131239, 0.16863541797400897, 0.20180998057415112, 0.24997182304053353, 0.3937624083953716, 0.32455625251244763, 0.017278007272242726, 0.0044622495793770235, 0.0032358165910886904, 0.0026067129963574707, 0.0016619183102603524, 0.0013591538316276859, 0.000867062371832121, 0.0007845812869847285, 0.0006473154988011262, 0.00016840696158376776, 0.0006102188325030071, 0.0006903473134365936, 0.0002116888740010451, 0.00029382209597746513, 0.00024954105626066994, 0.0002160122009050868, 0.00019052383421289788, 2.0312033939213806e-05, 0.00017871453053237314, 0.00017476152311819094, 0.00026560936272170276, 0.00019235312212490302, 1.8561982327892604e-05, 0.00018272030322449026, 1.4728509757220481e-05, 7.87503860197908e-09, 2.7929761901907818e-14, 1.674735651935788e-20, 3.0253050801448233e-13, 3.773069954724013e-08, 3.121340845895146e-05, 0.0001712806062279641, 6.234417152591576e-06, 2.9407252150996306e-08, 2.7260523887347156e-05, 0.00022375815345829176, 0.00015924229447715618, 3.1568350066262196e-06, 4.3509651420858917e-10, 6.875572775272832e-09, 1.3758080652070555e-05, 0.00018261123831657554, 1.6077473764617007e-05, 9.389204002289374e-09, 3.6371431850341816e-14, 9.34571814846971e-22, 1.5928893833195959e-31, 1.800856939256378e-43, 1.350496513253885e-57, 6.7204091046525226e-74, 1.3766983164479973e-60, 4.85611113931154e-46, 1.136211319383939e-33, 1.7633976718810033e-23, 1.815357116990659e-15, 1.2396370242810555e-09, 5.6149728816310444e-06, 0.00016870247145570313, 3.362140703138351e-05, 4.4445825967951434e-08, 3.897326011030921e-13, 2.2668519045172123e-20, 8.98808692574397e-30, 1.3065723459529288e-21, 4.6739280572026476e-14, 1.1090531448582671e-08, 1.7463893499466423e-05, 0.0001971249546901289, 0.0001953424129062792]]}