{"output": [[3.895936761960992, 4.384909329848218, 4.873881897735443, 5.36285446562267, 5.851827033509895, 6.340799601397121, 6.829772169284347, 7.318744737171572, 7.807717305058798, 8.296689872946024, 8.78566244083325, 9.274635008720475, 9.7636075766077, 10.252580144494928, 10.741552712382152, 11.23052528026938, 11.719497848156603, 12.20847041604383, 12.697442983931055, 13.186415551818282, 13.675388119705506, 14.164360687592733, 14.653333255479957, 15.142305823367185, 15.631278391254412, 16.120250959141636, 16.609223527028863, 17.098196094916087, 17.587168662803315, 18.07614123069054, 18.565113798577766, 19.05408636646499, 19.543058934352217, 20.032031502239445, 20.52100407012667, 21.009976638013896, 21.49894920590112, 21.987921773788347, 22.47689434167557, 22.9658669095628, 23.454839477450022, 23.94381204533725, 24.432784613224474, 24.9217571811117, 25.410729748998925, 25.899702316886152, 26.388674884773376, 26.877647452660604, 27.36662002054783, 27.855592588435055, 28.344565156322282, 28.833537724209506, 29.322510292096734, 29.811482859983958, 30.300455427871185, 30.78942799575841, 31.278400563645636, 31.76737313153286, 32.25634569942009, 32.74531826730731, 33.234290835194535, 33.72326340308176, 34.21223597096899, 34.701208538856214, 35.19018110674344, 35.67915367463067, 36.16812624251789, 36.65709881040512, 37.14607137829234, 37.635043946179565, 38.124016514066795, 38.61298908195402, 39.10196164984124, 39.59093421772847, 40.0799067856157, 40.56887935350292, 41.057851921390146, 41.54682448927737, 42.0357970571646, 42.524769625051825, 43.01374219293905, 43.50271476082628, 43.9916873287135, 44.48065989660073, 44.96963246448795, 45.45860503237518, 45.947577600262406, 46.43655016814963, 46.925522736036854, 47.414495303924085, 47.90346787181131, 48.39244043969853, 48.881413007585756, 49.37038557547299, 49.85935814336021, 50.348330711247435, 50.837303279134666, 51.32627584702189, 51.815248414909114, 52.30422098279634]], "PDF": [[0.00018272188153346493, 1.7171783902116673e-05, 0.00014101609103917546, 6.705810006653189e-05, 0.00034118399288668834, 0.00025899011194560406, 7.34203095022003e-05, 0.0006177853409016716, 0.0012613888992759718, 0.0010678997391521383, 0.0019818816144506275, 0.003192031793219247, 0.0070303178320703565, 0.011216219000923759, 0.013279201634964296, 0.015458201015460547, 0.01819410014113275, 0.022732632599749225, 0.027782956644746403, 0.035393343072228564, 0.0436200927147566, 0.055234736557347563, 0.0699490318019915, 0.08795835754794082, 0.11042059053296005, 0.13584759071247773, 0.16863541634535362, 0.20180998221408544, 0.24997183015426627, 0.39376242272247997, 0.32455622559482156, 0.017278029446773358, 0.0044622501194048585, 0.003235816455254036, 0.0026067127333363866, 0.001661918513841376, 0.0013591538431079217, 0.0008670624994618877, 0.0007845814479029252, 0.0006473154347663851, 0.00016840707731863574, 0.0006102186845848643, 0.000690347183606445, 0.0002116889950759627, 0.00029382205202988296, 0.00024954105229459724, 0.00021601218461162554, 0.00019052376162881704, 2.031208464726562e-05, 0.00017871445426485957, 0.0001747615402235577, 0.00026560937770436365, 0.0001923531115090462, 1.8562027161047804e-05, 0.00018272020681498868, 1.472854112779789e-05, 7.875117989767944e-09, 2.79304133777554e-14, 1.6748003316487876e-20, 3.0253680399214707e-13, 3.773101751895821e-08, 3.121345019982485e-05, 0.00017128052753439255, 6.234436087912947e-06, 2.9407513998284955e-08, 2.7260564949423495e-05, 0.00022375811086614738, 0.0001592422655044787, 3.156846880551222e-06, 4.351022304719331e-10, 6.875643072365862e-09, 1.3758110945364438e-05, 0.0001826111420721811, 1.607750652143602e-05, 9.38929691163998e-09, 3.637227009500292e-14, 9.34610592093193e-22, 1.5929932894766117e-31, 1.8010266968962158e-43, 1.350670178309347e-57, 6.721539616435332e-74, 1.376885360719211e-60, 4.856599221457451e-46, 1.1362913635393473e-33, 1.7634782278671104e-23, 1.815404698099273e-15, 1.2396519398512606e-09, 5.61499055569116e-06, 0.00016870239664693238, 3.3621449355485535e-05, 4.44461928474961e-08, 3.8974060766943987e-13, 2.266938332027515e-20, 8.988636148317199e-30, 1.3066260961850696e-21, 4.674034539072357e-14, 1.1090639244368323e-08, 1.7463927630168258e-05, 0.0001971248905618121, 0.00019534234542524162]]}