{"output": [[3.895936761960992, 4.384909329848218, 4.873881897735443, 5.36285446562267, 5.851827033509895, 6.340799601397121, 6.829772169284347, 7.318744737171572, 7.807717305058798, 8.296689872946024, 8.78566244083325, 9.274635008720475, 9.7636075766077, 10.252580144494928, 10.741552712382152, 11.23052528026938, 11.719497848156603, 12.20847041604383, 12.697442983931055, 13.186415551818282, 13.675388119705506, 14.164360687592733, 14.653333255479957, 15.142305823367185, 15.631278391254412, 16.120250959141636, 16.609223527028863, 17.098196094916087, 17.587168662803315, 18.07614123069054, 18.565113798577766, 19.05408636646499, 19.543058934352217, 20.032031502239445, 20.52100407012667, 21.009976638013896, 21.49894920590112, 21.987921773788347, 22.47689434167557, 22.9658669095628, 23.454839477450022, 23.94381204533725, 24.432784613224474, 24.9217571811117, 25.410729748998925, 25.899702316886152, 26.388674884773376, 26.877647452660604, 27.36662002054783, 27.855592588435055, 28.344565156322282, 28.833537724209506, 29.322510292096734, 29.811482859983958, 30.300455427871185, 30.78942799575841, 31.278400563645636, 31.76737313153286, 32.25634569942009, 32.74531826730731, 33.234290835194535, 33.72326340308176, 34.21223597096899, 34.701208538856214, 35.19018110674344, 35.67915367463067, 36.16812624251789, 36.65709881040512, 37.14607137829234, 37.635043946179565, 38.124016514066795, 38.61298908195402, 39.10196164984124, 39.59093421772847, 40.0799067856157, 40.56887935350292, 41.057851921390146, 41.54682448927737, 42.0357970571646, 42.524769625051825, 43.01374219293905, 43.50271476082628, 43.9916873287135, 44.48065989660073, 44.96963246448795, 45.45860503237518, 45.947577600262406, 46.43655016814963, 46.925522736036854, 47.414495303924085, 47.90346787181131, 48.39244043969853, 48.881413007585756, 49.37038557547299, 49.85935814336021, 50.348330711247435, 50.837303279134666, 51.32627584702189, 51.815248414909114, 52.30422098279634]], "PDF": [[0.0001827218697758658, 1.7171788891005607e-05, 0.00014101608668120558, 6.705810875341932e-05, 0.0003411839803043731, 0.0002589901107158207, 7.342032293156278e-05, 0.0006177853444563657, 0.0012613888816272812, 0.0010678997506795172, 0.0019818816274926737, 0.0031920318511533194, 0.00703031779623002, 0.011216218988828701, 0.013279201629009743, 0.015458200979624566, 0.018194100208779936, 0.022732632635757324, 0.027782956668735787, 0.0353933430288485, 0.043620092789892685, 0.05523473657799022, 0.0699490318619119, 0.08795835761460638, 0.11042059053534578, 0.1358475908831235, 0.1686354161467438, 0.20180998241406786, 0.24997183102176673, 0.39376242446961857, 0.32455622231229436, 0.01727803215088811, 0.0044622501852595794, 0.0032358164386894826, 0.002606712701261845, 0.0016619185386674135, 0.001359153844507883, 0.0008670625150259105, 0.0007845814675263537, 0.0006473154269575526, 0.00016840709143213476, 0.0006102186665467435, 0.0006903471677740883, 0.0002116890098406546, 0.000293822046670619, 0.00024954105181095075, 0.0002160121826246966, 0.00019052375277743113, 2.0312090830951333e-05, 0.00017871444496428965, 0.00017476154230950227, 0.00026560937953144586, 0.00019235311021447565, 1.8562032628308807e-05, 0.00018272019505816822, 1.4728544953339141e-05, 7.875127670898369e-09, 2.7930492824100032e-14, 1.6748082192948514e-20, 3.025375717745695e-13, 3.773105629473029e-08, 3.121345528998773e-05, 0.00017128051793797018, 6.2344383970159185e-06, 2.940754592984755e-08, 2.7260569956810162e-05, 0.00022375810567217414, 0.00015924226197135664, 3.1568483285397023e-06, 4.3510292755629945e-10, 6.875651644910703e-09, 1.3758114639534605e-05, 0.0001826111303354946, 1.6077510516024788e-05, 9.389308241687902e-09, 3.637237231746289e-14, 9.346153209590188e-22, 1.5930059609494e-31, 1.8010473993686383e-43, 1.3506913577110868e-57, 6.721677491584303e-74, 1.3769081718823887e-60, 4.85665874480232e-46, 1.136301125042749e-33, 1.7634880516525362e-23, 1.8154105005419817e-15, 1.2396537587675176e-09, 5.61499271098742e-06, 0.00016870238752424824, 3.362145451677092e-05, 4.444623758743806e-08, 3.8974158405473224e-13, 2.2669488717993637e-20, 8.988703126473354e-30, 1.3066326509977713e-21, 4.6740475243468843e-14, 1.1090652389775976e-08, 1.7463931792297413e-05, 0.0001971248827415785, 0.000195342337196155]]}