{"output": [[3.895936761960992, 4.384909329848218, 4.873881897735443, 5.36285446562267, 5.851827033509895, 6.340799601397121, 6.829772169284347, 7.318744737171572, 7.807717305058798, 8.296689872946024, 8.78566244083325, 9.274635008720475, 9.7636075766077, 10.252580144494928, 10.741552712382152, 11.23052528026938, 11.719497848156603, 12.20847041604383, 12.697442983931055, 13.186415551818282, 13.675388119705506, 14.164360687592733, 14.653333255479957, 15.142305823367185, 15.631278391254412, 16.120250959141636, 16.609223527028863, 17.098196094916087, 17.587168662803315, 18.07614123069054, 18.565113798577766, 19.05408636646499, 19.543058934352217, 20.032031502239445, 20.52100407012667, 21.009976638013896, 21.49894920590112, 21.987921773788347, 22.47689434167557, 22.9658669095628, 23.454839477450022, 23.94381204533725, 24.432784613224474, 24.9217571811117, 25.410729748998925, 25.899702316886152, 26.388674884773376, 26.877647452660604, 27.36662002054783, 27.855592588435055, 28.344565156322282, 28.833537724209506, 29.322510292096734, 29.811482859983958, 30.300455427871185, 30.78942799575841, 31.278400563645636, 31.76737313153286, 32.25634569942009, 32.74531826730731, 33.234290835194535, 33.72326340308176, 34.21223597096899, 34.701208538856214, 35.19018110674344, 35.67915367463067, 36.16812624251789, 36.65709881040512, 37.14607137829234, 37.635043946179565, 38.124016514066795, 38.61298908195402, 39.10196164984124, 39.59093421772847, 40.0799067856157, 40.56887935350292, 41.057851921390146, 41.54682448927737, 42.0357970571646, 42.524769625051825, 43.01374219293905, 43.50271476082628, 43.9916873287135, 44.48065989660073, 44.96963246448795, 45.45860503237518, 45.947577600262406, 46.43655016814963, 46.925522736036854, 47.414495303924085, 47.90346787181131, 48.39244043969853, 48.881413007585756, 49.37038557547299, 49.85935814336021, 50.348330711247435, 50.837303279134666, 51.32627584702189, 51.815248414909114, 52.30422098279634]], "PDF": [[0.00018272185687635522, 1.7171794364422292e-05, 0.00014101608189998416, 6.705811828398793e-05, 0.0003411839665000493, 0.00025899010936659966, 7.342033766520192e-05, 0.0006177853483562963, 0.001261388862264528, 0.0010678997633264524, 0.0019818816418013846, 0.0031920319147139995, 0.0070303177569088545, 0.011216218975558814, 0.013279201622476868, 0.015458200940308408, 0.01819410028299723, 0.022732632675263164, 0.027782956695054754, 0.03539334298125626, 0.04362009287232801, 0.05523473660063651, 0.069949031927651, 0.08795835768774603, 0.11042059053796267, 0.13584759107034597, 0.16863541592884582, 0.20180998263348332, 0.24997183197350809, 0.39376242638644754, 0.3245562187109751, 0.017278035117631298, 0.0044622502575101496, 0.003235816420516163, 0.002606712666072198, 0.0016619185659045796, 0.0013591538460438078, 0.000867062532101525, 0.0007845814890556287, 0.0006473154183903153, 0.00016840710691635617, 0.00061021864675674, 0.0006903471504040761, 0.0002116890260393109, 0.0002938220407908566, 0.0002495410512803332, 0.00021601218044479565, 0.0001905237430663897, 2.0312097615205078e-05, 0.0001787144347604384, 0.00017476154459803646, 0.00026560938153597565, 0.00019235310879417463, 1.85620386265577e-05, 0.000182720182159512, 1.472854915042197e-05, 7.87513829228391e-09, 2.793057998661611e-14, 1.6748168730400873e-20, 3.0253841412706016e-13, 3.773109883649126e-08, 3.12134608745132e-05, 0.0001712805074095322, 6.234440930382297e-06, 2.9407580962676615e-08, 2.7260575450520304e-05, 0.00022375809997375614, 0.00015924225809509364, 3.156849917159069e-06, 4.3510369234350475e-10, 6.875661050042325e-09, 1.3758118692487438e-05, 0.0001826111174589281, 1.607751489857313e-05, 9.389320672137477e-09, 3.637248446820495e-14, 9.34620509124751e-22, 1.5930198632047895e-31, 1.8010701127605132e-43, 1.3507145944604337e-57, 6.721828760565182e-74, 1.3769331989242933e-60, 4.856724049955787e-46, 1.1363118346900174e-33, 1.7634988295971816e-23, 1.8154168665452767e-15, 1.239655754341876e-09, 5.6149950756091925e-06, 0.00016870237751555835, 3.362146017932632e-05, 4.444628667262115e-08, 3.897426552703907e-13, 2.266960435261219e-20, 8.988776610191951e-30, 1.3066398424585356e-21, 4.674061770806268e-14, 1.1090666811897193e-08, 1.746393635865786e-05, 0.00019712487416183538, 0.0001953423281678508]]}