{"output": [[5.051868857979268, 6.5457976223435494, 8.03972638670783, 9.53365515107211, 11.027583915436393, 12.521512679800676, 14.015441444164956, 15.509370208529237, 17.003298972893518, 18.4972277372578, 19.991156501622083, 21.485085265986363, 22.979014030350644, 24.472942794714925, 25.96687155907921, 27.46080032344349, 28.95472908780777, 30.44865785217205, 31.94258661653633, 33.436515380900616, 34.93044414526489, 36.42437290962918, 37.918301673993454, 39.41223043835774, 40.906159202722016, 42.4000879670863, 43.89401673145058, 45.38794549581486, 46.881874260179146, 48.37580302454342, 49.86973178890771, 51.363660553271984, 52.85758931763627, 54.35151808200055, 55.84544684636483, 57.339375610729114, 58.83330437509339, 60.327233139457675, 61.82116190382196, 63.31509066818624, 64.80901943255053, 66.3029481969148, 67.79687696127908, 69.29080572564337, 70.78473449000765, 72.27866325437193, 73.77259201873622, 75.26652078310049, 76.76044954746477, 78.25437831182906, 79.74830707619334, 81.24223584055763, 82.7361646049219, 84.23009336928618, 85.72402213365046, 87.21795089801475, 88.71187966237903, 90.2058084267433, 91.69973719110759, 93.19366595547187, 94.68759471983616, 96.18152348420044, 97.67545224856471, 99.169381012929, 100.66330977729328, 102.15723854165756, 103.65116730602185, 105.14509607038612, 106.6390248347504, 108.13295359911469, 109.62688236347897, 111.12081112784325, 112.61473989220752, 114.10866865657181, 115.60259742093609, 117.09652618530038, 118.59045494966466, 120.08438371402893, 121.57831247839322, 123.0722412427575, 124.56617000712178, 126.06009877148607, 127.55402753585034, 129.04795630021462, 130.5418850645789, 132.0358138289432, 133.52974259330745, 135.02367135767173, 136.51760012203601, 138.0115288864003, 139.50545765076458, 140.99938641512887, 142.49331517949315, 143.98724394385744, 145.4811727082217, 146.97510147258598, 148.46903023695026, 149.96295900131454, 151.45688776567883, 152.9508165300431]], "PDF": [[0.00016237969423364853, 0.0006670184654700231, 0.0027869666619682767, 0.008107389206103556, 0.01768935509478116, 0.03488004790635624, 0.06767422097602428, 0.12142740435241703, 0.16984083845837863, 0.15057332774527282, 0.0728092711062873, 0.01813401787067565, 0.0027184888095449005, 0.0005631102985379584, 0.0002540044833287417, 0.00017513931644785744, 0.00015615447715210484, 0.00012719635760018118, 8.763589325760726e-05, 6.589901945915538e-05, 4.968243545148822e-05, 3.464142703488626e-05, 3.987625880084454e-05, 5.3553316650774605e-05, 5.2395808916835624e-05, 3.05814737690893e-05, 9.260458793889545e-06, 1.350835060725292e-06, 9.149440083088733e-08, 2.8197313137608064e-09, 3.907425453793678e-11, 2.420369317987409e-13, 1.0285028311816911e-13, 1.8501082339555013e-11, 1.482461666853475e-09, 5.2570914416478854e-08, 8.250557466601887e-07, 5.730555981363319e-06, 1.761513309256923e-05, 2.3963530477675002e-05, 1.4427509807021913e-05, 3.844214903702688e-06, 4.533145319651465e-07, 2.3657417182891597e-08, 5.464000354655722e-10, 5.5850853306928574e-12, 2.526530877328131e-14, 5.0581896797862615e-17, 4.481684867646191e-20, 1.7573700616529042e-23, 3.049726089178117e-27, 2.3422548663958946e-31, 7.961284948949443e-36, 1.1975892538147009e-40, 7.972753113393815e-46, 2.3490077237391002e-51, 3.062924397830791e-57, 1.76751786965698e-63, 4.5140571454034477e-70, 5.1020650996830446e-77, 2.5521173627875168e-84, 5.6497729132331736e-92, 5.535247515217204e-100, 2.400041783614933e-108, 4.605494448555294e-117, 3.911194622525021e-126, 1.4700032490986733e-135, 2.445135131858319e-145, 1.7999611860735597e-155, 1.2369820834605068e-164, 3.2733155861534615e-154, 4.024207151955799e-144, 2.189517810135294e-134, 5.27220561553178e-125, 5.618390227581807e-116, 2.6497638093134563e-107, 5.530674912529543e-99, 5.108869425957697e-91, 2.0885610652147245e-83, 3.7787247296158764e-76, 3.025652431897766e-69, 1.0721820265564091e-62, 1.6814877640799916e-56, 1.1670638140818447e-50, 3.5848517411972775e-45, 4.873303939766107e-40, 2.931915848910684e-35, 7.806479208133699e-31, 9.19887287366873e-27, 4.797221045358225e-23, 1.107185901425779e-19, 1.130907455570218e-16, 5.112217126241946e-14, 1.0227446541527644e-11, 9.05525842191999e-10, 3.5482170879967356e-08, 6.153117675323052e-07, 4.722325970732495e-06, 1.603955838785728e-05, 2.4110407746272613e-05]]}