{"output": [[3.895936761960992, 4.384909329848218, 4.873881897735443, 5.36285446562267, 5.851827033509895, 6.340799601397121, 6.829772169284347, 7.318744737171572, 7.807717305058798, 8.296689872946024, 8.78566244083325, 9.274635008720475, 9.7636075766077, 10.252580144494928, 10.741552712382152, 11.23052528026938, 11.719497848156603, 12.20847041604383, 12.697442983931055, 13.186415551818282, 13.675388119705506, 14.164360687592733, 14.653333255479957, 15.142305823367185, 15.631278391254412, 16.120250959141636, 16.609223527028863, 17.098196094916087, 17.587168662803315, 18.07614123069054, 18.565113798577766, 19.05408636646499, 19.543058934352217, 20.032031502239445, 20.52100407012667, 21.009976638013896, 21.49894920590112, 21.987921773788347, 22.47689434167557, 22.9658669095628, 23.454839477450022, 23.94381204533725, 24.432784613224474, 24.9217571811117, 25.410729748998925, 25.899702316886152, 26.388674884773376, 26.877647452660604, 27.36662002054783, 27.855592588435055, 28.344565156322282, 28.833537724209506, 29.322510292096734, 29.811482859983958, 30.300455427871185, 30.78942799575841, 31.278400563645636, 31.76737313153286, 32.25634569942009, 32.74531826730731, 33.234290835194535, 33.72326340308176, 34.21223597096899, 34.701208538856214, 35.19018110674344, 35.67915367463067, 36.16812624251789, 36.65709881040512, 37.14607137829234, 37.635043946179565, 38.124016514066795, 38.61298908195402, 39.10196164984124, 39.59093421772847, 40.0799067856157, 40.56887935350292, 41.057851921390146, 41.54682448927737, 42.0357970571646, 42.524769625051825, 43.01374219293905, 43.50271476082628, 43.9916873287135, 44.48065989660073, 44.96963246448795, 45.45860503237518, 45.947577600262406, 46.43655016814963, 46.925522736036854, 47.414495303924085, 47.90346787181131, 48.39244043969853, 48.881413007585756, 49.37038557547299, 49.85935814336021, 50.348330711247435, 50.837303279134666, 51.32627584702189, 51.815248414909114, 52.30422098279634]], "PDF": [[0.0001827218511806554, 1.7171796781176427e-05, 0.00014101607978886464, 6.705812249215258e-05, 0.0003411839604048341, 0.0002589901087708598, 7.342034417075095e-05, 0.0006177853500782863, 0.0012613888537150232, 0.0010678997689106315, 0.0019818816481193, 0.003192031942778821, 0.007030317739546896, 0.011216218969699552, 0.013279201619592253, 0.01545820092294854, 0.01819410031576762, 0.0227326326927064, 0.027782956706675428, 0.035393342960241964, 0.04362009290872574, 0.0552347366106366, 0.06994903195667747, 0.08795835772004368, 0.11042059053912053, 0.13584759115301093, 0.16863541583262867, 0.2018099827303575, 0.2499718323937561, 0.39376242723279514, 0.32455621712083343, 0.017278036427579524, 0.004462250289411961, 0.0032358164124918435, 0.0026067126505344277, 0.0016619185779309798, 0.0013591538467219832, 0.0008670625396411585, 0.0007845814985617468, 0.0006473154146075035, 0.00016840711375332046, 0.0006102186380185861, 0.0006903471427344535, 0.00021168903319172935, 0.00029382203819468305, 0.00024954105104604254, 0.00021601217948227417, 0.00019052373877853876, 2.0312100610751363e-05, 0.0001787144302549902, 0.0001747615456085249, 0.0002656093824210629, 0.0001923531081670491, 1.856204127504834e-05, 0.00018272017646418927, 1.4728551003618475e-05, 7.87514298209611e-09, 2.7930618472777278e-14, 1.67482069406246e-20, 3.0253878606338433e-13, 3.7731117620560064e-08, 3.1213463340326346e-05, 0.00017128050276076442, 6.234442048974996e-06, 2.9407596431220726e-08, 2.7260577876234603e-05, 0.00022375809745765445, 0.00015924225638355363, 3.15685061860446e-06, 4.351040300310347e-10, 6.875665202824602e-09, 1.3758120482044266e-05, 0.00018261111177335888, 1.6077516833660818e-05, 9.389326160731472e-09, 3.6372533987787517e-14, 9.346227999366826e-22, 1.5930260016990082e-31, 1.801080141810583e-43, 1.3507248546318667e-57, 6.721895553539633e-74, 1.3769442496059325e-60, 4.856752885325377e-46, 1.1363165635012182e-33, 1.7635035885535003e-23, 1.8154196774221003e-15, 1.2396566354765183e-09, 5.614996119693747e-06, 0.00016870237309628248, 3.362146267959315e-05, 4.44463083458999e-08, 3.897431282600328e-13, 2.266965541055668e-20, 8.988809056668552e-30, 1.3066430178165354e-21, 4.674068061256875e-14, 1.1090673179902348e-08, 1.746393837490668e-05, 0.00019712487037350262, 0.00019534232418145855]]}