{"S_Ks": [[0.0009665425024659611]], "S_Q": [[0.9006018158362749]], "S_T_Ks": [[0.0006481577937938452]], "S_T_Q": [[0.999887077746736]]}