{"S_min_Ks": [[-0.002103051258498287]], "S_min_Q": [[0.7445717058591745]], "S_Ks": [[0.0009665425024659611]], "S_Q": [[0.9006018158362749]], "S_max_Ks": [[0.00401044381757394]], "S_max_Q": [[1.0896542788139816]], "S_T_min_Ks": [[-0.16697667258676965]], "S_T_min_Q": [[0.8423566928287012]], "S_T_Ks": [[0.0006481577937938452]], "S_T_Q": [[0.999887077746736]], "S_T_max_Ks": [[0.2212618812672063]], "S_T_max_Q": [[1.1960479074460828]]}