{"Min": [[13.258650508664173]], "SD_min": [[13.82279088039824]], "Mean": [[14.146500741272677]], "SD_max": [[14.470210602147112]], "Max": [[16.27346082696709]]}