{"output": [[13.258650508664173, 13.28910313814198, 13.319555767619788, 13.350008397097595, 13.380461026575402, 13.410913656053209, 13.441366285531016, 13.471818915008823, 13.50227154448663, 13.532724173964437, 13.563176803442246, 13.593629432920054, 13.62408206239786, 13.654534691875668, 13.684987321353475, 13.715439950831282, 13.74589258030909, 13.776345209786896, 13.806797839264703, 13.83725046874251, 13.867703098220318, 13.898155727698125, 13.928608357175932, 13.95906098665374, 13.989513616131546, 14.019966245609353, 14.05041887508716, 14.080871504564968, 14.111324134042775, 14.141776763520582, 14.17222939299839, 14.202682022476198, 14.233134651954005, 14.263587281431812, 14.29403991090962, 14.324492540387427, 14.354945169865234, 14.38539779934304, 14.415850428820848, 14.446303058298655, 14.476755687776462, 14.50720831725427, 14.537660946732077, 14.568113576209884, 14.59856620568769, 14.629018835165498, 14.659471464643305, 14.689924094121112, 14.720376723598921, 14.750829353076728, 14.781281982554535, 14.811734612032343, 14.84218724151015, 14.872639870987957, 14.903092500465764, 14.933545129943571, 14.963997759421378, 14.994450388899185, 15.024903018376992, 15.0553556478548, 15.085808277332607, 15.116260906810414, 15.146713536288221, 15.177166165766028, 15.207618795243835, 15.238071424721642, 15.26852405419945, 15.298976683677257, 15.329429313155064, 15.359881942632871, 15.390334572110678, 15.420787201588485, 15.451239831066294, 15.481692460544101, 15.512145090021908, 15.542597719499716, 15.573050348977523, 15.60350297845533, 15.633955607933137, 15.664408237410944, 15.694860866888751, 15.725313496366558, 15.755766125844366, 15.786218755322173, 15.81667138479998, 15.847124014277787, 15.877576643755594, 15.908029273233403, 15.93848190271121, 15.968934532189017, 15.999387161666824, 16.02983979114463, 16.06029242062244, 16.090745050100246, 16.121197679578053, 16.15165030905586, 16.182102938533667, 16.212555568011474, 16.24300819748928, 16.27346082696709]], "PDF": [[0.0013626744489042405, 0.002363860860758332, 0.004366898666556087, 0.007510136141213217, 0.011764520018208824, 0.018270224648774126, 0.028917585125437444, 0.044433199479831584, 0.06555368411151984, 0.09628791572012177, 0.14301595825431293, 0.20998466533946739, 0.29691592158155816, 0.39995767101676744, 0.5149561136653305, 0.6402397115501861, 0.7718430792051393, 0.8992354154711457, 1.0134267790692426, 1.1107665556891035, 1.1854153437091324, 1.2305829378234439, 1.2507008512772142, 1.2600096960317222, 1.2621696980032184, 1.2488944508956925, 1.2212213798475413, 1.1918929802653941, 1.1663865307364412, 1.1337108633678807, 1.0811910463417358, 1.0114312065137845, 0.9402452507343075, 0.8856588567420811, 0.8555393634472899, 0.8383308679303008, 0.8130879037676256, 0.7713403853630966, 0.7231063574919956, 0.6810498697254531, 0.6431026596488737, 0.5989114591348244, 0.5497331404783157, 0.5059400526563955, 0.46936600779786514, 0.4319674337730079, 0.3881804751015647, 0.3416016514695339, 0.30017740176550517, 0.26738095007613993, 0.23953708569707002, 0.2100307237041067, 0.1757357771033315, 0.1393451677812586, 0.10519887366922243, 0.0762545325539203, 0.05445062873805672, 0.04055110669820286, 0.03330994221168691, 0.029295495444211245, 0.025179288133127708, 0.020380842751481675, 0.01631911594928345, 0.013921466185875309, 0.012887157309216014, 0.012516570158733541, 0.01219528897547956, 0.011573866036262401, 0.010451545196436028, 0.008621074864868414, 0.006364603204173424, 0.004647303246985483, 0.004126258778538527, 0.0043262941352384555, 0.004359466905229498, 0.003844455418511973, 0.002827484646640072, 0.0016244349059582074, 0.0007269187714659136, 0.00045156724010683057, 0.0008611793343754532, 0.0017838475721750108, 0.002653745100116254, 0.002926752789783591, 0.002711984791223802, 0.002298361149808934, 0.0016449836650134215, 0.0008682367714821493, 0.0003147956332881071, 9.48893639074526e-05, 0.00011475886436301752, 0.0003429342203769948, 0.0007714997211469947, 0.001231421141666461, 0.001450253195920974, 0.0013043003955136643, 0.0009572165892554324, 0.0007499668110031143, 0.000816086929166782, 0.0008859754429673258]]}