{"S_Ks": [[0.8097016761432531]], "S_Q": [[0.20536545855478391]], "S_T_Ks": [[0.8180383915169774]], "S_T_Q": [[0.21071517478569315]]}