{"S_min_Ks": [[0.7711411308410077]], "S_min_Q": [[0.18303944866326172]], "S_Ks": [[0.8097016761432531]], "S_Q": [[0.20536545855478391]], "S_max_Ks": [[0.8512003360655571]], "S_max_Q": [[0.2238662253718412]], "S_T_min_Ks": [[0.7753872330806841]], "S_T_min_Q": [[0.18262592280769582]], "S_T_Ks": [[0.8180383915169774]], "S_T_Q": [[0.21071517478569315]], "S_T_max_Ks": [[0.8713720792979992]], "S_T_max_Q": [[0.2403248898672695]]}