{"Min": [[12.175998430029052]], "SD_min": [[15.002724058053554]], "Mean": [[15.932671911200812]], "SD_max": [[16.86261976434807]], "Max": [[18.395905876202647]]}