{"Min": [[11.097032251437577]], "SD_min": [[14.984952907288804]], "Mean": [[16.800139009685314]], "SD_max": [[18.615325112081823]], "Max": [[18.87470741225289]]}