{"Min": [[12.175998366023068]], "SD_min": [[15.002724055861236]], "Mean": [[15.932671909520213]], "SD_max": [[16.86261976317919]], "Max": [[18.39590589137056]]}