{"Min": [[12.175998363673536]], "SD_min": [[15.002724056155516]], "Mean": [[15.932671909957298]], "SD_max": [[16.86261976375908]], "Max": [[18.395905900423855]]}