{"output": [[11.097032251437577, 11.175594626799349, 11.254157002161119, 11.33271937752289, 11.41128175288466, 11.489844128246432, 11.568406503608202, 11.646968878969973, 11.725531254331743, 11.804093629693515, 11.882656005055285, 11.961218380417057, 12.039780755778827, 12.118343131140598, 12.196905506502368, 12.27546788186414, 12.35403025722591, 12.432592632587681, 12.511155007949451, 12.589717383311223, 12.668279758672993, 12.746842134034765, 12.825404509396535, 12.903966884758306, 12.982529260120076, 13.061091635481848, 13.139654010843618, 13.21821638620539, 13.296778761567161, 13.375341136928931, 13.453903512290701, 13.532465887652473, 13.611028263014244, 13.689590638376014, 13.768153013737784, 13.846715389099556, 13.925277764461327, 14.003840139823097, 14.082402515184867, 14.160964890546639, 14.23952726590841, 14.31808964127018, 14.396652016631952, 14.475214391993722, 14.553776767355494, 14.632339142717264, 14.710901518079035, 14.789463893440805, 14.868026268802577, 14.946588644164347, 15.025151019526119, 15.10371339488789, 15.18227577024966, 15.26083814561143, 15.339400520973202, 15.417962896334974, 15.496525271696743, 15.575087647058513, 15.653650022420285, 15.732212397782057, 15.810774773143827, 15.889337148505597, 15.967899523867368, 16.04646189922914, 16.12502427459091, 16.20358664995268, 16.282149025314453, 16.360711400676223, 16.439273776037993, 16.517836151399763, 16.596398526761533, 16.674960902123306, 16.753523277485076, 16.832085652846846, 16.91064802820862, 16.98921040357039, 17.06777277893216, 17.14633515429393, 17.2248975296557, 17.303459905017473, 17.382022280379243, 17.460584655741016, 17.539147031102786, 17.617709406464556, 17.696271781826326, 17.774834157188096, 17.85339653254987, 17.93195890791164, 18.01052128327341, 18.089083658635182, 18.167646033996952, 18.246208409358722, 18.324770784720492, 18.403333160082262, 18.481895535444036, 18.560457910805805, 18.639020286167575, 18.71758266152935, 18.79614503689112, 18.87470741225289]], "PDF": [[0.007030098660383823, 0.00952473463760726, 0.011854795826565056, 0.013892014713178143, 0.0156785786340535, 0.017332251077976497, 0.0189480013226203, 0.020554319089309728, 0.022116173885589004, 0.02356716089368944, 0.024864696745552518, 0.02604304667279068, 0.02721584987394943, 0.028506841915828425, 0.02995742744104941, 0.031494972163982615, 0.03299135516704194, 0.034356107503736064, 0.03559065312382371, 0.036775006717099296, 0.03800039313635477, 0.03929187607095164, 0.040583002372278985, 0.0417702622589438, 0.04280602797656797, 0.043756559507706363, 0.044776006878485264, 0.0460055703639833, 0.047471731784921874, 0.04907011367221582, 0.05065179654099235, 0.05213983660898734, 0.05357428759931859, 0.05504029124612508, 0.056546211153920424, 0.05798345619046987, 0.05921928813073839, 0.060222489545567345, 0.06108698629248091, 0.06194049160126877, 0.0628421500138798, 0.0637578363251972, 0.06461404606155753, 0.06538290416903296, 0.06613942829557867, 0.06702538393809519, 0.06811691329162281, 0.06932704700133614, 0.07048718788949852, 0.07155908111890347, 0.07276724199600375, 0.074519840563705, 0.07718330800324157, 0.0808787422474529, 0.08543270916440798, 0.09050077936848708, 0.09576613821927571, 0.10108932090989001, 0.10655195073544288, 0.11238548740655184, 0.11878545025676064, 0.12568951191317454, 0.1327006724280436, 0.13927130956226738, 0.14504431475698562, 0.1501104716750217, 0.15500193237795604, 0.16041145135026, 0.16679123589375647, 0.1740687654378062, 0.18166377126524935, 0.18880163384988913, 0.19490300192131224, 0.19977173370731904, 0.20349823642325762, 0.2062762761858002, 0.20837448766000907, 0.21023702190886323, 0.2124661559569617, 0.21558444795079945, 0.2197862698061559, 0.22493697902974782, 0.2308157720042248, 0.23735316421305208, 0.2446298517174193, 0.25266046245895923, 0.261252061263529, 0.2701757221102687, 0.27948635032385455, 0.28956873639562697, 0.3008181672049218, 0.31340750806643103, 0.3274971205164301, 0.34338875096830984, 0.3605577388798664, 0.3753843500600102, 0.37954735595107686, 0.3622395656926078, 0.3168903484909032, 0.24777514285042554]]}