{"output": [[12.175998363673536, 12.2388257125296, 12.301653061385663, 12.364480410241727, 12.427307759097792, 12.490135107953854, 12.552962456809919, 12.615789805665983, 12.678617154522046, 12.74144450337811, 12.804271852234175, 12.867099201090237, 12.929926549946302, 12.992753898802366, 13.055581247658429, 13.118408596514493, 13.181235945370556, 13.24406329422662, 13.306890643082685, 13.36971799193875, 13.432545340794812, 13.495372689650877, 13.55820003850694, 13.621027387363004, 13.683854736219068, 13.74668208507513, 13.809509433931195, 13.87233678278726, 13.935164131643322, 13.997991480499387, 14.060818829355451, 14.123646178211514, 14.186473527067578, 14.249300875923643, 14.312128224779705, 14.37495557363577, 14.437782922491834, 14.500610271347897, 14.563437620203961, 14.626264969060024, 14.689092317916089, 14.751919666772153, 14.814747015628217, 14.87757436448428, 14.940401713340345, 15.003229062196407, 15.066056411052472, 15.128883759908536, 15.1917111087646, 15.254538457620663, 15.317365806476728, 15.38019315533279, 15.443020504188855, 15.50584785304492, 15.568675201900984, 15.631502550757046, 15.69432989961311, 15.757157248469174, 15.819984597325238, 15.882811946181302, 15.945639295037367, 16.008466643893428, 16.071293992749492, 16.134121341605557, 16.19694869046162, 16.259776039317686, 16.32260338817375, 16.385430737029814, 16.448258085885875, 16.51108543474194, 16.573912783598004, 16.63674013245407, 16.699567481310133, 16.762394830166194, 16.82522217902226, 16.888049527878323, 16.950876876734387, 17.013704225590452, 17.076531574446513, 17.13935892330258, 17.20218627215864, 17.265013621014706, 17.32784096987077, 17.390668318726835, 17.4534956675829, 17.51632301643896, 17.579150365295025, 17.64197771415109, 17.704805063007154, 17.767632411863218, 17.83045976071928, 17.893287109575343, 17.956114458431408, 18.018941807287472, 18.081769156143537, 18.1445965049996, 18.207423853855666, 18.270251202711727, 18.33307855156779, 18.395905900423855]], "PDF": [[0.0005803411335259082, 0.0007244339905981339, 0.0008564213768591404, 0.0009963384652201773, 0.0011760123761002568, 0.0014291458845671632, 0.0017888997436509276, 0.0022911700022513384, 0.0029746308787380717, 0.0038688029322791672, 0.004970523885751421, 0.006227777659170083, 0.007560172724240568, 0.00892103848138558, 0.010359585112730916, 0.012024932182484759, 0.014091990395595277, 0.016651020480722967, 0.0196405159767609, 0.02288351341467069, 0.02621009971383624, 0.02957426762437783, 0.03308159873610428, 0.03692719207214692, 0.04130278038185736, 0.04631908549702173, 0.05195959915693647, 0.05808112453856878, 0.06447295328182807, 0.07095252693842274, 0.07744289088862416, 0.08398763025323394, 0.09070621287048718, 0.09772554548475276, 0.10511414836212656, 0.11283385577052392, 0.12073850668436541, 0.12864435140356806, 0.13644517657468253, 0.1441963636893808, 0.1520958987788524, 0.16034979740650676, 0.1690075304986796, 0.1779308156748805, 0.1869933941837481, 0.19635807524445273, 0.2064889880545191, 0.21778787041826872, 0.230249712539576, 0.2436104354644729, 0.25784288318714205, 0.2733506533480638, 0.29059656200650724, 0.3096478313462515, 0.3301210425799437, 0.35136353988993635, 0.37250952779660024, 0.3925067614126262, 0.41038014238522436, 0.42556176991407296, 0.43789793825328255, 0.44735088667796025, 0.453792701068127, 0.4571174658551284, 0.45747924236353193, 0.4553313718072999, 0.45122254880921386, 0.44559149141474785, 0.43866282119290717, 0.4302823949868383, 0.41974014654430786, 0.40598035516302133, 0.38829009553697297, 0.36688772516804646, 0.3428269265468214, 0.31732977549605407, 0.29116623417579884, 0.2645516239052634, 0.23755154976988183, 0.21058984119534285, 0.1845871193538304, 0.16058280344529802, 0.13917194727585824, 0.12025830139513444, 0.10330701682483774, 0.0878265621243032, 0.07366987126440845, 0.06097741977653087, 0.04991208504279324, 0.04046426352567183, 0.032455496352376836, 0.025648566602721887, 0.019835997833253984, 0.014883461821891094, 0.01074341205792739, 0.007423938360342703, 0.004918689757952999, 0.003151372223113256, 0.0019754043823610153, 0.0012179006933492828]]}