{"output": [[12.175998430029052, 12.2388257779702, 12.301653125911347, 12.364480473852495, 12.427307821793642, 12.49013516973479, 12.552962517675937, 12.615789865617085, 12.678617213558232, 12.74144456149938, 12.804271909440526, 12.867099257381675, 12.929926605322821, 12.99275395326397, 13.055581301205116, 13.118408649146264, 13.181235997087411, 13.24406334502856, 13.306890692969706, 13.369718040910854, 13.432545388852, 13.495372736793149, 13.558200084734295, 13.621027432675444, 13.68385478061659, 13.746682128557739, 13.809509476498885, 13.872336824440033, 13.93516417238118, 13.997991520322328, 14.060818868263475, 14.123646216204623, 14.18647356414577, 14.249300912086918, 14.312128260028064, 14.374955607969213, 14.43778295591036, 14.500610303851508, 14.563437651792654, 14.626264999733802, 14.689092347674949, 14.751919695616097, 14.814747043557244, 14.877574391498392, 14.940401739439539, 15.003229087380687, 15.066056435321833, 15.128883783262982, 15.19171113120413, 15.254538479145276, 15.317365827086423, 15.380193175027571, 15.44302052296872, 15.505847870909866, 15.568675218851013, 15.631502566792161, 15.69432991473331, 15.757157262674456, 15.819984610615602, 15.88281195855675, 15.945639306497899, 16.008466654439047, 16.071294002380192, 16.13412135032134, 16.19694869826249, 16.259776046203633, 16.32260339414478, 16.38543074208593, 16.44825809002708, 16.511085437968227, 16.57391278590937, 16.63674013385052, 16.699567481791668, 16.762394829732813, 16.82522217767396, 16.88804952561511, 16.950876873556258, 17.013704221497406, 17.07653156943855, 17.1393589173797, 17.202186265320847, 17.265013613261992, 17.32784096120314, 17.39066830914429, 17.453495657085437, 17.516323005026585, 17.57915035296773, 17.64197770090888, 17.704805048850027, 17.76763239679117, 17.83045974473232, 17.893287092673468, 17.956114440614616, 18.018941788555765, 18.08176913649691, 18.144596484438058, 18.207423832379206, 18.270251180320354, 18.333078528261503, 18.395905876202647]], "PDF": [[0.0005803412161846328, 0.000724434091488583, 0.0008564213989290096, 0.0009963383644202822, 0.0011760121642915042, 0.0014291455857636762, 0.0017888993604741697, 0.002291169529507105, 0.002974630362917764, 0.0038688025323512813, 0.004970523839702973, 0.006227778101570978, 0.007560173484328966, 0.008921039101656132, 0.010359585155019337, 0.012024931605425414, 0.01409198969472582, 0.0166510204280328, 0.01964051708789798, 0.022883515553658047, 0.02621010219930845, 0.02957426973597874, 0.033081600147877296, 0.03692719293227652, 0.041302781171977165, 0.0463190868499211, 0.05195960161678478, 0.05808112827757572, 0.06447295796323525, 0.07095253188099016, 0.07744289543677378, 0.0839876340754944, 0.09070621602920008, 0.09772554837355141, 0.10511415158867918, 0.11283385988801123, 0.12073851180243242, 0.12864435698084756, 0.1364451816380919, 0.14419636741190614, 0.15209590107978418, 0.16034979907527844, 0.16900753245928524, 0.17793081775700925, 0.18699339475548837, 0.19635807271045533, 0.20648898290468262, 0.2177878650121374, 0.23024970828703323, 0.24361043095625515, 0.25784287606400896, 0.2733506435407045, 0.2905965520746788, 0.30964782407814617, 0.33012103967844425, 0.3513635427861184, 0.37250953779519697, 0.39250677821024466, 0.4103801636108042, 0.42556179296000857, 0.4378979619982474, 0.44735091098989077, 0.4537927251398918, 0.4571174876766461, 0.4574792599651774, 0.45533138463655837, 0.4512225576083557, 0.44559149749955484, 0.4386628268086061, 0.4302824035223027, 0.4197401604146964, 0.40598037305772205, 0.38829011287636267, 0.3668877377895186, 0.3428269337204556, 0.3173297796188709, 0.2911662380503135, 0.264551628131478, 0.2375515522435121, 0.21058983908297937, 0.18458711187000545, 0.1605827928683663, 0.13917193725566976, 0.12025829426068724, 0.10330701233986972, 0.0878265584309075, 0.07366986678100969, 0.06097741431980933, 0.04991207946276287, 0.04046425864664645, 0.03245549242850967, 0.0256485634646076, 0.01983599511424114, 0.014883459076833302, 0.010743408993866931, 0.007423935061706977, 0.004918686616687382, 0.0031513696429362977, 0.0019754025413832085, 0.001217899504841997]]}