{"output": [[12.175998366023068, 12.238825714763951, 12.301653063504835, 12.364480412245719, 12.427307760986603, 12.490135109727486, 12.55296245846837, 12.615789807209254, 12.678617155950137, 12.741444504691021, 12.804271853431905, 12.867099202172788, 12.929926550913674, 12.992753899654556, 13.055581248395441, 13.118408597136325, 13.181235945877209, 13.244063294618092, 13.306890643358976, 13.36971799209986, 13.432545340840743, 13.495372689581627, 13.55820003832251, 13.621027387063394, 13.683854735804278, 13.746682084545162, 13.809509433286046, 13.87233678202693, 13.935164130767813, 13.997991479508697, 14.06081882824958, 14.123646176990464, 14.186473525731348, 14.249300874472231, 14.312128223213115, 14.374955571953999, 14.437782920694882, 14.500610269435768, 14.56343761817665, 14.626264966917535, 14.689092315658417, 14.751919664399303, 14.814747013140186, 14.87757436188107, 14.940401710621954, 15.003229059362837, 15.066056408103721, 15.128883756844605, 15.191711105585489, 15.254538454326372, 15.317365803067256, 15.38019315180814, 15.443020500549023, 15.505847849289907, 15.56867519803079, 15.631502546771674, 15.694329895512558, 15.757157244253442, 15.819984592994325, 15.88281194173521, 15.945639290476093, 16.008466639216977, 16.071293987957862, 16.134121336698744, 16.19694868543963, 16.25977603418051, 16.322603382921397, 16.38543073166228, 16.448258080403164, 16.511085429144046, 16.57391277788493, 16.636740126625817, 16.6995674753667, 16.76239482410758, 16.825222172848466, 16.888049521589352, 16.950876870330234, 17.013704219071116, 17.076531567812, 17.139358916552887, 17.20218626529377, 17.26501361403465, 17.327840962775536, 17.39066831151642, 17.453495660257303, 17.51632300899819, 17.57915035773907, 17.641977706479956, 17.704805055220838, 17.767632403961723, 17.830459752702605, 17.89328710144349, 17.956114450184373, 18.01894179892526, 18.08176914766614, 18.144596496407026, 18.207423845147908, 18.270251193888793, 18.33307854262968, 18.39590589137056]], "PDF": [[0.0005803411610625232, 0.0007244340209766205, 0.0008564213767525627, 0.0009963384149217556, 0.0011760122713928571, 0.0014291457257991499, 0.001788899528259195, 0.002291169730366637, 0.0029746305705998857, 0.0038688026444912123, 0.004970523698190989, 0.006227777615460517, 0.007560172765184913, 0.00892103844773869, 0.010359584842280159, 0.01202493163578171, 0.014091989710713815, 0.01665101989988211, 0.019640515678416678, 0.022883513376109967, 0.026210099724677523, 0.029574267434544797, 0.03308159819960374, 0.03692719119140004, 0.04130277928034181, 0.04631908437176433, 0.05195959820846429, 0.05808112388000925, 0.06447295288041476, 0.07095252664106041, 0.07744289051651919, 0.08398762969128765, 0.09070621209912637, 0.09772554457439024, 0.10511414745441909, 0.1128338550196107, 0.12073850615622839, 0.1286443510083586, 0.13644517610581353, 0.1441963629679654, 0.15209589782463326, 0.1603497964925785, 0.1690075299577424, 0.17793081553211562, 0.18699339400480128, 0.1963580745342437, 0.20648898687759284, 0.2177878694071238, 0.23024971211068837, 0.24361043522869286, 0.2578428824138398, 0.273350651867594, 0.2905965603213823, 0.3096478299664542, 0.33012104168295087, 0.3513635396159171, 0.37250952835520246, 0.39250676269368695, 0.4103801438331035, 0.42556177104989695, 0.4378979391582056, 0.44735088781155996, 0.4537927027083506, 0.45711746784016655, 0.45747924437210696, 0.4553313737461705, 0.45122255081620416, 0.44559149369372986, 0.4386628241629715, 0.4302823994052194, 0.419740152933933, 0.40598036299625345, 0.3882901033228154, 0.36688773152117904, 0.3428269311217663, 0.3173297789593305, 0.2911662374183989, 0.2645516272218587, 0.23755155262677946, 0.21058984275428988, 0.1845871192961467, 0.16058280232986016, 0.13917194610120798, 0.12025830082622846, 0.10330701680583297, 0.08782656212709386, 0.07366987083512337, 0.06097741887154872, 0.04991208393100025, 0.04046426247841101, 0.032455495476450526, 0.025648565876127995, 0.019835997169232063, 0.014883461105037382, 0.01074341121381573, 0.007423937423059304, 0.004918688850426574, 0.0031513714703855244, 0.0019754038415633664, 0.0012179003421102037]]}