{"S_min_Ks": [[-0.0005439165900596884]], "S_min_Q": [[0.9672821575489374]], "S_Ks": [[0.0002419441164449608]], "S_Q": [[1.024399469198856]], "S_max_Ks": [[0.0008876203269911535]], "S_max_Q": [[1.0672887845221086]], "S_T_min_Ks": [[-0.02901342095106735]], "S_T_min_Q": [[0.952092173009778]], "S_T_Ks": [[0.000522603216498238]], "S_T_Q": [[0.9923623451089602]], "S_T_max_Ks": [[0.02797038193667772]], "S_T_max_Q": [[1.030216018816573]]}