{"S_Ks": [[0.002234217329464225]], "S_Q": [[1.0078166097174663]], "S_T_Ks": [[0.0027742852010357293]], "S_T_Q": [[0.9871781455237447]]}