{"S_min_Ks": [[0.0008303844909686728]], "S_min_Q": [[0.9578291494782225]], "S_Ks": [[0.002234217329464225]], "S_Q": [[1.0078166097174663]], "S_max_Ks": [[0.0036515140665404466]], "S_max_Q": [[1.0515833325806587]], "S_T_min_Ks": [[-0.022997535150326553]], "S_T_min_Q": [[0.9498066029889396]], "S_T_Ks": [[0.0027742852010357293]], "S_T_Q": [[0.9871781455237447]], "S_T_max_Ks": [[0.03473144476302126]], "S_T_max_Q": [[1.0305514187007285]]}