{"S_Ks": [[0.002234217332052059]], "S_Q": [[1.0078166096723877]], "S_T_Ks": [[0.0027742852136720337]], "S_T_Q": [[0.9871781454745097]]}