{"S_min_Ks": [[0.0008303844849357864]], "S_min_Q": [[0.9578291494413795]], "S_Ks": [[0.002234217332052059]], "S_Q": [[1.0078166096723877]], "S_max_Ks": [[0.0036515140607609083]], "S_max_Q": [[1.051583332552999]], "S_T_min_Ks": [[-0.022997535161725355]], "S_T_min_Q": [[0.9498066029782741]], "S_T_Ks": [[0.0027742852136720337]], "S_T_Q": [[0.9871781454745097]], "S_T_max_Ks": [[0.03473144481491431]], "S_T_max_Q": [[1.0305514186479767]]}