{"S_Ks": [[0.0002419441164449608]], "S_Q": [[1.024399469198856]], "S_T_Ks": [[0.000522603216498238]], "S_T_Q": [[0.9923623451089602]]}