{"S_Ks": [[0.0022342173366793586]], "S_Q": [[1.0078166097344774]], "S_T_Ks": [[0.002774285272568428]], "S_T_Q": [[0.9871781453181531]]}