{"S_min_Ks": [[0.0008303844664250578]], "S_min_Q": [[0.9578291501033709]], "S_Ks": [[0.0022342173366793586]], "S_Q": [[1.0078166097344774]], "S_max_Ks": [[0.0036515140359258853]], "S_max_Q": [[1.051583332591305]], "S_T_min_Ks": [[-0.022997534895386154]], "S_T_min_Q": [[0.9498066030006305]], "S_T_Ks": [[0.002774285272568428]], "S_T_Q": [[0.9871781453181531]], "S_T_max_Ks": [[0.034731444672675575]], "S_T_max_Q": [[1.0305514184289062]]}