{"Min": [[0.9757428969124256]], "SD_min": [[12.903742501929921]], "Mean": [[16.185132014028955]], "SD_max": [[19.46652152612799]], "Max": [[23.71932411493167]]}