{"output": [[0.9757428969124256, 1.2054760405287817, 1.4352091841451375, 1.6649423277614934, 1.8946754713778495, 2.1244086149942056, 2.3541417586105613, 2.5838749022269174, 2.8136080458432735, 3.0433411894596296, 3.2730743330759857, 3.5028074766923414, 3.7325406203086975, 3.9622737639250536, 4.192006907541409, 4.421740051157766, 4.6514731947741215, 4.881206338390477, 5.110939482006834, 5.340672625623189, 5.570405769239546, 5.8001389128559016, 6.029872056472257, 6.259605200088614, 6.489338343704969, 6.719071487321325, 6.948804630937682, 7.178537774554037, 7.408270918170393, 7.6380040617867495, 7.867737205403105, 8.097470349019462, 8.327203492635817, 8.556936636252173, 8.786669779868529, 9.016402923484886, 9.246136067101242, 9.475869210717597, 9.705602354333953, 9.935335497950309, 10.165068641566666, 10.394801785183022, 10.624534928799378, 10.854268072415733, 11.084001216032089, 11.313734359648445, 11.543467503264802, 11.773200646881158, 12.002933790497513, 12.232666934113869, 12.462400077730225, 12.692133221346582, 12.921866364962938, 13.151599508579293, 13.381332652195649, 13.611065795812005, 13.84079893942836, 14.070532083044718, 14.300265226661073, 14.52999837027743, 14.759731513893785, 14.98946465751014, 15.219197801126498, 15.448930944742854, 15.67866408835921, 15.908397231975565, 16.13813037559192, 16.367863519208278, 16.597596662824635, 16.82732980644099, 17.057062950057347, 17.2867960936737, 17.516529237290058, 17.746262380906412, 17.97599552452277, 18.205728668139127, 18.43546181175548, 18.665194955371838, 18.894928098988192, 19.12466124260455, 19.354394386220907, 19.58412752983726, 19.81386067345362, 20.043593817069972, 20.27332696068633, 20.503060104302683, 20.73279324791904, 20.9625263915354, 21.192259535151752, 21.42199267876811, 21.651725822384464, 21.88145896600082, 22.11119210961718, 22.340925253233532, 22.57065839684989, 22.800391540466244, 23.0301246840826, 23.25985782769896, 23.489590971315312, 23.71932411493167]], "PDF": [[7.50457047992659e-05, 6.844229218869825e-05, 5.212693897393411e-05, 3.426562021953323e-05, 2.3002077445142958e-05, 2.4041569918369963e-05, 4.0715185306363196e-05, 7.337817506240888e-05, 0.00011745681419294379, 0.00016436579649448517, 0.00020840551898888748, 0.0002544062290963726, 0.00031705943805039567, 0.0004122374625860906, 0.0005507940587730643, 0.0007396434721562244, 0.0009824791142950126, 0.0012753172580262577, 0.0016059087482818075, 0.001965888011591437, 0.0023669242294236293, 0.002842057458308356, 0.0034267899839094586, 0.004136137068090604, 0.00495699411008787, 0.005856350698868128, 0.006791895671176087, 0.007720340092758746, 0.00860949677740401, 0.009452227952401979, 0.010271957680767958, 0.011118624266967376, 0.012063107932804996, 0.013188779618462244, 0.0145659654635043, 0.016208057689252993, 0.018042526406968136, 0.019935737440945813, 0.02176134974344208, 0.023457409262656444, 0.02504062760631512, 0.026598855132611544, 0.02828440485769697, 0.030289099172792273, 0.03277210292086743, 0.03576010532325188, 0.03909509769001761, 0.04250265585323646, 0.045768622457571025, 0.04889749895996098, 0.052103673633043725, 0.05561983655718795, 0.05948299181687023, 0.06349186345621666, 0.06737658187089636, 0.07102733242370692, 0.0745735366009428, 0.07824301131210988, 0.0821410223316398, 0.08616581322921471, 0.09013392190116894, 0.09398036569962623, 0.09784289915486148, 0.10196034397756061, 0.10646740842636165, 0.11123582784794567, 0.11587781375311115, 0.11992256321932132, 0.1230571124341396, 0.12527292514610616, 0.12681572744903635, 0.12795228156910662, 0.1286924983386747, 0.12868294315919493, 0.12740502600982923, 0.12455031440869152, 0.12025347740052608, 0.11499488857763306, 0.10930180119955181, 0.10350717145159127, 0.0976850713115915, 0.09171652804495779, 0.08540962609185432, 0.07863179820238995, 0.07141065617168056, 0.0639388390057507, 0.05646449320971587, 0.04916040308733387, 0.042097670164099335, 0.03532895079257923, 0.028962004200600532, 0.023140089610798106, 0.017974725734845404, 0.013519519256407224, 0.009796849140637583, 0.0068179597122589395, 0.004562403904654298, 0.0029499899165382577, 0.001849217061631596, 0.0011184682088785077]]}