{"S_min_Ks": [[0.06433513136309596]], "S_min_Q": [[0.8772319652016932]], "S_Ks": [[0.07291031003353597]], "S_Q": [[0.9147221239922289]], "S_max_Ks": [[0.07959261101868471]], "S_max_Q": [[0.9562130332003392]], "S_T_min_Ks": [[0.047047779215506735]], "S_T_min_Q": [[0.9057955426103703]], "S_T_Ks": [[0.07927105435579092]], "S_T_Q": [[0.9356402825955246]], "S_T_max_Ks": [[0.09989239824734276]], "S_T_max_Q": [[0.9643925211551425]]}