{"S_Ks": [[0.07291031003353597]], "S_Q": [[0.9147221239922289]], "S_T_Ks": [[0.07927105435579092]], "S_T_Q": [[0.9356402825955246]]}