{"y": [16000.0, 16000.0, 16000.0, 16000.0, 8000.0, 16000.0, 24000.0, 32000.0, 0.9628825833927668, 1.0, -0.7506384407952815, -0.7177420944075116, 6.535503529287453, 8.17790318754141, -2.3823926271773503, -0.5083877658670314], "x": [8000.0, 8000.0, 8000.0, 8000.0, 8000.0, 16000.0, 24000.0, 32000.0, 1.0, 0.9628825833927668, -0.5584661862639305, -0.5095756511642157, 5.633385603390654, 6.535503529287453, -1.4711033189410812, -0.29957053752446433], "Covariance": [32000.0, 32000.0, 32000.0, 32000.0, 8000.0, 16000.0, 24000.0, 32000.0, -0.5095756511642157, -0.7177420944075116, 0.9916238097973512, 1.0, -0.29957053752446433, -0.5083877658670314, 0.27259268005296894, 0.06134955000670328], "Correlation-YY": [24000.0, 24000.0, 24000.0, 24000.0, 8000.0, 16000.0, 24000.0, 32000.0, -0.5584661862639305, -0.7506384407952815, 1.0, 0.9916238097973512, -1.4711033189410812, -2.3823926271773503, 1.2317515158675907, 0.27259268005296894]}