{"SD_max": [-1.5552370433598002, -9.796877221595626, 6.408039930109145, -5.522676573725031], "Min": [16000.0, -9.96969112270198, 3.194120348493454, -9.546192477225917], "Max": [-1.699530439235501, -9.999248308455007, 6.378502040750956, -8.95137233359309], "SD_min": [24000.0, 0.908723396568182, -8.740466491724428, 15.409532120012894], "x": [8000.0, -9.787502638654397, 3.6583816633386634, -7.68405576185323], "Mean": [32000.0, 0.009738656235952714, -9.772720392840462, 15.406081256552456]}