{"S_Q": [24000.0, 0.4315579615985198, 0.9696719614852982, 0.057031912460021816], "x": [8000.0, 0.15975422341813017, 0.8598229533479812, 0.049584356960044325], "S_T_Q": [0.49745754974793727, 0.07907685385285435, 0.9586542150035382, 0.06168005959771498], "S_Ks": [16000.0, 0.7751400603726897, 0.30342798450779374, 0.9976775632764324], "S_T_Ks": [32000.0, 0.6351499547483751, 0.056842925449171515, 0.9732328882988416]}