{"S_Q": [0.10781701583628897], "S_T_min_Q": [0.250618570784141], "S_max_Q": [0.15524784448415174], "S_T_max_Ks": [0.9540859827264251], "S_T_min_Ks": [0.6761942532780522], "S_min_Ks": [0.5010244415532227], "S_min_Q": [0.042765128654081636], "S_T_Ks": [0.835860287183506], "S_T_Q": [0.3313195909000838], "S_max_Ks": [0.679392043737801], "S_T_max_Q": [0.43077331715974565], "S_Ks": [0.6103601289981786]}