{"Min": [[13.498803874477286]], "SD_min": [[16.210119452894766]], "Mean": [[17.304459994980217]], "SD_max": [[18.398800537065668]], "Max": [[20.618062332396153]]}