{"Min": [[-65.71496972810228]], "SD_min": [[-2.7400619497277185]], "Mean": [[4.94412989128569]], "SD_max": [[12.6283217322991]], "Max": [[77.0928195282575]]}