{"Min": [[-81.74223818386699]], "SD_min": [[5.608151264118742]], "Mean": [[12.959467981374686]], "SD_max": [[20.31078469863063]], "Max": [[27.84617569420473]]}