{"Min": [[-73.4075051974024]], "SD_min": [[1.9498038412743615]], "Mean": [[10.281083572000698]], "SD_max": [[18.612363302727033]], "Max": [[92.01286876951113]]}