{"Min": [[-80.28935080743035]], "SD_min": [[1.0671832338663858]], "Mean": [[9.397742348487373]], "SD_max": [[17.72830146310836]], "Max": [[66.75084051667005]]}