{"output": [[-80.28935080743035, -78.80409634961116, -77.31884189179196, -75.83358743397277, -74.34833297615357, -72.86307851833438, -71.37782406051518, -69.89256960269597, -68.40731514487678, -66.92206068705758, -65.43680622923839, -63.95155177141919, -62.466297313599995, -60.9810428557808, -59.495788397961604, -58.01053394014241, -56.525279482323214, -55.04002502450402, -53.55477056668482, -52.06951610886563, -50.58426165104643, -49.09900719322724, -47.613752735408035, -46.12849827758884, -44.643243819769644, -43.15798936195045, -41.672734904131254, -40.18748044631206, -38.702225988492856, -37.21697153067366, -35.731717072854465, -34.24646261503527, -32.761208157216075, -31.27595369939688, -29.790699241577684, -28.30544478375849, -26.820190325939294, -25.33493586812009, -23.849681410300896, -22.3644269524817, -20.879172494662505, -19.39391803684331, -17.908663579024115, -16.42340912120492, -14.938154663385717, -13.452900205566522, -11.967645747747326, -10.482391289928131, -8.997136832108936, -7.5118823742897405, -6.026627916470545, -4.54137345865135, -3.0561190008321546, -1.5708645430129593, -0.08561008519376401, 1.3996443726254313, 2.884898830444641, 4.370153288263836, 5.855407746083031, 7.340662203902227, 8.825916661721422, 10.311171119540617, 11.796425577359813, 13.281680035179008, 14.766934492998203, 16.2521889508174, 17.737443408636594, 19.22269786645579, 20.707952324274984, 22.19320678209418, 23.678461239913375, 25.16371569773257, 26.648970155551766, 28.134224613370975, 29.61947907119017, 31.104733529009366, 32.58998798682856, 34.075242444647756, 35.56049690246695, 37.04575136028615, 38.53100581810534, 40.01626027592454, 41.50151473374373, 42.98676919156293, 44.47202364938212, 45.95727810720132, 47.442532565020514, 48.92778702283972, 50.41304148065892, 51.898295938478114, 53.38355039629731, 54.868804854116505, 56.3540593119357, 57.839313769754895, 59.32456822757409, 60.809822685393286, 62.29507714321248, 63.780331601031676, 65.26558605885087, 66.75084051667005]], "PDF": [[1.778214829336776e-05, 1.4282797721550254e-05, 7.401171354523418e-06, 2.474262361638056e-06, 5.336409565270617e-07, 7.425243067261456e-08, 6.665462842926664e-09, 3.8601845694009724e-10, 1.4423268213018616e-11, 3.9946988347972915e-13, 2.647443094108849e-12, 8.689819568333485e-11, 1.8439120803868536e-09, 2.5242249021639583e-08, 2.2293281500885273e-07, 1.270217432926974e-06, 4.669176096660394e-06, 1.107287899602269e-05, 1.694099718236519e-05, 1.6721510359549172e-05, 1.0648051673434078e-05, 4.374444527721162e-06, 1.1594013273900088e-06, 1.9824530871960837e-07, 2.187217822349326e-08, 1.6633082795928296e-09, 2.4631507283303912e-09, 3.5181355658905705e-08, 3.4254947333404354e-07, 2.230612599657628e-06, 9.881831779076945e-06, 3.07151777296653e-05, 7.064812851957558e-05, 0.00012957016684744831, 0.000202461579254384, 0.0002760535726369377, 0.0003296647239922172, 0.0003576362056134556, 0.00038193970384643435, 0.00042527151438557603, 0.0004821019320212115, 0.0005394254862982055, 0.0006122624686530311, 0.0007450353830341265, 0.0010378174669784927, 0.0017411632136354275, 0.003220441330297906, 0.005516576524210175, 0.00799857499351539, 0.009939822952623101, 0.011280701836094009, 0.012388046384357688, 0.013500299577782067, 0.014867103473931888, 0.01708966517616139, 0.020775366773749214, 0.025726598433713457, 0.030793875054542917, 0.03492005731880155, 0.03836097249215263, 0.04243548186051662, 0.04775174500727634, 0.052922871152389646, 0.05550021574418304, 0.05418435319561074, 0.049316402489196005, 0.041356636069784077, 0.030719528837063782, 0.019459449873189292, 0.010731470608112005, 0.005840771314840352, 0.003617829129321071, 0.0024425386204001984, 0.0015298477902465565, 0.0007860227176500974, 0.0003123702671878341, 0.00010340440631236818, 4.510472799594807e-05, 3.880765784971276e-05, 4.319044332661095e-05, 4.5058691887133227e-05, 3.869370608318577e-05, 2.523735983603038e-05, 1.1818631676914835e-05, 3.870985660162401e-06, 1.230244364266273e-06, 2.105455187222404e-06, 6.39007903377758e-06, 1.3221746758347659e-05, 1.767898298858883e-05, 1.5251253564648672e-05, 8.488154776736935e-06, 3.048124565601395e-06, 7.126594140087879e-07, 1.7975969636201587e-07, 5.438133200487087e-07, 2.474895093189609e-06, 7.40119674525578e-06, 1.4282798378888821e-05, 1.7782148304346702e-05]]}