{"output": [[13.498803874477286, 13.570715576072425, 13.642627277667566, 13.714538979262706, 13.786450680857847, 13.858362382452986, 13.930274084048126, 14.002185785643267, 14.074097487238406, 14.146009188833546, 14.217920890428687, 14.289832592023826, 14.361744293618967, 14.433655995214107, 14.505567696809248, 14.577479398404387, 14.649391099999526, 14.721302801594668, 14.793214503189807, 14.865126204784946, 14.937037906380088, 15.008949607975227, 15.080861309570368, 15.152773011165507, 15.224684712760647, 15.296596414355788, 15.368508115950927, 15.440419817546069, 15.512331519141208, 15.584243220736347, 15.656154922331488, 15.728066623926628, 15.799978325521767, 15.871890027116908, 15.943801728712048, 16.015713430307187, 16.08762513190233, 16.15953683349747, 16.231448535092607, 16.303360236687748, 16.37527193828289, 16.447183639878027, 16.519095341473168, 16.59100704306831, 16.66291874466345, 16.734830446258588, 16.80674214785373, 16.87865384944887, 16.950565551044008, 17.02247725263915, 17.09438895423429, 17.16630065582943, 17.23821235742457, 17.31012405901971, 17.382035760614848, 17.45394746220999, 17.52585916380513, 17.59777086540027, 17.66968256699541, 17.74159426859055, 17.81350597018569, 17.88541767178083, 17.95732937337597, 18.02924107497111, 18.101152776566252, 18.17306447816139, 18.24497617975653, 18.31688788135167, 18.38879958294681, 18.46071128454195, 18.532622986137092, 18.60453468773223, 18.67644638932737, 18.748358090922512, 18.82026979251765, 18.89218149411279, 18.96409319570793, 19.036004897303073, 19.10791659889821, 19.17982830049335, 19.25174000208849, 19.32365170368363, 19.39556340527877, 19.467475106873913, 19.539386808469054, 19.61129851006419, 19.683210211659333, 19.75512191325447, 19.82703361484961, 19.898945316444753, 19.970857018039894, 20.04276871963503, 20.114680421230172, 20.186592122825314, 20.25850382442045, 20.330415526015592, 20.402327227610733, 20.474238929205875, 20.546150630801012, 20.618062332396153]], "PDF": [[0.00023582099348172397, 0.0002565603543201146, 0.0002916853345405577, 0.00037733843814060714, 0.0005467576715572521, 0.0008159389222879707, 0.001180195294779226, 0.001624221458167068, 0.002138104401670657, 0.0027275083280133027, 0.0034137093129480937, 0.004231615686711731, 0.0052355029864562495, 0.006507807745745273, 0.008153652310405725, 0.010273854920855393, 0.012935796145291265, 0.016172589717796906, 0.020015857678777945, 0.024526810519184452, 0.02978206584673954, 0.035816882699959626, 0.042587626808913766, 0.050016277496672513, 0.05810666575971861, 0.06704223627775871, 0.07716827577679945, 0.08884032124186932, 0.10222404930222466, 0.11717576361999439, 0.13327498903033408, 0.14997123382796332, 0.1667481728637416, 0.18323894088185896, 0.19927811358630357, 0.21488356243254325, 0.23015686736223404, 0.24513302731175854, 0.25966787694660654, 0.27344193697955427, 0.2860761275575316, 0.29727808919344917, 0.3069256356656034, 0.31503805364016624, 0.32166411599341344, 0.3267940292097022, 0.3303972095066876, 0.3325515082158194, 0.33349654352983743, 0.33351682273528704, 0.3327833800774207, 0.33134383775401255, 0.3292445318857535, 0.32659610735575534, 0.323502212883891, 0.31996751119321215, 0.3158931873434558, 0.31112143066147047, 0.30546039737280595, 0.29872133185576816, 0.2908249470585466, 0.2819200109239048, 0.27237842046296684, 0.26263205265099526, 0.2529877948492918, 0.24357660266413103, 0.23443463186531713, 0.22558327284978932, 0.2170167679234218, 0.20863422993057892, 0.20020860059812381, 0.19143872200749648, 0.1820557496480185, 0.17191635275947495, 0.16103664518641722, 0.1495778289054483, 0.13781907449238848, 0.12611762166590457, 0.1148268504796762, 0.10418301847835887, 0.09423348461756396, 0.08486851279712437, 0.07593108480055773, 0.06731444228521757, 0.05898885755324241, 0.05097981358404265, 0.04335062888820146, 0.0362045362773426, 0.029681055293736512, 0.023926749326622136, 0.01904983968634705, 0.015082823288782379, 0.011969724616384028, 0.009579556109415653, 0.007737420191394121, 0.006262899032668173, 0.005007465912239033, 0.0038819749031377988, 0.00286355433448333, 0.0019771591173517664]]}