{"output": [[-65.71496972810228, -64.27246680632086, -62.82996388453945, -61.38746096275804, -59.94495804097663, -58.50245511919522, -57.05995219741381, -55.617449275632396, -54.174946353850984, -52.73244343206957, -51.28994051028816, -49.84743758850674, -48.40493466672533, -46.96243174494392, -45.51992882316251, -44.0774259013811, -42.634922979599686, -41.192420057818275, -39.74991713603686, -38.30741421425545, -36.86491129247404, -35.42240837069262, -33.97990544891121, -32.53740252712981, -31.094899605348388, -29.652396683566977, -28.209893761785565, -26.767390840004154, -25.324887918222743, -23.88238499644133, -22.43988207465992, -20.99737915287851, -19.554876231097097, -18.112373309315686, -16.669870387534274, -15.227367465752863, -13.784864543971452, -12.34236162219004, -10.899858700408629, -9.457355778627218, -8.014852856845806, -6.572349935064388, -5.129847013282976, -3.687344091501565, -2.2448411697201536, -0.8023382479387493, 0.6401646738426621, 2.0826675956240734, 3.525170517405499, 4.96767343918691, 6.410176360968322, 7.852679282749733, 9.295182204531145, 10.737685126312556, 12.180188048093967, 13.622690969875379, 15.06519389165679, 16.5076968134382, 17.950199735219613, 19.392702657001024, 20.835205578782436, 22.277708500563847, 23.72021142234526, 25.16271434412667, 26.60521726590808, 28.047720187689492, 29.490223109470904, 30.932726031252315, 32.37522895303373, 33.81773187481514, 35.26023479659655, 36.70273771837796, 38.14524064015937, 39.58774356194078, 41.030246483722195, 42.472749405503606, 43.91525232728502, 45.35775524906643, 46.80025817084784, 48.24276109262925, 49.68526401441066, 51.12776693619209, 52.5702698579735, 54.01277277975491, 55.45527570153632, 56.897778623317734, 58.340281545099145, 59.78278446688056, 61.22528738866197, 62.66779031044338, 64.11029323222478, 65.5527961540062, 66.9952990757876, 68.43780199756903, 69.88030491935042, 71.32280784113185, 72.76531076291327, 74.20781368469467, 75.6503166064761, 77.0928195282575]], "PDF": [[2.0330361344068877e-05, 1.551679194160705e-05, 6.898782523283124e-06, 1.786720624129851e-06, 2.695594272373169e-07, 2.3690055475283164e-08, 1.2128059220607051e-09, 3.6168476740164704e-11, 6.283227815913649e-13, 6.358417972206381e-15, 3.7482540415564566e-17, 1.2872712170453014e-19, 9.170855748947407e-21, 3.293037864284622e-18, 7.087033039751635e-16, 8.884765773458227e-14, 6.488458603268275e-12, 2.7602754900189e-10, 6.840453067640209e-09, 9.875716025629684e-08, 8.308970327092477e-07, 4.080566059022771e-06, 1.1789960809036326e-05, 2.0808471393531324e-05, 2.609215557719953e-05, 3.204456589085067e-05, 4.077678235026394e-05, 4.083797817777481e-05, 3.3124887732386146e-05, 3.791426079883287e-05, 7.023709791812181e-05, 0.00013976655692774686, 0.0002625324681096001, 0.0004511485097544667, 0.0006942670973231631, 0.0009371708154326083, 0.0011371124952524528, 0.0014591850399529322, 0.0024133457245650767, 0.0050000773087332815, 0.01069861645797375, 0.020213831072363908, 0.03196798231217338, 0.04264692278804863, 0.04857041667569532, 0.04829712395963178, 0.04475892157683813, 0.04191222587292219, 0.04082792404379889, 0.04031420545095052, 0.03923859130419967, 0.03730561742170234, 0.03489917292033027, 0.032983596088276695, 0.032170011901289826, 0.0318831451195258, 0.030462622044330014, 0.026526831843732668, 0.02035429710537945, 0.013290521470625288, 0.006938594514134197, 0.002702975031000259, 0.000769172584016086, 0.00018412511944572728, 6.188741372326147e-05, 4.452015434591459e-05, 4.6305714153421287e-05, 4.181318353360705e-05, 2.528554921439678e-05, 9.349765605121097e-06, 2.056917490508644e-06, 2.6702581028779466e-07, 2.0396552589242377e-08, 9.153636172063803e-10, 2.410979862723273e-11, 3.7233841979554085e-13, 3.3685170078828373e-15, 1.8068581068055922e-17, 6.411340151179251e-17, 1.0379032130327486e-14, 9.829674176002373e-13, 5.450751726689648e-11, 1.7740771903887048e-09, 3.400833836948413e-08, 3.8576269247290454e-07, 2.604679862508974e-06, 1.0541138470454993e-05, 2.574963523122068e-05, 3.8185581430292504e-05, 3.447832918538655e-05, 1.8939563060556194e-05, 6.3026520891258055e-06, 1.2624410643886054e-06, 1.5232654767416796e-07, 3.4429545296620425e-08, 2.700101226856579e-07, 1.7867317466483427e-06, 6.898782684213225e-06, 1.5516791942969453e-05, 2.033036134407563e-05]]}