{"output": [[-73.4075051974024, -71.73659232904974, -70.06567946069708, -68.39476659234441, -66.72385372399175, -65.0529408556391, -63.38202798728643, -61.71111511893377, -60.0402022505811, -58.369289382228445, -56.698376513875786, -55.02746364552312, -53.356550777170455, -51.685637908817796, -50.01472504046514, -48.34381217211247, -46.672899303759806, -45.00198643540715, -43.33107356705449, -41.66016069870182, -39.989247830349164, -38.3183349619965, -36.64742209364384, -34.976509225291174, -33.305596356938516, -31.63468348858585, -29.96377062023319, -28.292857751880526, -26.621944883527867, -24.9510320151752, -23.280119146822543, -21.609206278469877, -19.93829341011722, -18.26738054176456, -16.596467673411894, -14.925554805059235, -13.25464193670657, -11.583729068353911, -9.912816200001245, -8.241903331648587, -6.570990463295928, -4.900077594943255, -3.2291647265905965, -1.5582518582379379, 0.11266101011472074, 1.7835738784673936, 3.454486746820052, 5.125399615172711, 6.796312483525369, 8.467225351878028, 10.1381382202307, 11.80905108858336, 13.479963956936018, 15.150876825288677, 16.82178969364135, 18.492702561994008, 20.163615430346667, 21.834528298699325, 23.505441167052, 25.176354035404657, 26.847266903757316, 28.518179772109974, 30.189092640462647, 31.860005508815306, 33.530918377167964, 35.20183124552062, 36.87274411387328, 38.543656982225954, 40.21456985057861, 41.88548271893127, 43.55639558728393, 45.2273084556366, 46.89822132398926, 48.56913419234192, 50.24004706069458, 51.91095992904725, 53.58187279739991, 55.25278566575258, 56.92369853410523, 58.5946114024579, 60.265524270810545, 61.93643713916322, 63.60735000751589, 65.27826287586853, 66.94917574422121, 68.62008861257385, 70.29100148092652, 71.9619143492792, 73.63282721763184, 75.30374008598451, 76.97465295433719, 78.64556582268983, 80.3164786910425, 81.98739155939515, 83.65830442774782, 85.3292172961005, 87.00013016445314, 88.67104303280581, 90.34195590115846, 92.01286876951113]], "PDF": [[2.4481975697725798e-05, 1.447209217086255e-05, 2.989412814325384e-06, 2.1577949804230323e-07, 5.44257195939706e-09, 4.796981146843925e-11, 1.64633725529184e-13, 7.796218491613243e-12, 1.257253443975022e-09, 7.08500660689239e-08, 1.3951729094866303e-06, 9.600731436006826e-06, 2.311566377184293e-05, 2.0183870371131138e-05, 1.2552609109543375e-05, 2.169255481338533e-05, 2.5862661583736075e-05, 2.4372697394927214e-05, 2.5381167863744033e-05, 1.2890583783635052e-05, 4.169280038206179e-06, 1.6761142751048423e-05, 5.714881983043189e-05, 8.427374453774481e-05, 7.719493741030587e-05, 6.850159127748447e-05, 9.84603309218498e-05, 0.00015589925022292504, 0.00016982885790814046, 0.00015857916048263464, 0.00015550007473682766, 0.000222039238228993, 0.00041965537256028195, 0.0006034058093882021, 0.0007482203656216065, 0.0010902598062601722, 0.001593707375578071, 0.002173977382591509, 0.0037512652323540892, 0.007766103718801238, 0.011940385780127611, 0.013794756053827687, 0.015000187637862372, 0.016526271072306423, 0.017903444038246567, 0.018844404153637664, 0.01989406260933525, 0.021896894385002693, 0.025147506538703682, 0.030137746550715747, 0.037874748467351504, 0.05056999205995993, 0.06933707732209574, 0.07790149309617804, 0.06013956373045022, 0.03784490111753549, 0.026378972551088536, 0.0176700959509523, 0.007745724461504489, 0.0017139994170379147, 0.00019465693587838388, 4.166375476278598e-05, 3.617793464639794e-05, 3.899191798969766e-05, 3.876081595641115e-05, 2.9343706477564607e-05, 2.577955696834516e-05, 2.4183914189732018e-05, 1.0219071782455902e-05, 1.5497342614488972e-06, 8.232666121584685e-08, 1.5285895572880353e-09, 9.917903391939307e-12, 2.248637164550261e-14, 1.7815117187623432e-17, 4.932052650851768e-21, 4.771296879899576e-25, 1.629720086395012e-29, 7.673233838345963e-27, 1.2252175574605864e-22, 6.83624652183408e-19, 1.3328827083901236e-15, 9.081045819224149e-13, 2.161969260393388e-10, 1.7985929101605404e-08, 5.228606449071191e-07, 5.311396780461767e-06, 1.8853902306737713e-05, 2.338640538147168e-05, 1.0136672357687474e-05, 1.5353134681119946e-06, 8.125842957128498e-08, 1.5028289425985191e-09, 9.860001073069336e-12, 4.799173181775805e-11, 5.442571976702033e-09, 2.157794980423082e-07, 2.989412814325384e-06, 1.4472092170862447e-05, 2.4481975697725798e-05]]}