{"output": [[-81.74223818386699, -80.63528450833091, -79.52833083279484, -78.42137715725876, -77.31442348172267, -76.2074698061866, -75.10051613065052, -73.99356245511444, -72.88660877957837, -71.77965510404229, -70.6727014285062, -69.56574775297013, -68.45879407743405, -67.35184040189797, -66.2448867263619, -65.13793305082582, -64.03097937528975, -62.924025699753656, -61.81707202421758, -60.710118348681505, -59.60316467314543, -58.49621099760935, -57.38925732207327, -56.282303646537194, -55.17534997100111, -54.068396295465035, -52.96144261992896, -51.854488944392884, -50.7475352688568, -49.640581593320725, -48.53362791778465, -47.426674242248566, -46.31972056671249, -45.212766891176415, -44.10581321564033, -42.998859540104256, -41.89190586456818, -40.7849521890321, -39.67799851349602, -38.571044837959946, -37.46409116242387, -36.35713748688779, -35.25018381135171, -34.143230135815635, -33.03627646027955, -31.929322784743476, -30.8223691092074, -29.715415433671318, -28.608461758135242, -27.501508082599166, -26.394554407063083, -25.287600731527007, -24.18064705599093, -23.07369338045485, -21.966739704918773, -20.859786029382697, -19.752832353846614, -18.645878678310538, -17.538925002774462, -16.431971327238386, -15.32501765170231, -14.21806397616622, -13.111110300630145, -12.004156625094069, -10.897202949557993, -9.790249274021917, -8.683295598485842, -7.576341922949766, -6.469388247413676, -5.3624345718776, -4.255480896341524, -3.1485272208054482, -2.0415735452693724, -0.9346198697332966, 0.17233380580279345, 1.2792874813388693, 2.386241156874945, 3.493194832411021, 4.600148507947097, 5.7071021834831726, 6.814055859019248, 7.921009534555338, 9.027963210091414, 10.13491688562749, 11.241870561163566, 12.348824236699642, 13.455777912235718, 14.562731587771808, 15.669685263307883, 16.77663893884396, 17.883592614380035, 18.99054628991611, 20.097499965452187, 21.204453640988277, 22.311407316524352, 23.41836099206043, 24.525314667596504, 25.63226834313258, 26.739222018668656, 27.84617569420473]], "PDF": [[5.426773692337456e-05, 1.8105402750738742e-05, 1.8867709182620748e-05, 5.424182678549879e-05, 1.66691714826296e-05, 5.307473875046285e-07, 1.7508131616468404e-09, 5.983699958868802e-13, 2.1187410573157294e-17, 3.19429706354045e-22, 5.450519776953322e-17, 1.2740712087633953e-12, 3.0938807534643345e-09, 7.894206876316113e-07, 2.237397980424887e-05, 8.666847320615336e-05, 6.300863292190719e-05, 7.977296322624314e-06, 1.1298035423005567e-05, 5.229914304400128e-05, 2.5342775244607034e-05, 1.2723113486225194e-06, 6.6177552101851425e-09, 3.566203028221168e-12, 1.9910377688590532e-16, 1.1516778145209107e-21, 3.2339834202942308e-24, 1.479987644778814e-18, 7.018578362019303e-14, 3.4484051497214887e-10, 1.755357305356989e-07, 9.257562659330294e-06, 5.0668753202742476e-05, 3.492486485837693e-05, 5.375445538261759e-05, 8.25002804811658e-05, 6.539547565046173e-05, 5.512818638965526e-05, 3.6666183144741435e-05, 0.00010253796281298754, 6.634013577086717e-05, 0.0001068433963458844, 0.00010752921344922251, 9.599211873563477e-05, 0.00013622085349404233, 7.07687609042142e-05, 9.146956471050969e-06, 1.626661549029561e-07, 1.2072034812478254e-06, 3.761128702314191e-05, 0.00016902379519103777, 0.000244975033481418, 0.0004039312636875748, 0.00048022957141604056, 0.00048131650567383323, 0.0008625924152288937, 0.001412616143909366, 0.001331786818533072, 0.0010642097900587252, 0.000980740248556, 0.0010916209295258493, 0.0016868791355389601, 0.002585562682912286, 0.0029304108585355404, 0.002769843655065227, 0.0028645869749834353, 0.0031993624487865638, 0.004238743580789793, 0.0038210664155051088, 0.003911453164085208, 0.004589369300203961, 0.004595382567957319, 0.004874865944337298, 0.006216021650572586, 0.006661873435631631, 0.006999309992858847, 0.007273655347188338, 0.007925859197454244, 0.009068776534586282, 0.012211306704294319, 0.014320343025167158, 0.01536090726584938, 0.018135586366116892, 0.021982555225719094, 0.02849039281185358, 0.03982789769194873, 0.06385221808603422, 0.1134775065472227, 0.16364091188134455, 0.15851201510582077, 0.101345766539847, 0.03247559299361837, 0.010494075155619901, 0.005453743269883442, 0.0031271205352283254, 0.002137155957061302, 0.0009361021697071125, 0.0005923978827839606, 0.0004653711720190144, 0.00019386328762353841]]}