{"S_Ks": [[0.6459659138247077]], "S_Q": [[0.38178332033878165]], "S_T_Ks": [[0.6337182159552536]], "S_T_Q": [[0.3821790859214154]]}