{"S_min_Ks": [[0.23408866188616406]], "S_min_Q": [[-0.0063858381659957775]], "S_Ks": [[0.26375832866388044]], "S_Q": [[0.03898271836957377]], "S_max_Ks": [[0.2901715831198969]], "S_max_Q": [[0.06836596674275867]], "S_T_min_Ks": [[0.9373191655070241]], "S_T_min_Q": [[0.6881117871229626]], "S_T_Ks": [[0.9734397933025554]], "S_T_Q": [[0.7181825849229818]], "S_T_max_Ks": [[1.0000040456091959]], "S_T_max_Q": [[0.7438355748212796]]}