{"S_Ks": [[0.3533349084930166]], "S_Q": [[0.09227043092553432]], "S_T_Ks": [[0.924675328260453]], "S_T_Q": [[0.6188442014318725]]}