{"S_min_Ks": [[0.49154092540053274]], "S_min_Q": [[0.12048284786065494]], "S_Ks": [[0.5391145602622114]], "S_Q": [[0.21112195369224868]], "S_max_Ks": [[0.6001150367838486]], "S_max_Q": [[0.27243306462533345]], "S_T_min_Ks": [[0.8224315337147549]], "S_T_min_Q": [[0.3690893173668918]], "S_T_Ks": [[0.8906628998935961]], "S_T_Q": [[0.42610415155703046]], "S_T_max_Ks": [[0.9835559615395777]], "S_T_max_Q": [[0.4957788263569361]]}