{"S_min_Ks": [[0.3124013898736457]], "S_min_Q": [[0.05438374841284485]], "S_Ks": [[0.3533349084930166]], "S_Q": [[0.09227043092553432]], "S_max_Ks": [[0.3817753948215383]], "S_max_Q": [[0.12541214059410022]], "S_T_min_Ks": [[0.8696673649148927]], "S_T_min_Q": [[0.5877737506327155]], "S_T_Ks": [[0.924675328260453]], "S_T_Q": [[0.6188442014318725]], "S_T_max_Ks": [[0.9682832241029659]], "S_T_max_Q": [[0.6538734249567374]]}