{"S_Ks": [[0.44480872207390054]], "S_Q": [[0.04544929745524819]], "S_T_Ks": [[0.9400078753257088]], "S_T_Q": [[0.5338061017233449]]}