{"S_Ks": [[0.5391145602622114]], "S_Q": [[0.21112195369224868]], "S_T_Ks": [[0.8906628998935961]], "S_T_Q": [[0.42610415155703046]]}