{"S_min_Ks": [[0.4088268962711165]], "S_min_Q": [[-0.011426106746083214]], "S_Ks": [[0.44480872207390054]], "S_Q": [[0.04544929745524819]], "S_max_Ks": [[0.4836291309505558]], "S_max_Q": [[0.12697794182971228]], "S_T_min_Ks": [[0.883107471710565]], "S_T_min_Q": [[0.47977453237189704]], "S_T_Ks": [[0.9400078753257088]], "S_T_Q": [[0.5338061017233449]], "S_T_max_Ks": [[1.0006056360619486]], "S_T_max_Q": [[0.5823504421949688]]}