{"S_min_Ks": [[0.6198246878861663]], "S_min_Q": [[0.35864607239573776]], "S_Ks": [[0.6459659138247077]], "S_Q": [[0.38178332033878165]], "S_max_Ks": [[0.6717355949060656]], "S_max_Q": [[0.4015165019733455]], "S_T_min_Ks": [[0.6089078530221914]], "S_T_min_Q": [[0.3560766152130483]], "S_T_Ks": [[0.6337182159552536]], "S_T_Q": [[0.3821790859214154]], "S_T_max_Ks": [[0.6651281106942766]], "S_T_max_Q": [[0.4091554804272444]]}