{"S_Ks": [[0.26375832866388044]], "S_Q": [[0.03898271836957377]], "S_T_Ks": [[0.9734397933025554]], "S_T_Q": [[0.7181825849229818]]}