{"Min": [[14.839305034583436]], "SD_min": [[18.45084280582026]], "Mean": [[20.113178398964987]], "SD_max": [[21.775513992109715]], "Max": [[22.551136827716096]]}