{"Min": [[14.839305469736633]], "SD_min": [[18.450842999272986]], "Mean": [[20.11317849523588]], "SD_max": [[21.77551399119877]], "Max": [[22.551137183343076]]}