{"Min": [[15.221171883569173]], "SD_min": [[18.31719523561371]], "Mean": [[20.08969704692545]], "SD_max": [[21.862198858237193]], "Max": [[22.19134911590429]]}