{"Min": [[14.83930565673602]], "SD_min": [[18.450843000033963]], "Mean": [[20.11317849297875]], "SD_max": [[21.77551398592354]], "Max": [[22.551137055186178]]}