{"output": [[14.839305034583436, 14.91720232542316, 14.995099616262884, 15.072996907102608, 15.150894197942332, 15.228791488782056, 15.30668877962178, 15.384586070461502, 15.462483361301226, 15.54038065214095, 15.618277942980674, 15.696175233820398, 15.774072524660122, 15.851969815499846, 15.92986710633957, 16.007764397179294, 16.085661688019016, 16.16355897885874, 16.241456269698464, 16.31935356053819, 16.397250851377912, 16.475148142217638, 16.55304543305736, 16.630942723897086, 16.708840014736808, 16.786737305576533, 16.864634596416256, 16.94253188725598, 17.020429178095704, 17.098326468935426, 17.17622375977515, 17.254121050614874, 17.3320183414546, 17.40991563229432, 17.487812923134047, 17.56571021397377, 17.643607504813495, 17.721504795653217, 17.799402086492943, 17.877299377332665, 17.95519666817239, 18.033093959012113, 18.110991249851836, 18.18888854069156, 18.266785831531287, 18.34468312237101, 18.42258041321073, 18.500477704050457, 18.57837499489018, 18.656272285729905, 18.734169576569627, 18.812066867409353, 18.889964158249075, 18.9678614490888, 19.045758739928523, 19.123656030768245, 19.20155332160797, 19.279450612447697, 19.35734790328742, 19.43524519412714, 19.513142484966867, 19.59103977580659, 19.668937066646315, 19.746834357486037, 19.824731648325763, 19.902628939165485, 19.98052623000521, 20.058423520844933, 20.136320811684655, 20.21421810252438, 20.292115393364107, 20.37001268420383, 20.44790997504355, 20.525807265883277, 20.603704556723002, 20.681601847562725, 20.759499138402447, 20.837396429242173, 20.915293720081895, 20.99319101092162, 21.071088301761343, 21.14898559260107, 21.22688288344079, 21.304780174280516, 21.38267746512024, 21.46057475595996, 21.538472046799686, 21.616369337639412, 21.694266628479134, 21.772163919318857, 21.850061210158582, 21.927958500998304, 22.00585579183803, 22.083753082677752, 22.161650373517478, 22.2395476643572, 22.317444955196926, 22.39534224603665, 22.47323953687637, 22.551136827716096]], "PDF": [[0.003773622963462404, 0.005852928682068358, 0.00820202825093607, 0.010609284691965213, 0.012931674869888178, 0.015120588056487923, 0.01719132407950794, 0.019173496719834617, 0.02109512291664754, 0.023031809781235483, 0.0251521752363033, 0.027648052977091688, 0.030574525517808634, 0.03376447642076928, 0.03691928274818342, 0.03978891510772144, 0.04226162299744449, 0.0443108178354701, 0.045933847866378406, 0.04714848823549255, 0.047937831585270575, 0.04818669759143608, 0.047846472761028526, 0.047235892277972626, 0.04700052703720047, 0.04761926519218366, 0.049009016709509044, 0.050691335673808055, 0.05227561152383829, 0.053703317203341566, 0.05509461781086431, 0.05650811711859882, 0.057925856362111665, 0.05942217223002725, 0.06122338812935958, 0.06349577925547358, 0.06606582616275679, 0.06844239849833328, 0.07020525660063658, 0.07136875210017672, 0.07232606471576226, 0.07346459110039127, 0.07489862867887212, 0.07656913513441811, 0.07851559015653464, 0.08097747440350718, 0.08421347183057337, 0.08823100435282011, 0.09273223505098191, 0.09736461338552689, 0.10200963818935051, 0.10684000925684492, 0.11217768596528115, 0.11826867497558188, 0.1250195033673877, 0.1318697072638192, 0.1380091151668089, 0.14284024380441218, 0.14636720676714932, 0.14926163684233995, 0.15247989038733306, 0.1565784678960135, 0.16128043491885816, 0.165761289910692, 0.16941555679053433, 0.1724099044233607, 0.1756291309868557, 0.1801307101742856, 0.18646487020093117, 0.19430444777541633, 0.20274713229581132, 0.21117831351440536, 0.21997542749668014, 0.23034550478228336, 0.24343084073302124, 0.25955537468053075, 0.27821536861495816, 0.29857511016404564, 0.31976787999469103, 0.3405677483291817, 0.35882463819316973, 0.3716776227725438, 0.3769232179786888, 0.37438734113467953, 0.3657522709638397, 0.3529223838501322, 0.3366821347639453, 0.3168925794336232, 0.29363025369823764, 0.26789279016839335, 0.24131367510372415, 0.21537257992353695, 0.19079572779540044, 0.16746185253834708, 0.1447514286120622, 0.12201422306533866, 0.09888261092092188, 0.07555423289336173, 0.05313093488871662, 0.033524276854144296]]}