{"output": [[14.83930565673602, 14.917202943589052, 14.995100230442084, 15.072997517295116, 15.150894804148148, 15.228792091001178, 15.30668937785421, 15.384586664707243, 15.462483951560275, 15.540381238413307, 15.618278525266339, 15.696175812119371, 15.774073098972403, 15.851970385825435, 15.929867672678466, 16.0077649595315, 16.08566224638453, 16.163559533237564, 16.241456820090594, 16.319354106943624, 16.397251393796658, 16.47514868064969, 16.553045967502722, 16.630943254355753, 16.708840541208787, 16.786737828061817, 16.86463511491485, 16.94253240176788, 17.020429688620915, 17.098326975473945, 17.176224262326976, 17.25412154918001, 17.33201883603304, 17.409916122886074, 17.487813409739104, 17.565710696592138, 17.64360798344517, 17.721505270298202, 17.799402557151232, 17.877299844004263, 17.955197130857297, 18.033094417710327, 18.11099170456336, 18.18888899141639, 18.266786278269425, 18.344683565122455, 18.42258085197549, 18.50047813882852, 18.57837542568155, 18.656272712534584, 18.734169999387614, 18.812067286240648, 18.88996457309368, 18.96786185994671, 19.045759146799742, 19.123656433652776, 19.201553720505807, 19.279451007358837, 19.35734829421187, 19.4352455810649, 19.513142867917935, 19.591040154770965, 19.668937441623996, 19.74683472847703, 19.824732015330063, 19.902629302183094, 19.980526589036124, 20.058423875889158, 20.13632116274219, 20.214218449595222, 20.292115736448253, 20.370013023301283, 20.447910310154317, 20.52580759700735, 20.60370488386038, 20.68160217071341, 20.759499457566445, 20.837396744419475, 20.91529403127251, 20.99319131812554, 21.07108860497857, 21.148985891831604, 21.226883178684638, 21.304780465537668, 21.3826777523907, 21.460575039243732, 21.538472326096763, 21.616369612949796, 21.694266899802827, 21.77216418665586, 21.85006147350889, 21.927958760361925, 22.005856047214955, 22.083753334067985, 22.16165062092102, 22.23954790777405, 22.317445194627084, 22.395342481480114, 22.473239768333148, 22.551137055186178]], "PDF": [[0.0037736286466834696, 0.005852937341053085, 0.00820203997297441, 0.010609299147334812, 0.012931691507556013, 0.015120606291468539, 0.017191343316358885, 0.01917351632638396, 0.021095142494599557, 0.023031829665418904, 0.025152196468388552, 0.027648076311497814, 0.03057455020213316, 0.03376449996854793, 0.03691930208415912, 0.03978892815078604, 0.04226162928395611, 0.04431081796075158, 0.04593384272056788, 0.047148478343409406, 0.04793781633071604, 0.0481866753929806, 0.04784644316922651, 0.04723585828054785, 0.04700049488308135, 0.04761924111665217, 0.04900900203057232, 0.05069132368534001, 0.05227559082133245, 0.05370328142996813, 0.05509457317211766, 0.05650807858678351, 0.057925835242412856, 0.05942216788590468, 0.06122339156407366, 0.06349578257487458, 0.06606582752368624, 0.06844240005820104, 0.07020526069364279, 0.07136876080733738, 0.07232608273162368, 0.07346462686009013, 0.0748986895396472, 0.07656921942107585, 0.07851568455153267, 0.0809775614547649, 0.08421354127359991, 0.0882310568937845, 0.0927322762520746, 0.09736464648951522, 0.10200966347662406, 0.10684002816747296, 0.11217770365945859, 0.11826869821749567, 0.12501953606755695, 0.13186974814120156, 0.13800915931871421, 0.14284028635892937, 0.1463672460108906, 0.14926167486638403, 0.15247993030222215, 0.1565785096775796, 0.16128047432226666, 0.1657613219422516, 0.16941558002291357, 0.17240992205959116, 0.175629148604852, 0.18013073261186385, 0.18646489954419757, 0.19430448333236244, 0.20274717246242505, 0.21117835804819654, 0.21997547799874842, 0.230345562812432, 0.24343090568339798, 0.25955544373514566, 0.2782154385657095, 0.29857517887277674, 0.3197679455304755, 0.340567806040416, 0.35882467903003457, 0.3716776362157732, 0.3769231981191861, 0.37438729030411844, 0.36575219781633256, 0.35292229885001586, 0.3366820474918463, 0.3168924979997805, 0.2936301838001349, 0.2678927332478666, 0.24131362756081556, 0.2153725347669533, 0.19079567788429738, 0.16746179365917113, 0.1447513610634298, 0.12201415104311102, 0.09888254032095918, 0.07555416936919643, 0.05313088295260004, 0.03352423911014506]]}