{"output": [[14.839305469736633, 14.917202759773062, 14.99510004980949, 15.07299733984592, 15.150894629882348, 15.228791919918777, 15.306689209955206, 15.384586499991634, 15.462483790028063, 15.540381080064492, 15.61827837010092, 15.69617566013735, 15.774072950173778, 15.851970240210207, 15.929867530246636, 16.007764820283064, 16.085662110319493, 16.163559400355922, 16.24145669039235, 16.31935398042878, 16.39725127046521, 16.475148560501637, 16.553045850538066, 16.630943140574495, 16.708840430610923, 16.786737720647352, 16.86463501068378, 16.94253230072021, 17.02042959075664, 17.098326880793067, 17.176224170829496, 17.254121460865925, 17.332018750902353, 17.409916040938782, 17.48781333097521, 17.56571062101164, 17.64360791104807, 17.721505201084497, 17.799402491120922, 17.877299781157355, 17.95519707119378, 18.033094361230212, 18.110991651266637, 18.18888894130307, 18.266786231339495, 18.344683521375927, 18.422580811412352, 18.500478101448785, 18.57837539148521, 18.65627268152164, 18.734169971558067, 18.812067261594496, 18.889964551630925, 18.967861841667357, 19.045759131703782, 19.12365642174021, 19.20155371177664, 19.27945100181307, 19.357348291849497, 19.435245581885926, 19.513142871922355, 19.591040161958784, 19.668937451995212, 19.74683474203164, 19.82473203206807, 19.9026293221045, 19.980526612140928, 20.058423902177356, 20.136321192213785, 20.214218482250214, 20.292115772286643, 20.37001306232307, 20.4479103523595, 20.52580764239593, 20.603704932432358, 20.681602222468786, 20.759499512505215, 20.837396802541644, 20.915294092578073, 20.9931913826145, 21.07108867265093, 21.14898596268736, 21.226883252723788, 21.304780542760216, 21.382677832796645, 21.460575122833074, 21.538472412869503, 21.61636970290593, 21.69426699294236, 21.77216428297879, 21.850061573015218, 21.927958863051646, 22.005856153088075, 22.083753443124504, 22.161650733160933, 22.23954802319736, 22.31744531323379, 22.39534260327022, 22.473239893306648, 22.551137183343076]], "PDF": [[0.003773626628492647, 0.00585293440935885, 0.008202036141851953, 0.010609294540993856, 0.012931686309953101, 0.015120600702345076, 0.017191337538809585, 0.01917351055584846, 0.021095136832947774, 0.023031823996869524, 0.025152190492409913, 0.02764806981141654, 0.030574543323313667, 0.03376449321541288, 0.03691929601838248, 0.03978892308428368, 0.042261625251446944, 0.044310814876125405, 0.04593384044644427, 0.04714847674540591, 0.047937815452500455, 0.04818667541398231, 0.047846443927318134, 0.047235858977518266, 0.04700049458707418, 0.04761923955910785, 0.0490089997212828, 0.05069132128378688, 0.05227558858162829, 0.053703279249108116, 0.055094570962418495, 0.056508076431412424, 0.057925833199115075, 0.059422165773507805, 0.06122338907777433, 0.06349577965347343, 0.06606582453217516, 0.06844239751414227, 0.07020525881218158, 0.07136875938250342, 0.07232608146708756, 0.07346462572401229, 0.07489868872397161, 0.07656921898949534, 0.07851568421853959, 0.08097756076478316, 0.08421353999179447, 0.08823105517785074, 0.09273227442454887, 0.09736464470762506, 0.10200966167780559, 0.1068400262683887, 0.11217770172643754, 0.11826869647129482, 0.12501953476857444, 0.13186974744108185, 0.13800915917189607, 0.14284028655728123, 0.14636724632057818, 0.1492616751777897, 0.15247993067635235, 0.15657851023600308, 0.1612804750861874, 0.16576132279444197, 0.1694155808350777, 0.1724099228688127, 0.17562914969034724, 0.18013073438269372, 0.18646490228101184, 0.1943044870012824, 0.20274717683871732, 0.21117836310680324, 0.2199754841834605, 0.23034557084548235, 0.24343091606704953, 0.25955545642897193, 0.2782154530891382, 0.29857519460560333, 0.3197679617328007, 0.34056782137589764, 0.3588246911374854, 0.3716776422541109, 0.37692319627230986, 0.37438728083199563, 0.3657521824313772, 0.35292227910662166, 0.336682023972077, 0.31689247089025746, 0.29363015379786006, 0.2678927016820786, 0.24131359573981362, 0.21537250326607446, 0.19079564630498402, 0.16746176099760782, 0.14475132650806244, 0.1220141146824885, 0.09888250338797325, 0.07555413414141907, 0.05313085231989086, 0.03352421556035061]]}