{"output": [[15.221171883569173, 15.291577714198821, 15.361983544828469, 15.432389375458117, 15.502795206087765, 15.573201036717412, 15.64360686734706, 15.714012697976706, 15.784418528606354, 15.854824359236002, 15.92523018986565, 15.995636020495297, 16.066041851124947, 16.136447681754593, 16.206853512384242, 16.27725934301389, 16.347665173643534, 16.418071004273184, 16.48847683490283, 16.55888266553248, 16.629288496162125, 16.699694326791775, 16.77010015742142, 16.84050598805107, 16.910911818680717, 16.981317649310366, 17.051723479940012, 17.12212931056966, 17.192535141199308, 17.262940971828954, 17.333346802458603, 17.40375263308825, 17.4741584637179, 17.544564294347545, 17.614970124977194, 17.68537595560684, 17.75578178623649, 17.826187616866136, 17.896593447495786, 17.96699927812543, 18.03740510875508, 18.107810939384727, 18.178216770014373, 18.248622600644023, 18.319028431273672, 18.389434261903318, 18.459840092532964, 18.530245923162614, 18.60065175379226, 18.67105758442191, 18.741463415051555, 18.811869245681205, 18.88227507631085, 18.9526809069405, 19.023086737570146, 19.093492568199796, 19.163898398829442, 19.23430422945909, 19.304710060088738, 19.375115890718384, 19.445521721348033, 19.51592755197768, 19.58633338260733, 19.656739213236975, 19.727145043866624, 19.79755087449627, 19.86795670512592, 19.938362535755566, 20.008768366385212, 20.07917419701486, 20.14958002764451, 20.219985858274157, 20.290391688903803, 20.360797519533453, 20.431203350163102, 20.501609180792748, 20.572015011422394, 20.642420842052044, 20.71282667268169, 20.78323250331134, 20.853638333940985, 20.924044164570635, 20.99444999520028, 21.06485582582993, 21.135261656459576, 21.205667487089222, 21.276073317718872, 21.34647914834852, 21.416884978978167, 21.487290809607813, 21.557696640237463, 21.62810247086711, 21.69850830149676, 21.768914132126405, 21.839319962756054, 21.9097257933857, 21.98013162401535, 22.050537454644996, 22.12094328527464, 22.19134911590429]], "PDF": [[0.04323991890420567, 0.043306690167325204, 0.04196257132675368, 0.03942572264728164, 0.036052251494718544, 0.032281233897246187, 0.02856764723022367, 0.025316306082901918, 0.022828627032037394, 0.02127045609279283, 0.020664521924050896, 0.020906494014273278, 0.02179988483354504, 0.0231024664987566, 0.024575573110345132, 0.026027703925187995, 0.027345320504228655, 0.028506586216336317, 0.02957759139553625, 0.03069443168772955, 0.03203717786886057, 0.03380230784885997, 0.036178311358334055, 0.039325697766086506, 0.043359171075636235, 0.04832813224067211, 0.0541931082268241, 0.06079999119077819, 0.06785937555203621, 0.07494214143393949, 0.0815022855844205, 0.0869327922903416, 0.09065112630654949, 0.09220068384569405, 0.0913470286342189, 0.08814600125644748, 0.08296582330917784, 0.07645565693047464, 0.06946541120257577, 0.06293211967646972, 0.05775414719360892, 0.05467490386483175, 0.054193608181379076, 0.05651400146384168, 0.06153486152663232, 0.06888004860012752, 0.07796108517596785, 0.08806181799837035, 0.09843242508073503, 0.10837913362280305, 0.11733697976792481, 0.12491609836260452, 0.13091714054315903, 0.1353175077765836, 0.13823568281546897, 0.13988454626137173, 0.14052524680343828, 0.14043088373725654, 0.13986480973614912, 0.13907323573958674, 0.13828761240625903, 0.13773016904059032, 0.13761641643494416, 0.1381508733549256, 0.13951561143632252, 0.1418541399054156, 0.14525478716966753, 0.14973791771659672, 0.15525050759662637, 0.16167042994243694, 0.16882161210500404, 0.176499868036423, 0.18450730068390828, 0.19269061902753334, 0.20097612050254682, 0.2093926502358456, 0.21807475521434574, 0.2272419011458195, 0.23715516571963183, 0.24805841327597739, 0.260114592899453, 0.2733483332875229, 0.2876036817975621, 0.3025220797081495, 0.3175422366890473, 0.33192157908818765, 0.3447783463737525, 0.35515316825458926, 0.3620878119136781, 0.3647160996515317, 0.36235820222857257, 0.35460600365500594, 0.341385716542752, 0.32298562610381626, 0.3000419025497231, 0.27348278166896334, 0.2444391490162283, 0.21413557372491926, 0.18377857584851104, 0.15445788184801118]]}