{"S_Ks": [[0.1332885463934113]], "S_Q": [[0.8556887756113424]], "S_T_Ks": [[0.1369516456921583]], "S_T_Q": [[0.8868263097671545]]}