{"S_Ks": [[0.13328862651276463]], "S_Q": [[0.8556886853651077]], "S_T_Ks": [[0.13695174063072754]], "S_T_Q": [[0.8868262285054601]]}