{"S_Ks": [[0.13328862839483333]], "S_Q": [[0.855688682983396]], "S_T_Ks": [[0.13695174253946155]], "S_T_Q": [[0.8868262265131861]]}