{"S_min_Ks": [[-0.08211450174522511]], "S_min_Q": [[0.1521537964264712]], "S_Ks": [[0.11007071676223204]], "S_Q": [[0.6555919629386344]], "S_max_Ks": [[0.24302828406424104]], "S_max_Q": [[0.9877649951859113]], "S_T_min_Ks": [[-0.3976983205257623]], "S_T_min_Q": [[0.11857754444936486]], "S_T_Ks": [[0.12627640397197917]], "S_T_Q": [[0.7787101178126578]], "S_T_max_Ks": [[0.39467787053315273]], "S_T_max_Q": [[1.1308238324804851]]}