{"S_Ks": [[0.11007071676223204]], "S_Q": [[0.6555919629386344]], "S_T_Ks": [[0.12627640397197917]], "S_T_Q": [[0.7787101178126578]]}