{"S_min_Ks": [[0.12383847709835563]], "S_min_Q": [[0.8230633423145381]], "S_Ks": [[0.13328862651276463]], "S_Q": [[0.8556886853651077]], "S_max_Ks": [[0.14615855927814964]], "S_max_Q": [[0.8996100154801879]], "S_T_min_Ks": [[0.11124724084034662]], "S_T_min_Q": [[0.8522321702887777]], "S_T_Ks": [[0.13695174063072754]], "S_T_Q": [[0.8868262285054601]], "S_T_max_Ks": [[0.16501636144873535]], "S_T_max_Q": [[0.9283021412818118]]}