{"S_min_Ks": [[0.12383839873154753]], "S_min_Q": [[0.8230634185166329]], "S_Ks": [[0.1332885463934113]], "S_Q": [[0.8556887756113424]], "S_max_Ks": [[0.14615847268471627]], "S_max_Q": [[0.8996101190653922]], "S_T_min_Ks": [[0.11124712756806315]], "S_T_min_Q": [[0.8522322364840074]], "S_T_Ks": [[0.1369516456921583]], "S_T_Q": [[0.8868263097671545]], "S_T_max_Ks": [[0.1650162821414073]], "S_T_max_Q": [[0.9283022226165011]]}