{"S_min_Ks": [[0.12383847907744014]], "S_min_Q": [[0.8230633398708564]], "S_Ks": [[0.13328862839483333]], "S_Q": [[0.855688682983396]], "S_max_Ks": [[0.14615856136350847]], "S_max_Q": [[0.8996100135179541]], "S_T_min_Ks": [[0.1112472428705828]], "S_T_min_Q": [[0.8522321683191647]], "S_T_Ks": [[0.13695174253946155]], "S_T_Q": [[0.8868262265131861]], "S_T_max_Ks": [[0.16501636320441793]], "S_T_max_Q": [[0.9283021391262846]]}