{"Min": [[13.282872048945407]], "SD_min": [[13.693243286199749]], "Mean": [[14.04415987528218]], "SD_max": [[14.39507646436461]], "Max": [[15.03836426580692]]}