{"Min": [[12.365801118930264]], "SD_min": [[13.043811645492978]], "Mean": [[13.602833699018037]], "SD_max": [[14.161855752543095]], "Max": [[15.037651942598401]]}