{"Min": [[12.478826994733978]], "SD_min": [[13.031278866804385]], "Mean": [[13.602671365957276]], "SD_max": [[14.174063865110167]], "Max": [[15.002410095172351]]}