{"output": [[13.282872048945407, 13.30060429356017, 13.318336538174933, 13.336068782789695, 13.353801027404458, 13.37153327201922, 13.389265516633984, 13.406997761248746, 13.424730005863509, 13.442462250478272, 13.460194495093035, 13.477926739707797, 13.49565898432256, 13.513391228937323, 13.531123473552086, 13.548855718166848, 13.566587962781611, 13.584320207396374, 13.602052452011137, 13.6197846966259, 13.637516941240662, 13.655249185855425, 13.672981430470188, 13.69071367508495, 13.708445919699713, 13.726178164314476, 13.743910408929239, 13.761642653544001, 13.779374898158764, 13.797107142773527, 13.81483938738829, 13.832571632003052, 13.850303876617815, 13.868036121232578, 13.88576836584734, 13.903500610462103, 13.921232855076866, 13.938965099691629, 13.956697344306392, 13.974429588921154, 13.992161833535917, 14.00989407815068, 14.027626322765443, 14.045358567380205, 14.063090811994968, 14.08082305660973, 14.098555301224494, 14.116287545839256, 14.134019790454019, 14.151752035068782, 14.169484279683545, 14.187216524298307, 14.20494876891307, 14.222681013527833, 14.240413258142596, 14.258145502757358, 14.275877747372121, 14.293609991986884, 14.311342236601647, 14.32907448121641, 14.346806725831172, 14.364538970445935, 14.382271215060698, 14.40000345967546, 14.417735704290223, 14.435467948904986, 14.453200193519748, 14.470932438134511, 14.488664682749274, 14.506396927364037, 14.5241291719788, 14.541861416593562, 14.559593661208325, 14.577325905823088, 14.59505815043785, 14.612790395052613, 14.630522639667376, 14.648254884282139, 14.665987128896901, 14.683719373511664, 14.701451618126427, 14.71918386274119, 14.736916107355952, 14.754648351970715, 14.772380596585478, 14.79011284120024, 14.807845085815003, 14.825577330429766, 14.843309575044529, 14.861041819659292, 14.878774064274054, 14.896506308888817, 14.91423855350358, 14.931970798118343, 14.949703042733105, 14.967435287347868, 14.985167531962631, 15.002899776577394, 15.020632021192156, 15.03836426580692]], "PDF": [[0.036745550265368764, 0.06303229405672277, 0.09674931340309373, 0.1364384998935842, 0.18131473573073809, 0.23027426604747753, 0.2792165263988437, 0.32067832265241675, 0.3481179631850683, 0.3616989336581335, 0.3697173526752962, 0.3832272592717007, 0.4077753470254295, 0.43947779444796264, 0.4692071639875053, 0.4909629015486223, 0.5065395079327143, 0.5230074913181936, 0.5469203978147205, 0.58057489151947, 0.6214383762338883, 0.663964952216261, 0.703434623589933, 0.7390890910671479, 0.7731267289770785, 0.8073801396678134, 0.8423233632694664, 0.878334993607055, 0.9160988515029018, 0.9561375957088346, 0.9986199137281189, 1.0423347589479617, 1.0834459924454303, 1.117560252288021, 1.144149249455429, 1.1669898854766205, 1.1895252802576866, 1.2111332941039163, 1.2270268528703272, 1.2301002506520982, 1.2148144371763956, 1.1819714920081283, 1.1392063945267614, 1.0957429398205851, 1.0570244196106828, 1.0237121798895628, 0.9940008493429797, 0.9666591137362965, 0.9423696438934583, 0.9216825041542737, 0.9021774783176563, 0.8796160239744595, 0.8526068972903879, 0.8249119362013223, 0.8019165599146001, 0.7848939641562068, 0.7697163782983198, 0.7514455978311686, 0.7290588152062697, 0.7052165211997106, 0.6826394939403515, 0.6613527774242766, 0.6388910908599246, 0.6131589036366931, 0.5850885891860637, 0.5578334637744463, 0.5334204783260623, 0.5109166693101825, 0.487813888776187, 0.4625926015642501, 0.43590142660865794, 0.4097041846172141, 0.38531102760586644, 0.36197012373697235, 0.33777234584150717, 0.3124790083640249, 0.28887308600247896, 0.27049732100817764, 0.2584612191756984, 0.25098236730176576, 0.2453536988478138, 0.23947214401762057, 0.23175912036606033, 0.22102092170114304, 0.20746755040948964, 0.1932556157402452, 0.18070461272673582, 0.16987625537184017, 0.15866771255834594, 0.14526805185934713, 0.12990993769822357, 0.1143038321109356, 0.10000598585887954, 0.08737954726768493, 0.07553870445008719, 0.06308682920737159, 0.04935932321927869, 0.03524589931168085, 0.02263860734899397, 0.013023558882786366]]}