{"output": [[12.365801118930264, 12.392789511088528, 12.419777903246793, 12.446766295405055, 12.47375468756332, 12.500743079721584, 12.527731471879848, 12.554719864038113, 12.581708256196377, 12.60869664835464, 12.635685040512904, 12.662673432671168, 12.689661824829432, 12.716650216987697, 12.743638609145961, 12.770627001304224, 12.797615393462488, 12.824603785620752, 12.851592177779017, 12.87858056993728, 12.905568962095545, 12.932557354253808, 12.959545746412072, 12.986534138570336, 13.0135225307286, 13.040510922886865, 13.06749931504513, 13.094487707203392, 13.121476099361656, 13.14846449151992, 13.175452883678185, 13.202441275836449, 13.229429667994712, 13.256418060152976, 13.28340645231124, 13.310394844469505, 13.337383236627769, 13.364371628786033, 13.391360020944298, 13.41834841310256, 13.445336805260824, 13.472325197419089, 13.499313589577353, 13.526301981735617, 13.55329037389388, 13.580278766052144, 13.607267158210409, 13.634255550368673, 13.661243942526937, 13.688232334685202, 13.715220726843464, 13.742209119001728, 13.769197511159993, 13.796185903318257, 13.823174295476521, 13.850162687634786, 13.877151079793048, 13.904139471951313, 13.931127864109577, 13.958116256267841, 13.985104648426105, 14.012093040584368, 14.039081432742632, 14.066069824900897, 14.093058217059161, 14.120046609217425, 14.14703500137569, 14.174023393533954, 14.201011785692216, 14.22800017785048, 14.254988570008745, 14.28197696216701, 14.308965354325274, 14.335953746483536, 14.3629421386418, 14.389930530800065, 14.41691892295833, 14.443907315116594, 14.470895707274856, 14.497884099433122, 14.524872491591385, 14.551860883749649, 14.578849275907913, 14.605837668066178, 14.632826060224442, 14.659814452382705, 14.686802844540969, 14.713791236699233, 14.740779628857497, 14.767768021015762, 14.794756413174024, 14.821744805332289, 14.848733197490553, 14.875721589648817, 14.902709981807082, 14.929698373965346, 14.95668676612361, 14.983675158281873, 15.010663550440137, 15.037651942598401]], "PDF": [[0.028218830285408128, 0.04689395487784062, 0.07070245445104383, 0.09841850045035624, 0.12830976349833328, 0.1581874414745613, 0.1855288499304138, 0.20812087991137637, 0.22501307411124935, 0.23704115547389124, 0.24651118823313944, 0.2562940363118142, 0.26886290686830205, 0.2856413123143493, 0.30656004423139577, 0.32962165148030503, 0.3511342191166143, 0.3675232153455343, 0.37770432196455966, 0.3835544673929286, 0.3881230760923624, 0.3939460432435353, 0.4027533231992943, 0.41535395211465426, 0.43113025654291987, 0.44835923196690364, 0.4654963922603614, 0.4817545098110328, 0.4963427011449687, 0.5078578625433049, 0.515214137937463, 0.5192578783218267, 0.5228136523654712, 0.5286477910344183, 0.5375708981540954, 0.5485535839360832, 0.560049222849457, 0.5707452939811059, 0.5793747088910337, 0.5844201410585395, 0.5843255478669485, 0.5783476521871653, 0.56788906008466, 0.5572144824637769, 0.5519576289048506, 0.5557834058398505, 0.5680655197325412, 0.5846929000347035, 0.6009601714823614, 0.6140211683455431, 0.623557734136912, 0.6309235480412437, 0.6376935388159202, 0.6444469968451862, 0.6504010857766331, 0.6543189810514722, 0.6560336367504429, 0.6566724317190058, 0.6569161971452077, 0.655418907834354, 0.6494661289858854, 0.6370611450410691, 0.6182329824836604, 0.5947160307890128, 0.5686144829814668, 0.5409377250108272, 0.5111591333851943, 0.47873850980187665, 0.4452933036208689, 0.4144865701467916, 0.3892079916227078, 0.369155515234311, 0.351338942596534, 0.3325191006259627, 0.31106597317097323, 0.2872535916725, 0.2626345101136037, 0.2391865301507254, 0.2185246332228467, 0.20142489383777737, 0.18776767363146718, 0.17675622605941543, 0.1673081001271839, 0.15854301756964934, 0.15001169392819855, 0.1413878391255384, 0.1320450712093992, 0.1212654864163317, 0.1090604694834879, 0.09657223522867352, 0.08530672768835391, 0.07593738196202651, 0.06799364927454565, 0.06051501045211668, 0.052672688149117, 0.043941826514733114, 0.03428490655640435, 0.024425605391655184, 0.01563097567728568, 0.008934435088233258]]}