{"output": [[12.478826994733978, 12.504317733122244, 12.529808471510512, 12.555299209898777, 12.580789948287045, 12.60628068667531, 12.631771425063576, 12.657262163451843, 12.682752901840109, 12.708243640228376, 12.733734378616642, 12.75922511700491, 12.784715855393175, 12.81020659378144, 12.835697332169708, 12.861188070557974, 12.886678808946241, 12.912169547334507, 12.937660285722773, 12.96315102411104, 12.988641762499306, 13.014132500887573, 13.039623239275839, 13.065113977664105, 13.090604716052372, 13.116095454440638, 13.141586192828905, 13.16707693121717, 13.192567669605438, 13.218058407993704, 13.24354914638197, 13.269039884770237, 13.294530623158503, 13.32002136154677, 13.345512099935036, 13.371002838323303, 13.396493576711569, 13.421984315099834, 13.447475053488102, 13.472965791876367, 13.498456530264633, 13.5239472686529, 13.549438007041166, 13.574928745429434, 13.6004194838177, 13.625910222205967, 13.651400960594232, 13.676891698982498, 13.702382437370765, 13.727873175759031, 13.753363914147299, 13.778854652535564, 13.804345390923832, 13.829836129312097, 13.855326867700363, 13.88081760608863, 13.906308344476896, 13.931799082865163, 13.957289821253429, 13.982780559641695, 14.008271298029962, 14.033762036418228, 14.059252774806495, 14.084743513194761, 14.110234251583027, 14.135724989971294, 14.16121572835956, 14.186706466747827, 14.212197205136093, 14.23768794352436, 14.263178681912626, 14.288669420300891, 14.314160158689159, 14.339650897077425, 14.365141635465692, 14.390632373853958, 14.416123112242225, 14.44161385063049, 14.467104589018756, 14.492595327407024, 14.51808606579529, 14.543576804183555, 14.569067542571823, 14.594558280960088, 14.620049019348356, 14.645539757736621, 14.671030496124889, 14.696521234513154, 14.72201197290142, 14.747502711289687, 14.772993449677953, 14.79848418806622, 14.823974926454486, 14.849465664842754, 14.87495640323102, 14.900447141619285, 14.925937880007552, 14.951428618395818, 14.976919356784084, 15.002410095172351]], "PDF": [[0.11262962864886979, 0.12167917294601358, 0.13114919306449183, 0.14113752786245393, 0.15176634627718288, 0.16317926069222086, 0.1755364563977109, 0.18900781877144446, 0.20376416498687572, 0.21996682715167387, 0.2377559822445753, 0.25723827187241805, 0.2784743899900761, 0.30146742559086237, 0.32615281533303264, 0.3523907741075584, 0.3799620182213942, 0.408567469317504, 0.43783242697372476, 0.46731543147650256, 0.4965217211542601, 0.5249208441426741, 0.5519676417535515, 0.5771255121408573, 0.5998906207902427, 0.6198155764122254, 0.6365310571463617, 0.6497639618269492, 0.6593508710976923, 0.6652459172797613, 0.6675225526092436, 0.6663691368485908, 0.6620786970990329, 0.6550336050510964, 0.6456862351509325, 0.6345368855582022, 0.6221103484765367, 0.6089325065270961, 0.5955082186573238, 0.5823015639748947, 0.5697192627096804, 0.5580978204067577, 0.547694672786975, 0.5386833674717009, 0.5311526202115773, 0.5251089339626757, 0.5204823675629952, 0.517134979021132, 0.5148714350783736, 0.51345126170672, 0.5126021997141027, 0.5120341200170628, 0.5114529439351997, 0.5105740094611634, 0.509134332764496, 0.5069032444352689, 0.5036909402496492, 0.49935458116310705, 0.4938017062844901, 0.4869908793833826, 0.4789296622213903, 0.46967018087554824, 0.45930270669469764, 0.44794779493738357, 0.435747598260949, 0.4228569913206429, 0.4094351057052198, 0.3956377869889031, 0.3816113594218181, 0.36748793444892847, 0.35338234440059907, 0.3393906392504378, 0.325589966330485, 0.3120395698485765, 0.29878260310535354, 0.2858484402266961, 0.2732552002142483, 0.2610122452115905, 0.2491224766764682, 0.23758431750411113, 0.22639332664807668, 0.21554343970905884, 0.20502786165962972, 0.19483965657952224, 0.1849720864543054, 0.1754187504834036, 0.16617357195322668, 0.1572306749217527, 0.14858418984273886, 0.14022802643998566, 0.1321556528552488, 0.12435992061678679, 0.11683297324500878, 0.1095662705620177, 0.10255075007162216, 0.09577713134661218, 0.08923635062105215, 0.08292009313277028, 0.07682137313003866, 0.07093509876690392]]}