{"S_min_Ks": [[0.1893921410384286]], "S_min_Q": [[0.37353682644425645]], "S_Ks": [[0.4652332362686097]], "S_Q": [[0.7074833048981871]], "S_max_Ks": [[0.6396574977690734]], "S_max_Q": [[0.9570189189744909]], "S_T_min_Ks": [[-0.16316030924857228]], "S_T_min_Q": [[0.2323125497305445]], "S_T_Ks": [[0.41074875028503344]], "S_T_Q": [[0.8510615456567903]], "S_T_max_Ks": [[0.661751701172732]], "S_T_max_Q": [[1.1392036155851617]]}