{"S_min_Ks": [[0.24843544238013493]], "S_min_Q": [[0.6750293343714574]], "S_Ks": [[0.2629765900699382]], "S_Q": [[0.7053149465356882]], "S_max_Ks": [[0.2807217181297379]], "S_max_Q": [[0.7349886874415125]], "S_T_min_Ks": [[0.2329659926677214]], "S_T_min_Q": [[0.6937523194782104]], "S_T_Ks": [[0.25795667971878]], "S_T_Q": [[0.7305820353714304]], "S_T_max_Ks": [[0.28491876137190464]], "S_T_max_Q": [[0.7569366755756469]]}