{"S_Ks": [[0.6563657234143278]], "S_Q": [[0.3207617089473902]], "S_T_Ks": [[0.656440847139062]], "S_T_Q": [[0.3423722941276946]]}