{"S_min_Ks": [[0.6314250019066645]], "S_min_Q": [[0.2989766534444165]], "S_Ks": [[0.6563657505805214]], "S_Q": [[0.320761678023266]], "S_max_Ks": [[0.6878880749417134]], "S_max_Q": [[0.33576195882780013]], "S_T_min_Ks": [[0.6177893491630158]], "S_T_min_Q": [[0.30751137876839363]], "S_T_Ks": [[0.6564408815068083]], "S_T_Q": [[0.3423722579636133]], "S_T_max_Ks": [[0.6896225018422778]], "S_T_max_Q": [[0.36246130755395706]]}