{"S_Ks": [[0.2629765900699382]], "S_Q": [[0.7053149465356882]], "S_T_Ks": [[0.25795667971878]], "S_T_Q": [[0.7305820353714304]]}