{"S_min_Ks": [[0.6314249805387472]], "S_min_Q": [[0.29897668195550514]], "S_Ks": [[0.6563657234143278]], "S_Q": [[0.3207617089473902]], "S_max_Ks": [[0.6878880477614008]], "S_max_Q": [[0.3357619889521498]], "S_T_min_Ks": [[0.6177893146228768]], "S_T_min_Q": [[0.3075114083702621]], "S_T_Ks": [[0.656440847139062]], "S_T_Q": [[0.3423722941276946]], "S_T_max_Ks": [[0.6896224701074901]], "S_T_max_Q": [[0.3624613434167239]]}