{"S_Ks": [[0.4652332362686097]], "S_Q": [[0.7074833048981871]], "S_T_Ks": [[0.41074875028503344]], "S_T_Q": [[0.8510615456567903]]}