{"S_Ks": [[0.6563657505805214]], "S_Q": [[0.320761678023266]], "S_T_Ks": [[0.6564408815068083]], "S_T_Q": [[0.3423722579636133]]}