{"Min": [[14.031075155414051]], "SD_min": [[16.220776678394774]], "Mean": [[17.310113357835803]], "SD_max": [[18.399450037276832]], "Max": [[20.61991056374672]]}