{"Min": [[10.103200275178729]], "SD_min": [[19.646631233699058]], "Mean": [[22.42216355994118]], "SD_max": [[25.1976958861833]], "Max": [[28.289524481586064]]}