{"Min": [[14.031074990107477]], "SD_min": [[16.2207766798309]], "Mean": [[17.310113360593412]], "SD_max": [[18.399450041355923]], "Max": [[20.6199108840512]]}