{"Min": [[14.03107493606803]], "SD_min": [[16.2207766831065]], "Mean": [[17.310113363671054]], "SD_max": [[18.399450044235607]], "Max": [[20.61991105124816]]}