{"output": [[14.031074990107477, 14.097628888026101, 14.164182785944725, 14.230736683863348, 14.29729058178197, 14.363844479700594, 14.430398377619218, 14.496952275537842, 14.563506173456465, 14.630060071375087, 14.696613969293711, 14.763167867212335, 14.829721765130959, 14.896275663049583, 14.962829560968206, 15.02938345888683, 15.095937356805452, 15.162491254724076, 15.2290451526427, 15.295599050561323, 15.362152948479947, 15.428706846398569, 15.495260744317193, 15.561814642235817, 15.62836854015444, 15.694922438073064, 15.761476335991688, 15.828030233910312, 15.894584131828934, 15.961138029747557, 16.027691927666183, 16.094245825584807, 16.160799723503427, 16.22735362142205, 16.293907519340674, 16.360461417259298, 16.427015315177922, 16.493569213096546, 16.56012311101517, 16.626677008933793, 16.693230906852417, 16.75978480477104, 16.82633870268966, 16.892892600608285, 16.95944649852691, 17.026000396445532, 17.092554294364156, 17.15910819228278, 17.225662090201403, 17.292215988120027, 17.35876988603865, 17.425323783957275, 17.4918776818759, 17.558431579794522, 17.624985477713146, 17.69153937563177, 17.75809327355039, 17.824647171469014, 17.891201069387638, 17.95775496730626, 18.024308865224885, 18.09086276314351, 18.157416661062133, 18.223970558980756, 18.29052445689938, 18.357078354818004, 18.423632252736624, 18.490186150655248, 18.55674004857387, 18.623293946492495, 18.68984784441112, 18.756401742329743, 18.822955640248367, 18.88950953816699, 18.956063436085614, 19.022617334004238, 19.08917123192286, 19.155725129841485, 19.22227902776011, 19.288832925678733, 19.355386823597357, 19.421940721515977, 19.4884946194346, 19.555048517353224, 19.62160241527185, 19.688156313190472, 19.754710211109096, 19.82126410902772, 19.887818006946343, 19.954371904864967, 20.020925802783587, 20.08747970070221, 20.154033598620835, 20.22058749653946, 20.287141394458082, 20.353695292376706, 20.42024919029533, 20.486803088213954, 20.553356986132577, 20.6199108840512]], "PDF": [[0.000703799256629269, 0.0009004982656219439, 0.0011304168316887504, 0.0014862537856797598, 0.0020866957059511426, 0.0030295180357270707, 0.004353194731891091, 0.006030320335330314, 0.008001995357215751, 0.010227479232778214, 0.012711239482968623, 0.015513434642019918, 0.018774858396788576, 0.02272303003813638, 0.027589044916177637, 0.033485087168548235, 0.04040091087095308, 0.04834428006996055, 0.05744409633966965, 0.06786145904958642, 0.07955534606149146, 0.0921121039230299, 0.10488157407230214, 0.11743680180041449, 0.12994574965202857, 0.14298076685269823, 0.15689438922927992, 0.1714471868912691, 0.18611542678777568, 0.2007408553270211, 0.21579426725577472, 0.23191069756408997, 0.2491307293279239, 0.2666153227202047, 0.2830679675732348, 0.29734566685789243, 0.3087249065010588, 0.316895018684232, 0.3220165095953812, 0.3248264544051779, 0.32647497754123667, 0.32797241631111623, 0.3295453902987969, 0.33043505213137264, 0.3294758971912059, 0.3261600361209724, 0.3213074920752447, 0.31666817616127063, 0.31376908302911677, 0.3129970823691772, 0.3135032310479154, 0.3137245877180175, 0.3120758369403424, 0.30752221263527013, 0.29990188117074895, 0.290029624618513, 0.27962070166774383, 0.27083716558894805, 0.2653480580378341, 0.26339062778310557, 0.2635551024980247, 0.263463994847268, 0.2609071408146968, 0.2548526857894553, 0.24585075175446205, 0.23556230612259627, 0.2256624945908646, 0.21690775303839016, 0.20900669890509893, 0.20116127591439933, 0.19269100578334974, 0.183339539082846, 0.17319075134967737, 0.16237728052358183, 0.15092058697124097, 0.13885224090272982, 0.12637370623173375, 0.11378460300359741, 0.10129891312657255, 0.08906548733176098, 0.07738760257648022, 0.06677683934768866, 0.057651442818353445, 0.04996933032658925, 0.04321205668941496, 0.03678718337462674, 0.030507085778548396, 0.02470446230068026, 0.019871511575891124, 0.01619416809755254, 0.013443240254164046, 0.01124019264698167, 0.009322895863507508, 0.007577772370968787, 0.005959410059480304, 0.004466709181130156, 0.003155217891293913, 0.002101930152759363, 0.0013386993566789867, 0.0008273426711329923]]}