{"output": [[10.103200275178729, 10.286900519687894, 10.470600764197059, 10.654301008706224, 10.838001253215388, 11.021701497724553, 11.205401742233718, 11.389101986742883, 11.572802231252048, 11.756502475761213, 11.94020272027038, 12.123902964779544, 12.30760320928871, 12.491303453797874, 12.675003698307039, 12.858703942816204, 13.042404187325369, 13.226104431834534, 13.409804676343699, 13.593504920852864, 13.777205165362028, 13.960905409871193, 14.14460565438036, 14.328305898889525, 14.51200614339869, 14.695706387907855, 14.87940663241702, 15.063106876926184, 15.24680712143535, 15.430507365944514, 15.614207610453679, 15.797907854962844, 15.981608099472009, 16.165308343981174, 16.34900858849034, 16.532708832999504, 16.71640907750867, 16.900109322017833, 17.083809566527, 17.267509811036163, 17.451210055545328, 17.634910300054493, 17.818610544563658, 18.002310789072823, 18.18601103358199, 18.369711278091152, 18.55341152260032, 18.737111767109482, 18.92081201161865, 19.104512256127812, 19.28821250063698, 19.471912745146142, 19.65561298965531, 19.83931323416447, 20.02301347867364, 20.2067137231828, 20.39041396769197, 20.574114212201135, 20.7578144567103, 20.941514701219464, 21.12521494572863, 21.308915190237794, 21.49261543474696, 21.676315679256124, 21.86001592376529, 22.043716168274454, 22.22741641278362, 22.411116657292784, 22.59481690180195, 22.778517146311113, 22.96221739082028, 23.145917635329443, 23.329617879838608, 23.513318124347776, 23.697018368856938, 23.880718613366106, 24.064418857875268, 24.248119102384436, 24.431819346893597, 24.615519591402766, 24.799219835911927, 24.982920080421096, 25.166620324930257, 25.350320569439425, 25.534020813948587, 25.717721058457755, 25.901421302966916, 26.085121547476085, 26.26882179198525, 26.452522036494415, 26.63622228100358, 26.819922525512744, 27.00362277002191, 27.187323014531074, 27.37102325904024, 27.554723503549404, 27.73842374805857, 27.922123992567734, 28.1058242370769, 28.289524481586064]], "PDF": [[0.00018830640557705665, 0.00023833225457666303, 0.0003192117825017455, 0.0004891866277942622, 0.0007450905780101361, 0.0009701525718908394, 0.0010222833017872928, 0.0008812729114044683, 0.000654474700496185, 0.00048631721500059664, 0.0005012817291456246, 0.0007841452129389691, 0.0013341396418798522, 0.0020492892764033886, 0.0028243619063100817, 0.0036246150200920286, 0.004411421395697805, 0.00501790050995984, 0.005203263191920798, 0.004938420981088412, 0.004545690517461012, 0.004460974302888245, 0.004906766204611045, 0.005765836200064945, 0.006702982703481906, 0.00748742710814706, 0.008236198684985253, 0.009238935910406199, 0.010592925216230233, 0.012133260337593479, 0.01353661190587268, 0.014369914578337388, 0.014539845376382914, 0.014831175789227996, 0.016185591658544426, 0.01853264476255222, 0.02105767224094321, 0.023139496175439343, 0.024754860424598513, 0.02639165050609837, 0.028456751201090213, 0.030873924279684346, 0.03341413250357317, 0.036043295801094395, 0.03891567383767887, 0.04193944518766306, 0.044464084168952644, 0.04626545028614769, 0.048546610968948536, 0.052669274719458876, 0.05825211787464085, 0.06365594301741015, 0.06801661680595765, 0.0721017601151525, 0.07709577642216976, 0.08272677915357651, 0.08753652162881022, 0.0911474448438348, 0.09476699173645002, 0.0994880566485769, 0.10514392884617789, 0.11060972568047209, 0.11518273234784857, 0.1194056521502778, 0.1241285403979001, 0.1293303148774385, 0.13391925737329027, 0.13709530741606588, 0.14004852868648004, 0.14447766537516593, 0.1500911971585326, 0.15510845218168337, 0.15758784922170727, 0.15652654375247554, 0.1532333945914061, 0.15060192105140033, 0.1500460161361129, 0.1497851815023783, 0.14712638870217504, 0.14167413559823805, 0.1352269666380565, 0.12926622439657076, 0.12349035866905314, 0.11676908036843078, 0.10864218920488553, 0.0992852024268813, 0.08893810568008025, 0.07792553714892747, 0.06656479906209964, 0.055349801796351836, 0.045253586728084924, 0.03680923734565497, 0.029327418076508488, 0.022120657545639334, 0.015674369183358395, 0.010746184251245324, 0.007253153489840781, 0.004633405216297559, 0.002621343482299107, 0.0012512646315990118]]}