{"output": [[14.03107493606803, 14.097628836221364, 14.1641827363747, 14.230736636528034, 14.29729053668137, 14.363844436834704, 14.430398336988038, 14.496952237141373, 14.563506137294707, 14.630060037448041, 14.696613937601377, 14.763167837754711, 14.829721737908047, 14.89627563806138, 14.962829538214715, 15.02938343836805, 15.095937338521384, 15.162491238674718, 15.229045138828054, 15.295599038981388, 15.362152939134724, 15.428706839288058, 15.495260739441392, 15.561814639594727, 15.628368539748061, 15.694922439901397, 15.761476340054731, 15.828030240208065, 15.8945841403614, 15.961138040514735, 16.02769194066807, 16.094245840821404, 16.16079974097474, 16.227353641128072, 16.293907541281406, 16.360461441434744, 16.427015341588078, 16.49356924174141, 16.560123141894746, 16.62667704204808, 16.693230942201417, 16.75978484235475, 16.826338742508085, 16.89289264266142, 16.959446542814753, 17.02600044296809, 17.092554343121424, 17.15910824327476, 17.225662143428092, 17.292216043581426, 17.358769943734764, 17.425323843888098, 17.49187774404143, 17.558431644194766, 17.6249855443481, 17.691539444501437, 17.75809334465477, 17.824647244808105, 17.89120114496144, 17.957755045114773, 18.02430894526811, 18.090862845421444, 18.15741674557478, 18.223970645728112, 18.290524545881446, 18.357078446034784, 18.423632346188118, 18.49018624634145, 18.556740146494786, 18.62329404664812, 18.689847946801457, 18.756401846954788, 18.822955747108125, 18.88950964726146, 18.956063547414793, 19.022617447568127, 19.08917134772146, 19.1557252478748, 19.222279148028132, 19.288833048181466, 19.3553869483348, 19.421940848488134, 19.48849474864147, 19.555048648794806, 19.62160254894814, 19.688156449101474, 19.754710349254808, 19.821264249408145, 19.88781814956148, 19.954372049714813, 20.020925949868147, 20.08747985002148, 20.15403375017482, 20.220587650328152, 20.287141550481486, 20.35369545063482, 20.420249350788154, 20.48680325094149, 20.553357151094826, 20.61991105124816]], "PDF": [[0.0007037986546627163, 0.0009005005126457769, 0.0011304266765506767, 0.0014862733862183932, 0.002086723291275145, 0.003029548611315734, 0.004353222705897454, 0.006030343064934034, 0.008002014485670695, 0.010227498503733577, 0.01271126316753001, 0.015513469267941244, 0.01877491163974266, 0.02272310254057485, 0.027589126133119205, 0.03348516608056883, 0.040400989321210376, 0.04834436943270727, 0.0574442004505674, 0.06786156143191249, 0.07955541469621401, 0.09211211733793864, 0.10488155081535348, 0.11743679417761435, 0.12994579369389103, 0.14298084288657964, 0.1568944442826659, 0.17144719536866823, 0.18611542093198571, 0.20074089128112907, 0.2157943605276288, 0.23191079660272917, 0.2491307576964283, 0.2666152420296275, 0.2830677927511759, 0.2973454334408612, 0.30872464681973416, 0.31689477027804097, 0.3220163212357597, 0.32482636258704595, 0.32647497191488783, 0.32797243056389536, 0.32954533888881954, 0.33043489775658413, 0.3294756949325202, 0.3261599011169145, 0.3213075060342991, 0.3166683205914296, 0.31376926074282757, 0.31299718941514676, 0.31350320791444714, 0.3137244320431174, 0.3120755936611388, 0.3075219528815704, 0.29990168460098254, 0.290029567488302, 0.27962082612407924, 0.2708374346555584, 0.2653483522719248, 0.2633908073073806, 0.2635550839104148, 0.26346378957946553, 0.2609068456937584, 0.25485243395756235, 0.24585063867080822, 0.23556233382122002, 0.22566258450169807, 0.21690781617908883, 0.20900669334602953, 0.20116121232932713, 0.19269092031917698, 0.18333946054104716, 0.1731906827252688, 0.16237721055803842, 0.1509205161394617, 0.1388521850774247, 0.12637367477869657, 0.11378458775402359, 0.10129890739271465, 0.08906550538618392, 0.07738766522856282, 0.0667769409837172, 0.057651544328238165, 0.0499693896729448, 0.043212066101974, 0.0367871772935037, 0.030507109903400057, 0.024704531160197322, 0.01987159838619375, 0.016194236509772305, 0.013443277864113595, 0.011240210196364439, 0.009322905736131879, 0.007577779271136675, 0.005959417154844717, 0.00446672143494411, 0.003155237315737022, 0.0021019527882036523, 0.0013387190643398637, 0.0008273564431399682]]}