{"output": [[14.031075155414051, 14.097629048427512, 14.164182941440973, 14.230736834454435, 14.297290727467896, 14.363844620481357, 14.430398513494819, 14.49695240650828, 14.563506299521741, 14.630060192535202, 14.696614085548664, 14.763167978562125, 14.829721871575586, 14.896275764589047, 14.962829657602509, 15.029383550615972, 15.095937443629431, 15.162491336642894, 15.229045229656354, 15.295599122669817, 15.362153015683278, 15.42870690869674, 15.4952608017102, 15.561814694723662, 15.628368587737123, 15.694922480750584, 15.761476373764046, 15.828030266777507, 15.894584159790968, 15.96113805280443, 16.027691945817892, 16.094245838831352, 16.16079973184481, 16.227353624858274, 16.293907517871737, 16.360461410885197, 16.427015303898656, 16.49356919691212, 16.560123089925582, 16.626676982939042, 16.693230875952505, 16.759784768965964, 16.826338661979428, 16.892892554992887, 16.95944644800635, 17.02600034101981, 17.092554234033273, 17.159108127046732, 17.225662020060195, 17.292215913073655, 17.358769806087118, 17.425323699100577, 17.49187759211404, 17.5584314851275, 17.624985378140963, 17.691539271154422, 17.758093164167885, 17.824647057181345, 17.891200950194808, 17.957754843208267, 18.02430873622173, 18.09086262923519, 18.157416522248653, 18.223970415262116, 18.290524308275575, 18.357078201289035, 18.423632094302498, 18.49018598731596, 18.55673988032942, 18.62329377334288, 18.689847666356343, 18.756401559369806, 18.822955452383265, 18.88950934539673, 18.956063238410188, 19.02261713142365, 19.08917102443711, 19.155724917450573, 19.222278810464033, 19.288832703477496, 19.355386596490955, 19.42194048950442, 19.488494382517878, 19.55504827553134, 19.6216021685448, 19.688156061558264, 19.754709954571723, 19.821263847585186, 19.88781774059865, 19.95437163361211, 20.020925526625568, 20.08747941963903, 20.154033312652494, 20.220587205665954, 20.287141098679413, 20.353694991692876, 20.42024888470634, 20.4868027777198, 20.55335667073326, 20.61991056374672]], "PDF": [[0.0007037986931275661, 0.0009005005717448486, 0.0011304266961983717, 0.0014862734297964215, 0.0020867235600870292, 0.003029549367467591, 0.004353224163304927, 0.006030345320676868, 0.008002017542973111, 0.01022750233564141, 0.012711267698789495, 0.015513474323856457, 0.01877491710877947, 0.022723108705358642, 0.027589133632280056, 0.03348517529744337, 0.04040099991700066, 0.04834438068617562, 0.05744421201381319, 0.06786157367966084, 0.07955542829444436, 0.09211213219962514, 0.10488156533837166, 0.11743680599309399, 0.12994580165833508, 0.14298084812265888, 0.15689444888261944, 0.17144720015476952, 0.1861154246779924, 0.20074089215408886, 0.21579435831267593, 0.2319107934582029, 0.24913075662449863, 0.2666152447566285, 0.2830677992075516, 0.29734544270353813, 0.3087246576597461, 0.31689478080820443, 0.3220163290120882, 0.3248263659011118, 0.3264749713003087, 0.32797242915124264, 0.3295453410166664, 0.3304349062920221, 0.3294757088970179, 0.32615991573276204, 0.32130751581422984, 0.31666832313256776, 0.31376925802011224, 0.3129971861382869, 0.3135032090358075, 0.31372444095691854, 0.3120756113791787, 0.3075219780341084, 0.2999017135355925, 0.29002959420745955, 0.27962084364254425, 0.2708374386826978, 0.2653483445528712, 0.26339079530505993, 0.2635550770815364, 0.2634637949457086, 0.2609068648257999, 0.25485246257458083, 0.24585066944188913, 0.23556236106362863, 0.2256626073320784, 0.2169078378397509, 0.20900671819417094, 0.20116124328443946, 0.19269095797397967, 0.18333950399418772, 0.17319073129182697, 0.16237726445794373, 0.15092057543389548, 0.13885224865790163, 0.1263737410445318, 0.11378465582893985, 0.10129897668299437, 0.08906557378245662, 0.07738772874098462, 0.06677699611503017, 0.0576515908503878, 0.04996943072817396, 0.04321210537950851, 0.03678721586073871, 0.030507145566651413, 0.02470456086179505, 0.019871621082793223, 0.016194253636342498, 0.013443291529959156, 0.011240221659056755, 0.009322915458917341, 0.007577787522631762, 0.005959424093357608, 0.004466726979775786, 0.003155241327514728, 0.0021019553583188823, 0.001338720532166186, 0.0008273571912568616]]}