{"S_min_Ks": [[0.5745028722864841]], "S_min_Q": [[0.3853123140620407]], "S_Ks": [[0.6041811364580524]], "S_Q": [[0.408347004372786]], "S_max_Ks": [[0.6283275466918882]], "S_max_Q": [[0.431792649899017]], "S_T_min_Ks": [[0.5744419325963673]], "S_T_min_Q": [[0.3824022973863805]], "S_T_Ks": [[0.6021891615826294]], "S_T_Q": [[0.4064931999452393]], "S_T_max_Ks": [[0.6327860063703014]], "S_T_max_Q": [[0.42686867228811565]]}