{"S_min_Ks": [[0.574502885757041]], "S_min_Q": [[0.38531229988338833]], "S_Ks": [[0.6041811523986677]], "S_Q": [[0.4083469908918501]], "S_max_Ks": [[0.6283275627490347]], "S_max_Q": [[0.4317926352810789]], "S_T_min_Ks": [[0.5744419473193555]], "S_T_min_Q": [[0.3824022809671009]], "S_T_Ks": [[0.6021891764682621]], "S_T_Q": [[0.40649318420414615]], "S_T_max_Ks": [[0.6327860215483246]], "S_T_max_Q": [[0.4268686538573627]]}