{"S_min_Ks": [[0.05812108192527446]], "S_min_Q": [[0.8869808053743875]], "S_Ks": [[0.06814342310606443]], "S_Q": [[0.9427096857985898]], "S_max_Ks": [[0.0758794738429597]], "S_max_Q": [[0.9930349036359629]], "S_T_min_Ks": [[0.027434910581143737]], "S_T_min_Q": [[0.8947749268935479]], "S_T_Ks": [[0.06984719097939313]], "S_T_Q": [[0.9398597751691092]], "S_T_max_Ks": [[0.09995651349580131]], "S_T_max_Q": [[0.9798986736399473]]}