{"S_Ks": [[0.6041811364580524]], "S_Q": [[0.408347004372786]], "S_T_Ks": [[0.6021891615826294]], "S_T_Q": [[0.4064931999452393]]}