{"S_Ks": [[0.6041811419166452]], "S_Q": [[0.4083470005053035]], "S_T_Ks": [[0.6021891663871894]], "S_T_Q": [[0.40649319458712396]]}