{"S_Ks": [[0.06814342310606443]], "S_Q": [[0.9427096857985898]], "S_T_Ks": [[0.06984719097939313]], "S_T_Q": [[0.9398597751691092]]}