{"S_Ks": [[0.6041811523986677]], "S_Q": [[0.4083469908918501]], "S_T_Ks": [[0.6021891764682621]], "S_T_Q": [[0.40649318420414615]]}