{"S_min_Ks": [[0.5745028761919733]], "S_min_Q": [[0.3853123096193003]], "S_Ks": [[0.6041811419166452]], "S_Q": [[0.4083470005053035]], "S_max_Ks": [[0.6283275520946381]], "S_max_Q": [[0.43179264555088753]], "S_T_min_Ks": [[0.57444193694732]], "S_T_min_Q": [[0.38240229142424753]], "S_T_Ks": [[0.6021891663871894]], "S_T_Q": [[0.40649319458712396]], "S_T_max_Ks": [[0.6327860115679236]], "S_T_max_Q": [[0.42686866532597667]]}