{"Min": [[7.786797333332494]], "SD_min": [[12.085824584843632]], "Mean": [[13.207701673681767]], "SD_max": [[14.329578762519901]], "Max": [[14.459388006661491]]}