{"output": [[7.786797333332494, 7.854197239123696, 7.921597144914898, 7.9889970507061, 8.056396956497302, 8.123796862288504, 8.191196768079706, 8.258596673870908, 8.32599657966211, 8.393396485453312, 8.460796391244514, 8.528196297035716, 8.595596202826918, 8.66299610861812, 8.730396014409322, 8.797795920200524, 8.865195825991727, 8.932595731782929, 8.99999563757413, 9.067395543365333, 9.134795449156535, 9.202195354947737, 9.269595260738939, 9.33699516653014, 9.404395072321343, 9.471794978112543, 9.539194883903745, 9.606594789694947, 9.673994695486149, 9.741394601277351, 9.808794507068553, 9.876194412859755, 9.943594318650957, 10.01099422444216, 10.078394130233361, 10.145794036024563, 10.213193941815765, 10.280593847606967, 10.34799375339817, 10.415393659189371, 10.482793564980573, 10.550193470771775, 10.617593376562978, 10.68499328235418, 10.752393188145382, 10.819793093936584, 10.887192999727786, 10.954592905518988, 11.02199281131019, 11.089392717101392, 11.156792622892594, 11.224192528683796, 11.291592434474998, 11.3589923402662, 11.426392246057402, 11.493792151848604, 11.561192057639806, 11.628591963431008, 11.69599186922221, 11.76339177501341, 11.830791680804612, 11.898191586595814, 11.965591492387016, 12.032991398178218, 12.10039130396942, 12.167791209760622, 12.235191115551824, 12.302591021343027, 12.369990927134229, 12.43739083292543, 12.504790738716633, 12.572190644507835, 12.639590550299037, 12.706990456090239, 12.77439036188144, 12.841790267672643, 12.909190173463845, 12.976590079255047, 13.043989985046249, 13.11138989083745, 13.178789796628653, 13.246189702419855, 13.313589608211057, 13.380989514002259, 13.448389419793461, 13.515789325584663, 13.583189231375865, 13.650589137167067, 13.71798904295827, 13.785388948749471, 13.852788854540673, 13.920188760331875, 13.987588666123077, 14.05498857191428, 14.122388477705481, 14.189788383496683, 14.257188289287885, 14.324588195079087, 14.39198810087029, 14.459388006661491]], "PDF": [[0.00045101500280491584, 0.0005511415682021356, 0.000703877385843984, 0.000995168555163792, 0.0014168226156695794, 0.0018302014653418298, 0.0020474682649955153, 0.002020028995256226, 0.001916427435399777, 0.0020211260491562245, 0.0025982177890343404, 0.0037912127492947235, 0.0055980248261033325, 0.00783053726036016, 0.010043370377731904, 0.01178661379909191, 0.013035925154333623, 0.014020488908636924, 0.014717329340161211, 0.015032254797057443, 0.015230481882857572, 0.015677449282657713, 0.01652507185969321, 0.017970422156162597, 0.020248719270556135, 0.02309243623775953, 0.025798001506983984, 0.02788745015152089, 0.029048742807414988, 0.028852996047653533, 0.027505514842279213, 0.026333081174708874, 0.02658529388285615, 0.028204861356168814, 0.030324962239394328, 0.03247470424849033, 0.03484427422793192, 0.037580401523095705, 0.04029049960669192, 0.042377765264592276, 0.043477725874696796, 0.04359910472635384, 0.04322025678757395, 0.042958794414423074, 0.04300786256384801, 0.04330148740876938, 0.04404194045628665, 0.04542355546403702, 0.046985332790902536, 0.048265538920098945, 0.04997730622600151, 0.05321205801971492, 0.057725647956193636, 0.0620389002738625, 0.06492514958327755, 0.0663861296652808, 0.06739727972793116, 0.06892572509689224, 0.07125883648280465, 0.07387188317035684, 0.07572042348759954, 0.0763720732970238, 0.0769792434040483, 0.07930758863692981, 0.08386765552851083, 0.08959876310653303, 0.0952050993604213, 0.10062536481311961, 0.10708087272130949, 0.11503943734516058, 0.1228050255832682, 0.12872016679695672, 0.13395188687379447, 0.14192293213540158, 0.15602224145715243, 0.1773792463460175, 0.20364480248154918, 0.23105965718736635, 0.2578092929567077, 0.2851374076967311, 0.3165585723914708, 0.35558936124941193, 0.40328100563552427, 0.45825047622739234, 0.5183044710324669, 0.58014165148688, 0.6379358567232916, 0.6847672003769384, 0.7161154660758889, 0.7320397548743935, 0.7357858922057465, 0.7282530484486088, 0.7046715739247669, 0.6592993808857333, 0.5909007551695209, 0.5020415795929601, 0.3978214466350268, 0.28735004990117774, 0.18364967888678335, 0.10012810280571546]]}