{"S_Ks": [[0.13238029423469863]], "S_Q": [[0.7950071567359005]], "S_T_Ks": [[0.20506789289232985]], "S_T_Q": [[0.8757033348506481]]}