{"S_min_Ks": [[0.12029083522613998]], "S_min_Q": [[0.7389537969756117]], "S_Ks": [[0.13238029423469863]], "S_Q": [[0.7950071567359005]], "S_max_Ks": [[0.14718112340768377]], "S_max_Q": [[0.8463909878532399]], "S_T_min_Ks": [[0.15048366312721384]], "S_T_min_Q": [[0.8296979277866112]], "S_T_Ks": [[0.20506789289232985]], "S_T_Q": [[0.8757033348506481]], "S_T_max_Ks": [[0.2418248267368929]], "S_T_max_Q": [[0.9168671927242109]]}